Observatoire des territoires - ANCT; ; ; 
Référentiel géographique : Communes (2025); ; ; 
Code;Libellé;Part d'actifs selon le mode de transport principalement utilisé pour aller travailler 2022;Taux d'évolution annuel de la population 2016-2022
01001;L'Abergement-Clémenciat;1;1.91
01002;L'Abergement-de-Varey;5.2;1.96
01004;Ambérieu-en-Bugey;13.7;1.67
01005;Ambérieux-en-Dombes;3;2.32
01006;Ambléon;0;0.6
01007;Ambronay;7.3;0.87
01008;Ambutrix;8.7;0.31
01009;Andert-et-Condon;2.9;-0.05
01010;Anglefort;2.3;0.38
01011;Apremont;0.5;0.68
01012;Aranc;3.5;0.15
01013;Arandas;3.3;-0.92
01014;Arbent;2.8;0.5
01015;Arboys en Bugey;2.6;1.21
01016;Arbigny;0;-0.11
01017;Argis;11.8;-0.7
01019;Armix;0;-0.65
01021;Ars-sur-Formans;4.3;1.44
01022;Artemare;3.1;-1.2
01023;Asnières-sur-Saône;2.8;3.4
01024;Attignat;1.7;0.51
01025;Bâgé-Dommartin;1.5;-0.13
01026;Bâgé-le-Châtel;1.6;1.27
01027;Balan;19.8;0.13
01028;Baneins;1.7;0.61
01029;Beaupont;4.6;0.76
01030;Beauregard;4;-1.14
01031;Bellignat;2.7;-0.17
01032;Béligneux;11.3;0.84
01033;Valserhône;13.2;-0.14
01034;Belley;3.7;0.25
01035;Belleydoux;1.3;-0.59
01036;Valromey-sur-Séran;5.3;0.64
01037;Bénonces;1.4;0.94
01038;Bény;1.7;0.15
01040;Béréziat;0.4;-0.44
01041;Bettant;12.9;0.26
01042;Bey;4.1;0.83
01043;Beynost;12.2;1.34
01044;Billiat;7.9;1.52
01045;Birieux;5.5;-0.29
01046;Biziat;2;0.76
01047;Blyes;4.9;5.27
01049;La Boisse;8.8;1.99
01050;Boissey;1.1;2.41
01051;Bolozon;2.4;1.79
01052;Bouligneux;5.8;0.21
01053;Bourg-en-Bresse;9.1;0.28
01054;Bourg-Saint-Christophe;8.7;2.54
01056;Boyeux-Saint-Jérôme;1.8;0.37
01057;Boz;0.4;-0.2
01058;Brégnier-Cordon;0.8;-0.74
01060;Brénod;0.7;0.78
01061;Brens;1.9;-0.76
01062;Bressolles;8.4;1.99
01063;Brion;2;2.32
01064;Briord;2;1.79
01065;Buellas;1.9;1.07
01066;La Burbanche;0;5.34
01067;Ceignes;2.1;0.65
01068;Cerdon;2;-0.65
01069;Certines;2.5;-0.15
01071;Cessy;6.1;2.38
01072;Ceyzériat;2.9;0.87
01073;Ceyzérieu;7.1;0.26
01074;Chalamont;5.9;0.93
01075;Chaleins;2.3;1.72
01076;Chaley;6.7;-1.26
01077;Challes-la-Montagne;1.3;-0.7
01078;Challex;14.8;1.95
01079;Champagne-en-Valromey;2.8;0.02
01080;Champdor-Corcelles;1.4;-0.05
01081;Champfromier;6.3;-0.46
01082;Chanay;2;-1.03
01083;Chaneins;2.4;2.49
01084;Chanoz-Châtenay;3.5;2.09
01085;La Chapelle-du-Châtelard;9.5;0.17
01087;Charix;5.5;-0.29
01088;Charnoz-sur-Ain;9.3;0.04
01089;Château-Gaillard;7.1;2.47
01090;Châtenay;1.3;1.21
01092;Châtillon-la-Palud;6.8;1.04
01093;Châtillon-sur-Chalaronne;3.8;0.89
01094;Chavannes-sur-Reyssouze;0.9;-0.09
01095;Nivigne et Suran;1.1;0.35
01096;Chaveyriat;2.3;0.83
01098;Chazey-Bons;2.6;1.29
01099;Chazey-sur-Ain;5.8;1.07
01100;Cheignieu-la-Balme;2.4;-0.75
01101;Chevillard;1.1;-0.44
01102;Chevroux;1.4;0.41
01103;Chevry;2.6;5.77
01104;Chézery-Forens;4.1;-0.89
01105;Civrieux;4.8;3.6
01106;Cize;0;0.48
01107;Cleyzieu;7.9;1.08
01108;Coligny;5.3;1.45
01109;Collonges;5.4;0.28
01110;Colomieu;1.6;3.82
01111;Conand;8.1;2.11
01112;Condamine;0;2.39
01113;Condeissiat;3;-0.2
01114;Confort;9.2;1.45
01115;Confrançon;1.3;0.32
01116;Contrevoz;3.1;-0.37
01117;Conzieu;3.2;0.23
01118;Corbonod;3.7;0.78
01121;Corlier;5.2;0.44
01123;Cormoranche-sur-Saône;1.9;0.69
01124;Cormoz;1.3;1.03
01125;Corveissiat;0.7;-1.04
01127;Courmangoux;2.2;0.26
01128;Courtes;2.3;-0.94
01129;Crans;8.3;3.11
01130;Bresse Vallons;1.3;0.94
01133;Cressin-Rochefort;3.4;-0.39
01134;Crottet;2.6;1.03
01135;Crozet;3.4;1.71
01136;Cruzilles-lès-Mépillat;1.7;1.79
01138;Culoz-Béon;5.5;-0.48
01139;Curciat-Dongalon;1.7;0.7
01140;Curtafond;0.3;0.74
01141;Cuzieu;3.4;-0.5
01142;Dagneux;9.1;0.12
01143;Divonne-les-Bains;7.8;1.42
01145;Dompierre-sur-Veyle;4.2;0.85
01146;Dompierre-sur-Chalaronne;5.2;0.83
01147;Domsure;1.2;1.88
01148;Dortan;0.7;1.45
01149;Douvres;6.9;0.85
01150;Drom;0.9;-0.15
01151;Druillat;1.7;-0.19
01152;Échallon;3.2;0.3
01153;Échenevex;3.1;0.42
01155;Évosges;2.9;-0.23
01156;Faramans;7.9;2.06
01157;Fareins;3.7;2.29
01158;Farges;3.6;0.84
01159;Feillens;1.8;0.67
01160;Ferney-Voltaire;24.7;3.03
01162;Flaxieu;6.7;-1.25
01163;Foissiat;1.1;-0.31
01165;Francheleins;2.9;0.2
01166;Frans;5.5;1.47
01167;Garnerans;2.9;0.77
01169;Genouilleux;5.4;1.98
01170;Béard-Géovreissiat;1;0.14
01171;Géovreisset;1.3;-0.92
01173;Gex;7.2;1.03
01174;Giron;1.1;-0.56
01175;Gorrevod;1.3;-1.59
01177;Grand-Corent;1.3;1.12
01179;Grièges;2.5;0.25
01180;Grilly;3.4;1.3
01181;Groissiat;0.3;-0.1
01183;Guéreins;4.4;0.77
01184;Hautecourt-Romanèche;1.7;-0.65
01185;Plateau d'Hauteville;2;-0.19
01187;Haut Valromey;1.8;-2.03
01188;Illiat;2.4;2.08
01189;Injoux-Génissiat;6.2;-0.35
01190;Innimond;2.6;-1.05
01191;Izenave;0;-0.31
01192;Izernore;0.7;0.04
01193;Izieu;1.2;-1.35
01194;Jassans-Riottier;7.5;-0.2
01195;Jasseron;1.7;1.26
01196;Jayat;1.5;1.51
01197;Journans;0.6;1.32
01198;Joyeux;5.1;-0.74
01199;Jujurieux;3.9;0.21
01200;Labalme;0;-0.4
01202;Lagnieu;3.6;0.54
01203;Laiz;2;1.06
01204;Le Poizat-Lalleyriat;3.3;0.64
01206;Lantenay;0;-0.43
01207;Lapeyrouse;7;0.66
01208;Lavours;1.9;1.39
01209;Léaz;2.8;3.56
01210;Lélex;2.1;0.8
01211;Lent;3.7;0.5
01212;Lescheroux;0.6;-0.16
01213;Leyment;5.3;1.64
01214;Leyssard;0;1.06
01215;Surjoux-Lhopital;1.7;1.77
01216;Lhuis;0.9;0.02
01219;Lompnas;0;-0.7
01224;Loyettes;1.6;1.64
01225;Lurcy;4.9;1.07
01227;Magnieu;2.7;0.28
01228;Maillat;1.2;1.79
01229;Malafretaz;3.4;0.65
01230;Mantenay-Montlin;3.3;0.53
01231;Manziat;1.7;0.07
01232;Marboz;3.2;0.27
01233;Marchamp;1.7;0.5
01234;Marignieu;3.8;-0.89
01235;Marlieux;12.7;1.76
01236;Marsonnas;1.1;0.88
01237;Martignat;0.9;0.41
01238;Massieux;6.1;1.37
01239;Massignieu-de-Rives;3.6;1.06
01240;Matafelon-Granges;0.9;-0.39
01241;Meillonnas;1.9;0.63
01242;Mérignat;3;0.91
01243;Messimy-sur-Saône;5.7;1.36
01244;Meximieux;13.9;1.12
01245;Bohas-Meyriat-Rignat;2;1.02
01246;Mézériat;3;0.35
01247;Mijoux;0.6;-2.23
01248;Mionnay;12.9;1.34
01249;Miribel;12.3;1.18
01250;Misérieux;4.3;0.61
01252;Mogneneins;4.1;1.05
01254;Montagnat;2.4;1.66
01255;Montagnieu;0.4;1.95
01257;Montanges;7.3;0.34
01258;Montceaux;5;0.28
01259;Montcet;0.5;0.96
01260;Le Montellier;5.9;1.95
01261;Monthieux;9.8;0.63
01262;Montluel;13.1;-0.3
01263;Montmerle-sur-Saône;5.1;-0.06
01264;Montracol;2.9;-0.71
01265;Montréal-la-Cluse;1.2;0.84
01266;Montrevel-en-Bresse;2.1;1.3
01267;Nurieux-Volognat;2.2;-0.94
01268;Murs-et-Gélignieux;0;-1.07
01269;Nantua;3.3;-0.25
01272;Neuville-les-Dames;2.5;0.38
01273;Neuville-sur-Ain;2.4;0.54
01274;Les Neyrolles;1.6;-0.34
01275;Neyron;8.2;-0.19
01276;Niévroz;4.6;0.74
01277;Nivollet-Montgriffon;3.4;0.14
01279;Oncieu;5.4;-4.35
01280;Ordonnaz;1.5;0
01281;Ornex;15.9;1.82
01282;Outriaz;0;-0.19
01283;Oyonnax;4.2;-0.13
01284;Ozan;0.3;1.13
01285;Parcieux;6.7;1.73
01286;Parves et Nattages;3.1;0.11
01288;Péron;4.6;1.94
01289;Péronnas;6.6;0.39
01290;Pérouges;9.1;2.31
01291;Perrex;0.5;0.73
01293;Peyriat;1.4;-1.48
01294;Peyrieu;5.6;1.05
01295;Peyzieux-sur-Saône;3.8;-0.18
01296;Pirajoux;1;0.47
01297;Pizay;9.8;2.48
01298;Plagne;1.5;5.12
01299;Le Plantay;7.6;0.48
01301;Polliat;2.5;1.23
01302;Pollieu;4.3;0.61
01303;Poncin;2.5;0.68
01304;Pont-d'Ain;4.9;-0.3
01305;Pont-de-Vaux;1.4;-0.79
01306;Pont-de-Veyle;3.4;-0.19
01307;Port;2;-0.24
01308;Pougny;11.5;-0.48
01309;Pouillat;0;-2.15
01310;Prémeyzel;3.5;-0.14
01311;Prémillieu;0;0.36
01313;Prévessin-Moëns;9.7;2.15
01314;Priay;5.5;0.92
01317;Ramasse;1.3;0.56
01318;Rancé;3.4;0.74
01319;Relevant;4;0.14
01320;Replonges;2.4;1
01321;Revonnas;2.4;-0.29
01322;Reyrieux;7;1.9
01323;Reyssouze;0.9;0.47
01325;Rignieux-le-Franc;10.6;2.49
01328;Romans;7.3;0.93
01329;Rossillon;1.6;1.16
01331;Saint-Alban;1.9;1.44
01332;Saint-André-de-Bâgé;3.4;1.66
01333;Saint-André-de-Corcy;12.8;0.65
01334;Saint-André-d'Huiriat;1.2;1.82
01335;Saint-André-le-Bouchoux;6.3;1.78
01336;Saint-André-sur-Vieux-Jonc;1.7;1.29
01337;Saint-Bénigne;2;1.25
01338;Groslée-Saint-Benoit;0.4;0.54
01339;Saint-Bernard;10.4;1.24
01342;Sainte-Croix;10;-0.54
01343;Saint-Cyr-sur-Menthon;1.9;0.98
01344;Saint-Denis-lès-Bourg;5.9;1.17
01345;Saint-Denis-en-Bugey;8.2;-0.26
01346;Saint-Didier-d'Aussiat;0.5;-0.66
01347;Saint-Didier-de-Formans;5.9;1.9
01348;Saint-Didier-sur-Chalaronne;2.9;0.79
01349;Saint-Éloi;7.6;2.46
01350;Saint-Étienne-du-Bois;1.4;0.52
01351;Saint-Étienne-sur-Chalaronne;1.6;0.83
01352;Saint-Étienne-sur-Reyssouze;0.7;0.23
01353;Sainte-Euphémie;6.8;0.83
01354;Saint-Genis-Pouilly;15.1;3.46
01355;Saint-Genis-sur-Menthon;0.9;0.56
01356;Saint-Georges-sur-Renon;10;-0.38
01357;Saint-Germain-de-Joux;2.5;-0.07
01358;Saint-Germain-les-Paroisses;1.2;-0.43
01359;Saint-Germain-sur-Renon;7;1.83
01360;Saint-Jean-de-Gonville;5.9;2.9
01361;Saint-Jean-de-Niost;7.3;4.53
01362;Saint-Jean-de-Thurigneux;3.5;1.6
01363;Saint-Jean-le-Vieux;4.7;0.96
01364;Saint-Jean-sur-Reyssouze;1.9;0.6
01365;Saint-Jean-sur-Veyle;3.1;0.47
01366;Sainte-Julie;7.8;1.49
01367;Saint-Julien-sur-Reyssouze;2.7;-0.26
01368;Saint-Julien-sur-Veyle;2;1.12
01369;Saint-Just;3.8;0.64
01370;Saint-Laurent-sur-Saône;3.6;-0.18
01371;Saint-Marcel;12.4;-0.04
01372;Saint-Martin-de-Bavel;4.6;-0.27
01373;Saint-Martin-du-Frêne;0.6;-0.57
01374;Saint-Martin-du-Mont;2.5;1.3
01375;Saint-Martin-le-Châtel;0.8;-0.13
01376;Saint-Maurice-de-Beynost;13.5;1.14
01378;Saint-Maurice-de-Gourdans;5.6;1.81
01379;Saint-Maurice-de-Rémens;7.1;0.13
01380;Saint-Nizier-le-Bouchoux;3.3;-2.44
01381;Saint-Nizier-le-Désert;3.8;0.15
01382;Sainte-Olive;4.6;3.89
01383;Saint-Paul-de-Varax;10.2;1.44
01384;Saint-Rambert-en-Bugey;6.7;-0.97
01385;Saint-Rémy;2.8;-1.33
01386;Saint-Sorlin-en-Bugey;5.4;-0.15
01387;Saint-Sulpice;2.4;0.79
01388;Saint-Trivier-de-Courtes;3.2;0.41
01389;Saint-Trivier-sur-Moignans;3.5;0.79
01390;Saint-Vulbas;1.6;-1.01
01391;Salavre;3;0.93
01392;Samognat;0;-0.31
01393;Sandrans;6.8;1.58
01396;Sault-Brénaz;3.2;0.8
01397;Sauverny;7.4;-0.36
01398;Savigneux;3.7;1.52
01399;Ségny;11.2;4.83
01400;Seillonnaz;1.8;-0.24
01401;Sergy;9.8;1.82
01402;Sermoyer;1.9;-0.47
01403;Serrières-de-Briord;2.3;0.87
01404;Serrières-sur-Ain;1.9;0.5
01405;Servas;4;0.61
01406;Servignat;3.3;0.47
01407;Seyssel;3.8;0
01408;Simandre-sur-Suran;2.6;-0.32
01410;Sonthonnax-la-Montagne;1.9;-1.69
01411;Souclin;0;-0.31
01412;Sulignat;0.3;0.79
01415;Talissieu;2.8;2.32
01416;Tenay;12.1;-0.32
01418;Thil;9.9;2.01
01419;Thoiry;8;0.7
01420;Thoissey;5.4;-0.8
01421;Torcieu;5.9;0.43
01422;Tossiat;3;0.28
01423;Toussieux;4.6;3.45
01424;Tramoyes;7.2;1.74
01425;La Tranclière;3.5;-0.06
01426;Val-Revermont;1.4;-0.57
01427;Trévoux;6.8;0.2
01428;Valeins;4.7;0
01429;Vandeins;2.5;0.95
01430;Varambon;2.9;3.8
01431;Vaux-en-Bugey;8.3;-0.14
01432;Verjon;2.9;3.56
01433;Vernoux;1.3;-1.5
01434;Versailleux;7.9;2.91
01435;Versonnex;6.6;0.27
01436;Vesancy;1.5;0.77
01437;Vescours;0;-2.48
01439;Vésines;2;-0.34
01441;Vieu-d'Izenave;0.3;0.66
01443;Villars-les-Dombes;15.6;1.5
01444;Villebois;3.7;0.57
01445;Villemotier;1.7;-1.8
01446;Villeneuve;3.4;1.33
01447;Villereversure;2.6;1.46
01448;Villes;6.6;1.11
01449;Villette-sur-Ain;4.6;0.26
01450;Villieu-Loyes-Mollon;9.8;1.11
01451;Viriat;3.6;1.53
01452;Virieu-le-Grand;8.2;0.83
01453;Arvière-en-Valromey;10.3;-0.02
01454;Virignin;6.7;0.5
01456;Vongnes;3.4;0.24
01457;Vonnas;2.3;1.66
02001;Abbécourt;1.8;0.56
02002;Achery;1.6;-0.45
02003;Acy;2.2;0.08
02004;Agnicourt-et-Séchelles;2.8;0.82
02005;Aguilcourt;2.1;0.59
02006;Aisonville-et-Bernoville;0;0.39
02007;Aizelles;0;-0.55
02008;Aizy-Jouy;1.5;1.07
02009;Alaincourt;2.3;-0.75
02010;Allemant;1.3;-0.88
02011;Ambleny;2.6;0.58
02012;Ambrief;2.6;2.71
02013;Amifontaine;7.7;-1.12
02014;Amigny-Rouy;1.4;-0.71
02015;Ancienville;0;0.43
02016;Andelain;4.4;-1.71
02017;Anguilcourt-le-Sart;1.7;-1.78
02018;Anizy-le-Grand;4.9;-0.11
02019;Annois;3.7;-0.6
02020;Any-Martin-Rieux;1.7;-0.04
02021;Archon;0;-2.38
02022;Arcy-Sainte-Restitue;2.1;-0.21
02023;Armentières-sur-Ourcq;0;-1.14
02024;Arrancy;9.5;-2.69
02025;Artemps;1.8;-0.27
02027;Assis-sur-Serre;2.2;-1.77
02028;Athies-sous-Laon;0.7;0
02029;Attilly;3.9;-1.07
02030;Aubencheul-aux-Bois;0;-2.16
02031;Aubenton;0.7;0.13
02032;Aubigny-aux-Kaisnes;1;-0.68
02033;Aubigny-en-Laonnois;0;-0.8
02034;Audignicourt;0;-0.45
02035;Audigny;0;-0.06
02036;Augy;0;-4.02
02037;Aulnois-sous-Laon;1.6;-0.88
02038;Les Autels;0;1.39
02039;Autremencourt;0;0.58
02040;Autreppes;0;-0.28
02041;Autreville;2.2;-0.5
02042;Azy-sur-Marne;7.3;-0.87
02043;Bagneux;0;-2.23
02044;Bancigny;0;-0.65
02046;Barenton-Bugny;1.3;0.18
02047;Barenton-Cel;0;-1.33
02048;Barenton-sur-Serre;0;-0.26
02049;Barisis-aux-Bois;3.2;0.07
02050;Barzy-en-Thiérache;0.7;-0.41
02051;Barzy-sur-Marne;6.5;0.77
02052;Bassoles-Aulers;0;-1.58
02053;Vallées en Champagne;2.4;0.69
02054;Bazoches-et-Saint-Thibaut;2.5;-0.54
02055;Beaumé;0;-2.03
02056;Beaumont-en-Beine;2.3;-0.29
02057;Beaurevoir;1.5;-1.31
02058;Beaurieux;0.6;-0.32
02059;Beautor;4.3;-0.45
02060;Beauvois-en-Vermandois;0.8;-1.12
02061;Becquigny;0;0.19
02062;Belleau;6.2;-0.37
02063;Bellenglise;0;-0.22
02064;Belleu;5.7;-0.52
02065;Bellicourt;1.3;-1.22
02066;Benay;0;-1.67
02067;Bergues-sur-Sambre;0;-0.56
02068;Berlancourt;0;-5.4
02069;Berlise;0;-1.66
02070;Bernot;1.7;-0.45
02071;Berny-Rivière;2.1;-0.39
02072;Berrieux;1.2;-1.17
02073;Berry-au-Bac;2.5;1.59
02074;Bertaucourt-Epourdon;1.7;-0.64
02075;Berthenicourt;1.1;-0.33
02076;Bertricourt;1.1;-1.34
02078;Besmé;0;0.93
02079;Besmont;0;-2.14
02080;Besny-et-Loizy;3.3;-2.21
02081;Béthancourt-en-Vaux;0.5;-1.42
02082;Beugneux;4.9;1.03
02083;Beuvardes;5.3;0.05
02084;Bézu-le-Guéry;11.7;-0.65
02085;Bézu-Saint-Germain;10.9;-1.16
02086;Bichancourt;3.9;-1.36
02087;Bieuxy;0;3.29
02088;Bièvres;0;-0.81
02089;Billy-sur-Aisne;4;-0.3
02090;Billy-sur-Ourcq;5.9;-1.69
02091;Blanzy-lès-Fismes;0;-3.4
02093;Blérancourt;2.1;-0.78
02094;Blesmes;11.6;1.37
02095;Bohain-en-Vermandois;3.5;0.21
02096;Bois-lès-Pargny;1.2;-1.27
02097;Boncourt;0;0.57
02098;Bonneil;7.8;-0.04
02099;Bonnesvalyn;4.6;-2.64
02100;Bony;0;0.24
02101;Bosmont-sur-Serre;3.1;-2.25
02102;Bouconville-Vauclair;0;-0.09
02103;Boué;0.8;0
02104;Bouffignereux;0;-1.34
02105;Bouresches;8.1;-1.36
02106;Bourg-et-Comin;1;-0.37
02107;Bourguignon-sous-Coucy;0;0.49
02108;Bourguignon-sous-Montbavin;1.4;-0.99
02109;La Bouteille;1;-0.8
02110;Braine;0.8;0.09
02111;Brancourt-en-Laonnois;2.8;0.07
02112;Brancourt-le-Grand;0.8;-0.44
02114;Brasles;13.3;2.4
02115;Braye-en-Laonnois;2.2;-1.82
02116;Braye-en-Thiérache;0;-1.43
02117;Bray-Saint-Christophe;0;-0.75
02118;Braye;3.4;1.34
02119;Brécy;3.8;-1.31
02120;Brenelle;1.3;-0.17
02121;Breny;3.4;-2.05
02122;Brie;0;0.63
02123;Brissay-Choigny;0;-0.17
02124;Brissy-Hamégicourt;1.2;-0.03
02125;Brumetz;11.5;-2.86
02126;Brunehamel;2.1;-0.5
02127;Bruyères-sur-Fère;3.3;0.88
02128;Bruyères-et-Montbérault;2.1;-1.29
02129;Bruys;0;-0.85
02130;Bucilly;0;1.11
02131;Bucy-le-Long;2.6;0.24
02132;Bucy-lès-Cerny;2.5;-1.83
02133;Bucy-lès-Pierrepont;1.1;-0.4
02134;Buire;0.6;-0.96
02135;Buironfosse;0.2;-0.31
02136;Burelles;1.9;-0.79
02137;Bussiares;4.5;-2.12
02138;Buzancy;0;-0.54
02139;Caillouël-Crépigny;4.2;0.86
02140;Camelin;3.5;-0.67
02141;La Capelle;2.4;-0.41
02142;Castres;0.8;0.2
02143;Le Catelet;0;-0.79
02144;Caulaincourt;1.5;-0.23
02145;Caumont;1.2;-0.18
02146;Celles-lès-Condé;4.5;1.89
02148;Celles-sur-Aisne;3.3;-0.46
02149;Cerizy;0;-2.1
02150;Cerny-en-Laonnois;0;-0.52
02151;Cerny-lès-Bucy;0;-0.15
02152;Cerseuil;4.9;-0.19
02153;Cessières-Suzy;1.7;0.69
02154;Chacrise;1.2;0.37
02155;Chaillevois;4;1.7
02156;Chalandry;1;-0.54
02157;Chambry;1.9;-0.18
02158;Chamouille;0.9;-1.13
02159;Champs;1.7;1.71
02160;Chaourse;1.7;-1.22
02162;La Chapelle-sur-Chézy;8.5;1.16
02163;Charly-sur-Marne;16.6;-0.34
02164;Le Charmel;3.6;0.31
02165;Charmes;3.1;-0.47
02166;Chartèves;6.4;0.38
02167;Chassemy;3;0.41
02168;Château-Thierry;19.3;0.25
02169;Châtillon-lès-Sons;0;-0.4
02170;Châtillon-sur-Oise;0;-0.26
02171;Chaudardes;0;0.95
02172;Chaudun;5.6;-0.34
02173;Chauny;5.7;-0.74
02174;Chavignon;1.8;0.7
02175;Chavigny;6;1.9
02176;Chavonne;1.2;0.48
02177;Chérêt;0;0.23
02178;Chermizy-Ailles;0;1.91
02179;Chéry-Chartreuve;0;-0.48
02180;Chéry-lès-Pouilly;1;0.81
02181;Chéry-lès-Rozoy;0;2.63
02182;Chevennes;0;-0.26
02183;Chevregny;1.1;0.09
02184;Chevresis-Monceau;0.8;-1.19
02185;Chézy-en-Orxois;7.3;-1.43
02186;Chézy-sur-Marne;16.3;-0.53
02187;Chierry;15.8;1.07
02188;Chigny;0;-1.03
02189;Chivres-en-Laonnois;0.7;-0.64
02190;Chivres-Val;3.5;-0.19
02191;Chivy-lès-Étouvelles;1.5;-0.8
02192;Chouy;3.5;0.04
02193;Cierges;0;-1.01
02194;Cilly;0;-2.28
02195;Ciry-Salsogne;2.7;-0.59
02196;Clacy-et-Thierret;1.6;-1.25
02197;Clairfontaine;1.3;-1.22
02198;Clamecy;0;0.87
02199;Clastres;0.8;-1.65
02200;Clermont-les-Fermes;2.6;-4.07
02201;Cœuvres-et-Valsery;1;1
02203;Coincy;5.8;-0.57
02204;Coingt;0;-1.26
02205;Colligis-Crandelain;0;-2.11
02206;Colonfay;0;-1.74
02207;Commenchon;2.1;0.7
02208;Concevreux;1.8;-1.23
02209;Condé-en-Brie;2.5;-0.42
02210;Condé-sur-Aisne;3;0
02211;Condé-sur-Suippe;2.4;3.5
02212;Condren;4.2;-0.6
02213;Connigis;4.1;-0.51
02214;Contescourt;3.4;0
02215;Corbeny;4;1.71
02216;Corcy;5.8;0.48
02217;Coucy-le-Château-Auffrique;8;-0.59
02218;Coucy-lès-Eppes;2.9;0.63
02219;Coucy-la-Ville;2.7;-1.84
02220;Coulonges-Cohan;1.9;0.27
02221;Coupru;13;0.53
02222;Courbes;0;4.47
02223;Courboin;7.9;0.11
02224;Courcelles-sur-Vesle;2.2;-0.33
02225;Courchamps;3;-1.54
02226;Courmelles;1.8;0.16
02227;Courmont;1.9;-2.13
02228;Courtemont-Varennes;6.3;1.18
02229;Courtrizy-et-Fussigny;0;2.64
02230;Couvrelles;1.3;-1
02231;Couvron-et-Aumencourt;0.3;0.05
02232;Coyolles;4.5;0.94
02233;Cramaille;0;-0.61
02234;Craonne;6.3;1.02
02235;Craonnelle;0;0.14
02236;Crécy-au-Mont;0;-1.52
02237;Crécy-sur-Serre;2.3;-0.1
02238;Crépy;1.6;-0.56
02239;Crézancy;7.4;-0.44
02240;Croix-Fonsomme;0;-4.91
02241;La Croix-sur-Ourcq;0;-3.17
02242;Crouttes-sur-Marne;27.3;-0.98
02243;Crouy;3.2;0.79
02244;Crupilly;0;-0.51
02245;Cuffies;4.2;-0.34
02246;Cugny;1.3;0.11
02248;Cuirieux;3.1;-0.43
02249;Cuiry-Housse;2.4;-0.32
02250;Cuiry-lès-Chaudardes;0;1.31
02251;Cuiry-lès-Iviers;0;-1.23
02252;Cuissy-et-Geny;2.7;0
02253;Cuisy-en-Almont;1.7;0.28
02254;Cutry;2.6;-0.13
02255;Cys-la-Commune;1.5;2.39
02256;Dagny-Lambercy;0;-0.39
02257;Dallon;2.8;-0.19
02258;Dammard;5.3;-0.52
02259;Dampleux;8.2;-0.94
02260;Danizy;2.2;-0.13
02261;Dercy;0.6;0.13
02262;Deuillet;3.2;-1.34
02263;Dhuizel;0;-0.29
02264;Dizy-le-Gros;1.1;-0.81
02265;Dohis;0;-2.76
02266;Dolignon;0;-5.77
02267;Dommiers;4.6;1.07
02268;Domptin;13.7;-0.56
02269;Dorengt;1.4;-0.44
02270;Douchy;3.3;-0.1
02271;Dravegny;3.4;-0.62
02272;Droizy;2.3;0.22
02273;Dury;4.7;-2.22
02274;Ébouleau;0;-2.71
02275;Effry;0.8;-0.83
02276;Englancourt;1.8;-0.94
02277;Épagny;0.7;0.15
02278;Éparcy;0;1.55
02279;Épaux-Bézu;7.8;-0.57
02280;Épieds;7.7;1.14
02281;L'Épine-aux-Bois;8.4;-1.17
02282;Eppes;1.1;0.86
02283;Erlon;0.9;0.12
02284;Erloy;0;1.22
02286;Esquéhéries;1.5;-0.18
02287;Essigny-le-Grand;2;0.38
02288;Essigny-le-Petit;4.7;0.1
02289;Essises;11.4;-0.4
02290;Essômes-sur-Marne;11.2;-0.58
02291;Estrées;1.4;-0.08
02292;Étampes-sur-Marne;16.4;0.94
02293;Étaves-et-Bocquiaux;1.4;-0.66
02294;Étouvelles;1.2;-0.48
02295;Étréaupont;0;-0.45
02296;Étreillers;2.1;-0.53
02297;Étrépilly;3.7;1.55
02298;Étreux;0.4;-0.29
02299;Évergnicourt;3.3;-1.47
02302;Faverolles;4.8;1.93
02303;Fayet;3.7;1.15
02304;La Fère;6;-0.05
02305;Fère-en-Tardenois;2.6;-1.2
02306;La Ferté-Chevresis;1.2;-1.14
02307;La Ferté-Milon;10.5;-0.48
02308;Fesmy-le-Sart;0.9;0.93
02309;Festieux;1.6;0.73
02310;Fieulaine;1.9;-0.91
02312;La Flamengrie;0.8;-0.65
02313;Flavigny-le-Grand-et-Beaurain;1.8;-1.51
02315;Flavy-le-Martel;2.5;0.14
02316;Fleury;7.7;-1.62
02317;Fluquières;0;-1.89
02318;Folembray;2.1;-0.4
02319;Fonsomme;2.1;1.35
02320;Fontaine-lès-Clercs;2;-1.96
02321;Fontaine-lès-Vervins;0;-1.11
02322;Fontaine-Notre-Dame;1.7;-0.52
02323;Fontaine-Uterte;1.8;1.02
02324;Fontenelle;0.9;0.89
02326;Fontenoy;2.2;-0.96
02327;Foreste;0;-0.5
02328;Fossoy;7.7;-0.38
02329;Fourdrain;0.5;-0.24
02330;Francilly-Selency;1.1;2.44
02331;Franqueville;0;-1.34
02332;Fresnes-en-Tardenois;5.8;0.61
02333;Fresnes-sous-Coucy;1.5;0
02334;Fresnoy-le-Grand;3.3;-0.13
02335;Fressancourt;0;-2.17
02336;Frières-Faillouël;2.9;-0.5
02337;Froidestrées;0;1.16
02338;Froidmont-Cohartille;1;-1.29
02339;Gandelu;5;0.05
02340;Gauchy;5.5;-0.33
02341;Gercy;1.7;-1.59
02342;Gergny;0;-0.5
02343;Germaine;5.3;0.82
02345;Gibercourt;0;-2.47
02346;Gizy;1.2;-1.09
02347;Gland;8.8;-0.87
02349;Goudelancourt-lès-Berrieux;0;2.02
02350;Goudelancourt-lès-Pierrepont;0;0.6
02351;Goussancourt;3.2;-0.42
02352;Gouy;0.4;0.24
02353;Grandlup-et-Fay;1.6;-2.11
02354;Grandrieux;0;-1.39
02355;Gricourt;1.4;0.18
02356;Grisolles;9.4;-1.05
02357;Gronard;0;-3.17
02358;Grougis;0;-2.42
02359;Grugies;3;-1.14
02360;Villeneuve-sur-Aisne;4.8;0.7
02361;Guise;1.3;-1.27
02362;Guivry;2;-0.48
02363;Guny;3.2;-2.44
02364;Guyencourt;2.4;-0.33
02366;Hannapes;0;0.63
02367;Happencourt;2.4;4.52
02368;Haramont;7.6;-0.67
02369;Harcigny;2;-0.07
02370;Hargicourt;1.7;-1.19
02371;Harly;9.5;-0.7
02372;Hartennes-et-Taux;1.4;-1.92
02373;Hary;0;-1.53
02374;Lehaucourt;0.9;-1.04
02375;Hautevesnes;2.5;-0.99
02376;Hauteville;0;2.15
02377;Haution;0;-2.14
02378;La Hérie;2.3;-3.52
02379;Le Hérie-la-Viéville;1.3;-3.01
02380;Hinacourt;18.8;1.24
02381;Hirson;2.7;-0.79
02382;Holnon;2.8;-0.6
02383;Homblières;2.6;-0.52
02384;Houry;0;2.5
02385;Housset;0;1.78
02386;Iron;1.3;-1.85
02387;Itancourt;1.8;-0.57
02388;Iviers;0;-0.67
02389;Jaulgonne;9.4;0.79
02390;Jeancourt;0.8;-1.26
02391;Jeantes;1.2;1.57
02392;Joncourt;2.3;1.23
02393;Jouaignes;3;-0.7
02395;Jumencourt;2;-2.86
02396;Jumigny;0;-0.53
02397;Jussy;1.8;-0.82
02398;Juvigny;1.5;0.72
02399;Juvincourt-et-Damary;1.8;0.47
02400;Laffaux;1.5;0.55
02401;Laigny;0;-1.13
02402;Lanchy;0;0
02403;Landifay-et-Bertaignemont;3.9;-1.65
02404;Landouzy-la-Cour;1.3;-1.59
02405;Landouzy-la-Ville;1;-1.36
02406;Landricourt;0;-1.35
02407;Laniscourt;0;3.13
02408;Laon;7.5;-0.76
02409;Lappion;0.8;0.54
02410;Largny-sur-Automne;12.4;-0.28
02411;Latilly;4.2;-0.97
02412;Launoy;2;0
02413;Laval-en-Laonnois;0;-0.13
02414;Lavaqueresse;2.5;-0.08
02415;Laversine;6.8;-0.42
02416;Lemé;0.7;-0.94
02417;Lempire;2.2;5.6
02418;Lerzy;0;1.24
02419;Leschelle;1;-0.25
02420;Lesdins;1.3;-0.49
02421;Lesges;3;-2.86
02422;Lesquielles-Saint-Germain;1.8;-0.69
02423;Leuilly-sous-Coucy;3;1.33
02424;Leury;0;-0.79
02425;Leuze;0;1.5
02426;Levergies;2.3;-0.24
02427;Lhuys;1.6;-0.59
02428;Licy-Clignon;23.1;-1.14
02429;Lierval;2;0.71
02430;Liesse-Notre-Dame;2.1;-0.42
02431;Liez;5;-0.72
02432;Limé;1.3;0.44
02433;Lislet;0;-0.67
02435;Logny-lès-Aubenton;3;1.93
02438;Longpont;5.3;-2.03
02439;Les Septvallons;1.4;0.73
02440;Lor;0;-0.7
02441;Louâtre;3.4;-1.18
02442;Loupeigne;0;-0.75
02443;Lucy-le-Bocage;12.6;1.84
02444;Lugny;0;1.33
02445;Luzoir;0;-1.2
02446;Ly-Fontaine;0;-0.69
02447;Maast-et-Violaine;0;-1.65
02448;Mâchecourt;2.4;-1.86
02449;Macogny;0;-3.81
02450;Macquigny;1.5;-0.95
02451;Magny-la-Fosse;0;-0.4
02452;Maissemy;1.8;-0.63
02453;Maizy;0.5;-0.73
02454;La Malmaison;1.7;-0.41
02455;Malzy;0;-1.81
02456;Manicamp;1.9;-0.32
02457;Marchais;1.3;-1.57
02458;Dhuys et Morin-en-Brie;5.7;0.22
02459;Marcy;1.6;-2.6
02460;Marcy-sous-Marle;0;1.02
02461;Marest-Dampcourt;3.9;-0.9
02462;Mareuil-en-Dôle;0;-1.49
02463;Marfontaine;0;-0.4
02464;Margival;2.6;-0.18
02465;Marigny-en-Orxois;7.3;1.43
02466;Marizy-Sainte-Geneviève;3.4;-0.52
02467;Marizy-Saint-Mard;8.3;0
02468;Marle;1.9;-0.42
02469;Marly-Gomont;1.1;0.56
02470;Martigny;1.2;-0.39
02471;Martigny-Courpierre;0;2.12
02472;Mauregny-en-Haye;0;-0.8
02473;Mayot;1.1;0.32
02474;Mennessis;4.3;-0.52
02476;Mennevret;0.9;0.34
02477;Mercin-et-Vaux;3.4;-0.35
02478;Merlieux-et-Fouquerolles;0;-0.58
02480;Mesbrecourt-Richecourt;0;0.7
02481;Mesnil-Saint-Laurent;2.1;-0.51
02482;Meurival;0;2.17
02483;Mézières-sur-Oise;0.5;-0.29
02484;Mézy-Moulins;6.9;0.87
02485;Missy-aux-Bois;6.7;-0.17
02486;Missy-lès-Pierrepont;0;-0.62
02487;Missy-sur-Aisne;4.6;-0.31
02488;Molain;0;0.75
02489;Molinchart;2.5;1.17
02490;Monampteuil;5.1;-1.04
02491;Monceau-le-Neuf-et-Faucouzy;2.3;0.26
02492;Monceau-lès-Leups;1.7;-1.53
02493;Monceau-le-Waast;0;0
02494;Monceau-sur-Oise;0;0.39
02495;Mondrepuis;0.7;0.03
02496;Monnes;4.3;-2.29
02497;Mons-en-Laonnois;2.5;-0.36
02498;Montaigu;0.9;0.24
02499;Montbavin;0;-1.94
02500;Montbrehain;1.6;-0.2
02501;Montchâlons;0;-0.44
02502;Montcornet;2.1;-1.46
02503;Mont-d'Origny;2.6;-0.63
02504;Montescourt-Lizerolles;3.1;-0.46
02505;Montfaucon;6.3;0.41
02506;Montgobert;6.9;0.85
02507;Montgru-Saint-Hilaire;7.7;-1.58
02508;Monthenault;1.7;-1
02509;Monthiers;10.9;-0.63
02510;Monthurel;7.9;-1.72
02511;Montigny-en-Arrouaise;2.2;1.09
02512;Montigny-l'Allier;9;-0.3
02513;Montigny-le-Franc;1.8;-0.93
02514;Montigny-Lengrain;1.7;-0.27
02515;Montigny-lès-Condé;0;-3.26
02516;Montigny-sous-Marle;4;2.32
02517;Montigny-sur-Crécy;0.7;-1.53
02518;Montlevon;3.8;-0.45
02519;Montloué;1.4;0.44
02520;Mont-Notre-Dame;3;0.09
02521;Montreuil-aux-Lions;9.4;-0.55
02522;Mont-Saint-Jean;0;2.22
02523;Mont-Saint-Martin;0;-1.14
02524;Mont-Saint-Père;6.7;-0.17
02525;Morcourt;2.6;-0.86
02526;Morgny-en-Thiérache;0;4.12
02527;Morsain;1.3;1.27
02528;Mortefontaine;8;-1.61
02529;Mortiers;1.3;-0.36
02530;Moulins;0;0.44
02531;Moussy-Verneuil;1.9;1.92
02532;Moÿ-de-l'Aisne;1.6;0.31
02533;Muret-et-Crouttes;1.5;-1.7
02534;Muscourt;6.3;-3.58
02535;Nampcelles-la-Cour;0;-0.99
02536;Nampteuil-sous-Muret;2.9;-1.2
02537;Nanteuil-la-Fosse;0;0.52
02538;Nanteuil-Notre-Dame;3.3;4.98
02539;Nauroy;1.3;-0.96
02540;Nesles-la-Montagne;13.9;-0.08
02541;Neufchâtel-sur-Aisne;1.5;0.2
02542;Neuflieux;0;-3.4
02543;Neuilly-Saint-Front;5.4;-1.01
02544;Neuve-Maison;0.4;0
02545;La Neuville-Bosmont;0;-0.35
02546;La Neuville-en-Beine;0;-0.85
02547;La Neuville-Housset;0;-0.77
02548;La Neuville-lès-Dorengt;1.5;0.39
02549;Neuville-Saint-Amand;1.8;0.27
02550;Neuville-sur-Ailette;0;1.79
02551;Neuville-sur-Margival;1.8;-0.85
02552;Neuvillette;1.3;-0.63
02553;Nizy-le-Comte;0;-1.11
02554;Nogentel;11.8;1.61
02555;Nogent-l'Artaud;32.8;-0.84
02556;Noircourt;0;-3.03
02557;Noroy-sur-Ourcq;7.3;-0.9
02558;Le Nouvion-en-Thiérache;0.6;-0.86
02559;Nouvion-et-Catillon;2.4;1.48
02560;Nouvion-le-Comte;1.1;-0.81
02561;Nouvion-le-Vineux;1.8;-2.26
02562;Nouvron-Vingré;4;-2.62
02563;Noyales;0;-2.86
02564;Bernoy-le-Château;4.3;-1.01
02565;Œuilly;1.5;0.29
02566;Ognes;4.1;-0.4
02567;Ohis;0;-2.54
02568;Oigny-en-Valois;11.6;2.49
02569;Oisy;0;-0.29
02570;Ollezy;0;-1.67
02571;Omissy;3;-0.6
02572;Orainville;0.8;-0.56
02573;Orgeval;0;-2.99
02574;Origny-en-Thiérache;1;-1.26
02575;Origny-Sainte-Benoite;1.3;-0.82
02576;Osly-Courtil;3.2;0.26
02577;Ostel;0;3.05
02578;Oulches-la-Vallée-Foulon;2.6;-1.36
02579;Oulchy-la-Ville;6.3;0.95
02580;Oulchy-le-Château;4.5;-0.3
02581;Paars;2.6;0.43
02582;Paissy;0;1.56
02583;Pancy-Courtecon;4.2;-0.58
02584;Papleux;5.1;-1.38
02585;Parcy-et-Tigny;1.6;-0.59
02586;Parfondeval;0;-0.12
02587;Parfondru;0.7;-0.19
02588;Pargnan;0;-2.32
02589;Pargny-et-Filain;2.3;-0.62
02590;Pargny-la-Dhuys;4.4;-0.1
02591;Pargny-les-Bois;0;1.37
02592;Parpeville;0;0.17
02593;Pasly;1.7;1.03
02594;Passy-en-Valois;11.9;-3.63
02595;Passy-sur-Marne;4.3;1.25
02596;Pavant;22.6;-0.75
02598;Pernant;2.4;0.55
02599;Pierremande;5.7;-2.23
02600;Pierrepont;1.4;-2.29
02601;Pignicourt;3.2;-1.95
02602;Pinon;3;-1.14
02604;Pithon;0;-1.03
02605;Pleine-Selve;3.7;2.78
02606;Le Plessier-Huleu;0;2.81
02607;Ploisy;2.3;4.15
02608;Plomion;1.4;0.33
02609;Ployart-et-Vaurseine;0;1.53
02610;Pommiers;5.7;2.19
02612;Pont-Arcy;0;-1.35
02613;Pontavert;1.4;0
02614;Pontru;2.9;1.57
02615;Pontruet;0.6;0.68
02616;Pont-Saint-Mard;1.3;-1.54
02617;Pouilly-sur-Serre;1;-0.56
02618;Prémont;0.8;-0.48
02619;Prémontré;2.5;-1.74
02620;Presles-et-Boves;2.1;-1.86
02621;Presles-et-Thierny;1.1;0.64
02622;Priez;6.2;2.5
02623;Prisces;2.4;-1.98
02624;Proisy;0;-0.65
02625;Proix;0;-0.34
02626;Prouvais;1.3;1.45
02627;Proviseux-et-Plesnoy;0;1.73
02628;Puiseux-en-Retz;16.7;0.7
02629;Puisieux-et-Clanlieu;2.5;1.96
02631;Quierzy;2.3;-0.24
02632;Quincy-Basse;4.2;-2.01
02633;Quincy-sous-le-Mont;0;0.27
02634;Raillimont;0;2.22
02635;Ramicourt;0;-0.56
02636;Regny;2.6;-0.67
02637;Remaucourt;1.9;-1.37
02638;Remies;0;0.42
02639;Remigny;2;-0.76
02640;Renansart;0;-2.08
02641;Renneval;2.1;0.95
02642;Résigny;0;-2.29
02643;Ressons-le-Long;1.5;0.17
02644;Retheuil;7.8;-0.97
02645;Reuilly-Sauvigny;0.9;0.32
02647;Ribeauville;0;2.6
02648;Ribemont;2;-0.53
02649;Rocourt-Saint-Martin;4.8;1.86
02650;Rocquigny;2.9;0.23
02651;Rogécourt;8.3;-1.51
02652;Rogny;2.2;-2.58
02653;Romeny-sur-Marne;18.9;-1.17
02654;Romery;0;-0.4
02655;Ronchères;3.5;5.07
02656;Roucy;0.5;-0.57
02657;Rougeries;1.3;-2.83
02658;Roupy;1.1;0.57
02659;Rouvroy;3.8;-0.2
02660;Rouvroy-sur-Serre;0;1.24
02661;Royaucourt-et-Chailvet;0;-1.19
02662;Rozet-Saint-Albin;4.2;1.31
02663;Rozières-sur-Crise;2.7;0.36
02664;Rozoy-Bellevalle;7.7;1.01
02665;Grand-Rozoy;3.6;-0.44
02666;Rozoy-sur-Serre;0.3;-1.44
02667;Saconin-et-Breuil;1.2;-3.24
02668;Sains-Richaumont;1.5;-1.59
02670;Saint-Algis;1.6;-1.29
02671;Saint-Aubin;0;-1.04
02672;Saint-Bandry;2.7;-2.06
02673;Saint-Christophe-à-Berry;0.5;0
02674;Saint-Clément;0;-1.67
02675;Sainte-Croix;0;0.52
02676;Saint-Erme-Outre-et-Ramecourt;2.6;-0.27
02677;Saint-Eugène;4.7;-0.7
02678;Sainte-Geneviève;0;-0.92
02679;Saint-Gengoulph;9.3;0.67
02680;Saint-Gobain;3.4;0.34
02681;Saint-Gobert;0;1.48
02682;Saint-Mard;0;0.74
02683;Saint-Martin-Rivière;0;-0.84
02684;Saint-Michel;2.7;-1.23
02685;Saint-Nicolas-aux-Bois;3.8;-0.56
02686;Saint-Paul-aux-Bois;2;-1.58
02687;Saint-Pierre-Aigle;4.4;-0.2
02688;Saint-Pierre-lès-Franqueville;0;-4.19
02689;Saint-Pierremont;0;-1.94
02690;Sainte-Preuve;3.7;-3.27
02691;Saint-Quentin;10.7;-0.45
02693;Saint-Rémy-Blanzy;8.3;0.76
02694;Saint-Simon;1.9;-0.94
02696;Saint-Thomas;2.6;-2.14
02697;Samoussy;0.7;-0.04
02698;Sancy-les-Cheminots;2.3;-0.34
02699;Saponay;7.2;-1.13
02701;Saulchery;26.7;-0.86
02702;Savy;1.2;0
02703;Seboncourt;1;-0.23
02704;Selens;3.4;-3.16
02705;La Selve;0;-1.81
02706;Septmonts;2.9;0.41
02707;Septvaux;3.8;0.67
02708;Sequehart;0.9;0.4
02709;Serain;0.7;-0.75
02710;Seraucourt-le-Grand;1;-1.34
02711;Serches;4.2;-1.96
02712;Sergy;0;-2.04
02713;Seringes-et-Nesles;0.7;-0.73
02714;Sermoise;0.8;0.14
02715;Serval;0;-2.86
02716;Servais;0.7;0.12
02717;Séry-lès-Mézières;1.5;0.45
02718;Silly-la-Poterie;10.2;-2.04
02719;Sinceny;3.4;-0.43
02720;Sissonne;5.1;-0.11
02721;Sissy;1.2;0.52
02722;Soissons;6.7;0.12
02723;Soize;2.7;-0.68
02724;Sommelans;3.8;-0.84
02725;Sommeron;0;-0.72
02726;Sommette-Eaucourt;1.4;-1.26
02727;Sons-et-Ronchères;1.2;-2.3
02728;Sorbais;0;-1.28
02729;Soucy;9.1;-5.04
02730;Soupir;2.9;-0.37
02731;Le Sourd;1.6;-0.1
02732;Surfontaine;0;-0.34
02734;Taillefontaine;3.6;-0.5
02735;Tannières;0;0
02736;Tartiers;0;0
02737;Tavaux-et-Pontséricourt;0;-0.83
02738;Tergnier;7.1;-0.35
02739;Terny-Sorny;3.6;-0.1
02740;Thenailles;1.1;-0.22
02741;Thenelles;1.1;-0.27
02742;Thiernu;4.9;3.09
02743;Le Thuel;1.5;-2
02744;Torcy-en-Valois;3.4;-0.21
02745;Toulis-et-Attencourt;0;-2.2
02746;Travecy;2.1;0.15
02747;Trefcon;0;-1.18
02748;Trélou-sur-Marne;4.1;-0.04
02749;Troësnes;7.5;-1.28
02750;Trosly-Loire;2.8;-1.71
02751;Trucy;0;-0.8
02752;Tugny-et-Pont;2.7;0.42
02753;Tupigny;1.7;-0.34
02754;Ugny-le-Gay;3.4;0.55
02755;Urcel;0.4;-1.16
02756;Urvillers;1.3;1
02757;Vadencourt;1.1;-1.16
02758;Vailly-sur-Aisne;1.9;0.17
02759;La Vallée-au-Blé;0.8;-0.23
02760;La Vallée-Mulâtre;3.2;-0.77
02761;Variscourt;1.8;2.41
02762;Vassens;6;1.43
02763;Vasseny;5.5;-0.56
02764;Vassogne;5;1.13
02765;Vaucelles-et-Beffecourt;1.9;-1.87
02766;Vaudesson;3;-0.21
02767;Vauxrezis;2.5;-0.15
02768;Vauxaillon;5.6;-0.9
02769;Vaux-Andigny;0.3;-0.14
02770;Vauxbuin;4.3;-0.36
02772;Vaux-en-Vermandois;0;-0.8
02773;Vauxtin;7.1;1.6
02774;Vendelles;0;0.7
02775;Vendeuil;2;-0.48
02776;Vendhuile;2;0.38
02777;Vendières;8.1;-4.4
02778;Vendresse-Beaulne;0;-1.13
02779;Vénérolles;0;-0.15
02780;Venizel;2.7;-0.53
02781;Verdilly;7.2;-0.36
02782;Le Verguier;0;-0.15
02783;Grand-Verly;2.1;-0.49
02784;Petit-Verly;1.4;0.11
02785;Vermand;1.7;0.24
02786;Verneuil-sous-Coucy;3.8;1.15
02787;Verneuil-sur-Serre;2.6;0.4
02788;Versigny;1.7;-0.18
02789;Vervins;4.7;0.31
02790;Vesles-et-Caumont;0;1.14
02791;Veslud;0;2.35
02792;Veuilly-la-Poterie;10.9;0.33
02793;Vézaponin;1.8;-2.17
02794;Vézilly;1.1;0.09
02795;Vic-sur-Aisne;1.1;-0.57
02796;Vichel-Nanteuil;2.1;0.74
02797;Viel-Arcy;1.4;-1.03
02798;Viels-Maisons;11.3;-0.03
02799;Vierzy;5.1;-2.83
02800;Viffort;13.8;-0.52
02801;Vigneux-Hocquet;3.8;0
02802;La Ville-aux-Bois-lès-Dizy;1.2;-0.4
02803;La Ville-aux-Bois-lès-Pontavert;0;0.93
02804;Villemontoire;4.4;1.86
02805;Villeneuve-Saint-Germain;4.6;0.45
02806;Villeneuve-sur-Fère;6.1;0.48
02807;Villequier-Aumont;2.1;1.37
02808;Villeret;1.8;-1.97
02809;Villers-Agron-Aiguizy;2.3;-1.58
02810;Villers-Cotterêts;10.7;-0.5
02812;Villers-Hélon;6.3;-2.22
02813;Villers-le-Sec;2.6;-1.36
02814;Villers-lès-Guise;0;-1.29
02815;Villers-Saint-Christophe;1.2;-0.77
02816;Villers-sur-Fère;4;-0.22
02817;Ville-Savoye;2.5;0.2
02818;Villiers-Saint-Denis;15;-0.14
02819;Vincy-Reuil-et-Magny;0;-2.1
02820;Viry-Noureuil;2.8;-0.08
02821;Vivaise;1.5;-1.14
02822;Vivières;2.6;0.54
02823;Voharies;0;0.67
02824;Vorges;0.6;0.67
02826;Voulpaix;1.5;-1.84
02827;Voyenne;0.8;-0.48
02828;Vregny;0;-0.18
02829;Vuillery;0;0
02830;Wassigny;0.6;-0.33
02831;Watigny;0;-0.81
02832;Wiège-Faty;0;-2.29
02833;Wimy;1.1;-0.42
02834;Wissignicourt;7.6;-0.63
03001;Abrest;3.8;0.02
03002;Agonges;0.8;-0.43
03003;Ainay-le-Château;0.9;-0.32
03004;Andelaroche;0;-2.84
03005;Archignat;0;0.05
03006;Arfeuilles;1.6;-1.3
03007;Arpheuilles-Saint-Priest;0;0.87
03008;Arronnes;0.6;0.22
03009;Aubigny;0;0.82
03010;Audes;0.6;-1.14
03011;Aurouër;0.6;-0.2
03012;Autry-Issards;0;-0.89
03013;Avermes;4.3;0.84
03014;Avrilly;0;0.37
03015;Bagneux;1.3;1.07
03016;Barberier;0;-0.12
03017;Barrais-Bussolles;1.2;-0.79
03018;Bayet;1.3;-0.82
03019;Beaulon;0.7;-0.24
03020;Beaune-d'Allier;0;0.17
03021;Bègues;6.1;0.15
03022;Bellenaves;1.4;-0.6
03023;Bellerive-sur-Allier;5.7;0.76
03024;Bert;0;0.92
03025;Bessay-sur-Allier;2.3;0.55
03026;Besson;2.1;-0.55
03027;Bézenet;0.9;-1
03028;Billezois;0;-1.15
03029;Billy;2.4;0.88
03030;Biozat;0.9;1.74
03031;Bizeneuille;0;0.28
03032;Blomard;0;-0.57
03033;Bost;1.1;-1.07
03034;Boucé;1.7;-0.49
03035;Le Bouchaud;0;-1.71
03036;Bourbon-l'Archambault;1.4;-0.05
03037;Braize;0;-0.51
03038;Bransat;0.4;0.81
03039;Bresnay;0;0.31
03040;Bressolles;2.5;0.63
03041;Le Brethon;2.5;-0.15
03042;Le Breuil;1.8;-0.09
03043;Broût-Vernet;1.4;0.38
03044;Brugheas;3.3;0.92
03045;Busset;1.9;-2.45
03046;Buxières-les-Mines;1.6;-0.93
03047;La Celle;0.7;-0.57
03048;Cérilly;2;-0.01
03049;Cesset;1.5;0.88
03050;La Chabanne;1.9;-1.56
03051;Chambérat;0;-1.58
03052;Chamblet;1.1;-0.28
03053;Chantelle;7.9;0.92
03054;Chapeau;1;0.43
03055;La Chapelaude;0.8;-1.04
03056;La Chapelle;0;1.05
03057;La Chapelle-aux-Chasses;0;-1.22
03058;Chappes;0;0.82
03059;Chareil-Cintrat;0.6;1.22
03060;Charmeil;1.7;0.33
03061;Charmes;0.6;-0.95
03062;Charroux;1.9;-1.04
03063;Chassenard;0.2;1.02
03064;Château-sur-Allier;3.3;-1.36
03065;Châtel-de-Neuvre;0.4;0.3
03066;Châtel-Montagne;2.8;-1.85
03067;Châtelperron;3.1;-1.78
03068;Châtelus;2;0.3
03069;Châtillon;1.5;-0.16
03070;Chavenon;0;0.49
03071;Chavroches;3.3;0.58
03072;Chazemais;0;0.2
03073;Chemilly;1.2;-1.25
03074;Chevagnes;2.2;-0.82
03075;Chezelle;0;-2.33
03076;Chézy;6.1;-1.62
03077;Chirat-l'Église;0;0
03078;Chouvigny;0;0.74
03079;Cindré;0;-1.08
03080;Cognat-Lyonne;1.4;0.12
03081;Colombier;0;-0.2
03082;Commentry;0.9;-0.66
03083;Contigny;0.4;-0.62
03084;Cosne-d'Allier;0;-0.27
03085;Coulandon;1.2;-0.47
03086;Coulanges;0;-2.93
03087;Couleuvre;0.6;0.84
03088;Courçais;0.7;-1.09
03089;Coutansouze;3.4;0.54
03090;Couzon;0.7;1.65
03091;Créchy;1.5;-1.22
03092;Cressanges;0.4;0.18
03093;Creuzier-le-Neuf;2.8;1.09
03094;Creuzier-le-Vieux;3.4;-0.25
03095;Cusset;7.3;0.73
03096;Deneuille-lès-Chantelle;0;2.33
03097;Deneuille-les-Mines;0;-0.47
03098;Désertines;2.3;-0.24
03099;Deux-Chaises;0.6;-0.81
03100;Diou;1.9;-0.59
03101;Domérat;1;-0.29
03102;Dompierre-sur-Besbre;2.6;-0.45
03103;Le Donjon;1;-0.85
03104;Doyet;0.2;-0.91
03105;Droiturier;0;2.05
03106;Durdat-Larequille;0.2;-0.33
03107;Ébreuil;0.6;0.42
03108;Échassières;1.8;-0.92
03109;Escurolles;0.3;0.62
03110;Espinasse-Vozelle;1.8;-0.5
03111;Estivareilles;0.2;0.11
03112;Étroussat;1.1;0.7
03113;Ferrières-sur-Sichon;4.6;-1.76
03114;La Ferté-Hauterive;2.8;-2.03
03115;Fleuriel;0;0.1
03116;Fourilles;1.9;-0.43
03117;Franchesse;3.7;-0.07
03118;Gannat;2.9;-0.44
03119;Gannay-sur-Loire;1.4;-0.5
03120;Garnat-sur-Engièvre;1.1;-0.65
03121;Gennetines;1.4;-1.2
03122;Gipcy;1;-0.21
03124;Gouise;1;0
03125;La Guillermie;0;-0.93
03126;Hauterive;3;0.07
03127;Hérisson;0.5;-1.75
03128;Huriel;1.1;-0.61
03129;Hyds;0.9;-1.07
03130;Isle-et-Bardais;1.8;0.74
03131;Isserpent;1.3;1.08
03132;Jaligny-sur-Besbre;0.5;-0.9
03133;Jenzat;1.4;0.32
03134;Laféline;0;-1.71
03135;Lalizolle;3.5;2.16
03136;Lamaids;2.3;-0.94
03137;Langy;2.5;-0.12
03138;Lapalisse;1.1;0.12
03139;Laprugne;1;-0.42
03140;Lavault-Sainte-Anne;0.5;-0.46
03141;Lavoine;0;0.11
03142;Lenax;0.9;-0.65
03143;Lételon;0;-3.54
03144;Liernolles;1.3;-0.89
03145;Lignerolles;0.3;0.22
03146;Limoise;3;1.71
03147;Loddes;0;0.51
03148;Loriges;1.4;0.05
03149;Louchy-Montfand;1.5;-1.33
03150;Louroux-Bourbonnais;1.1;-0.71
03151;Louroux-de-Beaune;1.4;0.96
03152;Louroux-de-Bouble;3.7;-1.06
03154;Luneau;0;-1.75
03155;Lurcy-Lévis;0.8;-0.48
03156;Lusigny;3;-0.65
03157;Magnet;3.7;1.06
03158;Haut-Bocage;3.5;-0.8
03159;Malicorne;2.3;-0.8
03160;Marcenat;2.3;-1.15
03161;Marcillat-en-Combraille;0.3;0.17
03162;Marigny;2.4;-0.08
03163;Mariol;1.2;-2.19
03164;Le Mayet-d'École;1.7;2.05
03165;Le Mayet-de-Montagne;1.3;0.05
03166;Mazerier;2.4;1.14
03167;Mazirat;0;-0.06
03168;Meaulne-Vitray;0.5;0.33
03169;Meillard;2.2;-0.43
03170;Meillers;1.4;-1.6
03171;Mercy;0;-1.24
03172;Mesples;2.8;-0.26
03173;Molinet;0.2;-0.6
03174;Molles;2.8;0.52
03175;Monestier;0.8;-0.18
03176;Monétay-sur-Allier;1.3;1.06
03177;Monétay-sur-Loire;0;-1.09
03178;Montaiguët-en-Forez;1.2;-1.6
03179;Montaigu-le-Blin;2.5;-0.27
03180;Montbeugny;1;-1.14
03181;Montcombroux-les-Mines;0;-1.35
03182;Monteignet-sur-l'Andelot;3;0
03183;Le Montet;2.3;0.07
03184;Montilly;0.9;-0.66
03185;Montluçon;3.2;-1.35
03186;Montmarault;1.2;0.02
03187;Montoldre;3.1;-0.96
03188;Montord;0;-0.16
03189;Montvicq;0.4;-0.45
03190;Moulins;6;-0.23
03191;Murat;0.9;-1.65
03192;Nades;4.7;0.65
03193;Nassigny;0;1.44
03194;Naves;2.9;2.96
03195;Néris-les-Bains;0.9;-1.07
03196;Neuilly-en-Donjon;0;-1.74
03197;Neuilly-le-Réal;1.7;-0.21
03198;Neure;0;1.48
03200;Neuvy;2;-1.14
03201;Nizerolles;0.8;-2.09
03202;Noyant-d'Allier;4.1;-1.43
03203;Paray-le-Frésil;0.7;-0.35
03204;Paray-sous-Briailles;0.4;-0.53
03205;Périgny;2.5;0.84
03206;La Petite-Marche;1.9;-1.62
03207;Pierrefitte-sur-Loire;0.9;0.03
03208;Le Pin;0.6;1.13
03209;Poëzat;1.7;0.67
03210;Pouzy-Mésangy;1.4;-0.84
03211;Prémilhat;0.5;0.5
03212;Quinssaines;0;0.78
03213;Reugny;0;0.58
03214;Rocles;0;-2.28
03215;Rongères;0.9;-0.48
03216;Ronnet;1.6;-0.68
03217;Saint-Angel;0.6;0.18
03218;Saint-Aubin-le-Monial;1.5;0.19
03219;Saint-Bonnet-de-Four;1.1;1.01
03220;Saint-Bonnet-de-Rochefort;3;0.55
03221;Saint-Bonnet-Tronçais;0.5;0.39
03222;Saint-Caprais;0;1.44
03223;Saint-Christophe-en-Bourbonnais;1.4;-1.74
03224;Saint-Clément;1.6;-1.4
03225;Saint-Désiré;0;-0.42
03226;Saint-Didier-en-Donjon;0;-1.55
03227;Saint-Didier-la-Forêt;1.9;0.13
03228;Saint-Éloy-d'Allier;0;3.71
03229;Saint-Ennemond;1.1;-0.5
03230;Saint-Étienne-de-Vicq;1.3;0.19
03231;Saint-Fargeol;3.2;-0.35
03232;Saint-Félix;4;-2.11
03233;Saint-Genest;1.1;-0.67
03234;Saint-Gérand-de-Vaux;1.9;0.38
03235;Saint-Gérand-le-Puy;2.7;-0.91
03236;Saint-Germain-des-Fossés;5.5;-0.43
03237;Saint-Germain-de-Salles;1.8;0.08
03238;Saint-Hilaire;0;-0.98
03239;Saint-Léger-sur-Vouzance;0;-0.38
03240;Saint-Léon;0.9;-1.26
03241;Saint-Léopardin-d'Augy;1.5;0.28
03242;Saint-Loup;2.5;0.38
03243;Saint-Marcel-en-Murat;0;0.39
03244;Saint-Marcel-en-Marcillat;0;-1.94
03245;Saint-Martin-des-Lais;0;0.13
03246;Saint-Martinien;0.4;-0.41
03247;Saint-Menoux;2.5;1.86
03248;Saint-Nicolas-des-Biefs;0;-2.21
03249;Saint-Palais;2.1;-0.82
03250;Saint-Pierre-Laval;0.8;0
03251;Saint-Plaisir;2.6;1.63
03252;Saint-Pont;1.2;1.21
03253;Saint-Pourçain-sur-Besbre;0.6;-2.82
03254;Saint-Pourçain-sur-Sioule;1.5;-0.82
03255;Saint-Priest-d'Andelot;0;0.23
03256;Saint-Priest-en-Murat;0;-0.69
03257;Saint-Prix;0.6;-0.08
03258;Saint-Rémy-en-Rollat;1.9;0.71
03259;Saint-Sauvier;1.9;-1.47
03260;Saint-Sornin;0;-0.52
03261;Sainte-Thérence;2.7;-0.81
03262;Saint-Victor;1;-0.28
03263;Saint-Voir;0;0.59
03264;Saint-Yorre;2.7;-0.12
03265;Saligny-sur-Roudon;0.4;-0.97
03266;Sanssat;0.8;0.37
03267;Saulcet;0.4;-1.48
03268;Saulzet;3;0.13
03269;Sauvagny;2.6;-1.7
03270;Sazeret;0;-1.14
03271;Serbannes;3.2;-0.02
03272;Servilly;0;-1.28
03273;Seuillet;5.7;-0.8
03274;Sorbier;1.8;0.42
03275;Souvigny;1.6;-1.38
03276;Sussat;1.8;0.48
03277;Target;0;-0.66
03278;Taxat-Senat;0;0.48
03279;Teillet-Argenty;0;-0.21
03280;Terjat;0;-2.21
03281;Le Theil;0;-0.91
03282;Theneuille;2.5;-1.22
03283;Thiel-sur-Acolin;0.2;-1.25
03284;Thionne;1.1;-2.34
03285;Tortezais;0;0
03286;Toulon-sur-Allier;3.8;0.46
03287;Treban;2;-0.78
03288;Treignat;0;0
03289;Treteau;1;-0.6
03290;Trévol;1.4;0.17
03291;Trézelles;0.6;-0.21
03292;Tronget;1.6;-0.33
03293;Urçay;0;1.8
03294;Ussel-d'Allier;4.6;0.82
03295;Valignat;0;-2.78
03296;Valigny;2.4;0
03297;Vallon-en-Sully;1.6;-1.2
03298;Varennes-sur-Allier;6.6;0.13
03299;Varennes-sur-Tèche;1.1;-1.94
03300;Vaumas;1.5;0
03301;Vaux;0.2;1.01
03302;Veauce;0;0.88
03303;Venas;1;-1.21
03304;Vendat;2.5;0.52
03305;Verneix;0.4;-0.73
03306;Le Vernet;4.4;-0.16
03307;Verneuil-en-Bourbonnais;3;-0.89
03308;Vernusse;0;-0.55
03309;Le Veurdre;0;0.79
03310;Vichy;9.8;0.88
03311;Vicq;0.9;-1.91
03312;Vieure;2.6;-0.06
03313;Le Vilhain;0;0.06
03314;Villebret;0.5;0.18
03315;Villefranche-d'Allier;0.6;-1.1
03316;Villeneuve-sur-Allier;0.9;-0.47
03317;Viplaix;1;-0.56
03319;Voussac;1;0.52
03320;Ygrande;2.6;0.06
03321;Yzeure;4.9;-0.72
04001;Aiglun;0.2;-0.07
04004;Allemagne-en-Provence;1.3;0.31
04005;Allons;1.8;-2.88
04006;Allos;5.5;1.48
04007;Angles;0;0.99
04008;Annot;2.6;-0.53
04009;Archail;0;-1.14
04012;Aubenas-les-Alpes;7.9;-2.83
04013;Aubignosc;0.7;1.05
04016;Authon;0;0.58
04017;Auzet;0;0.67
04018;Banon;1.6;1.65
04019;Barcelonnette;5.5;-0.53
04020;Barles;0;-1.53
04021;Barras;3.3;0.48
04022;Barrême;2.7;-1.46
04023;Bayons;1.7;1.94
04024;Beaujeu;5.5;-1.43
04025;Beauvezer;1.1;0.48
04026;Bellaffaire;0;1.1
04027;Bevons;0.9;1.44
04028;Beynes;0;-0.93
04030;Blieux;0;-2.63
04031;Bras-d'Asse;1.2;-0.44
04032;Braux;5.3;1.44
04033;Ubaye-Serre-Ponçon;1.2;1.45
04034;La Brillanne;3.2;-0.41
04035;Brunet;0.7;1.56
04036;Le Brusquet;2.5;0.17
04037;Le Caire;2.4;2.09
04039;Castellane;0.4;-1.03
04040;Le Castellard-Mélan;0;-0.53
04041;Le Castellet;2.5;0.62
04042;Castellet-lès-Sausses;0;0.73
04043;Val-de-Chalvagne;8;-0.97
04045;Céreste-en-Luberon;0.8;-0.06
04046;Le Chaffaut-Saint-Jurson;1;-0.17
04047;Champtercier;2.3;-0.68
04049;Château-Arnoux-Saint-Auban;3.4;-0.22
04050;Châteaufort;0;-2.44
04051;Châteauneuf-Miravail;0;0.92
04053;Châteauneuf-Val-Saint-Donat;0.5;0.74
04054;Châteauredon;2.9;0.46
04055;Chaudon-Norante;0;-0.37
04057;Clamensane;2.8;0.57
04058;Claret;0;1.67
04059;Clumanc;0;0.77
04061;Colmars;1.4;2.85
04062;La Condamine-Châtelard;0;-0.21
04063;Corbières-en-Provence;2;1.53
04065;Cruis;1.8;0.08
04066;Curbans;0.8;0.03
04067;Curel;13.5;0.58
04068;Dauphin;0.9;0.26
04069;Demandolx;0;-3.21
04070;Digne-les-Bains;4.6;1.5
04072;Draix;0;-0.72
04073;Enchastrayes;1.9;0.13
04074;Entrages;2.3;-0.97
04075;Entrepierres;2.3;1.23
04076;Entrevaux;2.3;-1.56
04077;Entrevennes;3.1;0.4
04079;L'Escale;2.1;0.04
04081;Esparron-de-Verdon;3.1;-1.01
04084;Estoublon;1.1;-0.1
04085;Faucon-du-Caire;0;3.65
04086;Faucon-de-Barcelonnette;1.6;-0.61
04087;Fontienne;1.8;0.26
04088;Forcalquier;2.8;0.58
04090;Le Fugeret;4.4;0.42
04091;Ganagobie;10.7;-0.18
04092;La Garde;0;9.03
04093;Gigors;0;0
04094;Gréoux-les-Bains;1.5;2.84
04095;L'Hospitalet;3.1;1.08
04096;Jausiers;1.1;0.19
04097;La Javie;1.3;-0.99
04099;Lambruisse;4.5;-3.13
04101;Lardiers;0;2.62
04102;Le Lauzet-Ubaye;0;1.15
04104;Limans;7.3;1.03
04106;Lurs;1.4;-0.44
04107;Majastres;N/A - division par 0;3.79
04108;Malijai;1.9;0.29
04109;Mallefougasse-Augès;1.7;-0.05
04110;Mallemoisson;0.7;-1.38
04111;Mane;7.7;0.39
04112;Manosque;7;0.7
04113;Marcoux;2.4;-0.78
04115;Méailles;4.7;0.87
04116;Les Mées;2;1.27
04118;Melve;1.7;1.67
04120;Val d'Oronaye;6.3;-3.05
04121;Mézel;1.9;-1.12
04122;Mirabeau;1.3;-0.1
04123;Mison;0.2;-0.03
04124;Montagnac-Montpezat;1.5;-0.64
04126;Montclar;0.5;-0.7
04127;Montfort;1.5;-0.2
04128;Montfuron;1.1;0.31
04129;Montjustin;0;0
04130;Montlaux;1.1;1.59
04132;Montsalier;0;3.48
04133;Moriez;2.4;0.5
04134;La Motte-du-Caire;1.5;-0.42
04135;Moustiers-Sainte-Marie;0;-0.14
04136;La Mure-Argens;0.6;0.15
04137;Nibles;0;3.87
04138;Niozelles;2.3;0.3
04139;Noyers-sur-Jabron;1.5;0.35
04140;Les Omergues;2.6;-0.39
04141;Ongles;0;-0.55
04142;Oppedette;0;-2.11
04143;Oraison;1.8;0.35
04144;La Palud-sur-Verdon;0;0.29
04145;Peipin;0.9;0.32
04148;Peyroules;0;0.97
04149;Peyruis;1.4;-0.42
04150;Piégut;2.5;2.63
04151;Pierrerue;4.8;1.7
04152;Pierrevert;3;0.87
04154;Pontis;0;2.07
04155;Prads-Haute-Bléone;3.3;-0.93
04156;Puimichel;0;1.52
04157;Puimoisson;0.3;-1.72
04158;Quinson;0;-1.58
04159;Redortiers;2.6;1.79
04160;Reillanne;1.9;0.76
04161;Méolans-Revel;0.7;-0.7
04162;Revest-des-Brousses;0;-0.37
04163;Revest-du-Bion;11.7;-2.53
04164;Revest-Saint-Martin;5.9;1.05
04166;Riez;1.7;-2.12
04167;La Robine-sur-Galabre;1.7;-0.78
04169;La Rochegiron;3;1.81
04170;La Rochette;8.3;1.21
04171;Rougon;2.6;2.25
04172;Roumoules;1.5;-0.23
04173;Saint-André-les-Alpes;1.9;0.36
04174;Saint-Benoît;0;1.48
04175;Sainte-Croix-à-Lauze;3.7;0
04176;Sainte-Croix-du-Verdon;0;-0.57
04177;Hautes-Duyes;4.1;2.55
04178;Saint-Étienne-les-Orgues;2.7;0.31
04179;Saint-Geniez;0;2.18
04180;Saint-Jacques;9.5;0.23
04181;Saint-Jeannet;0;-3.38
04182;Saint-Julien-d'Asse;1.5;1.72
04183;Saint-Julien-du-Verdon;0;3.16
04184;Saint-Jurs;0;-0.12
04186;Saint-Laurent-du-Verdon;0;-1.42
04187;Saint-Lions;7.7;-5.09
04188;Saint-Maime;1.5;1.09
04189;Saint-Martin-de-Brômes;1.7;1.71
04190;Saint-Martin-les-Eaux;0;1.13
04191;Saint-Martin-lès-Seyne;0;-5.94
04192;Saint-Michel-l'Observatoire;2.1;0.52
04193;Saint-Paul-sur-Ubaye;2.7;0.17
04194;Saint-Pierre;4.9;0
04195;Saint-Pons;1.1;-0.72
04197;Sainte-Tulle;3.1;0.58
04199;Saint-Vincent-sur-Jabron;4.9;-2.37
04200;Salignac;1.9;1.18
04201;Saumane;0;1.4
04202;Sausses;0;0.66
04203;Selonnet;0;0
04204;Senez;0;-1.13
04205;Seyne;0.8;0.21
04206;Sigonce;2.4;-0.31
04207;Sigoyer;2.3;-0.65
04208;Simiane-la-Rotonde;1.3;0.39
04209;Sisteron;2.8;0.96
04210;Soleilhas;0;-3.11
04211;Sourribes;1.2;0
04214;Tartonne;0;-1.13
04216;Thèze;0;1.58
04217;Thoard;2;0.71
04218;Thorame-Basse;0;-1.08
04219;Thorame-Haute;0;0.69
04220;Les Thuiles;1.6;-1.31
04222;Turriers;1.4;1.21
04224;Ubraye;2.6;1.98
04226;Uvernet-Fours;3.5;-2.49
04227;Vachères;1.7;2.51
04228;Valavoire;0;-1.23
04229;Valbelle;0;-2.49
04230;Valensole;2.4;-0.23
04231;Valernes;5.9;-0.74
04233;Vaumeilh;0;0.57
04234;Venterol;0;-1.6
04235;Verdaches;0;-0.28
04236;Vergons;2.3;0.3
04237;Le Vernet;6.3;-0.78
04240;Villars-Colmars;3.1;0.13
04241;Villemus;9.6;0.71
04242;Villeneuve;2.6;0.98
04244;Volonne;1;-0.11
04245;Volx;2.6;0.39
05001;Abriès-Ristolas;0.6;-0.13
05003;Aiguilles;10.9;-2.22
05004;Ancelle;0.2;1
05006;L'Argentière-la-Bessée;3.7;-0.11
05007;Arvieux;1.3;-1.34
05008;Aspremont;3.6;0.56
05009;Aspres-lès-Corps;3.1;-2.31
05010;Aspres-sur-Buëch;1.8;-0.57
05011;Avançon;2;0.69
05012;Baratier;1.5;1.36
05013;Barcillonnette;1.6;-0.35
05014;Barret-sur-Méouge;2;-2.24
05016;La Bâtie-Montsaléon;3.7;2.8
05017;La Bâtie-Neuve;1.3;0.69
05018;La Bâtie-Vieille;0.7;-1.23
05019;La Beaume;0;-0.65
05021;Le Bersac;0;-1.37
05022;Bréziers;2.1;1.18
05023;Briançon;7;-1.75
05024;Valdoule;0;-0.24
05025;Buissard;1.1;-1
05026;Ceillac;0;-1.29
05027;Cervières;4;0.63
05028;Chabestan;0;4.28
05029;Chabottes;2.7;2.41
05031;Champcella;1.4;-0.55
05032;Champoléon;0;-0.59
05033;Chanousse;0;-0.42
05035;Châteauneuf-d'Oze;0;1.16
05036;Châteauroux-les-Alpes;3.4;0.73
05037;Châteauvieux;1.2;1.58
05038;Château-Ville-Vieille;1.9;-2.26
05039;Aubessagne;1.6;0.88
05040;Chorges;3.2;1.2
05044;Crévoux;0;-1.67
05045;Crots;1.8;1.66
05046;Embrun;3.8;0.57
05047;Éourres;0;1.11
05048;L'Épine;0;0.76
05049;Esparron;3.8;3.71
05050;Espinasses;1.2;0.65
05051;Étoile-Saint-Cyrice;0;-4.18
05052;Eygliers;2.9;1.43
05053;Garde-Colombe;1.7;-0.81
05054;La Fare-en-Champsaur;1.4;1.28
05055;La Faurie;8;-1.28
05056;Forest-Saint-Julien;3.8;1.06
05057;Fouillouse;3.1;2.16
05058;Freissinières;1.1;-1.58
05059;La Freissinouse;0.9;2.43
05060;Furmeyer;1.5;2.26
05061;Gap;5.5;-0.06
05062;Le Glaizil;1.9;0.58
05063;La Grave;1.5;-0.17
05064;La Chapelle-en-Valgaudémar;2.3;1.87
05065;Guillestre;4.1;-0.2
05066;La Haute-Beaume;N/A - division par 0;-4.1
05068;Jarjayes;0.9;1.12
05070;Laragne-Montéglin;5.2;0.38
05071;Lardier-et-Valença;2;2.02
05072;Laye;1.9;0.85
05073;Lazer;0.6;-1.5
05074;Lettret;1.1;1.97
05075;Manteyer;0.9;2.71
05076;Méreuil;0;4.21
05077;Molines-en-Queyras;0.7;0.22
05078;Monêtier-Allemont;0;0.46
05079;Le Monêtier-les-Bains;2.6;-1.19
05080;Montbrand;0;2.45
05081;Montclus;4.5;-3.99
05082;Mont-Dauphin;3.6;1.56
05084;Montgardin;0.5;0.49
05085;Montgenèvre;3;-0.85
05086;Montjay;3.1;0
05087;Montmaur;1.6;0.57
05089;Montrond;3;4.59
05090;La Motte-en-Champsaur;1.1;-0.93
05091;Moydans;0;-2.36
05092;Neffes;2.1;0.92
05093;Névache;4.2;0.14
05094;Nossage-et-Bénévent;0;-5.04
05095;Le Noyer;0;0.9
05096;Orcières;1.1;-1.21
05097;Orpierre;0;-1.63
05098;Les Orres;6.9;-1.98
05099;Oze;4.3;-0.63
05100;Pelleautier;0.5;3.06
05101;Vallouise-Pelvoux;3.5;-1.36
05102;La Piarre;0;-1.31
05103;Le Poët;1.6;-0.42
05104;Poligny;1.5;2.01
05106;Prunières;1.5;0.77
05107;Puy-Saint-André;2;0.21
05108;Puy-Saint-Eusèbe;0;5.73
05109;Puy-Saint-Pierre;2.9;-0.54
05110;Puy-Saint-Vincent;1.6;-0.84
05111;Puy-Sanières;5;0.67
05112;Rabou;2.6;2.86
05113;Rambaud;2.5;1.37
05114;Réallon;2.5;-0.99
05115;Remollon;1.2;0.96
05116;Réotier;1;1.48
05117;Ribeyret;2.2;0
05118;Val Buëch-Méouge;1.7;-0.12
05119;Risoul;5.7;0.56
05121;Rochebrune;1.2;2.69
05122;La Roche-de-Rame;0.7;1.34
05123;La Roche-des-Arnauds;1.4;1.7
05124;La Rochette;0.5;0.14
05126;Rosans;1.9;0.55
05127;Rousset-Serre-Ponçon;0;-1.05
05128;Saint-André-d'Embrun;0.7;1.54
05129;Saint-André-de-Rosans;1.5;1.1
05130;Saint-Apollinaire;4.5;6.35
05131;Saint-Auban-d'Oze;0;-2.63
05132;Saint-Bonnet-en-Champsaur;1.5;0.46
05133;Saint-Chaffrey;2.6;-1.38
05134;Saint-Clément-sur-Durance;3.5;1.7
05135;Sainte-Colombe;0;1.98
05136;Saint-Crépin;0.3;-0.14
05139;Dévoluy;1;-1.85
05140;Saint-Étienne-le-Laus;0;2.55
05142;Saint-Firmin;0.6;-0.58
05144;Saint-Jacques-en-Valgodemard;0;-4.12
05145;Saint-Jean-Saint-Nicolas;2.9;1.13
05146;Saint-Julien-en-Beauchêne;4;1.56
05147;Saint-Julien-en-Champsaur;2.9;0.95
05148;Saint-Laurent-du-Cros;0.7;1.34
05149;Saint-Léger-les-Mélèzes;0;1.18
05151;Saint-Martin-de-Queyrières;0.7;-0.07
05152;Saint-Maurice-en-Valgodemard;0;-0.96
05153;Saint-Michel-de-Chaillol;0;2.1
05154;Saint-Pierre-d'Argençon;0;-0.32
05155;Saint-Pierre-Avez;5.9;1.6
05156;Saint-Sauveur;0.8;0.55
05157;Saint-Véran;0;-5.79
05158;Le Saix;13.2;4.39
05159;Saléon;0;-1.92
05160;Salérans;0;-2.51
05161;La Salle-les-Alpes;2.7;-1.59
05162;La Saulce;2.2;-1.61
05163;Le Sauze-du-Lac;1.7;1.21
05164;Savines-le-Lac;2.2;0.8
05165;Savournon;4.2;-0.73
05166;Serres;4.6;0.13
05167;Sigottier;0;-1.14
05168;Sigoyer;3.3;1.8
05169;Sorbiers;0;5.27
05170;Tallard;3.5;0.78
05171;Théus;0.9;2.27
05172;Trescléoux;0.9;-0.86
05173;Upaix;2.3;1.19
05174;Val-des-Prés;4.1;-1.18
05176;Valserres;0.8;1.41
05177;Vars;5.6;1.96
05178;Ventavon;0.8;0.36
05179;Veynes;4;0.43
05180;Les Vigneaux;2.4;-0.63
05181;Villar-d'Arêne;0.6;-1.73
05182;Villar-Loubière;0;-4.16
05183;Villar-Saint-Pancrace;3.3;-0.44
05184;Vitrolles;1.9;0.95
06001;Aiglun;5.5;1.79
06002;Amirat;9.5;-6.43
06003;Andon;0.4;1.71
06004;Antibes;11.3;0.63
06005;Ascros;1.8;1.36
06006;Aspremont;4.4;1.33
06007;Auribeau-sur-Siagne;2.2;0.51
06008;Auvare;8.3;7.72
06009;Bairols;2.4;4.18
06010;Le Bar-sur-Loup;2.2;-0.09
06011;Beaulieu-sur-Mer;19.1;0.5
06012;Beausoleil;15;-1.83
06013;Belvédère;3.5;-2.06
06014;Bendejun;2.3;0.1
06015;Berre-les-Alpes;3.4;-0.33
06016;Beuil;1.3;1.36
06017;Bézaudun-les-Alpes;3.9;1.2
06018;Biot;7.1;0.66
06019;Blausasc;3;1.59
06020;La Bollène-Vésubie;2;2.18
06021;Bonson;4.4;-0.2
06022;Bouyon;3.3;1.07
06023;Breil-sur-Roya;8.6;0.95
06024;Briançonnet;0;-4.54
06025;Le Broc;2.1;0.27
06026;Cabris;1.4;1.55
06027;Cagnes-sur-Mer;10.8;0.96
06028;Caille;1.1;-0.5
06029;Cannes;14.9;-0.03
06030;Le Cannet;11.3;-0.57
06031;Cantaron;3.3;-0.59
06032;Cap-d'Ail;14.8;-0.61
06033;Carros;7;2.83
06034;Castagniers;4.7;0.8
06035;Castellar;6;-0.27
06036;Castillon;3.8;2.08
06037;Caussols;0.5;2.73
06038;Châteauneuf-Grasse;4.3;1.89
06039;Châteauneuf-Villevieille;2.1;1.11
06040;Châteauneuf-d'Entraunes;0;2.92
06041;Cipières;0.5;0.3
06042;Clans;4;1.91
06043;Coaraze;2.5;-0.3
06044;La Colle-sur-Loup;3.8;0.58
06045;Collongues;0;-1.39
06046;Colomars;5.2;0.53
06047;Conségudes;2.5;-0.66
06048;Contes;4.7;0.67
06049;Courmes;2;-2.41
06050;Coursegoules;3;0.53
06051;La Croix-sur-Roudoule;0;0
06052;Cuébris;10.9;-3.94
06053;Daluis;4.9;-0.11
06054;Drap;8.4;2.73
06055;Duranus;8.9;2.76
06056;Entraunes;4.8;0.26
06057;L'Escarène;6.2;0.37
06058;Escragnolles;3.5;0.24
06059;Èze;6.7;-0.73
06060;Falicon;5.3;1.56
06061;Les Ferres;2.4;-2.16
06062;Fontan;15.6;-2.15
06063;Gars;0;-0.24
06064;Gattières;3;0.91
06065;La Gaude;3.6;1.89
06066;Gilette;4;0.54
06067;Gorbio;5.9;1.1
06068;Gourdon;2.2;-0.97
06069;Grasse;5;-0.67
06070;Gréolières;0.4;0.28
06071;Guillaumes;1.5;-1.36
06072;Ilonse;1.6;-5.55
06073;Isola;0.9;-1.11
06074;Lantosque;4.6;-1.53
06075;Levens;6.5;2.22
06076;Lieuche;0;2.11
06077;Lucéram;6.7;-0.47
06078;Malaussène;3.3;1
06079;Mandelieu-la-Napoule;5.4;-0.74
06080;Marie;6.7;-0.16
06081;Le Mas;3.7;-7.55
06082;Massoins;6.1;3.55
06083;Menton;15;1.05
06084;Mouans-Sartoux;4.6;1.94
06085;Mougins;3;0.38
06086;Moulinet;2.2;-1.73
06087;Les Mujouls;5.9;-4.15
06088;Nice;29.5;0.53
06089;Opio;2.6;1.47
06090;Pégomas;2.3;0.49
06091;Peille;3.7;-1.16
06092;Peillon;2.9;-0.49
06093;La Penne;1.9;1.87
06094;Péone;2.1;5.16
06095;Peymeinade;2.3;0.75
06096;Pierlas;5.9;-0.33
06097;Pierrefeu;2.8;1.23
06098;Puget-Rostang;7.1;-1.31
06099;Puget-Théniers;3.9;-0.87
06100;Revest-les-Roches;0;0.14
06101;Rigaud;1.4;-3.59
06102;Rimplas;4.8;9.37
06103;Roquebillière;3.6;-0.05
06104;Roquebrune-Cap-Martin;19.7;-0.64
06105;Roquefort-les-Pins;3.5;1.42
06106;Roquestéron;6.8;-0.76
06107;La Roque-en-Provence;7.7;-2.54
06108;La Roquette-sur-Siagne;4.1;0.49
06109;La Roquette-sur-Var;6.4;0.18
06110;Roubion;7.4;-0.85
06111;Roure;4;-9.35
06112;Le Rouret;3.4;0.77
06113;Sainte-Agnès;3.5;1.2
06114;Saint-André-de-la-Roche;10.2;1.61
06115;Saint-Antonin;0;-2.03
06116;Saint-Auban;3;-1.76
06117;Saint-Blaise;1.9;5.43
06118;Saint-Cézaire-sur-Siagne;1.6;0.25
06119;Saint-Dalmas-le-Selvage;0;-2.94
06120;Saint-Étienne-de-Tinée;2.2;-3.29
06121;Saint-Jean-Cap-Ferrat;7.9;-1.52
06122;Saint-Jeannet;3.8;1.1
06123;Saint-Laurent-du-Var;9.8;1.67
06124;Saint-Léger;7.1;0
06125;Saint-Martin-d'Entraunes;0;1.82
06126;Saint-Martin-du-Var;4.5;2.47
06127;Saint-Martin-Vésubie;2.4;-0.18
06128;Saint-Paul-de-Vence;3.5;-1.33
06129;Saint-Sauveur-sur-Tinée;3.4;-1.5
06130;Saint-Vallier-de-Thiey;1.7;0.47
06131;Sallagriffon;0;0
06132;Saorge;8.7;-1.08
06133;Sauze;0;-1.16
06134;Séranon;2;1
06135;Sigale;2.7;0.08
06136;Sospel;5.4;-0.03
06137;Spéracèdes;2.1;-1.81
06138;Théoule-sur-Mer;8;-0.67
06139;Thiéry;2.9;-1.12
06140;Le Tignet;1.2;-0.36
06141;Toudon;1.3;0.73
06142;Touët-de-l'Escarène;7.1;1.03
06143;Touët-sur-Var;6.8;1.66
06144;La Tour;1.3;-0.98
06145;Tourette-du-Château;6;2.33
06146;Tournefort;5.4;-1.81
06147;Tourrette-Levens;4.7;-0.99
06148;Tourrettes-sur-Loup;3.1;0.57
06149;La Trinité;10;0.65
06150;La Turbie;3.9;-0.51
06151;Utelle;3.3;-0.57
06152;Valbonne;5.3;-0.89
06153;Valdeblore;2.3;-0.34
06154;Valderoure;2.1;2.69
06155;Vallauris;7.6;1.19
06156;Venanson;6.5;3.86
06157;Vence;5.2;1.1
06158;Villars-sur-Var;8.3;0.56
06159;Villefranche-sur-Mer;13;-0.28
06160;Villeneuve-d'Entraunes;0;2.73
06161;Villeneuve-Loubet;5.8;2.21
06162;La Brigue;8.2;1
06163;Tende;8.1;-2.31
07001;Accons;1.8;-0.67
07002;Ailhon;0.4;-0.21
07003;Aizac;0;0.59
07004;Ajoux;0;-0.21
07005;Alba-la-Romaine;2.1;1.24
07006;Albon-d'Ardèche;1.6;-0.11
07007;Alboussière;1.9;-0.15
07008;Alissas;2.3;0.07
07009;Andance;3.7;0.23
07010;Annonay;5.3;0.57
07011;Vallées-d'Antraigues-Asperjoc;1;-1.83
07012;Arcens;0.7;-0.46
07013;Ardoix;3;0.7
07014;Arlebosc;1.5;1.51
07015;Arras-sur-Rhône;3.5;0.87
07017;Les Assions;1.5;0.99
07018;Astet;0;5.64
07019;Aubenas;4.2;0.4
07020;Aubignas;2.5;0.07
07022;Baix;1.3;2.89
07023;Balazuc;0.6;0.58
07024;Banne;0.8;-0.4
07025;Barnas;1.3;0
07026;Le Béage;2;-0.13
07027;Beauchastel;1.9;0.33
07028;Beaulieu;0.5;1.3
07029;Beaumont;2.7;1.41
07030;Beauvène;0;-0.8
07031;Berrias-et-Casteljau;0.7;0.63
07032;Berzème;0;-1.96
07033;Bessas;0;1.82
07034;Bidon;0;1.44
07035;Boffres;3.7;-0.71
07036;Bogy;2.8;1.45
07037;Borée;2.5;-1.66
07038;Borne;7.1;-1.74
07039;Bozas;1;0.87
07040;Boucieu-le-Roi;4.9;-1.71
07041;Boulieu-lès-Annonay;1;-0.13
07042;Bourg-Saint-Andéol;1.2;0.79
07044;Brossainc;2.6;-0.81
07045;Burzet;2.7;4.9
07047;Cellier-du-Luc;0;3.51
07048;Chalencon;5.5;2.17
07049;Le Chambon;0;5.71
07050;Chambonas;1.5;1.79
07051;Champagne;2.4;0.22
07052;Champis;1.6;1.05
07053;Chandolas;1;1.38
07054;Chanéac;0.9;0.32
07055;Charmes-sur-Rhône;1.6;1.41
07056;Charnas;2.6;-0.04
07058;Chassiers;0.9;-0.5
07059;Châteaubourg;2.5;-0.42
07060;Châteauneuf-de-Vernoux;1.8;2.2
07061;Chauzon;0.7;2.54
07062;Chazeaux;1.9;0
07063;Cheminas;4.1;0.37
07064;Le Cheylard;1.6;-1.02
07065;Chirols;1.5;1.36
07066;Chomérac;4;0.29
07067;Colombier-le-Cardinal;3.1;3.16
07068;Colombier-le-Jeune;0.8;-0.12
07069;Colombier-le-Vieux;1;0.4
07070;Cornas;3.9;1.44
07071;Coucouron;0.3;-0.88
07072;Coux;2.9;0.32
07073;Le Crestet;1.7;0.1
07074;Creysseilles;3.2;1.58
07075;Cros-de-Géorand;1.5;-1.27
07076;Cruas;2.6;-0.21
07077;Darbres;2.8;1.85
07078;Davézieux;1.9;0.24
07079;Désaignes;3.9;0.87
07080;Devesset;3.3;0.73
07081;Dompnac;3.8;3.13
07082;Dornas;0;-0.82
07083;Dunière-sur-Eyrieux;0;0.19
07084;Eclassan;2.8;0.6
07085;Empurany;2.7;-0.57
07086;Étables;3.2;1.53
07087;Fabras;0;1.9
07088;Faugères;3.8;1.23
07089;Félines;3.1;2.54
07090;Flaviac;2.8;0.29
07091;Fons;0.7;-0.72
07092;Freyssenet;0;-0.36
07093;Genestelle;1.1;-0.9
07094;Gilhac-et-Bruzac;1.2;0.39
07095;Gilhoc-sur-Ormèze;2.4;0.69
07096;Gluiras;3.6;-0.14
07097;Glun;1.6;-0.26
07098;Gourdon;2.6;-2.54
07099;Gras;0.4;-1.01
07100;Gravières;4.9;1.73
07101;Grospierres;1;0.81
07102;Guilherand-Granges;8.3;0.34
07103;Saint-Julien-d'Intres;0.9;-1.94
07104;Issamoulenc;0;1.86
07105;Issanlas;0;-0.16
07106;Issarlès;0;-2.44
07107;Jaujac;1.2;0.3
07108;Jaunac;0;-1.31
07109;Joannas;0;0.59
07110;Joyeuse;2.1;0.49
07111;Juvinas;1.4;1.31
07112;Labastide-sur-Bésorgues;2.9;1.3
07113;Labastide-de-Virac;1;1.88
07114;Labatie-d'Andaure;2.5;0.78
07115;Labeaume;0.4;0.1
07116;Labégude;2.9;-0.41
07117;Lablachère;0.9;0.8
07118;Laboule;0;1.33
07119;Le Lac-d'Issarlès;0;-2.93
07120;Lachamp-Raphaël;3.4;-0.5
07121;Lachapelle-Graillouse;0;-1.27
07122;Lachapelle-sous-Aubenas;1.7;2.55
07123;Lachapelle-sous-Chanéac;3.1;-1.59
07124;Lafarre;0;1.98
07126;Lagorce;1;0.97
07127;Lalevade-d'Ardèche;0.8;0.79
07128;Lalouvesc;1.8;-0.51
07129;Lamastre;3.2;-0.03
07130;Lanarce;0;0.91
07131;Lanas;0;0.96
07132;Largentière;4;-1.72
07133;Larnas;0;2.76
07134;Laurac-en-Vivarais;0.8;0.99
07136;Laveyrune;0;-0.3
07137;Lavillatte;0;-7.35
07138;Lavilledieu;1.1;1.12
07139;Laviolle;0;-1.74
07140;Lemps;3;0.06
07141;Lentillères;1.9;0.21
07142;Lespéron;0.7;0.1
07143;Limony;5.5;1.5
07144;Loubaresse;0;2.86
07145;Lussas;0;-0.12
07146;Lyas;2.1;-0.2
07147;Malarce-sur-la-Thines;1.3;0.8
07148;Malbosc;2;0.11
07149;Marcols-les-Eaux;5.5;-1.19
07150;Mariac;0;-1.18
07151;Mars;1.1;-1.17
07152;Mauves;2.4;0.28
07153;Mayres;0;0.19
07154;Mazan-l'Abbaye;0;0.41
07155;Mercuer;0;1.4
07156;Meyras;0.9;-0.84
07157;Meysse;1.7;0.96
07158;Mézilhac;0;1.23
07159;Mirabel;1;3.72
07160;Monestier;3.8;-0.55
07161;Montpezat-sous-Bauzon;0.4;-2.03
07162;Montréal;0;-0.15
07163;Montselgues;0;0.39
07165;Belsentes;0.9;-0.18
07166;Nozières;3.3;-1.2
07167;Les Ollières-sur-Eyrieux;1.4;0.62
07168;Orgnac-l'Aven;0.5;-0.23
07169;Ozon;4.4;-0.84
07170;Pailharès;6.2;2.32
07171;Payzac;4.1;-0.06
07172;Peaugres;2.9;2.1
07173;Péreyres;5.3;-0.34
07174;Peyraud;2;0.49
07175;Le Plagnal;0;-2.14
07176;Planzolles;5.8;4.14
07177;Plats;2.3;-0.3
07178;Pont-de-Labeaume;1;0.03
07179;Pourchères;0;0.88
07181;Le Pouzin;2.5;0.19
07182;Prades;0.6;-0.78
07183;Pradons;2.8;2.36
07184;Pranles;2.9;1.06
07185;Préaux;0.7;0.65
07186;Privas;4.2;0.49
07187;Prunet;5.3;0.25
07188;Quintenas;2.2;1.73
07189;Ribes;1.8;1.61
07190;Rochecolombe;1.1;0.93
07191;Rochemaure;1.5;-0.13
07192;Rochepaule;0;-1.96
07193;Rocher;3.2;1.36
07194;Rochessauve;1.3;1.52
07195;La Rochette;0;1.98
07196;Rocles;0;1.33
07197;Roiffieux;1.8;-0.51
07198;Rompon;2.5;0.98
07199;Rosières;0.8;1.6
07200;Le Roux;0;4.55
07201;Ruoms;3.4;0.19
07202;Sablières;7;0.62
07203;Sagnes-et-Goudoulet;3.8;-0.14
07204;Saint-Agrève;0.7;-0.47
07205;Saint-Alban-d'Ay;1.6;0.31
07206;Saint-Alban-en-Montagne;0;-5.28
07207;Saint-Alban-Auriolles;1.6;0.11
07208;Saint-Andéol-de-Berg;3.3;0.79
07209;Saint-Andéol-de-Fourchades;0;-0.31
07210;Saint-Andéol-de-Vals;2.5;-0.06
07211;Saint-André-de-Cruzières;0.6;-0.07
07212;Saint-André-en-Vivarais;0;-0.31
07213;Saint-André-Lachamp;0;0.83
07214;Saint-Apollinaire-de-Rias;2.8;0.17
07215;Saint-Barthélemy-le-Meil;1.3;0.85
07216;Saint-Barthélemy-Grozon;3.1;-0.3
07217;Saint-Barthélemy-le-Plain;2.1;0.86
07218;Saint-Basile;2.7;0.39
07219;Saint-Bauzile;0;0.59
07220;Saint-Christol;2.6;-0.17
07221;Saint-Cierge-la-Serre;0.9;-0.53
07222;Saint-Cierge-sous-le-Cheylard;0;1.37
07223;Saint-Cirgues-de-Prades;2.2;0
07224;Saint-Cirgues-en-Montagne;2.7;0.31
07225;Saint-Clair;2.4;2.76
07226;Saint-Clément;0;1.51
07227;Saint-Cyr;0.5;0.86
07228;Saint-Désirat;2.9;-0.34
07229;Saint-Didier-sous-Aubenas;2.9;-0.94
07230;Saint-Étienne-de-Boulogne;2.3;0.21
07231;Saint-Étienne-de-Fontbellon;1.4;1.19
07232;Saint-Étienne-de-Lugdarès;0.6;-0.32
07233;Saint-Étienne-de-Serre;2.2;-0.75
07234;Saint-Étienne-de-Valoux;4.2;-1.05
07235;Sainte-Eulalie;0;-0.39
07236;Saint-Félicien;2;-0.95
07237;Saint-Fortunat-sur-Eyrieux;2.1;0.79
07238;Saint-Genest-de-Beauzon;1.9;0.98
07239;Saint-Genest-Lachamp;0;1.57
07240;Saint-Georges-les-Bains;1.5;1.23
07241;Saint-Germain;1.3;-0.12
07242;Saint-Gineys-en-Coiron;0;0.72
07243;Saint-Jacques-d'Atticieux;0;-2.21
07244;Saint-Jean-Chambre;1.6;-1.33
07245;Saint-Jean-de-Muzols;4.3;0.5
07247;Saint-Jean-le-Centenier;2.6;2.72
07248;Saint-Jean-Roure;0.8;-0.06
07249;Saint-Jeure-d'Andaure;5.1;-0.49
07250;Saint-Jeure-d'Ay;4;0.58
07251;Saint-Joseph-des-Bancs;1.2;0.72
07253;Saint-Julien-du-Gua;1.6;-1.93
07254;Saint-Julien-du-Serre;0.5;-0.02
07255;Saint-Julien-en-Saint-Alban;1.3;-0.48
07257;Saint-Julien-le-Roux;0;2.63
07258;Saint-Julien-Vocance;1.1;-0.52
07259;Saint-Just-d'Ardèche;1;-0.8
07260;Saint-Lager-Bressac;0.9;0.8
07261;Saint-Laurent-du-Pape;2.6;0.47
07262;Saint-Laurent-les-Bains-Laval-d'Aurelle;6;0.55
07263;Saint-Laurent-sous-Coiron;0;3.09
07264;Saint-Marcel-d'Ardèche;2.7;-0.23
07265;Saint-Marcel-lès-Annonay;1.7;-0.6
07266;Sainte-Marguerite-Lafigère;0;1.84
07267;Saint-Martial;1;1.83
07268;Saint-Martin-d'Ardèche;2;-0.94
07269;Saint-Martin-de-Valamas;1.1;-0.68
07270;Saint-Martin-sur-Lavezon;0;-0.15
07272;Saint-Maurice-d'Ardèche;0;3.47
07273;Saint-Maurice-d'Ibie;3.4;-0.46
07274;Saint-Maurice-en-Chalencon;2.8;-1.2
07275;Saint-Mélany;11.3;-1.48
07276;Saint-Michel-d'Aurance;0;-0.98
07277;Saint-Michel-de-Boulogne;3.4;-1.19
07278;Saint-Michel-de-Chabrillanoux;2.4;2.03
07279;Saint-Montan;1.9;0.4
07280;Saint-Paul-le-Jeune;1.2;-0.27
07281;Saint-Péray;4.6;-0.12
07282;Saint-Pierre-de-Colombier;29.5;1.22
07283;Saint-Pierre-la-Roche;0;1.1
07284;Saint-Pierre-Saint-Jean;1.5;4.49
07285;Saint-Pierre-sur-Doux;2.3;0.46
07286;Saint-Pierreville;5.2;-1.03
07287;Saint-Pons;1.9;0.45
07288;Saint-Priest;1.6;1.85
07289;Saint-Privat;1.8;-0.55
07290;Saint-Prix;1.7;-0.42
07291;Saint-Remèze;1.2;-0.52
07292;Saint-Romain-d'Ay;2.6;-0.28
07293;Saint-Romain-de-Lerps;1.2;2.44
07294;Saint-Sauveur-de-Cruzières;0;1.1
07295;Saint-Sauveur-de-Montagut;1.5;-0.03
07296;Saint-Sernin;0.5;1.8
07297;Saint-Sylvestre;2.1;0.13
07298;Saint-Symphorien-sous-Chomérac;1.4;2
07299;Saint-Symphorien-de-Mahun;0;-0.28
07300;Saint-Thomé;2.2;1.09
07301;Saint-Victor;2.3;0.23
07302;Saint-Vincent-de-Barrès;1.1;-0.1
07303;Saint-Vincent-de-Durfort;2;2.76
07304;Salavas;0.4;1.72
07305;Les Salelles;1.4;1.88
07306;Sampzon;1.3;1.29
07307;Sanilhac;0;-0.15
07308;Sarras;2.7;0.65
07309;Satillieu;0.9;-0.71
07310;Savas;0.9;-0.15
07311;Sceautres;1.8;0.46
07312;Sécheras;2.1;-1.06
07313;Serrières;3.6;-1.19
07314;Silhac;0.6;1.45
07315;La Souche;0;0.71
07316;Soyons;2.7;0.55
07317;Talencieux;1.2;1.01
07318;Tauriers;1.1;1.29
07319;Le Teil;2;0.49
07321;Thorrenc;1.1;5.46
07322;Thueyts;0.8;0.01
07323;Toulaud;2.8;0.14
07324;Tournon-sur-Rhône;3.5;1.67
07325;Ucel;1.3;-0.2
07326;Usclades-et-Rieutord;2.5;-1.3
07327;Uzer;1.8;0.08
07328;Vagnas;0.5;2.42
07329;Valgorge;1.5;-1.12
07330;Vallon-Pont-d'Arc;1.4;0.76
07331;Vals-les-Bains;2.5;-0.29
07332;Valvignères;2.3;-1.68
07333;Vanosc;3.5;-0.09
07334;Les Vans;1.2;0.01
07335;Vaudevant;2.4;1.2
07336;Vernon;1.6;-0.94
07337;Vernosc-lès-Annonay;1.7;0.45
07338;Vernoux-en-Vivarais;1.3;0.2
07339;Vesseaux;2.7;1.3
07340;Veyras;1.7;-0.32
07341;Villeneuve-de-Berg;6.1;0.45
07342;Villevocance;3.1;0.04
07343;Vinezac;0.7;0.28
07344;Vinzieux;1.4;2.36
07345;Vion;3.4;-0.18
07346;Viviers;1.2;-0.28
07347;Vocance;1.3;0.22
07348;Vogüé;0.5;-0.68
07349;La Voulte-sur-Rhône;3.7;-1.11
08001;Acy-Romance;5.2;2
08003;Aiglemont;1.5;0.22
08004;Aire;0;2.1
08005;Alincourt;0;1.64
08006;Alland'Huy-et-Sausseuil;3.9;1.76
08008;Amagne;4.6;1.4
08010;Ambly-Fleury;1.9;0.38
08011;Anchamps;2.6;-0.38
08013;Angecourt;1.3;-0.04
08014;Annelles;1.5;-1.23
08015;Antheny;0;-0.33
08016;Aouste;0;-0.57
08017;Apremont;0;0.28
08018;Ardeuil-et-Montfauxelles;0;2.04
08019;Les Grandes-Armoises;0;-2.01
08020;Les Petites-Armoises;0;-1.35
08021;Arnicourt;5.2;-0.86
08022;Arreux;0.6;0.7
08023;Artaise-le-Vivier;0;0.26
08024;Asfeld;0.7;-0.49
08025;Attigny;2.6;-0.47
08026;Aubigny-les-Pothées;0.8;-0.64
08027;Auboncourt-Vauzelles;0;-1.01
08028;Aubrives;0.8;2
08029;Auflance;5.1;-0.8
08030;Auge;0;-0.84
08031;Aure;0;-4.79
08032;Aussonce;0;1.36
08033;Authe;0;0.55
08034;Autrecourt-et-Pourron;2.1;-0.29
08035;Autruche;0;-4.76
08036;Autry;4.3;-3.68
08037;Auvillers-les-Forges;0.6;0.51
08038;Avançon;2.7;2.24
08039;Avaux;0.4;1.66
08040;Les Ayvelles;1.4;-0.81
08041;Baâlons;1;-0.93
08043;Balan;1.1;-0.18
08044;Balham;1.4;1.4
08045;Ballay;0.9;-2.32
08046;Banogne-Recouvrance;1.3;0.63
08047;Barbaise;0;1.49
08048;Barby;4.7;-0.79
08049;Bar-lès-Buzancy;0;-0.81
08052;Bayonville;0;-5.91
08053;Bazeilles;1.3;-0.71
08055;Beaumont-en-Argonne;1.1;-0.35
08056;Beffu-et-le-Morthomme;0;-3.73
08057;Belleville-et-Châtillon-sur-Bar;2;-1.75
08058;Belval;2.7;0.3
08059;Belval-Bois-des-Dames;0;-3.29
08060;Bergnicourt;0;0.75
08061;La Berlière;0;-2.09
08062;Bertoncourt;5;-0.13
08063;La Besace;0;-0.49
08064;Biermes;6.5;0.76
08065;Bièvres;5.3;-1.38
08066;Bignicourt;8.3;-0.5
08067;Blagny;5;-1.88
08069;Blanchefosse-et-Bay;0;-2.26
08070;Blanzy-la-Salonnaise;0.5;3.18
08071;Blombay;0;-0.87
08073;Bossus-lès-Rumigny;0;-1.18
08074;Bouconville;0;1.54
08075;Boult-aux-Bois;0;1.15
08076;Boulzicourt;2;0.17
08077;Bourcq;0;-0.32
08078;Bourg-Fidèle;0;-0.73
08080;Bouvellemont;0;0.14
08081;Bogny-sur-Meuse;3.3;-0.73
08082;Brécy-Brières;0;0.45
08083;Brévilly;0.6;-0.36
08084;Brienne-sur-Aisne;0.7;2.36
08085;Brieulles-sur-Bar;0;0.76
08086;Briquenay;0;-2.25
08087;Brognon;0;-2.46
08088;Bulson;0;0.49
08089;Buzancy;1.4;2.07
08090;Carignan;4.3;-0.96
08092;Cauroy;0;-0.18
08094;Cernion;0;-1.18
08095;Chagny;0;-1.21
08096;Chalandry-Elaire;0;1.89
08097;Challerange;0;-1.03
08098;Champigneulle;0;-2.58
08099;Champigneul-sur-Vence;3;0
08100;Champlin;0;0.46
08101;La Chapelle;0;-2
08102;Chappes;2.5;-3.09
08103;Charbogne;0;0
08104;Chardeny;0;2.21
08105;Charleville-Mézières;8.9;-0.38
08106;Charnois;0;-0.9
08107;Château-Porcien;2.7;-1.21
08109;Chatel-Chéhéry;0;-2.48
08110;Le Châtelet-sur-Sormonne;0;1.21
08111;Le Châtelet-sur-Retourne;1.1;-0.3
08113;Chaumont-Porcien;2.7;0.24
08115;Chémery-Chéhéry;1.3;-1.8
08116;Bairon et ses environs;2.4;-0.41
08117;Chesnois-Auboncourt;1.7;-1.09
08119;Cheveuges;0.5;2.01
08120;Chevières;0;0
08121;Chilly;1.5;-1.65
08122;Chooz;0.8;1.02
08123;Chuffilly-Roche;0;-2.57
08124;Clavy-Warby;0.6;-0.38
08125;Cliron;0.6;2.23
08126;Condé-lès-Herpy;1.2;0.08
08128;Condé-lès-Autry;0;-1.72
08130;Contreuve;0;0.81
08131;Cornay;0;1.3
08132;Corny-Machéroménil;0;0.35
08133;Coucy;5.2;0.74
08134;Coulommes-et-Marqueny;3.3;-2.81
08135;La Croix-aux-Bois;0;1.31
08136;Daigny;0.7;0.38
08137;Damouzy;1;-0.19
08138;Les Deux-Villes;0.9;-0.33
08139;Deville;6.6;0.05
08140;Dom-le-Mesnil;1.4;-0.6
08141;Dommery;1.1;0.92
08142;Donchery;2.6;-1.24
08143;Doumely-Bégny;2.9;-0.21
08144;Doux;0;0.84
08145;Douzy;1.8;-0.02
08146;Draize;0;-2.22
08147;Dricourt;5.7;-2.76
08148;L'Écaille;1.4;-0.44
08149;L'Échelle;0;-0.12
08150;Écly;6.2;-0.95
08151;Écordal;7.7;-1.88
08153;Escombres-et-le-Chesnois;2.1;-0.66
08154;Estrebay;0;3.49
08155;Étalle;0;-1.01
08156;Éteignières;0;-1.67
08158;Étrépigny;1;-0.78
08159;Euilly-et-Lombut;0;-1.03
08160;Évigny;1.1;-0.26
08161;Exermont;0;-3.55
08162;Fagnon;0.7;0.4
08163;Faissault;1.8;0.53
08164;Falaise;0;0.65
08165;Faux;0;1.98
08166;Fépin;5.4;-1.91
08167;La Férée;0;-3.74
08168;La Ferté-sur-Chiers;4.7;0.58
08169;Flaignes-Havys;2.4;-4.33
08170;Fleigneux;0;1.58
08171;Fléville;0;-0.87
08172;Fligny;1.7;-2.82
08173;Flize;1.8;-0.33
08174;Floing;2;-0.85
08175;Foisches;1;5.24
08176;Fossé;0;2.37
08178;Fraillicourt;5;-1.39
08179;Francheval;0.5;-0.58
08180;La Francheville;2.8;-0.4
08182;Le Fréty;0;0.84
08183;Fromelennes;1.1;-0.1
08184;Fromy;0;0.6
08185;Fumay;3.8;-1.8
08186;Germont;0;1.37
08187;Gernelle;1.4;0
08188;Gespunsart;1.6;-1.62
08189;Girondelle;0;0.76
08190;Givet;2.7;-1.01
08191;Givonne;1.1;0.03
08192;Givron;0;1.3
08193;Givry;5.1;-0.37
08194;Glaire;0.9;-1.53
08195;Gomont;0;-0.61
08196;Grandchamp;0;-1.08
08197;Grandham;0;-2.14
08198;Grandpré;3.4;-1.5
08199;La Grandville;1.2;-1.03
08200;Grivy-Loisy;1.3;0
08201;Gruyères;2;0.82
08202;Gué-d'Hossus;0.5;-0.93
08203;Guignicourt-sur-Vence;2.3;-2.74
08204;Guincourt;0;-3.21
08205;Hagnicourt;0;-2.47
08206;Ham-les-Moines;0.7;-0.81
08207;Ham-sur-Meuse;1.1;-1.07
08208;Hannappes;1.9;-1.19
08209;Hannogne-Saint-Martin;0.5;-0.99
08210;Hannogne-Saint-Rémy;2.7;0
08211;Haraucourt;2.2;-0.74
08212;Harcy;0.5;-0.07
08214;Hargnies;0.6;-0.82
08215;Harricourt;0;2.86
08216;Haudrecy;0.6;1.39
08217;Haulmé;0;-0.75
08218;Les Hautes-Rivières;1.8;-3.03
08219;Hauteville;0;3
08220;Hauviné;0;-0.1
08222;Haybes;2.6;-0.77
08223;Herbeuval;3.8;1.12
08225;Herpy-l'Arlésienne;2.2;1.4
08226;Hierges;2;-3.88
08228;La Horgne;2.4;-5.02
08229;Houdilcourt;0;0.47
08230;Houldizy;1.7;1.66
08232;Illy;1.6;0.2
08233;Imécourt;0;-2.15
08234;Inaumont;3.3;5.79
08235;Issancourt-et-Rumel;0.5;0.51
08236;Jandun;1.5;1.44
08237;Joigny-sur-Meuse;1.1;-1.29
08238;Jonval;0;-1.42
08239;Juniville;2.5;0.18
08240;Justine-Herbigny;2.4;-1.26
08242;Laifour;1.4;-1.9
08243;Lalobbe;3.2;-0.69
08244;Lametz;0;0.67
08245;Lançon;12.5;-1.53
08246;Landres-et-Saint-Georges;0;-2.87
08247;Landrichamps;0;-0.51
08248;Launois-sur-Vence;1.5;-0.17
08249;Laval-Morency;1.8;-0.56
08250;Leffincourt;0;0.18
08251;Lépron-les-Vallées;0;-4.37
08252;Létanne;1.9;-2.75
08254;Liart;1;0.03
08255;Linay;1.2;-3.07
08256;Liry;0;-0.55
08257;Logny-Bogny;1.5;-2.67
08259;Longwé;0;-2.95
08260;Lonny;0;-0.74
08262;Lucquy;8.4;-0.23
08263;Lumes;2.7;-0.76
08264;Machault;0.5;-0.5
08268;Maisoncelle-et-Villers;0;0
08269;Malandry;2.9;-1.21
08271;Manre;0;0.82
08272;Maranwez;0;-2.54
08273;Marby;0;5.59
08274;Marcq;3.4;-2.09
08275;Margny;0.9;2.41
08276;Margut;1.4;-1.43
08277;Marlemont;0;-2.33
08278;Marquigny;0;-3.03
08279;Mars-sous-Bourcq;0;2.33
08280;Marvaux-Vieux;0;-0.7
08281;Matton-et-Clémency;1.6;-0.78
08282;Maubert-Fontaine;0.8;-0.18
08283;Mazerny;1.6;0.53
08284;Les Mazures;1;-1.1
08286;Ménil-Annelles;0;-0.32
08287;Ménil-Lépinois;0;1.59
08288;Mesmont;0;-1.06
08289;Messincourt;2.3;-0.75
08291;Mogues;0.9;2.52
08293;Moiry;0;-1.73
08295;Mondigny;1.3;2.75
08296;Montcheutin;0;-3.56
08297;Montcornet;0;0.11
08298;Montcy-Notre-Dame;3;-0.63
08301;Montgon;0;1.74
08302;Monthermé;3.5;-1.34
08303;Monthois;0.6;1.23
08304;Montigny-sur-Meuse;0;-0.63
08305;Montigny-sur-Vence;3.6;-1.37
08306;Mont-Laurent;0;-3.46
08307;Montmeillant;3.1;0.2
08308;Mont-Saint-Martin;0;1.6
08309;Mont-Saint-Remy;0;-0.62
08310;Mouron;0;-0.66
08311;Mouzon;2;-0.8
08312;Murtin-et-Bogny;1.3;-0.38
08313;Nanteuil-sur-Aisne;2.9;2.17
08314;Neuflize;2.5;1.51
08315;Neufmaison;3.6;0.5
08316;Neufmanil;2.1;-0.99
08317;La Neuville-à-Maire;0;-2.47
08318;La Neuville-aux-Joûtes;0;-0.42
08319;Neuville-lez-Beaulieu;0;-0.4
08320;La Neuville-en-Tourne-à-Fuy;0.4;-1.32
08321;Neuville-Day;5.5;1.02
08322;Neuville-lès-This;0;-2.37
08323;La Neuville-lès-Wasigny;1.5;0.1
08324;Neuvizy;5.1;-0.14
08325;Noirval;0;-2.54
08326;Nouart;0;-5.14
08327;Nouvion-sur-Meuse;3.2;-0.15
08328;Nouzonville;4;-0.98
08329;Novion-Porcien;4.4;0.86
08330;Novy-Chevrières;5.2;0.83
08331;Noyers-Pont-Maugis;1.7;-0.58
08332;Oches;0;-4.21
08333;Olizy-Primat;0;-0.65
08334;Omicourt;0;0.39
08335;Omont;0;-2.14
08336;Osnes;3.1;0.07
08338;Pauvres;1.2;0.87
08339;Perthes;0;0
08340;Poilcourt-Sydney;0;-1.41
08341;Poix-Terron;2.8;1.98
08342;Pouru-aux-Bois;0;-2.83
08343;Pouru-Saint-Remy;1.6;-0.72
08344;Prez;1.6;-0.86
08346;Prix-lès-Mézières;3.1;0.41
08347;Puilly-et-Charbeaux;0;-1.45
08348;Puiseux;4.4;-1.44
08349;Pure;4.8;-1.62
08350;Quatre-Champs;0;2.61
08351;Quilly;0;-3.36
08352;Raillicourt;1;1.64
08353;Rancennes;0.7;-0.19
08354;Raucourt-et-Flaba;1.3;-0.83
08355;Regniowez;0.5;-0.77
08356;Remaucourt;2.4;0.19
08357;Remilly-Aillicourt;1.7;-0.37
08358;Remilly-les-Pothées;0.8;0.92
08360;Renneville;1.5;-1.33
08361;Renwez;2;-0.63
08362;Rethel;7.2;-0.5
08363;Revin;4;-1.73
08364;Rilly-sur-Aisne;0;-1.65
08365;Rimogne;0.7;-0.86
08366;Rocquigny;2.1;-0.92
08367;Rocroi;0.6;-0.73
08368;Roizy;0;0.15
08369;La Romagne;0;0.26
08370;Rouvroy-sur-Audry;0.8;-1.78
08372;Rubigny;0;-1.79
08373;Rumigny;3.7;-4.11
08374;La Sabotterie;0;2.56
08375;Sachy;5.8;-0.64
08376;Sailly;0;-0.07
08377;Saint-Aignan;0;0.45
08378;Saint-Clément-à-Arnes;0;0
08379;Saint-Étienne-à-Arnes;1;0.14
08380;Saint-Fergeux;2.2;0.79
08381;Saint-Germainmont;1;-0.8
08382;Saint-Jean-aux-Bois;0;-3.75
08383;Saint-Juvin;0;-0.81
08384;Saint-Lambert-et-Mont-de-Jeux;0;-1.69
08385;Saint-Laurent;4.2;-0.92
08386;Saint-Loup-en-Champagne;0.6;1.28
08387;Saint-Loup-Terrier;2.5;0.09
08388;Saint-Marceau;0;0.19
08389;Saint-Marcel;0;-2.48
08390;Sainte-Marie;0;-0.63
08391;Saint-Menges;1.7;-0.88
08392;Saint-Morel;0;-2.68
08393;Saint-Pierre-à-Arnes;0;-0.5
08394;Saint-Pierremont;0;-0.69
08395;Saint-Pierre-sur-Vence;0;2.99
08396;Saint-Quentin-le-Petit;0;0.97
08397;Saint-Remy-le-Petit;0;4.19
08398;Sainte-Vaubourg;0;-0.59
08399;Sapogne-sur-Marche;1.4;1.29
08400;Sapogne-et-Feuchères;1.3;0
08401;Saulces-Champenoises;1;-1.23
08402;Saulces-Monclin;1.3;0.79
08403;Sault-lès-Rethel;5.2;0.16
08404;Sault-Saint-Remy;0;0.49
08405;Sauville;0;-1.2
08406;Savigny-sur-Aisne;2.4;-1.06
08407;Séchault;0;-0.81
08408;Sécheval;2.2;-0.49
08409;Sedan;3.4;-0.12
08410;Semide;0;-2.06
08411;Semuy;7.7;-0.56
08412;Senuc;0;-1.26
08413;Seraincourt;0;-0.94
08415;Sery;4.5;-2
08416;Seuil;0;3.39
08417;Sévigny-la-Forêt;1.4;0.12
08418;Sévigny-Waleppe;0;-0.44
08419;Signy-l'Abbaye;0.6;-0.32
08420;Signy-le-Petit;1.9;-0.64
08421;Signy-Montlibert;0;0.55
08422;Singly;1.8;0.25
08424;Sommauthe;0;2.19
08425;Sommerance;0;3.97
08426;Son;0;-1.92
08427;Sorbon;1;2.54
08428;Sorcy-Bauthémont;1.6;-0.45
08429;Sormonne;0.8;-0.62
08430;Stonne;5.6;-1.23
08431;Sugny;0;-1.03
08432;Sury;2.6;-1.96
08433;Suzanne;0;-2.7
08434;Sy;0;1.24
08435;Tagnon;0.7;0.19
08436;Taillette;0;0.17
08437;Tailly;0;0.47
08438;Taizy;0;-1.11
08439;Tannay-le-Mont-Dieu;1.4;-1.09
08440;Tarzy;0;-4.78
08444;Tétaigne;2;0.65
08445;Thelonne;0;0.08
08446;Thénorgues;0;-0.39
08448;Thilay;2.5;-1.31
08449;Thin-le-Moutier;0.4;1.44
08450;This;0;-0.51
08451;Le Thour;1.4;-2.32
08452;Thugny-Trugny;2.9;-0.97
08453;Toges;0;-0.69
08454;Touligny;2.4;-0.79
08455;Tourcelles-Chaumont;3.2;-1.11
08456;Tournavaux;0;-0.42
08457;Tournes;0.4;-0.28
08458;Tourteron;0;-0.09
08459;Tremblois-lès-Carignan;4.7;-3.19
08460;Tremblois-lès-Rocroi;0;-0.52
08461;Vandy;1.3;-0.57
08462;Vaux-Champagne;2.9;1.36
08463;Vaux-en-Dieulet;0;0.31
08464;Vaux-lès-Mouron;0;-0.63
08465;Vaux-lès-Rubigny;0;-2.11
08466;Vaux-lès-Mouzon;2.6;-1.33
08467;Vaux-Montreuil;2.2;0
08468;Vaux-Villaine;0;-0.52
08469;Vendresse;0.5;-1.01
08470;Verpel;0;-1.48
08471;Verrières;0;3.4
08472;Viel-Saint-Remy;4.1;-0.44
08473;Vieux-lès-Asfeld;0;-1.28
08476;Villers-devant-le-Thour;0.6;-0.08
08477;Villers-devant-Mouzon;0;1
08478;Villers-le-Tilleul;1;0.21
08479;Villers-le-Tourneur;0;1.72
08480;Villers-Semeuse;3.3;0.17
08481;Villers-sur-Bar;0.9;-0.21
08482;Villers-sur-le-Mont;2.2;-1.4
08483;Ville-sur-Lumes;0;0.29
08484;Ville-sur-Retourne;0;-2.12
08485;Villy;0;-1.61
08486;Vireux-Molhain;3.1;-0.45
08487;Vireux-Wallerand;1.6;-1.22
08488;Vivier-au-Court;1.3;-0.96
08489;Voncq;2.6;-0.54
08490;Vouziers;1.2;-2
08491;Vrigne aux Bois;0.9;-0.56
08492;Vrigne-Meuse;0;1.7
08494;Wadelincourt;0.5;-1.21
08496;Wagnon;2.1;-2.92
08497;Warcq;3.2;-0.01
08498;Warnécourt;0.6;0.8
08499;Wasigny;0;-3.18
08500;Wignicourt;4;-0.57
08501;Williers;11.8;-0.81
08502;Yoncq;2.5;-3.76
08503;Yvernaumont;1.9;-2.4
09001;Aigues-Juntes;0;-1.6
09002;Aigues-Vives;0.4;-0.59
09003;L'Aiguillon;0;-2.03
09004;Albiès;0;-0.4
09005;Aleu;0;0.65
09006;Alliat;0;0.92
09007;Allières;0;0.92
09008;Alos;2.4;0.14
09009;Alzen;0;0.98
09011;Antras;0;2.18
09012;Appy;0;2.6
09013;Arabaux;2.6;1.54
09014;Argein;1.4;-0.34
09015;Arignac;1.3;0.28
09016;Arnave;2.9;0.97
09017;Arrien-en-Bethmale;2.2;1.73
09018;Arrout;0;1.73
09019;Artigat;3.1;-0.39
09020;Artigues;0;-8.63
09021;Artix;0;-4.72
09022;Arvigna;2.6;0.72
09023;Ascou;2.1;-2.39
09024;Aston;1.1;-2.52
09025;Aucazein;8.7;0.27
09026;Audressein;0;1.07
09027;Augirein;9.1;1.08
09029;Aulus-les-Bains;4.4;-0.99
09030;Auzat;4.7;2.04
09031;Axiat;0;-1.23
09032;Ax-les-Thermes;6.1;0.72
09033;Bagert;0;1.27
09034;Balacet;0;11.85
09035;Balaguères;0;0
09037;Barjac;0;0.8
09038;La Bastide-de-Besplas;6;-0.27
09039;La Bastide-de-Bousignac;1.4;0
09040;La Bastide-de-Lordat;2.3;1.41
09041;La Bastide-du-Salat;2.3;2.72
09042;La Bastide-de-Sérou;1.4;0.24
09043;La Bastide-sur-l'Hers;1.4;-0.05
09044;Baulou;1.3;-0.3
09045;Bédeilhac-et-Aynat;0;0.61
09046;Bédeille;4;0.91
09047;Bélesta;0.9;0.61
09048;Belloc;0;2.14
09049;Bénac;1.4;-0.75
09050;Benagues;2.6;-0.03
09051;Bénaix;4.4;0.79
09052;Besset;1.5;-0.1
09053;Bestiac;0;7.91
09054;Betchat;6.3;1.74
09055;Bethmale;2.8;0.68
09056;Bézac;0.9;3.11
09057;Biert;1;-0.38
09058;Bompas;4;0.17
09059;Bonac-Irazein;6.5;0.82
09060;Bonnac;3.4;1.44
09061;Les Bordes-sur-Arize;0.5;-1.31
09062;Bordes-Uchentein;1.6;3.37
09063;Le Bosc;7.5;2.21
09064;Bouan;0;1.27
09065;Boussenac;3.6;2.3
09066;Brassac;1.6;-0.48
09067;Brie;6.6;-1.01
09068;Burret;4.8;2.03
09069;Buzan;0;5.51
09070;Les Cabannes;5.2;-0.05
09071;Cadarcet;1.1;-0.98
09072;Calzan;0;5.85
09073;Camarade;1.3;2.43
09074;Camon;3;1.26
09075;Campagne-sur-Arize;1;1.22
09076;Canté;3.4;0.48
09077;Capoulet-et-Junac;0;2.06
09078;Carcanières;0;-1.34
09079;Carla-Bayle;1.5;0.67
09080;Carla-de-Roquefort;1.5;0.2
09081;Le Carlaret;0.8;0.35
09082;Castelnau-Durban;0.5;0.41
09083;Castéras;11.1;-2.75
09084;Castex;5.7;0
09085;Castillon-en-Couserans;2.5;1.29
09086;Caumont;0.7;0.71
09087;Caussou;0;-3.72
09088;Caychax-et-Senconac;0;-4.28
09089;Cazals-des-Baylès;4;0.3
09090;Cazaux;0;1.16
09091;Cazavet;0;-3.1
09092;Cazenave-Serres-et-Allens;0;4.44
09093;Celles;0;0
09094;Cérizols;1.6;-0.35
09095;Cescau;1.3;2.83
09096;Château-Verdun;0;0
09097;Clermont;0;0.58
09098;Contrazy;3.1;0
09099;Cos;2.6;-1.58
09100;Couflens;0;3.46
09101;Coussa;1.5;1.45
09102;Coutens;4.6;0.67
09103;Crampagna;1.1;2.52
09104;Dalou;2.3;0.3
09105;Daumazan-sur-Arize;1.8;1.76
09106;Dreuilhe;0;0.42
09107;Dun;1.1;2.48
09108;Durban-sur-Arize;2.5;-0.19
09109;Durfort;0;3.91
09110;Encourtiech;0;1.62
09111;Engomer;0.7;1.33
09113;Ercé;0.6;1.61
09114;Erp;0;2.18
09115;Esclagne;0;-2.86
09116;Escosse;1.2;-2.17
09117;Esplas;6.8;0.99
09118;Esplas-de-Sérou;0;-0.38
09119;Eycheil;0;-0.77
09120;Fabas;3.1;0.09
09121;Ferrières-sur-Ariège;2.6;-0.28
09122;Foix;5.4;0.2
09123;Fornex;0;-0.91
09124;Le Fossat;0.5;0.14
09125;Fougax-et-Barrineuf;0;-0.27
09126;Freychenet;0;-1.72
09127;Gabre;0;0.83
09128;Gajan;0;0.99
09129;Galey;2.7;-1
09130;Ganac;1.8;0.95
09131;Garanou;5;-2.12
09132;Gaudiès;0;-0.42
09133;Génat;0;2.25
09134;Gestiès;0;5.57
09136;Gourbit;8;-0.62
09137;Gudas;0;1.42
09138;L'Herm;3.2;-1.1
09139;L'Hospitalet-près-l'Andorre;3;0.72
09140;Ignaux;3.8;2.29
09141;Illartein;3.6;0
09142;Ilhat;1.9;1.41
09143;Illier-et-Laramade;0;7.23
09145;Les Issards;0.8;1.09
09146;Justiniac;4.6;1.51
09147;Labatut;4.3;0.19
09148;Lacave;2;-4.72
09149;Lacourt;3;0.25
09150;Lagarde;2.5;1.59
09151;Lanoux;0;3.65
09152;Lapège;33.3;-7.64
09153;Lapenne;0;-1.45
09154;Larbont;0;1.77
09155;Larcat;0;1.43
09156;Larnat;0;-1.65
09157;Laroque-d'Olmes;1.5;-0.27
09158;Lasserre;4.2;0.61
09159;Lassur;2.7;0.4
09160;Lavelanet;1.3;-0.4
09161;Léran;3.8;0.64
09162;Lercoul;0;-9.21
09163;Lescousse;0;1.05
09164;Lescure;0.9;-0.74
09165;Lesparrou;4.3;0.07
09166;Leychert;7.5;1.74
09167;Lézat-sur-Lèze;2.3;0.15
09168;Lieurac;1.3;-0.28
09169;Limbrassac;2.1;-1.08
09170;Lissac;0.9;-0.34
09171;Lordat;0;0
09172;Loubaut;0;0
09173;Loubens;0.9;0.55
09174;Loubières;2.4;1.47
09175;Ludiès;2.3;2.78
09176;Luzenac;2.8;0.2
09177;Madière;3.6;5.61
09178;Malegoude;0;-3.56
09179;Malléon;0;2.53
09180;Manses;0;-0.13
09181;Le Mas-d'Azil;2;0.78
09182;Massat;1.7;1.82
09183;Mauvezin-de-Prat;0;-0.33
09184;Mauvezin-de-Sainte-Croix;8;6.32
09185;Mazères;2.2;0.05
09186;Méras;0;-1.62
09187;Mercenac;0.7;-0.47
09188;Mercus-Garrabet;1.1;0.63
09189;Mérens-les-Vals;1.3;0.1
09190;Mérigon;0;-0.15
09192;Miglos;6;1.89
09193;Mijanès;0;-0.28
09194;Mirepoix;2.6;-0.45
09195;Monesple;0;0
09196;Montagagne;0;1.96
09197;Montaillou;0;0
09198;Montardit;3;2.8
09199;Montaut;0.3;-0.52
09200;Montbel;2.5;-4.16
09201;Montégut-en-Couserans;3.3;0.23
09202;Montégut-Plantaurel;1.1;-0.96
09203;Montels;1.3;-0.21
09204;Montesquieu-Avantès;1.1;0.92
09205;Montfa;7.3;2.3
09206;Montferrier;2.8;1.35
09207;Montgailhard;3.1;0.03
09208;Montgauch;2.4;-1.42
09209;Montjoie-en-Couserans;2;-1.29
09210;Montoulieu;0;0.28
09211;Montségur;2.4;-1.24
09212;Montseron;5;2.27
09213;Moulin-Neuf;0;0
09214;Moulis;1;0.71
09215;Nalzen;2;-3.99
09216;Nescus;0;-1.11
09217;Niaux;1.5;-2.34
09218;Orgeix;0;2.52
09219;Orgibet;3.8;-1.81
09220;Orlu;3.6;-1.1
09221;Ornolac-Ussat-les-Bains;3.5;0.83
09222;Orus;0;0
09223;Oust;0.4;1.02
09224;Pailhès;1.5;1.26
09225;Pamiers;2.9;0.86
09226;Pech;0;-0.87
09227;Péreille;0;-2.16
09228;Perles-et-Castelet;0;-0.3
09229;Le Peyrat;0;0.58
09230;Le Pla;0;1.44
09231;Le Port;0;2.03
09232;Prades;0;4.66
09233;Pradettes;0;-1.78
09234;Pradières;2;1.26
09235;Prat-Bonrepaux;2.1;-1.39
09236;Prayols;2.8;-0.49
09237;Le Puch;0;-0.58
09238;Les Pujols;0.2;1.46
09239;Quérigut;0;0.25
09240;Quié;2.7;-0.22
09241;Rabat-les-Trois-Seigneurs;5.1;0.79
09242;Raissac;0;1.06
09243;Régat;4.3;1.49
09244;Rieucros;1.4;0.81
09245;Rieux-de-Pelleport;1.3;-0.61
09246;Rimont;3.9;0.44
09247;Rivèrenert;0;1.36
09249;Roquefixade;0;0
09250;Roquefort-les-Cascades;0;-1.52
09251;Roumengoux;3.3;-0.39
09252;Rouze;0;0.2
09253;Sabarat;0.8;1.54
09254;Saint-Amadou;0.8;1.69
09256;Saint-Bauzeil;0;-0.57
09257;Sainte-Croix-Volvestre;3.1;0.55
09258;Saint-Félix-de-Rieutord;0.9;0.14
09259;Saint-Félix-de-Tournegat;1.4;1.75
09260;Sainte-Foi;0;3.09
09261;Saint-Girons;2.4;-0.6
09262;Saint-Jean-d'Aigues-Vives;0.9;-0.79
09263;Saint-Jean-du-Castillonnais;0;2.6
09264;Saint-Jean-de-Verges;1.7;0.8
09265;Saint-Jean-du-Falga;4.1;-0.47
09266;Saint-Julien-de-Gras-Capou;3.3;6.78
09267;Saint-Lary;5.6;1.81
09268;Saint-Lizier;1.4;-0.4
09269;Saint-Martin-de-Caralp;2.2;1.16
09270;Saint-Martin-d'Oydes;3.1;1.39
09271;Saint-Michel;0;3.98
09272;Saint-Paul-de-Jarrat;1.2;0.6
09273;Saint-Pierre-de-Rivière;6.1;1.4
09274;Saint-Quentin-la-Tour;0;-0.76
09275;Saint-Quirc;4.4;-0.27
09276;Saint-Victor-Rouzaud;0;-1.88
09277;Saint-Ybars;1.7;0.61
09279;Salsein;0;0.37
09280;Saurat;2.9;1.56
09281;Sautel;0;3.55
09282;Saverdun;7.1;0.13
09283;Savignac-les-Ormeaux;3.4;0.91
09284;Ségura;2.7;0.98
09285;Seix;1.6;0.85
09289;Lorp-Sentaraille;0.4;-0.74
09290;Sentein;0;1.88
09291;Sentenac-d'Oust;0;-0.62
09292;Sentenac-de-Sérou;0;0
09293;Serres-sur-Arget;2;1.22
09294;Sieuras;0;0.18
09295;Siguer;0;-0.69
09296;Aulos-Sinsat;1.6;-1.6
09297;Sor;0;-0.58
09298;Sorgeat;2.2;1.36
09299;Soueix-Rogalle;0;0.12
09300;Soula;3.3;-1.12
09301;Soulan;1.3;1.06
09303;Surba;2.7;-0.05
09304;Suzan;0;5.92
09305;Tabre;0.9;-1.52
09306;Tarascon-sur-Ariège;3;-0.42
09307;Taurignan-Castet;3.2;-1.01
09308;Taurignan-Vieux;0;0
09309;Teilhet;0;0.63
09310;Thouars-sur-Arize;0;-3.97
09311;Tignac;0;-2.99
09312;La Tour-du-Crieu;1.5;0.51
09313;Tourtouse;1.6;2.65
09314;Tourtrol;1.5;-2.64
09315;Trémoulet;0;-2.6
09316;Troye-d'Ariège;0;3.59
09318;Unac;5;1.09
09319;Unzent;1.6;0
09320;Urs;0;-3.77
09321;Ussat;0;-1.14
09322;Ustou;0;-3.21
09323;Vals;0;-2.46
09324;Varilhes;3.4;0.51
09325;Vaychis;9.1;7.25
09326;Vèbre;0;-1.51
09327;Ventenac;2.1;0.14
09328;Verdun;0;-1.23
09329;Vernajoul;1;1.61
09330;Vernaux;0;2.69
09331;Le Vernet;4.6;0.07
09332;Verniolle;1.1;0.51
09334;Val-de-Sos;3.9;-2.29
09335;Villeneuve;0;2.14
09336;Villeneuve-d'Olmes;0.3;-0.68
09338;Villeneuve-du-Latou;3.9;0.11
09339;Villeneuve-du-Paréage;0.8;-0.42
09340;Vira;1.5;-0.52
09341;Viviès;0;5.52
09342;Sainte-Suzanne;1.6;0.83
10002;Ailleville;0;-2.4
10003;Aix-Villemaur-Pâlis;2.2;-1.12
10004;Allibaudières;0;-0.08
10005;Amance;1;-2.5
10006;Arcis-sur-Aube;1;-0.33
10007;Arconville;0;0
10008;Argançon;0;0.31
10009;Arrelles;0;0.38
10010;Arrembécourt;0;-1.35
10011;Arrentières;1.3;-2.6
10012;Arsonval;2.5;-2.19
10013;Assenay;0;-1.05
10014;Assencières;0;1.58
10015;Aubeterre;0;2.16
10017;Aulnay;0;-2.62
10018;Auxon;1.1;-0.8
10019;Val-d'Auzon;0;-1.02
10020;Avant-lès-Marcilly;11.4;0.13
10021;Avant-lès-Ramerupt;0;0
10022;Avirey-Lingey;1;-1.05
10023;Avon-la-Pèze;3;1.08
10024;Avreuil;1.4;1.03
10025;Bagneux-la-Fosse;0;0.87
10026;Bailly-le-Franc;0;-1.33
10027;Balignicourt;0;-1.39
10028;Balnot-la-Grange;0;-1.42
10029;Balnot-sur-Laignes;0;0.32
10030;Barberey-Saint-Sulpice;3.7;1.86
10031;Barbuise;3.4;-0.07
10032;Baroville;0;-2.55
10033;Bar-sur-Aube;1.6;-0.71
10034;Bar-sur-Seine;1.9;-0.92
10035;Bayel;0.8;-0.53
10037;Bercenay-en-Othe;1.1;-2.03
10038;Bercenay-le-Hayer;9.4;0.27
10039;Bergères;0;-1.83
10040;Bernon;0;-1.09
10041;Bertignolles;0;-0.32
10042;Bérulle;2.9;-3.72
10043;Bessy;3;-3.25
10044;Bétignicourt;0;0.51
10045;Beurey;0;-2
10046;Blaincourt-sur-Aube;0;-1.61
10047;Blignicourt;0;1.64
10048;Bligny;0;-0.21
10049;Les Bordes-Aumont;1.2;-0.06
10050;Bossancourt;2.4;-1.16
10051;Bouilly;0.7;0.3
10052;Boulages;1;0.15
10053;Bouranton;0.4;1.52
10054;Bourdenay;0;-0.13
10055;Bourguignons;1.8;-2.37
10056;Bouy-Luxembourg;0.9;2.02
10057;Bouy-sur-Orvin;3.4;-1.18
10058;Bragelogne-Beauvoir;0.8;-1.64
10059;Braux;0;1.39
10060;Bréviandes;4.8;1.6
10061;Brévonnes;2;-0.68
10062;Briel-sur-Barse;0;-1.06
10063;Brienne-la-Vieille;1.4;-1.97
10064;Brienne-le-Château;7.7;-0.98
10065;Brillecourt;0;-1.11
10066;Bucey-en-Othe;0.6;0.23
10067;Buchères;2.5;3.38
10068;Buxeuil;0;-2.94
10069;Buxières-sur-Arce;3.3;-2.43
10070;Celles-sur-Ource;1.3;-0.5
10071;Chacenay;0;1.7
10072;La Chaise;0;-3.24
10073;Chalette-sur-Voire;1.4;-1.01
10074;Chamoy;3.3;-0.16
10075;Champfleury;0;0.47
10076;Champignol-lez-Mondeville;0.7;-1.92
10077;Champigny-sur-Aube;0;-1.5
10078;Champ-sur-Barse;0;-0.63
10079;Channes;0;-0.56
10080;Chaource;0.3;-1.03
10081;La Chapelle-Saint-Luc;9.9;-0.25
10082;Chapelle-Vallon;1.8;-0.84
10083;Chappes;0.6;1.95
10084;Charmont-sous-Barbuise;1;0.19
10085;Charmoy;17.4;-2.86
10086;Charny-le-Bachot;2.8;-0.87
10087;Chaserey;0;-2.64
10089;Châtres;2.3;0.09
10090;Chauchigny;1.1;-2.28
10091;Chaudrey;0;-0.81
10092;Chauffour-lès-Bailly;0;2.12
10093;Chaumesnil;2.2;1.45
10094;Chavanges;0.5;-0.4
10095;Le Chêne;0;-1.36
10096;Chennegy;1;1.18
10097;Chervey;0;-1.69
10098;Chesley;0.9;-1.65
10099;Chessy-les-Prés;3;0.9
10100;Clérey;1.6;0.8
10101;Coclois;0;-0.57
10102;Colombé-la-Fosse;0;-2.69
10103;Colombé-le-Sec;0;0.89
10104;Cormost;0;-1
10105;Courcelles-sur-Voire;0;-2.02
10106;Courceroy;8.3;2.6
10107;Coursan-en-Othe;4.9;-0.32
10108;Courtaoult;19.6;0.38
10109;Courtenot;0;-1.13
10110;Courteranges;1.8;0.55
10111;Courteron;0;-0.97
10112;Coussegrey;0;-0.6
10113;Couvignon;1.1;-0.58
10114;Crancey;8;-0.77
10115;Creney-près-Troyes;1;1.96
10116;Crésantignes;0.7;-0.11
10117;Crespy-le-Neuf;0;-3.21
10118;Les Croûtes;4.9;-0.68
10119;Cunfin;1.6;-1.33
10120;Cussangy;1.3;-2.57
10121;Dampierre;0;2.84
10122;Davrey;0;-1.54
10123;Dienville;1.7;-1.11
10124;Dierrey-Saint-Julien;0;1.01
10125;Dierrey-Saint-Pierre;0.7;0.78
10126;Dolancourt;0;-1.52
10127;Dommartin-le-Coq;0;-3.34
10128;Donnement;0;-1.31
10129;Dosches;2.5;1
10130;Dosnon;0;-1.74
10131;Droupt-Saint-Basle;0;-0.48
10132;Droupt-Sainte-Marie;3;1.29
10133;Eaux-Puiseaux;3.1;-0.13
10134;Échemines;0;-2.86
10135;Éclance;0;-2.46
10136;Éguilly-sous-Bois;0;-0.85
10137;Engente;0;-4.96
10138;Épagne;0;-0.13
10139;Épothémont;0;-2.48
10140;Ervy-le-Châtel;0.9;-1.57
10141;Essoyes;1.2;-0.39
10142;Estissac;0.9;-0.66
10143;Étourvy;4.1;-3.1
10144;Étrelles-sur-Aube;1.4;0.11
10145;Faux-Villecerf;1.2;-0.46
10146;Fay-lès-Marcilly;2.7;-0.39
10147;Fays-la-Chapelle;0;-1.7
10148;Ferreux-Quincey;3.5;1.52
10149;Feuges;0.7;0.1
10150;Fontaine;0;-0.79
10151;Fontaine-les-Grès;0.8;0.55
10153;Fontaine-Mâcon;3.6;-1.26
10154;Fontenay-de-Bossery;0;-0.7
10155;Fontette;0;-1.91
10156;Fontvannes;0.7;-0.16
10157;La Fosse-Corduan;2.4;-0.08
10158;Fouchères;0.8;-0.61
10159;Fralignes;0;1.27
10160;Fravaux;0;-6.53
10161;Fresnay;0;1.77
10162;Fresnoy-le-Château;1.8;0.66
10163;Fuligny;16.7;-2.99
10164;Gélannes;3.8;-0.81
10165;Géraudot;0;0.1
10166;Les Grandes-Chapelles;0;0.3
10167;Grandville;0;-1.8
10168;Les Granges;0;1.08
10169;Gumery;5.9;-1.71
10170;Gyé-sur-Seine;0.5;-1.07
10171;Hampigny;1.1;-1.58
10172;Herbisse;0;-2.16
10173;Isle-Aumont;0.9;0.34
10174;Isle-Aubigny;1.6;-1.21
10175;Jasseines;0;-1.76
10176;Jaucourt;0;-2.78
10177;Javernant;0;0.75
10178;Jessains;1;-1.44
10179;Jeugny;0.9;-1.28
10180;Joncreuil;0;1.08
10181;Jully-sur-Sarce;1.1;-1.97
10182;Juvancourt;0;-1.88
10183;Juvanzé;0;0.48
10184;Juzanvigny;0;0.39
10185;Lagesse;1.2;0.4
10186;Laines-aux-Bois;0;0.32
10187;Landreville;0.4;-2.99
10188;Lantages;0;-1.96
10189;Lassicourt;0;-3.09
10190;Laubressel;1.5;0.67
10191;Lavau;2.5;0.09
10192;Lentilles;0;0.26
10193;Lesmont;1.8;-0.38
10194;Lévigny;2.2;-1.06
10195;Lhuître;0;-1.52
10196;Lignières;3.8;0.61
10197;Lignol-le-Château;1.2;-3.65
10198;Lirey;0;1.37
10199;Loches-sur-Ource;0.6;-0.33
10200;La Loge-aux-Chèvres;1.9;1.69
10201;La Loge-Pomblin;5;-2.38
10202;Les Loges-Margueron;0;1.39
10203;Longchamp-sur-Aujon;0;-2.34
10204;Longeville-sur-Mogne;0;-1.6
10205;Longpré-le-Sec;0;-3.03
10206;Longsols;0;1.05
10207;Longueville-sur-Aube;0;1.17
10208;La Louptière-Thénard;2.3;0.51
10209;Lusigny-sur-Barse;1.3;1.02
10210;Luyères;0.5;0.33
10211;Macey;0.6;0.48
10212;Machy;10.6;-0.75
10213;Magnant;0;-0.1
10214;Magnicourt;0;1.44
10215;Magny-Fouchard;0;-0.56
10216;Mailly-le-Camp;11.1;4.49
10217;Maison-des-Champs;0;0.99
10218;Maisons-lès-Chaource;1.4;1.29
10219;Maisons-lès-Soulaines;0;1.08
10220;Maizières-la-Grande-Paroisse;2.7;0.2
10221;Maizières-lès-Brienne;0;-0.61
10222;Maraye-en-Othe;0;-1.33
10223;Marcilly-le-Hayer;2.7;-0.16
10224;Marigny-le-Châtel;2.7;0.13
10225;Marnay-sur-Seine;7.9;0.8
10226;Marolles-lès-Bailly;0;2.58
10227;Marolles-sous-Lignières;3.3;1.5
10228;Mathaux;0;0.98
10229;Maupas;0;-1.29
10230;Mergey;0;-0.81
10231;Le Mériot;6.5;0.27
10232;Merrey-sur-Arce;0.6;0
10233;Méry-sur-Seine;1.6;-0.87
10234;Mesgrigny;1.8;-2.41
10235;Mesnil-la-Comtesse;0;4.1
10236;Mesnil-Lettre;0;0
10237;Mesnil-Saint-Loup;0.9;-0.62
10238;Mesnil-Saint-Père;1.1;-1.51
10239;Mesnil-Sellières;0.7;-0.46
10240;Messon;1.7;0.04
10241;Metz-Robert;0;-1.44
10242;Meurville;2.8;-2.46
10243;Molins-sur-Aube;0;-0.63
10245;Montaulin;0.3;0.18
10246;Montceaux-lès-Vaudes;2.7;-0.4
10247;Montfey;2;-3.11
10248;Montgueux;0.6;-0.67
10249;Montiéramey;3.2;0.04
10250;Montier-en-l'Isle;1.1;-1.59
10251;Montigny-les-Monts;0.9;0
10252;Montmartin-le-Haut;0;4.55
10253;Montmorency-Beaufort;0;0.97
10254;Montpothier;2;-0.3
10255;Montreuil-sur-Barse;0;-0.67
10256;Montsuzain;3.9;-0.54
10257;Morembert;0;-1.63
10258;Morvilliers;0;-2.22
10259;La Motte-Tilly;9.5;-0.58
10260;Moussey;1.2;0.64
10261;Mussy-sur-Seine;3.2;-1.46
10262;Neuville-sur-Seine;3.4;-2.58
10263;Neuville-sur-Vanne;2.1;1.9
10264;Noé-les-Mallets;0;-1.8
10265;Les Noës-près-Troyes;10.7;0.02
10266;Nogent-en-Othe;5.9;-0.74
10267;Nogent-sur-Aube;0.7;-0.83
10268;Nogent-sur-Seine;8.6;-0.86
10269;Nozay;0;1.11
10270;Onjon;0.8;0.66
10271;Origny-le-Sec;1.3;-0.19
10272;Ormes;0;-1.77
10273;Ortillon;0;-1.44
10274;Orvilliers-Saint-Julien;2.7;-0.21
10275;Ossey-les-Trois-Maisons;4.2;-0.03
10276;Paisy-Cosdon;0.8;-0.3
10278;Pargues;1.6;0.85
10279;Pars-lès-Chavanges;0;-5.5
10280;Pars-lès-Romilly;5.4;0.02
10281;Le Pavillon-Sainte-Julie;0;-0.93
10282;Payns;1.3;0.35
10283;Pel-et-Der;0;-1.01
10284;Périgny-la-Rose;2;2.75
10285;Perthes-lès-Brienne;0;-4.1
10286;Petit-Mesnil;1.3;-1.49
10287;Piney;0.7;-1.09
10288;Plaines-Saint-Lange;1.8;0.13
10289;Plancy-l'Abbaye;2;-0.27
10290;Planty;2.3;-0.57
10291;Plessis-Barbuise;2.5;-1.14
10293;Poivres;1.8;0.22
10294;Poligny;0;-1.88
10295;Polisot;0;-0.21
10296;Polisy;2.4;-1.53
10297;Pont-Sainte-Marie;7.7;0.43
10298;Pont-sur-Seine;6.3;-0.64
10299;Pouan-les-Vallées;0;-1.45
10300;Pougy;0.8;-1.54
10301;Pouy-sur-Vannes;3;3.41
10302;Praslin;0;0.95
10303;Précy-Notre-Dame;0;-3.07
10304;Précy-Saint-Martin;0;-0.81
10305;Prémierfait;0;0
10306;Proverville;0;-1.15
10307;Prugny;1.9;-0.54
10308;Prunay-Belleville;0.9;-0.52
10309;Prusy;0;-1.44
10310;Puits-et-Nuisement;3.2;-0.81
10312;Racines;0;0.97
10313;Radonvilliers;0.8;-2.44
10314;Ramerupt;0.7;0.49
10315;Rances;0;0.74
10316;Rhèges;0;-2.22
10317;Les Riceys;0.4;-0.92
10318;Rigny-la-Nonneuse;2.9;-1.21
10319;Rigny-le-Ferron;2.6;-2.11
10320;Rilly-Sainte-Syre;0;-0.07
10321;La Rivière-de-Corps;2.5;2.08
10323;Romilly-sur-Seine;11.5;0.33
10324;Roncenay;0;1.23
10325;Rosières-près-Troyes;2.7;3.04
10326;Rosnay-l'Hôpital;1.5;-3.41
10327;La Rothière;0;2.31
10328;Rouilly-Sacey;0.6;0.09
10329;Rouilly-Saint-Loup;0.4;0.6
10330;Rouvres-les-Vignes;0;1.22
10331;Rumilly-lès-Vaudes;0.4;1.61
10332;Ruvigny;1.4;0.3
10333;Saint-André-les-Vergers;6.4;0.78
10334;Saint-Aubin;0.8;0.11
10335;Saint-Benoist-sur-Vanne;7.1;-0.43
10336;Saint-Benoît-sur-Seine;2.6;0.88
10337;Saint-Christophe-Dodinicourt;0;-1.01
10338;Saint-Étienne-sous-Barbuise;0;1.4
10339;Saint-Flavy;0.7;1.17
10340;Saint-Germain;2.1;0.6
10341;Saint-Hilaire-sous-Romilly;8.8;-0.15
10342;Saint-Jean-de-Bonneval;0;0.51
10343;Saint-Julien-les-Villas;6.3;-0.17
10344;Saint-Léger-près-Troyes;3.2;0.86
10345;Saint-Léger-sous-Brienne;1.3;-0.04
10346;Saint-Léger-sous-Margerie;0;-2.36
10347;Saint-Loup-de-Buffigny;1.2;-0.08
10348;Saint-Lupien;8.9;-0.57
10349;Saint-Lyé;1;-0.42
10350;Saint-Mards-en-Othe;1.2;-0.05
10351;Saint-Martin-de-Bossenay;2.9;-0.74
10352;Sainte-Maure;0.9;1.7
10353;Saint-Mesmin;1.1;1.65
10354;Saint-Nabord-sur-Aube;0;0.12
10355;Saint-Nicolas-la-Chapelle;4.7;2.95
10356;Saint-Oulph;1.4;2.51
10357;Saint-Parres-aux-Tertres;5.5;0.52
10358;Saint-Parres-lès-Vaudes;1.2;1.11
10359;Saint-Phal;0.9;-0.26
10360;Saint-Pouange;1.2;1.66
10361;Saint-Remy-sous-Barbuise;0;1.67
10362;Sainte-Savine;5.9;0.25
10363;Saint-Thibault;0;0.03
10364;Saint-Usage;0;-1.81
10365;Salon;0;0.8
10366;Saulcy;0;-2.23
10367;La Saulsotte;8.7;-0.41
10368;Savières;0.8;1.08
10369;Semoine;2.4;1.36
10370;Soligny-les-Étangs;3.7;1.35
10371;Sommeval;0;-0.75
10372;Soulaines-Dhuys;1.3;0.16
10373;Souligny;2.3;-1.51
10374;Spoy;1.4;-2.68
10375;Thennelières;1.9;-0.25
10376;Thieffrain;1.2;0.22
10377;Thil;0;-2.45
10378;Thors;0;-1.18
10379;Torcy-le-Grand;0.6;-0.15
10380;Torcy-le-Petit;0;-1.94
10381;Torvilliers;0.6;1.26
10382;Traînel;4.4;-0.14
10383;Trancault;2.5;-0.27
10384;Trannes;1.2;-3.49
10386;Trouans;0;-2.2
10387;Troyes;11.4;0.49
10388;Turgy;6.7;-0.37
10389;Unienville;0;-2.92
10390;Urville;0;-3.47
10391;Vailly;0;1.06
10392;Vallant-Saint-Georges;1.3;1.74
10393;Vallentigny;0;0.09
10394;Vallières;1.7;2.7
10395;Vanlay;1;-1.17
10396;Vauchassis;0;-0.2
10397;Vauchonvilliers;1.4;1.32
10398;Vaucogne;3.2;-0.69
10399;Vaudes;0.6;-0.28
10400;Vaupoisson;0;0.53
10401;Vendeuvre-sur-Barse;1.9;-0.56
10402;La Vendue-Mignot;0;-0.74
10403;Vernonvilliers;0;-1.39
10404;Verpillières-sur-Ource;0;-0.3
10405;Verricourt;0;2.09
10406;Verrières;1.7;0.06
10408;Viâpres-le-Petit;0;0.81
10409;Villacerf;1.8;0.45
10410;Villadin;2.7;-1.5
10411;La Ville-aux-Bois;0;0.61
10412;Villechétif;1;0.36
10414;Villeloup;0;1.21
10416;Villemereuil;0;-0.28
10417;Villemoiron-en-Othe;2.3;0.16
10418;Villemorien;0;-0.4
10419;Villemoyenne;0.6;-0.97
10420;Villenauxe-la-Grande;4.5;-0.75
10421;La Villeneuve-au-Châtelot;9;0.34
10422;Villeneuve-au-Chemin;1.3;0.88
10423;La Villeneuve-au-Chêne;1.2;-0.96
10424;Villeret;0;0
10425;Villery;0;-0.55
10426;Ville-sous-la-Ferté;0.9;-2.7
10427;Ville-sur-Arce;1.1;-0.95
10428;Ville-sur-Terre;0;-1.47
10429;Villette-sur-Aube;0;-0.58
10430;Villiers-Herbisse;0;-0.98
10431;Villiers-le-Bois;2.8;2.2
10432;Villiers-sous-Praslin;0;-0.72
10433;Villy-en-Trodes;2.1;1.13
10434;Villy-le-Bois;0;0.59
10435;Villy-le-Maréchal;0;0.26
10436;Vinets;0;1.5
10437;Virey-sous-Bar;3.3;-1.03
10438;Vitry-le-Croisé;1;-1.14
10439;Viviers-sur-Artaut;0;-0.68
10440;Voigny;0;-2.49
10441;Vosnon;0;0.43
10442;Voué;0.9;0.51
10443;Vougrey;0;-2.93
10444;Vulaines;3.3;0.07
10445;Yèvres-le-Petit;0;-1.47
11001;Aigues-Vives;0.9;-1.28
11002;Airoux;4.2;2.71
11003;Ajac;1.3;0.87
11004;Alaigne;3.5;0.25
11005;Alairac;1.2;0.81
11006;Albas;0;0.43
11007;Albières;7.5;-0.73
11008;Alet-les-Bains;4.5;-1.52
11009;Alzonne;2;0.56
11010;Antugnac;0;1.25
11011;Aragon;2.5;1.51
11012;Argeliers;2.1;0.13
11013;Argens-Minervois;0;1.35
11014;Armissan;3;-0.57
11015;Arques;0;0.33
11016;Arquettes-en-Val;0;0
11017;Artigues;4;0
11018;Arzens;0.8;-0.67
11019;Aunat;0;-1.05
11020;Auriac;11.1;-3.94
11021;Axat;0;-2.26
11022;Azille;1.6;-0.51
11023;Badens;1.5;-1.5
11024;Bages;5.2;-1.75
11025;Bagnoles;1.5;0.27
11026;Baraigne;4.9;-0.79
11027;Barbaira;1.7;1.12
11028;Belcaire;0;-1.04
11029;Belcastel-et-Buc;0;0.57
11030;Belflou;3.4;-1.56
11031;Belfort-sur-Rebenty;14.3;-3.65
11032;Bellegarde-du-Razès;1.4;1.24
11033;Belpech;0.7;0.86
11034;Belvèze-du-Razès;0.7;-0.62
11035;Belvianes-et-Cavirac;2.6;-0.38
11036;Belvis;3.4;0.52
11037;Berriac;1.7;0.77
11038;Bessède-de-Sault;6.7;1.54
11039;La Bezole;0;1.89
11040;Bizanet;2.3;1.08
11041;Bize-Minervois;0.7;1.68
11042;Blomac;3.4;2.12
11043;Bouilhonnac;0;-0.8
11044;Bouisse;0;1.36
11045;Bouriège;0;3.9
11046;Bourigeole;4.8;1.27
11047;Le Bousquet;7.1;0.38
11048;Boutenac;0;0.58
11049;Bram;3.6;0.27
11051;Brézilhac;1.3;0.29
11052;Brousses-et-Villaret;2.2;0.43
11053;Brugairolles;1.6;1.95
11054;Les Brunels;0.9;-0.31
11055;Bugarach;0;1.3
11056;Cabrespine;10.9;0.47
11057;Cahuzac;8.3;-2.06
11058;Cailhau;0;-1.15
11059;Cailhavel;0;2.68
11060;Cailla;6.7;1.7
11061;Cambieure;1.7;0.69
11062;Campagna-de-Sault;0;0.91
11063;Campagne-sur-Aude;1.7;1.13
11064;Camplong-d'Aude;0.7;1.22
11065;Camps-sur-l'Agly;0;1.14
11066;Camurac;0;1.12
11067;Canet;2.3;1.03
11068;Capendu;8;-0.34
11069;Carcassonne;4.6;0.19
11070;Carlipa;0.7;0.05
11071;Cascastel-des-Corbières;1;-0.6
11072;La Cassaigne;1;0.45
11073;Cassaignes;0;2.13
11074;Les Cassés;0.7;1.44
11075;Castans;2.5;0.26
11076;Castelnaudary;4.3;1.43
11077;Castelnau-d'Aude;0.5;0.17
11078;Castelreng;0;0.49
11079;Caudebronde;0;2.65
11080;Val de Lambronne;2.9;-2.17
11081;Caunes-Minervois;1.5;-0.87
11082;Caunette-sur-Lauquet;0;18.36
11083;Caunettes-en-Val;0;3.33
11084;Caux-et-Sauzens;1;0.92
11085;Cavanac;1.7;1.82
11086;Caves;3.7;0.4
11087;Cazalrenoux;0;2.3
11088;Cazilhac;0.8;-0.09
11089;Cenne-Monestiés;7.5;0.5
11090;Cépie;2.3;-1.52
11091;Chalabre;1.9;0.01
11092;Citou;0;1.6
11093;Le Clat;0;-2.7
11094;Clermont-sur-Lauquet;0;2.41
11095;Comigne;1.4;1.05
11096;Comus;0;-4.32
11098;Conilhac-Corbières;1.7;0.57
11099;Conques-sur-Orbiel;1.1;0.35
11100;Corbières;0;4.28
11101;Coudons;0;0
11102;Couffoulens;2.6;-1.8
11103;Couiza;3.6;0.01
11104;Counozouls;7.7;2.96
11105;Cournanel;0;-0.97
11106;Coursan;2.4;-0.21
11107;Courtauly;0;1.62
11108;La Courtète;7.1;1.85
11109;Coustaussa;0;-0.33
11110;Coustouge;2.8;-1.11
11111;Cruscades;1.6;0.78
11112;Cubières-sur-Cinoble;0;-3.77
11113;Cucugnan;0;-0.67
11114;Cumiès;0;3.01
11115;Cuxac-Cabardès;1.6;0.79
11116;Cuxac-d'Aude;3.1;0.28
11117;Davejean;0;3.88
11118;Dernacueillette;11.1;0.38
11119;La Digne-d'Amont;0.9;0.29
11120;La Digne-d'Aval;0.9;-0.53
11121;Donazac;0;0.61
11122;Douzens;1.6;1.23
11123;Duilhac-sous-Peyrepertuse;2.3;-0.23
11124;Durban-Corbières;0.5;-0.05
11125;Embres-et-Castelmaure;1.8;0.65
11126;Escales;3;1.41
11127;Escouloubre;0;-1.16
11128;Escueillens-et-Saint-Just-de-Bélengard;1.3;-1.17
11129;Espéraza;2.6;-2.17
11130;Espezel;0;3.01
11131;Val-du-Faby;3.3;0.23
11132;Fabrezan;1.5;-0.7
11133;Fajac-en-Val;0;5.49
11134;Fajac-la-Relenque;5;0.33
11135;La Fajolle;0;4.47
11136;Fanjeaux;1.5;1.07
11137;Félines-Termenès;0;2.91
11138;Fendeille;2.8;1.89
11139;Fenouillet-du-Razès;0;-2.6
11140;Ferrals-les-Corbières;1.2;1.18
11141;Ferran;2.1;3.72
11142;Festes-et-Saint-André;9.2;-1.76
11143;Feuilla;0;0.48
11144;Fitou;1.4;1.4
11145;Fleury;1.7;0.86
11146;Floure;2.5;0.89
11147;Fontanès-de-Sault;0;0
11148;Fontcouverte;0.5;0.84
11149;Fonters-du-Razès;3.7;-0.66
11150;Fontiers-Cabardès;1;0.62
11151;Fontiès-d'Aude;0.9;2.99
11152;Fontjoncouse;0;0.99
11153;La Force;0;2.91
11154;Fournes-Cabardès;0;0
11155;Fourtou;0;1.58
11156;Fraisse-Cabardès;2.9;0.16
11157;Fraissé-des-Corbières;2.4;-0.52
11158;Gaja-et-Villedieu;0;0.95
11159;Gaja-la-Selve;0;-1.29
11160;Galinagues;0;0
11161;Gardie;2;1.36
11162;Generville;0;-2.94
11163;Gincla;22.2;-0.35
11164;Ginestas;0.9;1.9
11165;Ginoles;0;-0.6
11166;Gourvieille;2.7;-0.93
11167;Gramazie;0;1.65
11168;Granès;0;2.85
11169;Greffeil;0;3.84
11170;Gruissan;2.7;0.19
11172;Homps;1.3;0.53
11173;Hounoux;2;-0.61
11174;Les Ilhes;6.7;2.37
11175;Issel;2.3;-0.27
11176;Jonquières;5.3;-4.06
11177;Joucou;25;-2.54
11178;Labastide-d'Anjou;2.6;-1.12
11179;Labastide-en-Val;3.6;-0.73
11180;Labastide-Esparbairenque;0;-4.16
11181;Labécède-Lauragais;1.7;0.08
11182;Lacombe;0;1.43
11183;Ladern-sur-Lauquet;1;-0.63
11184;Lafage;0;2.66
11185;Lagrasse;4.5;0.06
11186;Lairière;0;0.66
11187;Lanet;0;2.8
11188;La Palme;3.2;1.66
11189;Laprade;0;4.91
11190;La Redorte;0.5;2.08
11191;Laroque-de-Fa;0;-0.92
11192;Lasbordes;2.4;0.66
11193;Lasserre-de-Prouille;0.9;1.45
11194;Lastours;0;-1.29
11195;Laurabuc;3.7;0.04
11196;Laurac;7.4;0.76
11197;Lauraguel;1.3;0.16
11198;Laure-Minervois;3.2;-0.69
11199;Lavalette;2.3;0.76
11200;Lespinassière;0;0.37
11201;Leuc;0.6;-0.24
11202;Leucate;6.8;0.72
11203;Lézignan-Corbières;2.5;-0.72
11204;Lignairolles;0;-3.46
11205;Limousis;0;-0.53
11206;Limoux;2.4;0.39
11207;Loupia;2;0.81
11208;La Louvière-Lauragais;0;0.64
11209;Luc-sur-Aude;0;1.09
11210;Luc-sur-Orbieu;0.7;0.28
11211;Magrie;1.5;0.34
11212;Mailhac;0.4;0.76
11213;Maisons;7.2;2.44
11214;Malras;1;2.18
11215;Malves-en-Minervois;0.3;0.58
11216;Malviès;2.4;-0.45
11217;Marcorignan;1.9;0.45
11218;Marquein;2.7;-0.21
11219;Marsa;0;1.6
11220;Marseillette;1.5;-0.3
11221;Les Martys;0;1.19
11222;Mas-Cabardès;6;-1.46
11223;Mas-des-Cours;0;-2.02
11224;Massac;0;-1.14
11225;Mas-Saintes-Puelles;1.8;0.38
11226;Mayreville;0;2.54
11227;Mayronnes;0;4.91
11228;Mazerolles-du-Razès;1.6;-0.94
11229;Mazuby;0;-1.38
11230;Mérial;0;-0.55
11231;Mézerville;0;0.35
11232;Miraval-Cabardès;0;4.19
11233;Mirepeisset;1.7;-0.42
11234;Mireval-Lauragais;0;2.86
11235;Missègre;0;-0.26
11236;Molandier;2.1;0.96
11238;Molleville;7.9;1.55
11239;Montauriol;0;-0.58
11240;Montazels;2.2;-0.96
11241;Montbrun-des-Corbières;4.8;1.72
11242;Montclar;0;0.77
11243;Montferrand;6.3;2.9
11244;Montfort-sur-Boulzane;7.4;1.39
11245;Montgaillard;6.3;-3.21
11246;Montgradail;4.3;-0.66
11247;Monthaut;0;-0.87
11248;Montirat;0;-2.29
11249;Montjardin;6.5;-1.76
11250;Montjoi;0;0.86
11251;Val-de-Dagne;1.8;0.11
11252;Montmaur;1.8;2.1
11253;Montolieu;4;-0.51
11254;Montréal;2.4;1.82
11255;Montredon-des-Corbières;1.9;0.09
11256;Montséret;3.1;1.12
11257;Monze;1;1.07
11258;Moussan;2;1.66
11259;Moussoulens;0.7;-0.59
11260;Mouthoumet;0;1.05
11261;Moux;0.7;0.4
11262;Narbonne;5.7;0.94
11263;Nébias;1.5;1.15
11264;Névian;2.8;-0.09
11265;Niort-de-Sault;0;4.91
11266;Port-la-Nouvelle;3.3;0.82
11267;Ornaisons;2;-1.59
11268;Orsans;7.5;-0.51
11269;Ouveillan;1.9;1.74
11270;Padern;2.2;1.74
11271;Palairac;0;1.71
11272;Palaja;0.7;2.51
11273;Paraza;0.9;2.02
11274;Pauligne;1.7;0.56
11275;Payra-sur-l'Hers;0;0.74
11276;Paziols;4.1;-0.13
11277;Pécharic-et-le-Py;0;1.2
11278;Pech-Luna;10.3;0
11279;Pennautier;1.2;2.25
11280;Pépieux;1.6;0.73
11281;Pexiora;1.7;0.39
11282;Peyrefitte-du-Razès;0;2.71
11283;Peyrefitte-sur-l'Hers;3.2;0.22
11284;Peyrens;3.6;-1.45
11285;Peyriac-de-Mer;1.3;1.14
11286;Peyriac-Minervois;1;0.27
11287;Peyrolles;0;0.57
11288;Pezens;0.7;1.2
11289;Pieusse;0.5;-0.57
11290;Plaigne;1.9;0.57
11291;Plavilla;2.9;4.03
11292;La Pomarède;2.7;3.93
11293;Pomas;1.7;1.88
11294;Pomy;4.8;-2.4
11295;Portel-des-Corbières;1.8;-0.69
11296;Pouzols-Minervois;0.5;2.17
11297;Pradelles-Cabardès;1.8;1.65
11299;Preixan;0.8;0.59
11300;Puginier;1.7;-0.11
11301;Puichéric;1.5;0.21
11302;Puilaurens;1.8;0.25
11303;Puivert;0;-1.21
11304;Quillan;1.9;-1.56
11305;Quintillan;0;-0.29
11306;Quirbajou;0;0.34
11307;Raissac-d'Aude;2.7;-1.49
11308;Raissac-sur-Lampy;1;0.25
11309;Rennes-le-Château;0;2.06
11310;Rennes-les-Bains;0;-0.07
11311;Ribaute;2.3;-0.92
11312;Ribouisse;2.6;-1.26
11313;Ricaud;1.4;1.61
11314;Rieux-en-Val;0;-0.75
11315;Rieux-Minervois;1;-0.23
11316;Rivel;0;2.05
11317;Rodome;0;-3.81
11318;Roquecourbe-Minervois;1.5;1.64
11319;Roquefère;3.8;-1.76
11320;Roquefeuil;0;-0.06
11321;Roquefort-de-Sault;4.2;-0.6
11322;Roquefort-des-Corbières;1.7;-0.32
11323;Roquetaillade-et-Conilhac;0;-0.43
11324;Roubia;1.7;0.1
11325;Rouffiac-d'Aude;1;1.88
11326;Rouffiac-des-Corbières;0;-3.7
11327;Roullens;1.1;3.78
11328;Routier;2.1;-1.03
11330;Rustiques;4;0.2
11331;Saint-Amans;0;-0.53
11332;Saint-André-de-Roquelongue;1.5;-0.06
11333;Saint-Benoît;0;0.63
11334;Sainte-Camelle;3.4;0.69
11335;Sainte-Colombe-sur-Guette;11.1;-2.65
11336;Sainte-Colombe-sur-l'Hers;1.6;0.23
11337;Saint-Couat-d'Aude;0.7;-1.99
11338;Saint-Couat-du-Razès;5;-4.87
11339;Saint-Denis;1;-0.1
11340;Sainte-Eulalie;1.7;1.77
11341;Saint-Ferriol;0;-0.85
11342;Saint-Frichoux;0.9;-1.94
11343;Saint-Gaudéric;0;0.31
11344;Saint-Hilaire;0.8;-1.46
11345;Saint-Jean-de-Barrou;1.4;1.23
11346;Saint-Jean-de-Paracol;2.2;2.23
11347;Saint-Julia-de-Bec;0;-0.82
11348;Saint-Julien-de-Briola;0;-1.2
11350;Saint-Just-et-le-Bézu;0;3.36
11351;Saint-Laurent-de-la-Cabrerisse;0.7;0.42
11352;Saint-Louis-et-Parahou;15.8;-1.49
11353;Saint-Marcel-sur-Aude;1;0.3
11354;Saint-Martin-des-Puits;0;1.16
11355;Saint-Martin-de-Villereglan;0;0.66
11356;Saint-Martin-Lalande;1.7;-0.18
11357;Saint-Martin-le-Vieil;5;-0.83
11358;Saint-Martin-Lys;0;-0.68
11359;Saint-Michel-de-Lanès;5.6;0.74
11360;Saint-Nazaire-d'Aude;0.4;0.74
11361;Saint-Papoul;0.6;0.28
11362;Saint-Paulet;3.8;0.42
11363;Saint-Pierre-des-Champs;1.3;1.85
11364;Saint-Polycarpe;1.8;1.77
11365;Saint-Sernin;0;2.6
11366;Sainte-Valière;1.5;-1.56
11367;Saissac;2.1;-0.38
11368;Sallèles-Cabardès;0;0
11369;Sallèles-d'Aude;1.7;1.27
11370;Salles-d'Aude;1.7;0.14
11371;Salles-sur-l'Hers;0.9;1.23
11372;Salsigne;0.7;-0.34
11373;Salvezines;0;-1.58
11374;Salza;0;7.64
11375;Seignalens;0;-1.58
11376;La Serpent;0;0.91
11377;Serres;0;4.91
11378;Serviès-en-Val;1;-1.08
11379;Sigean;1.9;0.45
11380;Sonnac-sur-l'Hers;0;-0.12
11381;Sougraigne;0;2.12
11382;Souilhanels;1.7;-0.46
11383;Souilhe;1.7;1.27
11384;Soulatgé;2.5;0.13
11385;Soupex;3.3;-1.07
11386;Talairan;2.8;-1.07
11387;Taurize;7.3;-0.62
11388;Termes;0;6.28
11389;Terroles;0;-3.18
11390;Thézan-des-Corbières;1;0.97
11391;La Tourette-Cabardès;20;0.78
11392;Tournissan;3.4;0.48
11393;Tourouzelle;0.6;1.16
11394;Tourreilles;2.1;0.91
11395;Trassanel;0;-3.9
11396;Trausse;1;1.38
11397;Trèbes;2;-0.67
11398;Treilles;3.7;1.12
11399;Tréville;1.9;1.11
11400;Tréziers;5.9;-0.33
11401;Tuchan;1.1;0.34
11402;Valmigère;0;10.29
11404;Ventenac-Cabardès;1.3;-0.07
11405;Ventenac-en-Minervois;0.9;1.31
11406;Véraza;0;0
11407;Verdun-en-Lauragais;2.3;0.77
11408;Verzeille;1.5;-1.29
11409;Vignevieille;0;0.48
11410;Villalier;3.1;-0.88
11411;Villanière;0;1.18
11412;Villardebelle;0;3.03
11413;Villardonnel;2.6;0.33
11414;Villar-en-Val;0;-2.02
11415;Villar-Saint-Anselme;3.4;0.43
11416;Villarzel-Cabardès;0.7;2.49
11417;Villarzel-du-Razès;0;-2.27
11418;Villasavary;3.2;-0.04
11419;Villautou;0;0.78
11420;Villebazy;0;1.5
11421;Villedaigne;2.3;1.99
11422;Villedubert;0;-0.19
11423;Villefloure;3.1;-1.32
11424;Villefort;0;-0.94
11425;Villegailhenc;1.5;-0.08
11426;Villegly;1.6;1.68
11427;Villelongue-d'Aude;0.8;0.43
11428;Villemagne;0;-1.31
11429;Villemoustaussou;2.5;0.17
11430;Villeneuve-la-Comptal;2.5;1.82
11431;Villeneuve-les-Corbières;0;0.54
11432;Villeneuve-lès-Montréal;4.1;2.77
11433;Villeneuve-Minervois;0.6;-0.63
11434;Villepinte;2.1;-0.83
11435;Villerouge-Termenès;1.7;2.21
11436;Villesèque-des-Corbières;3.4;0.13
11437;Villesèquelande;1.5;-0.25
11438;Villesiscle;0.6;-0.67
11439;Villespy;0.7;3.04
11440;Villetritouls;0;-2.26
11441;Vinassan;2.2;0.07
12001;Agen-d'Aveyron;0.2;1.03
12002;Aguessac;0.9;1.07
12003;Les Albres;0.7;-0.05
12004;Almont-les-Junies;0;-1.2
12006;Alrance;0;-1.34
12007;Ambeyrac;1.5;0.47
12008;Anglars-Saint-Félix;0.7;2.15
12009;Arnac-sur-Dourdou;0;3.89
12010;Arques;0;4.46
12011;Arvieu;1.7;-0.43
12012;Asprières;0.3;0.99
12013;Aubin;0.9;-1.44
12015;Auriac-Lagast;0;-0.07
12016;Auzits;0.7;-0.87
12017;Ayssènes;1;0.46
12018;Balaguier-d'Olt;0;2.26
12019;Balaguier-sur-Rance;0;-0.55
12021;Le Bas Ségala;0.5;0.25
12022;La Bastide-Pradines;2.2;2.75
12023;La Bastide-Solages;0;0.31
12024;Belcastel;0;0.09
12025;Belmont-sur-Rance;5.1;0
12026;Bertholène;0.2;0.18
12027;Bessuéjouls;1;0.46
12028;Boisse-Penchot;0;-0.22
12029;Bor-et-Bar;0;0.6
12030;Bouillac;0;-2.64
12031;Bournazel;1.4;-0.8
12032;Boussac;0.4;0.79
12033;Bozouls;0.4;1.02
12034;Brandonnet;0;-1.67
12035;Brasc;0;0.8
12036;Brommat;0.4;-0.18
12037;Broquiès;0;0.08
12038;Brousse-le-Château;3.9;1.05
12039;Brusque;0;-1.58
12041;Cabanès;1;2.12
12042;Calmels-et-le-Viala;0;-2
12043;Calmont;0.4;1.7
12044;Camarès;0.3;0.15
12045;Camboulazet;0;-0.77
12046;Camjac;0.4;0.09
12047;Campagnac;0;-0.6
12048;Campouriez;0;-1.21
12049;Campuac;2.1;0.15
12050;Canet-de-Salars;0;0.72
12051;Cantoin;0;0.49
12052;Capdenac-Gare;0.8;-0.58
12053;La Capelle-Balaguier;0;1.96
12054;La Capelle-Bleys;1.3;-0.64
12055;La Capelle-Bonance;0;0.56
12056;Baraqueville;1.1;0.12
12057;Cassagnes-Bégonhès;0.7;0.76
12058;Cassuéjouls;0;-0.62
12059;Castanet;1.4;0.1
12060;Castelmary;0;0.14
12061;Castelnau-de-Mandailles;0.4;-0.35
12062;Castelnau-Pégayrols;0;0.49
12063;La Cavalerie;0.4;12.75
12064;Le Cayrol;1.9;-0.33
12065;Centrès;0;-0.11
12066;Clairvaux-d'Aveyron;4.4;0.01
12067;Le Clapier;0;1.81
12068;Colombiès;0.3;-0.45
12069;Combret;0;-0.94
12070;Compeyre;1.4;-0.25
12071;Compolibat;0.8;-0.92
12072;Comprégnac;1.9;-2.84
12073;Comps-la-Grand-Ville;0;0.34
12074;Condom-d'Aubrac;0.7;-0.62
12075;Connac;0;-1.26
12077;Cornus;0.9;-0.19
12078;Les Costes-Gozon;1.5;-1.98
12079;Coubisou;0.5;-0.52
12080;Coupiac;0;-1.71
12082;La Couvertoirade;0;1.22
12083;Cransac;2.2;-0.69
12084;Creissels;1.5;-0.35
12085;Crespin;0;0.43
12086;La Cresse;0.7;0.53
12088;Curières;0.9;-0.83
12089;Decazeville;2;-1.05
12090;Druelle Balsac;0.5;0.52
12091;Drulhe;0.5;0.22
12092;Durenque;0;-0.03
12093;Le Fel;1.2;1.46
12094;Entraygues-sur-Truyère;1.1;-0.79
12095;Escandolières;0;-0.66
12096;Espalion;0.8;0.31
12097;Espeyrac;1;0.48
12098;Estaing;2.6;1.09
12099;Fayet;0;-1.91
12100;Firmi;1.1;-0.55
12101;Flagnac;1.2;0.33
12102;Flavin;0.1;0.48
12103;Florentin-la-Capelle;0;0.12
12104;Foissac;1;0.18
12105;La Fouillade;1;0.82
12106;Gabriac;0.4;1.74
12107;Gaillac-d'Aveyron;0.6;1.28
12108;Galgan;0.7;0.05
12109;Gissac;2.1;-1.48
12110;Golinhac;0;1.27
12111;Goutrens;0.8;-1.27
12113;Gramond;1.8;1.6
12115;L'Hospitalet-du-Larzac;0.7;3.49
12116;Huparlac;0;-0.26
12118;Lacroix-Barrez;2.2;0.94
12119;Laguiole;0.5;-0.33
12120;Laissac-Sévérac l'Église;0.6;0.36
12121;Lanuéjouls;0.3;0.7
12122;Lapanouse-de-Cernon;2;0
12124;Lassouts;0;1.49
12125;Laval-Roquecezière;1.9;1.18
12127;Lédergues;0.4;-0.08
12128;Lescure-Jaoul;1.3;-0.8
12129;Lestrade-et-Thouels;0.6;-1.6
12130;Livinhac-le-Haut;0.2;-0.68
12131;La Loubière;0.5;0.59
12133;Luc-la-Primaube;1.5;0.33
12134;Lugan;0;1.06
12135;Lunac;0;0.15
12136;Maleville;1;-0.23
12137;Manhac;0.2;1.28
12138;Marcillac-Vallon;1;0.25
12139;Marnhagues-et-Latour;0;1.33
12140;Martiel;0.9;-0.56
12141;Martrin;1;0.29
12142;Mayran;0.3;-0.53
12143;Mélagues;0;-1.14
12144;Meljac;0;0.12
12145;Millau;1.9;-0.26
12146;Le Monastère;1.6;0.49
12147;Montagnol;0;2.2
12148;Montbazens;0.6;0.6
12149;Montclar;0;-2.7
12150;Monteils;1.6;-2.29
12151;Montézic;1;-0.44
12152;Montfranc;0;0.66
12153;Montjaux;0;1.66
12154;Montlaur;0;0.83
12155;Fondamente;3.7;0.56
12156;Montpeyroux;0.8;-0.84
12157;Montrozier;0.4;1.5
12158;Montsalès;0;-0.1
12159;Morlhon-le-Haut;0;-0.18
12160;Mostuéjouls;0.8;0.78
12161;Mouret;0;0.67
12162;Moyrazès;0;-0.72
12163;Murasson;0;2.28
12164;Mur-de-Barrez;1.3;-2.31
12165;Muret-le-Château;0;0.89
12166;Murols;2.4;-1.4
12167;Najac;2.9;0.89
12168;Nant;0.6;0.55
12169;Naucelle;1.6;0.17
12170;Naussac;0.6;1.89
12171;Nauviale;0.5;1.77
12172;Le Nayrac;0;0.91
12174;Olemps;5.6;0.73
12175;Ols-et-Rinhodes;0;0
12176;Onet-le-Château;3.4;0.12
12177;Palmas d'Aveyron;0.2;0
12178;Paulhe;3.7;-1.39
12179;Peux-et-Couffouleux;0;-0.38
12180;Peyreleau;3.7;-0.69
12181;Peyrusse-le-Roc;0;-2.42
12182;Pierrefiche;0;1.31
12183;Plaisance;1.3;-0.15
12184;Pomayrols;0;-0.55
12185;Pont-de-Salars;1;-0.26
12186;Pousthomy;2.9;0
12187;Prades-d'Aubrac;2;-4.08
12188;Prades-Salars;0.6;0.59
12189;Pradinas;0;-0.18
12190;Prévinquières;0.9;-1.76
12191;Privezac;1.8;0.5
12192;Mounes-Prohencoux;0;0.8
12193;Pruines;0;-0.9
12194;Quins;0.5;0.89
12195;Rebourguil;0.7;0.23
12197;Réquista;0.1;-0.56
12198;Rieupeyroux;0.6;-0.54
12199;Rignac;0.4;0.88
12200;Rivière-sur-Tarn;0.6;-0.08
12201;Rodelle;0.3;0.34
12202;Rodez;7.4;0.28
12203;Roquefort-sur-Soulzon;2.5;-2.15
12204;La Roque-Sainte-Marguerite;0;-0.64
12205;La Rouquette;0;-0.09
12206;Roussennac;0;-0.13
12207;Rullac-Saint-Cirq;1.5;-0.24
12208;Saint-Affrique;2.7;-0.46
12209;Saint-Amans-des-Cots;1.2;-0.58
12210;Saint-André-de-Najac;2.5;1.02
12211;Saint-André-de-Vézines;0;-0.25
12212;Saint-Beaulize;0;1.04
12213;Saint-Beauzély;0.8;-0.26
12214;Saint-Chély-d'Aubrac;1.6;-0.66
12215;Saint-Christophe-Vallon;0;0.63
12216;Saint-Côme-d'Olt;0.8;1.25
12217;Sainte-Croix;0.3;0.18
12218;Conques-en-Rouergue;0.6;-1.19
12219;Sainte-Eulalie-d'Olt;0;-0.22
12220;Sainte-Eulalie-de-Cernon;3;1.94
12221;Saint-Félix-de-Lunel;0;1.18
12222;Saint-Félix-de-Sorgues;3.4;-2.52
12223;Argences en Aubrac;0.3;-0.75
12224;Saint Geniez d'Olt et d'Aubrac;0.7;-0.24
12225;Saint-Georges-de-Luzençon;1.3;-0.38
12226;Saint-Hippolyte;1.4;-0.65
12227;Saint-Igest;0;-1.32
12228;Saint-Izaire;0;0.7
12229;Saint-Jean-d'Alcapiès;0.9;-2.34
12230;Saint-Jean-Delnous;0.7;-1.8
12231;Saint-Jean-du-Bruel;1.4;-0.52
12232;Saint-Jean-et-Saint-Paul;0;0.42
12233;Saint-Juéry;1.4;-0.48
12234;Sainte-Juliette-sur-Viaur;0;1.18
12235;Saint-Just-sur-Viaur;1.1;-0.08
12236;Saint-Laurent-de-Lévézou;0;0.32
12237;Saint-Laurent-d'Olt;0.9;-0.26
12238;Saint-Léons;0;1.18
12239;Saint-Martin-de-Lenne;0.8;2.09
12240;Saint-Parthem;1.9;-0.08
12241;Sainte-Radegonde;1.2;0.08
12242;Saint-Rémy;1.5;-1
12243;Saint-Rome-de-Cernon;2.7;1.19
12244;Saint-Rome-de-Tarn;1.1;0.51
12246;Saint-Santin;0;-1.32
12247;Saint-Saturnin-de-Lenne;0.7;1.23
12248;Saint-Sernin-sur-Rance;1.5;-1.15
12249;Saint-Sever-du-Moustier;1.4;-1.98
12250;Saint-Symphorien-de-Thénières;0;0.46
12251;Saint-Victor-et-Melvieu;0.8;-2.79
12252;Salles-Courbatiès;0.5;2.7
12253;Salles-Curan;0;-0.32
12254;Salles-la-Source;0.5;0.84
12255;Salmiech;0.3;-0.02
12256;Salvagnac-Cajarc;0.7;-0.89
12257;Causse-et-Diège;1.4;0.97
12258;La Salvetat-Peyralès;1.1;0.47
12259;Sanvensa;0.8;-0.38
12260;Sauclières;0;2.28
12261;Saujac;0;-0.26
12262;Sauveterre-de-Rouergue;1.7;-2.15
12263;Savignac;0.3;0.89
12264;Sébazac-Concourès;2.2;0.16
12265;Sébrazac;2.3;0.87
12266;Ségur;0;-0.81
12267;La Selve;0.5;-1.23
12268;Sénergues;6.7;0.12
12269;La Serre;0;1.38
12270;Sévérac d'Aveyron;1.2;-0.23
12272;Sonnac;0;0.23
12273;Soulages-Bonneval;0;0.34
12274;Sylvanès;0;1.04
12275;Tauriac-de-Camarès;10;-4.1
12276;Tauriac-de-Naucelle;0.6;0.75
12277;Taussac;0.5;-0.07
12278;Tayrac;1.6;1.69
12280;Thérondels;0;-2.11
12281;Toulonjac;1.5;0.07
12282;Tournemire;1.3;-0.16
12283;Trémouilles;0;-1.09
12284;Le Truel;0;0.14
12286;Vabres-l'Abbaye;1.4;0.26
12287;Vailhourles;0.4;0.36
12288;Valady;0.3;1.16
12289;Valzergues;1;-1.1
12290;Vaureilles;0;-0.7
12291;Verrières;0;-3.54
12292;Versols-et-Lapeyre;1.5;-0.43
12293;Veyreau;2.2;-1.35
12294;Vézins-de-Lévézou;0.7;-0.13
12295;Viala-du-Pas-de-Jaux;9.4;-1.78
12296;Viala-du-Tarn;3.2;1.64
12297;Le Vibal;0.4;0.58
12298;Villecomtal;0.6;1.1
12299;Villefranche-de-Panat;0.4;-0.93
12300;Villefranche-de-Rouergue;1.6;-0.56
12301;Villeneuve;0.9;-0.32
12303;Vimenet;1.8;0.34
12305;Viviez;0.5;-0.84
12307;Curan;0;-0.33
13001;Aix-en-Provence;16.4;0.57
13002;Allauch;8.2;0.14
13003;Alleins;3.6;1.98
13004;Arles;5.4;-0.54
13005;Aubagne;13.4;0.88
13006;Aureille;1.8;0
13007;Auriol;4.7;2.17
13008;Aurons;6;0.52
13009;La Barben;1.9;-0.02
13010;Barbentane;2.6;0.54
13011;Les Baux-de-Provence;5.1;-5.2
13012;Beaurecueil;4.8;0.48
13013;Belcodène;4.3;0.66
13014;Berre-l'Étang;4;0.56
13015;Bouc-Bel-Air;6.5;1
13016;La Bouilladisse;3.9;0.83
13017;Boulbon;2.3;0.4
13018;Cabannes;1.3;0.51
13019;Cabriès;4.5;0.73
13020;Cadolive;2.9;0.46
13021;Carry-le-Rouet;5.2;-0.5
13022;Cassis;7;-1.09
13023;Ceyreste;4.9;1.1
13024;Charleval;2;-0.5
13025;Châteauneuf-le-Rouge;5.9;1.26
13026;Châteauneuf-les-Martigues;3.3;1.96
13027;Châteaurenard;1.9;1.28
13028;La Ciotat;7.6;1.03
13029;Cornillon-Confoux;4.8;2.8
13030;Cuges-les-Pins;5.6;2.79
13031;La Destrousse;3.4;2.63
13032;Éguilles;5.2;1.22
13033;Ensuès-la-Redonne;3.4;0.93
13034;Eygalières;0.7;-1.36
13035;Eyguières;3.2;-0.47
13036;Eyragues;1.4;-0.56
13037;La Fare-les-Oliviers;2.9;1.3
13038;Fontvieille;1.9;-0.27
13039;Fos-sur-Mer;2;0.09
13040;Fuveau;2.9;0.44
13041;Gardanne;4.8;0.9
13042;Gémenos;6.7;0.58
13043;Gignac-la-Nerthe;3.2;1.74
13044;Grans;3.4;1.54
13045;Graveson;2;-0.45
13046;Gréasque;2.8;0.97
13047;Istres;4.5;0.43
13048;Jouques;6.1;0.28
13049;Lamanon;3.8;0.4
13050;Lambesc;5.5;0.5
13051;Lançon-Provence;3.3;1.35
13052;Maillane;0.9;1.51
13053;Mallemort;3.5;0.67
13054;Marignane;4.6;-0.25
13055;Marseille;27.3;0.29
13056;Martigues;6.4;0.01
13057;Mas-Blanc-des-Alpilles;1.7;0.67
13058;Maussane-les-Alpilles;1.5;1.03
13059;Meyrargues;5.6;0.3
13060;Meyreuil;3.8;2.27
13061;Saint-Pierre-de-Mézoargues;2;1.62
13062;Mimet;3.5;-1.77
13063;Miramas;6.7;0.09
13064;Mollégès;1.6;0.45
13065;Mouriès;2.8;0.25
13066;Noves;1.5;0.2
13067;Orgon;2.5;-2.17
13068;Paradou;2.4;1.63
13069;Pélissanne;4.6;0.93
13070;La Penne-sur-Huveaune;7.9;0.47
13071;Les Pennes-Mirabeau;3;0.81
13072;Peynier;3.8;1.36
13073;Peypin;3.1;0.52
13074;Peyrolles-en-Provence;5.6;0.89
13075;Plan-de-Cuques;11.5;1.76
13076;Plan-d'Orgon;1.9;0.64
13077;Port-de-Bouc;4.5;-0.55
13078;Port-Saint-Louis-du-Rhône;2.1;-0.02
13079;Puyloubier;5.3;0
13080;Le Puy-Sainte-Réparade;4.9;0.46
13081;Rognac;4.9;0.44
13082;Rognes;5.9;-0.44
13083;Rognonas;2.6;0.46
13084;La Roque-d'Anthéron;4.7;-0.31
13085;Roquefort-la-Bédoule;4.3;0.44
13086;Roquevaire;5.3;-0.26
13087;Rousset;4.1;1.81
13088;Le Rove;3.5;0.27
13089;Saint-Andiol;1.2;0.84
13090;Saint-Antonin-sur-Bayon;2;0.13
13091;Saint-Cannat;5.8;0.84
13092;Saint-Chamas;4.9;0.49
13093;Saint-Estève-Janson;2.7;-0.71
13094;Saint-Étienne-du-Grès;2.3;0.07
13095;Saint-Marc-Jaumegarde;9.6;0.59
13096;Saintes-Maries-de-la-Mer;0.9;-1.56
13097;Saint-Martin-de-Crau;3;1.07
13098;Saint-Mitre-les-Remparts;2.9;0.34
13099;Saint-Paul-lès-Durance;3.3;0.6
13100;Saint-Rémy-de-Provence;3;-0.11
13101;Saint-Savournin;2.9;0.55
13102;Saint-Victoret;3.3;0.26
13103;Salon-de-Provence;6.1;-0.38
13104;Sausset-les-Pins;4.8;-0.11
13105;Sénas;3;-0.42
13106;Septèmes-les-Vallons;7.3;1.72
13107;Simiane-Collongue;6.8;0.77
13108;Tarascon;2.4;0.55
13109;Le Tholonet;8.9;0.18
13110;Trets;4.4;0.02
13111;Vauvenargues;8.8;0.69
13112;Velaux;3.5;0.08
13113;Venelles;6.6;0.13
13114;Ventabren;4.8;0.78
13115;Vernègues;2.5;3.52
13116;Verquières;0.3;-1.06
13117;Vitrolles;7.6;1.3
13118;Coudoux;2.9;0.34
13119;Carnoux-en-Provence;4.9;0.81
14001;Ablon;1.4;-0.46
14003;Agy;1.5;1.79
14005;Valambray;2.1;-0.92
14006;Amayé-sur-Orne;1;1.25
14007;Amayé-sur-Seulles;1;-1.21
14009;Amfreville;1;-0.56
14012;Angerville;0;3.43
14014;Colomby-Anguerny;1.4;3.22
14015;Anisy;1.2;1.73
14016;Annebault;0.9;2.61
14019;Arganchy;0;-1.11
14020;Argences;3.3;1.11
14021;Arromanches-les-Bains;2.1;-2.54
14022;Asnelles;3;1.05
14023;Asnières-en-Bessin;0;1.74
14024;Auberville;1.2;1.89
14025;Aubigny;0;-0.06
14026;Audrieu;3.6;2.19
14027;Les Monts d'Aunay;1.2;-0.14
14030;Authie;2.9;1.12
14032;Les Authieux-sur-Calonne;4.8;-0.93
14033;Auvillars;4.2;-0.8
14034;Avenay;1.8;0.24
14035;Balleroy-sur-Drôme;1.2;-1
14036;Banneville-la-Campagne;0;1.99
14037;Malherbe-sur-Ajon;0;0.72
14038;Banville;1.4;0.55
14039;Barbery;0.5;-1.3
14040;Barbeville;2;4.71
14041;Barneville-la-Bertran;5.4;-0.93
14042;Baron-sur-Odon;2.5;3.14
14043;Barou-en-Auge;0;-3.85
14044;Basly;0.7;-1.3
14045;Basseneville;0;-0.72
14046;Bavent;2.5;1.1
14047;Bayeux;4.4;-0.97
14049;Bazenville;1.3;0.96
14050;La Bazoque;3.8;0.97
14053;Beaumais;1.3;-1.51
14054;Beaumesnil;1.1;0.41
14055;Beaumont-en-Auge;0.6;-0.84
14057;Bellengreville;2.4;-0.41
14059;Benerville-sur-Mer;4.7;-2
14060;Bénouville;3.2;-0.56
14061;Souleuvre en Bocage;0.7;-0.28
14062;Bény-sur-Mer;1.2;0.37
14063;Bernesq;2.9;0.98
14064;Bernières-d'Ailly;1;-2.84
14066;Bernières-sur-Mer;4.1;0.85
14068;Biéville-Beuville;2.8;2.54
14069;Beuvillers;4.2;-0.79
14070;Beuvron-en-Auge;2.5;0.85
14076;Blainville-sur-Orne;6.2;0.82
14077;Blangy-le-Château;4.6;1.79
14078;Blay;2.4;-1.16
14079;Blonville-sur-Mer;2.5;0.59
14080;Le Bô;1.7;1.98
14082;La Boissière;3.7;-0.35
14083;Bonnebosq;2;-0.72
14084;Bonnemaison;0.6;-0.12
14085;Bonneville-la-Louvet;0.8;1.52
14086;Bonneville-sur-Touques;4;-1.7
14087;Bonnœil;0;-1.54
14088;Bons-Tassilly;1.5;-0.17
14089;Bougy;2.4;-0.77
14090;Boulon;6.5;3.78
14091;Bourgeauville;4.8;-1.11
14092;Bourguébus;1.6;4.96
14093;Branville;0;1.65
14096;Brémoy;1.8;2.17
14097;Bretteville-le-Rabet;2;-0.44
14098;Thue et Mue;1.6;1.2
14100;Bretteville-sur-Laize;4.3;0.6
14101;Bretteville-sur-Odon;8.9;2.63
14102;Le Breuil-en-Auge;0.8;-1.15
14103;Le Breuil-en-Bessin;3.1;-0.04
14104;Le Brévedent;1;2.7
14106;Bréville-les-Monts;2.7;-0.03
14107;Bricqueville;2.8;-2.67
14110;Brucourt;0;1.8
14111;Bucéels;1.8;2.63
14116;Le Bû-sur-Rouvres;0;2.29
14117;Cabourg;5.2;-0.01
14118;Caen;16.5;0.47
14119;Cagny;3;2.12
14120;Cahagnes;0.9;0.12
14121;Cahagnolles;0;-0.07
14122;La Caine;2.5;0.97
14123;Cairon;4.2;0.64
14124;La Cambe;1.5;-0.5
14125;Cambes-en-Plaine;3.7;0.93
14126;Cambremer;2.4;-0.61
14127;Campagnolles;2.2;0.8
14130;Campigny;2.1;-0.44
14131;Canapville;0;0.37
14132;Canchy;2.4;-0.16
14134;Canteloup;4.5;0.54
14135;Carcagny;1.6;-0.54
14136;Cardonville;0;-3.14
14137;Carpiquet;9.3;4.78
14138;Cartigny-l'Épinay;4.5;0
14140;Castillon;0.6;1.23
14141;Castillon-en-Auge;6.8;-0.3
14143;Caumont-sur-Aure;0.8;0.56
14145;Cauvicourt;1.6;1.97
14146;Cauville;0;0.91
14147;Cernay;0;-0.71
14149;Cesny-aux-Vignes;2;-0.58
14150;Cesny-les-Sources;1.3;1.06
14159;Chouain;0;0.58
14160;Cintheaux;5.5;-1.44
14161;Clarbec;0;-2.21
14162;Clécy;1.3;0.55
14163;Cléville;1.2;0.83
14165;Colleville-sur-Mer;1.2;2.41
14166;Colleville-Montgomery;2.4;1.03
14167;Colombelles;8.7;0.6
14168;Colombières;0;-0.4
14169;Colombiers-sur-Seulles;0;-1.35
14171;Combray;0;-0.79
14172;Commes;2.5;2.72
14173;Condé-sur-Ifs;0.9;-0.58
14174;Condé-en-Normandie;1;-1.7
14175;Condé-sur-Seulles;1.3;0.33
14177;Coquainvilliers;1.1;-0.29
14179;Cordebugle;1.3;1.39
14180;Cordey;1.5;0
14181;Cormelles-le-Royal;8.1;1.35
14182;Cormolain;0;-0.99
14183;Cossesseville;5.5;1.5
14184;Cottun;2;1.28
14190;Courcy;1.5;-0.24
14191;Courseulles-sur-Mer;5.5;0.18
14193;Courtonne-la-Meurdrac;3.5;0.6
14194;Courtonne-les-Deux-Églises;1.7;-0.77
14195;Courvaudon;2.9;3.1
14196;Crépon;2;0.3
14197;Cresserons;2.7;-1.19
14198;Cresseveuille;1.7;-0.39
14200;Creully sur Seulles;1.1;-0.38
14202;Cricquebœuf;26.2;-2.31
14203;Cricqueville-en-Auge;5;-0.09
14204;Cricqueville-en-Bessin;1.4;-2.09
14205;Cristot;1;0.24
14206;Crocy;1.6;-1.49
14207;Croisilles;3.7;0.05
14209;Crouay;1.3;-0.98
14211;Culey-le-Patry;0;1.14
14214;Cussy;0;-1.22
14215;Cuverville;4.7;1.37
14216;Damblainville;2;-0.43
14218;Danestal;1.5;0.04
14220;Deauville;6.5;-0.53
14221;Démouville;5.2;-1.02
14223;Le Détroit;0;0.74
14224;Deux-Jumeaux;6.3;-0.58
14225;Dives-sur-Mer;1.8;-1.75
14226;Donnay;0.7;2.89
14227;Douville-en-Auge;2.9;0.54
14228;Douvres-la-Délivrande;4.8;-0.01
14229;Dozulé;4.4;-0.03
14230;Drubec;0;-0.73
14231;Beaufour-Druval;0.9;0.11
14232;Ducy-Sainte-Marguerite;1.2;2.01
14236;Ellon;4.8;5.32
14237;Émiéville;1.3;1.05
14238;Englesqueville-en-Auge;2.2;0
14239;Englesqueville-la-Percée;0;-1.37
14240;Épaney;2.3;-0.82
14241;Épinay-sur-Odon;1;0.08
14242;Épron;5.6;2.38
14243;Équemauville;3.9;1.12
14244;Eraines;0;-3.08
14245;Ernes;1.9;-0.26
14246;Escoville;1.1;1.01
14248;Espins;0.8;0.62
14249;Esquay-Notre-Dame;1.6;0.1
14250;Esquay-sur-Seulles;3.1;-0.39
14251;Esson;2;1.84
14252;Estrées-la-Campagne;0.8;0.47
14254;Éterville;3.2;-0.4
14256;Étréham;2.1;-0.74
14257;Évrecy;2.3;0.3
14258;Falaise;1.5;-0.98
14260;Fauguernon;1.1;-1.39
14261;Le Faulq;3;-0.99
14266;Feuguerolles-Bully;1.9;0.97
14269;Fierville-les-Parcs;5.8;2.37
14270;Firfol;0;-2.18
14271;Fleury-sur-Orne;9.7;2.57
14272;La Folie;2.4;0.97
14273;La Folletière-Abenon;1.5;0.86
14274;Fontaine-Étoupefour;1.6;3.43
14275;Fontaine-Henry;0.8;1.7
14276;Fontaine-le-Pin;1.4;-0.86
14277;Fontenay-le-Marmion;1.2;1.06
14278;Fontenay-le-Pesnel;2.1;0.95
14280;Formentin;1.7;1.37
14281;Formigny La Bataille;2.9;0.77
14282;Foulognes;0;1.54
14283;Fourches;1.1;-0.82
14284;Fourneaux-le-Val;0;-0.63
14285;Le Fournet;2.7;4.02
14286;Fourneville;2.9;-0.71
14287;Frénouville;4.1;0.49
14288;Le Fresne-Camilly;1.4;1.44
14289;Fresné-la-Mère;0.3;-1.31
14290;Fresney-le-Puceux;1;-0.27
14291;Fresney-le-Vieux;0;3.02
14293;Fumichon;0.9;-1.08
14297;Gavrus;2;1.94
14298;Géfosse-Fontenay;2.1;-1.22
14299;Genneville;1.6;0.2
14301;Giberville;8.1;-0.09
14302;Glanville;1.6;-1.69
14303;Glos;2.1;-0.04
14304;Gonneville-sur-Honfleur;3.4;-0.21
14305;Gonneville-sur-Mer;3.2;-0.6
14306;Gonneville-en-Auge;3.3;-0.13
14308;Goustranville;0.7;10.06
14309;Gouvix;1.9;0.02
14310;Grainville-Langannerie;1.2;1.5
14311;Grainville-sur-Odon;2.3;0.81
14312;Grandcamp-Maisy;1.4;-0.4
14316;Grangues;1.7;3.07
14318;Graye-sur-Mer;11.1;2.64
14319;Grentheville;3.1;2.08
14320;Grimbosq;2;-0.4
14322;Guéron;1.9;0
14325;Hermanville-sur-Mer;3;1.05
14326;Hermival-les-Vaux;2.1;0.92
14327;Hérouville-Saint-Clair;16.8;-0.17
14328;Hérouvillette;4.3;1.66
14329;Heuland;4.5;7.66
14332;La Hoguette;0.7;-1.29
14333;Honfleur;4.5;-2.23
14334;L'Hôtellerie;0.7;0.26
14335;Hotot-en-Auge;2.5;-0.83
14336;Hottot-les-Bagues;1.3;-0.57
14337;La Houblonnière;1.4;-0.15
14338;Houlgate;4.2;-2.69
14341;Ifs;10.5;0.14
14342;Isigny-sur-Mer;1.1;-0.49
14343;Les Isles-Bardel;3.7;1.22
14344;Janville;0.6;0.99
14345;Jort;1.6;0.28
14346;Juaye-Mondaye;1.2;0.71
14347;Dialan sur Chaîne;1.4;-0.96
14348;Juvigny-sur-Seulles;0;-0.4
14349;Laize-Clinchamps;1.8;1.43
14352;Landelles-et-Coupigny;0;-0.97
14353;Landes-sur-Ajon;1.3;1.78
14354;Langrune-sur-Mer;3.2;1.16
14355;Ponts sur Seulles;2.2;0.71
14357;Terres de Druance;0.8;-1.34
14358;Léaupartie;4.3;-0.19
14360;Leffard;0;0.82
14362;Lessard-et-le-Chêne;2.5;-0.11
14364;Lingèvres;1.2;-0.54
14365;Lion-sur-Mer;3.5;0.58
14366;Lisieux;8;-0.63
14367;Lison;3.4;-0.38
14368;Lisores;1.4;-0.51
14369;Litteau;2.4;-0.65
14370;Le Molay-Littry;2.8;0.39
14371;Livarot-Pays-d'Auge;2.6;-0.55
14374;Les Loges;0;2.16
14375;Les Loges-Saulces;0;-1.2
14377;Longues-sur-Mer;1.6;-0.64
14378;Longueville;0;-0.29
14379;Longvillers;0.6;-0.14
14380;Loucelles;4.2;1.83
14381;Louvagny;0;-0.28
14383;Louvigny;8.6;-0.89
14384;Luc-sur-Mer;3.5;0.58
14385;Magny-en-Bessin;3.8;0.1
14389;Maisoncelles-Pelvey;0;-0.71
14390;Maisoncelles-sur-Ajon;1;0.85
14391;Maisons;3.7;1.64
14393;Maizet;0.6;0.61
14394;Maizières;1.1;-0.91
14396;Maltot;2.4;-0.19
14397;Mandeville-en-Bessin;2.6;-1.39
14398;Manerbe;4.5;-0.3
14399;Manneville-la-Pipard;0.9;-1.68
14400;Le Manoir;0;-1.35
14401;Manvieux;0;0.75
14402;Le Marais-la-Chapelle;0;-2.11
14403;Marolles;1.1;-0.92
14404;Martainville;0;-0.14
14405;Martigny-sur-l'Ante;1.5;0.37
14406;Moulins-en-Bessin;0.8;-0.45
14407;Mathieu;2.5;1.06
14408;Saint-Martin-de-May;2.5;-0.11
14409;Merville-Franceville-Plage;1.9;0.31
14410;Méry-Bissières-en-Auge;1.7;-0.63
14411;Meslay;2;3.25
14412;Le Mesnil-au-Grain;0;-0.22
14419;Le Mesnil-Eudes;3.4;-0.84
14421;Le Mesnil-Guillaume;3.2;-1.39
14424;Le Mesnil-Robert;0;-0.88
14425;Le Mesnil-Simon;3.9;-2.87
14426;Le Mesnil-sur-Blangy;2.6;-0.5
14427;Le Mesnil-Villement;0;-0.96
14430;Meuvaines;6.1;-1.17
14431;Mézidon Vallée d'Auge;6.4;-0.24
14435;Les Monceaux;0;3.36
14436;Monceaux-en-Bessin;4.2;0.27
14437;Mondeville;9.5;0.79
14438;Mondrainville;1.3;2.55
14439;Monfréville;1.9;-0.51
14445;Montfiquet;0;-3.31
14446;Montigny;0;-1.07
14448;Montreuil-en-Auge;0;2.82
14449;Monts-en-Bessin;1.1;0
14452;Morteaux-Coulibœuf;1.1;-0.83
14453;Mosles;1.3;-0.52
14454;Mouen;1.3;2.16
14455;Moulines;0;-1.39
14456;Moult-Chicheboville;2.2;2.32
14457;Les Moutiers-en-Auge;1.6;1.35
14458;Les Moutiers-en-Cinglais;3.2;0.45
14460;Moyaux;1;0.21
14461;Mutrécy;0.4;8.26
14465;Nonant;0.8;0.69
14466;Norolles;0;2.26
14467;Noron-l'Abbaye;0;0.27
14468;Noron-la-Poterie;2.2;-2.71
14469;Norrey-en-Auge;0;0.36
14473;Notre-Dame-de-Livaye;7.1;-2.03
14474;Notre-Dame-d'Estrées-Corbon;3;-2.95
14475;Val d'Arry;1.4;1.3
14476;Olendon;3.1;-0.44
14478;Orbec;4.2;-0.98
14480;Osmanville;0;-0.95
14482;Ouézy;4;-0.07
14483;Ouffières;3.9;0.6
14484;Ouilly-du-Houley;1.7;1.16
14486;Ouilly-le-Tesson;0;-1.14
14487;Ouilly-le-Vicomte;1.9;-1.22
14488;Ouistreham;4.7;0.26
14491;Parfouru-sur-Odon;1.9;0
14492;Pennedepie;4.1;2.15
14494;Périers-en-Auge;0;-2.28
14495;Périers-sur-le-Dan;0.8;2.95
14496;Périgny;0;-0.29
14497;Perrières;0;0.86
14498;Pertheville-Ners;0.9;-0.62
14499;Petiville;1.7;2.05
14500;Pierrefitte-en-Auge;0;-0.53
14501;Pierrefitte-en-Cinglais;0;-1.53
14502;Pierrepont;0;-1.68
14504;Le Pin;1;-0.12
14506;Planquery;1.1;0.62
14509;Plumetot;2.4;-1.41
14510;La Pommeraye;6.1;1.6
14511;Pont-Bellanger;0;-0.26
14512;Pontécoulant;3.7;-2.17
14514;Pont-l'Évêque;1.9;1.28
14515;Port-en-Bessin-Huppain;1.7;-0.48
14516;Potigny;1.9;0.02
14519;Préaux-Bocage;0;-0.86
14520;Le Pré-d'Auge;1.9;-0.8
14522;Prêtreville;3.2;-0.95
14524;Putot-en-Auge;1.4;0.71
14527;Belle Vie en Auge;2;0.66
14528;Quetteville;2.1;1
14529;Ranchy;3.8;2.1
14530;Ranville;1.3;2.46
14531;Rapilly;0;-0.36
14533;Repentigny;0;2.13
14534;Reux;0.9;-0.48
14535;Reviers;1.3;0.83
14536;La Rivière-Saint-Sauveur;1.5;0.13
14538;Castine-en-Plaine;1.2;3.36
14540;Rocques;4.9;-0.17
14541;La Roque-Baignard;1.9;-1.5
14542;Rosel;1;2.51
14543;Rots;2;0.9
14546;Rouvres;0;0.46
14547;Rubercy;0;-1.57
14550;Rumesnil;2.5;-2.43
14552;Ryes;2.1;-0.66
14554;Le Castelet;1.4;3.89
14555;Saint-André-d'Hébertot;2.4;0.38
14556;Saint-André-sur-Orne;3.9;-0.84
14557;Saint-Arnoult;2.2;-1.15
14558;Saint-Aubin-d'Arquenay;1.6;2.38
14559;Saint-Aubin-des-Bois;0;-1.16
14562;Saint-Aubin-sur-Mer;2.9;-2.04
14563;Saint-Benoît-d'Hébertot;1;1.7
14565;Saint-Côme-de-Fresné;1.1;-0.83
14566;Saint-Contest;4.9;-0.34
14569;Sainte-Croix-sur-Mer;3.3;-0.47
14570;Valorbiquet;3.2;-0.28
14571;Saint-Denis-de-Mailloc;1.7;0.17
14572;Saint-Denis-de-Méré;1.2;-1.6
14574;Saint-Désir;2.8;0.73
14575;Saint-Étienne-la-Thillaye;0.5;-2.11
14576;Val-de-Vie;1;-1.22
14578;Saint-Gatien-des-Bois;1.6;0.29
14579;Seulline;1.1;-0.28
14581;Aurseulles;0.5;-0.17
14582;Saint-Germain-de-Livet;2.2;-1.6
14586;Saint-Germain-du-Pert;0;-2.89
14587;Saint-Germain-la-Blanche-Herbe;9.6;1.28
14588;Saint-Germain-Langot;0;1.6
14589;Saint-Germain-le-Vasson;1.5;0.25
14590;Sainte-Honorine-de-Ducy;0;1.02
14591;Aure sur Mer;2.3;-1.06
14592;Sainte-Honorine-du-Fay;2.2;-0.14
14593;Saint-Hymer;2.8;0.59
14595;Saint-Jean-de-Livet;2.4;2.19
14598;Saint-Jouin;2.2;5.42
14601;Saint-Julien-sur-Calonne;3.2;0.8
14602;Saint-Lambert;2.1;-0.8
14603;Saint-Laurent-de-Condel;0.9;0.6
14605;Saint-Laurent-sur-Mer;5.1;0.52
14606;Saint-Léger-Dubosq;1;6.05
14607;Saint-Louet-sur-Seulles;0;-1.74
14609;Saint-Loup-Hors;3.2;1.34
14610;Saint-Manvieu-Norrey;2.2;1.64
14613;Saint-Marcouf;0;-2.64
14614;Sainte-Marguerite-d'Elle;2.2;-0.31
14619;Sainte-Marie-Outre-l'Eau;2.2;0.8
14620;Saint-Martin-aux-Chartrains;2.1;0.64
14621;Saint-Martin-de-Bienfaite-la-Cressonnière;3.4;2.35
14622;Saint-Martin-de-Blagny;3.3;-1.7
14625;Saint-Martin-de-la-Lieue;1.1;-0.34
14626;Saint-Martin-de-Mailloc;3.2;1.93
14627;Saint-Martin-de-Mieux;0;-1.95
14630;Saint-Martin-des-Entrées;2.2;1.43
14635;Saint-Omer;1;0.91
14637;Saint-Ouen-du-Mesnil-Oger;2;1.23
14639;Saint-Ouen-le-Pin;3.4;-0.26
14640;Saint-Pair;0.9;1.81
14643;Saint-Paul-du-Vernay;1.6;0.39
14644;Saint-Philbert-des-Champs;1;0.34
14645;Saint-Pierre-Azif;3.8;0.1
14646;Saint-Pierre-Canivet;0.5;2.35
14648;Saint-Pierre-des-Ifs;1;-0.11
14649;Saint-Pierre-du-Bû;1.1;-1.19
14650;Saint-Pierre-du-Fresne;0;-1.4
14651;Saint-Pierre-du-Jonquet;2.3;3.85
14652;Saint-Pierre-du-Mont;3.2;-1.51
14654;Saint-Pierre-en-Auge;2.5;-1.23
14656;Saint-Rémy;1.5;-0.43
14657;Saint-Samson;0.7;0.43
14658;Noues de Sienne;0.9;-0.84
14659;Saint-Sylvain;0.5;0.17
14660;Saint-Vaast-en-Auge;2.8;3.24
14661;Saint-Vaast-sur-Seulles;0;2.14
14663;Saint-Vigor-le-Grand;3.3;0.89
14664;Sallen;0;1.25
14665;Sallenelles;2.6;-0.51
14666;Sannerville;1.9;-0.37
14667;Saon;1.9;-0.51
14668;Saonnet;0.7;1.61
14669;Sassy;1.6;0
14672;Val de Drôme;0.5;0.92
14674;Soignolles;1.7;-0.84
14675;Soliers;2.5;0.81
14676;Sommervieu;3;-0.27
14677;Soulangy;2.7;0.07
14678;Soumont-Saint-Quentin;2;2.71
14679;Subles;1.7;0
14680;Sully;4.3;2.98
14681;Surrain;3.9;-1.76
14682;Surville;5.7;1.52
14684;Tessel;2.2;0.07
14685;Thaon;1.6;3.53
14687;Le Theil-en-Auge;2.1;1.33
14689;Thury-Harcourt-le-Hom;2.4;-0.47
14692;Tilly-sur-Seulles;1.7;1.13
14694;Le Torquesne;0;0.68
14698;Touffréville;2.9;2.11
14699;Touques;3.6;0.61
14700;Tour-en-Bessin;0.9;1.02
14701;Tourgéville;2.7;0.75
14705;Tournières;2.7;-0.66
14706;Tourville-en-Auge;0;1.21
14707;Tourville-sur-Odon;1.5;1.77
14708;Tracy-Bocage;1.3;0
14709;Tracy-sur-Mer;1.5;0.49
14710;Tréprel;0;0.47
14711;Trévières;1.2;-0.07
14712;Troarn;1.5;-0.48
14713;Montillières-sur-Orne;2.7;-1.25
14714;Le Tronquay;1.5;-0.24
14715;Trouville-sur-Mer;6.4;-0.06
14716;Trungy;1;-0.46
14719;Urville;1.6;2.53
14720;Ussy;0.8;-0.66
14721;Vacognes-Neuilly;1;1.63
14723;Valsemé;0.7;-0.86
14724;Varaville;1.1;1.22
14726;Valdallière;0.7;-1.02
14728;Vaucelles;2.8;6.95
14731;Vauville;1.1;0.77
14732;Vaux-sur-Aure;3.5;-3.42
14733;Vaux-sur-Seulles;1.3;1.07
14734;Vendes;0.6;1.14
14735;Vendeuvre;2;1.08
14737;Versainville;1.6;1.63
14738;Verson;3.7;1.66
14739;Ver-sur-Mer;2.3;0.18
14740;La Vespière-Friardel;3.2;-0.42
14741;Le Vey;0;2.06
14742;Vicques;6.5;-0.24
14743;Victot-en-Auge;0;-4.25
14744;Vienne-en-Bessin;1.7;-1.93
14745;Vierville-sur-Mer;3.7;-0.28
14747;Vieux;1.8;0.21
14748;Vieux-Bourg;6.7;1.55
14751;Vignats;1.5;0.24
14752;Villers-Bocage;1.7;0.02
14753;Villers-Canivet;1.2;-1.44
14754;Villers-sur-Mer;3.9;-1.66
14755;Villerville;6.9;-1.41
14756;La Villette;0;-0.07
14758;Villons-les-Buissons;1.5;2.29
14759;Villy-lez-Falaise;2.4;-0.37
14760;Villy-Bocage;1.3;-2.03
14761;Vimont;2.3;3.72
14762;Vire Normandie;2.2;-0.01
14764;Pont-d'Ouilly;1.9;-0.33
15001;Allanche;0.7;0.15
15002;Alleuze;0;1
15003;Ally;0;-0.44
15004;Andelat;0;0.46
15005;Anglards-de-Saint-Flour;0;2.52
15006;Anglards-de-Salers;2.3;-1.26
15007;Anterrieux;0;0
15008;Antignac;0;0
15009;Apchon;0;-0.63
15010;Arches;2.6;2.41
15011;Arnac;0;1.48
15012;Arpajon-sur-Cère;2.4;0.26
15013;Auriac-l'Église;0;-1.76
15014;Aurillac;4.7;0.15
15015;Auzers;2.9;-0.21
15016;Ayrens;0.3;-1.19
15017;Badailhac;0;-0.63
15018;Barriac-les-Bosquets;0;1.39
15019;Bassignac;1.2;-0.37
15020;Beaulieu;4;-1.5
15021;Boisset;0.4;0.83
15022;Bonnac;0;-0.51
15024;Brageac;2.9;0.89
15025;Albepierre-Bredons;0;-0.21
15026;Brezons;1.6;-0.81
15027;Puycapel;0.7;-1.91
15028;Carlat;0.6;1.72
15029;Cassaniouze;0.6;-1.15
15030;Cayrols;0;0.17
15031;Celles;N/A - résultat non disponible;0.15
15032;Celoux;0;-2.13
15033;Cézens;0;-0.3
15034;Chaliers;0;-3.11
15035;Chalinargues;N/A - résultat non disponible;-4.42
15036;Chalvignac;0.5;0
15037;Champagnac;0.6;-1.04
15038;Champs-sur-Tarentaine-Marchal;1.1;-0.53
15040;Chanterelle;0;0.87
15041;La Chapelle-d'Alagnon;0;0.73
15042;La Chapelle-Laurent;3.3;-2.6
15043;Charmensac;0;-2.54
15045;Chaudes-Aigues;0.3;-1.4
15046;Chaussenac;1.2;0.23
15047;Chavagnac;N/A - résultat non disponible;-2.36
15048;Chazelles;0;-1.44
15049;Cheylade;1.1;-0.37
15050;Le Claux;0;-2.46
15051;Clavières;0;-1.48
15052;Collandres;0;0.88
15053;Coltines;0;-1.27
15054;Condat;0.5;-0.95
15055;Coren;0;0.73
15056;Crandelles;0.7;0.83
15057;Cros-de-Montvert;5.7;-0.51
15058;Cros-de-Ronesque;0;0.58
15059;Cussac;0;-1.33
15060;Deux-Verges;0;0.98
15061;Dienne;2.8;-2.26
15063;Drugeac;1.4;-1.14
15064;Escorailles;7.1;1.04
15065;Espinasse;0;-0.21
15066;Le Falgoux;0;-1.11
15067;Le Fau;0;0.55
15069;Ferrières-Saint-Mary;2.4;-0.41
15070;Fontanges;0;0.49
15072;Freix-Anglards;0;0.23
15073;Fridefont;5.9;-2.11
15074;Giou-de-Mamou;0.5;-0.84
15075;Girgols;2.7;-1.34
15076;Glénat;0;-0.28
15077;Gourdièges;0;2.98
15078;Jabrun;0;-0.32
15079;Jaleyrac;0.6;-0.28
15080;Joursac;1.2;0.89
15081;Jou-sous-Monjou;2.9;0.16
15082;Junhac;0.8;-1.22
15083;Jussac;0.9;0.2
15084;Labesserette;2;0.23
15085;Labrousse;0.5;-0.84
15086;Lacapelle-Barrès;0;0
15087;Lacapelle-del-Fraisse;0;3.03
15088;Lacapelle-Viescamp;0;0.23
15089;Ladinhac;0;-1.07
15090;Lafeuillade-en-Vézie;1;-0.17
15091;Landeyrat;2.7;-1.12
15092;Lanobre;0.4;-0.89
15093;Lapeyrugue;0;-1.98
15094;Laroquebrou;2.7;-1.91
15095;Laroquevieille;0.6;0
15096;Lascelle;0.8;-1.93
15097;Lastic;0;-2.79
15098;Laurie;0;-1.33
15100;Laveissenet;0;0.76
15101;Laveissière;1.9;-0.25
15102;Lavigerie;2.4;1.23
15103;Leucamp;0;0.7
15104;Leynhac;0;-1.65
15105;Leyvaux;0;-0.46
15106;Lieutadès;1.7;0.6
15107;Lorcières;0;-1.18
15108;Val d'Arcomie;0;-0.8
15110;Lugarde;0;-3.46
15111;Madic;0;-0.24
15112;Malbo;0;-1.92
15113;Mandailles-Saint-Julien;1.3;-1.19
15114;Marcenat;0.5;0
15116;Marchastel;1.6;-2.43
15117;Marcolès;0.7;0
15118;Marmanhac;0.6;-0.83
15119;Massiac;2;0.79
15120;Mauriac;0.7;-0.76
15121;Maurines;0;-0.78
15122;Maurs;1.3;-0.26
15123;Méallet;0;-1.92
15124;Menet;0.5;-1.09
15125;Mentières;0;0
15126;Molèdes;3.6;-3.73
15127;Molompize;0;-0.95
15128;La Monselie;2.1;1.95
15129;Montboudif;0;-2.44
15130;Montchamp;0;0.72
15131;Le Monteil;1;-0.55
15132;Montgreleix;0;-5.67
15133;Montmurat;0;0
15134;Montsalvy;1;-0.14
15135;Montvert;4.4;-0.72
15137;Moussages;0;-1.33
15138;Murat;1.6;-1.3
15139;Narnhac;0;-1.4
15140;Naucelles;1.3;1.36
15141;Neussargues-Moissac;0.9;-2.5
15142;Neuvéglise-sur-Truyère;0.1;-0.62
15143;Nieudan;0;-0.31
15144;Omps;0;-1.54
15146;Pailherols;7.7;0.88
15147;Parlan;0.5;1.45
15148;Paulhac;0.5;1.16
15149;Paulhenc;0;0.59
15151;Peyrusse;0;-1.46
15152;Pierrefort;1.4;-0.22
15153;Pleaux;0.8;-0.44
15154;Polminhac;0.2;0.77
15155;Pradiers;0;-1.56
15156;Prunet;1.5;0.6
15157;Quézac;2.1;0.94
15158;Rageade;0;0.34
15159;Raulhac;0;-0.18
15160;Reilhac;1.1;-0.09
15161;Rézentières;0;-0.3
15162;Riom-ès-Montagnes;0.5;-0.79
15163;Roannes-Saint-Mary;0.2;0.4
15164;Roffiac;0;-1.38
15165;Rouffiac;0;-1.51
15166;Roumégoux;0;0.89
15167;Rouziers;1.9;-1.58
15168;Ruynes-en-Margeride;0.3;0.67
15169;Saignes;0.7;-0.48
15170;Saint-Amandin;0;0
15171;Sainte-Anastasie;N/A - résultat non disponible;-2.57
15172;Saint-Antoine;0;-4.49
15173;Saint-Bonnet-de-Condat;0;-0.44
15174;Saint-Bonnet-de-Salers;0.9;-1.67
15175;Saint-Cernin;1;-0.41
15176;Saint-Chamant;2.3;0
15178;Saint-Cirgues-de-Jordanne;0;0.74
15179;Saint-Cirgues-de-Malbert;2.8;0
15180;Saint-Clément;0;0.66
15181;Saint-Constant-Fournoulès;0.4;-1.42
15182;Saint-Étienne-Cantalès;0;-1.28
15183;Saint-Étienne-de-Carlat;0;-1.53
15184;Saint-Étienne-de-Maurs;0.7;0.06
15185;Saint-Étienne-de-Chomeil;1;2.68
15186;Sainte-Eulalie;3.8;1.52
15187;Saint-Flour;1.8;-0.29
15188;Saint-Georges;0.9;-0.03
15189;Saint-Gérons;0;1.14
15190;Saint-Hippolyte;0;-2.77
15191;Saint-Illide;0.5;-0.18
15192;Saint-Jacques-des-Blats;2.3;-2.93
15194;Saint-Julien-de-Toursac;0;-2.4
15196;Saint-Mamet-la-Salvetat;0.1;-0.12
15198;Sainte-Marie;0;-1.09
15199;Saint-Martial;0;-2.17
15200;Saint-Martin-Cantalès;1.4;0.66
15201;Saint-Martin-sous-Vigouroux;0;-1.51
15202;Saint-Martin-Valmeroux;3.5;-1.12
15203;Saint-Mary-le-Plain;0;2.76
15204;Saint-Paul-des-Landes;1.1;0.02
15205;Saint-Paul-de-Salers;0;0
15206;Saint-Pierre;0;1.31
15207;Saint-Poncy;0;-0.68
15208;Saint-Projet-de-Salers;1.8;-0.61
15209;Saint-Rémy-de-Chaudes-Aigues;0;0.56
15211;Saint-Santin-Cantalès;0.7;-1.18
15212;Saint-Santin-de-Maurs;1.4;0.37
15213;Saint-Saturnin;0;-1.25
15214;Saint-Saury;0;-1.08
15215;Saint-Simon;1.3;-0.17
15216;Saint-Urcize;3.3;0.07
15217;Saint-Victor;0;-2.09
15218;Saint-Vincent-de-Salers;4.2;0.99
15219;Salers;0.8;-0.88
15220;Salins;1.5;-0.12
15221;Sansac-de-Marmiesse;0.8;0.36
15222;Sansac-Veinazès;0;-1.19
15223;Sauvat;0;0.63
15224;La Ségalassière;0;-0.13
15225;Ségur-les-Villas;1.2;1.04
15226;Sénezergues;0;1.34
15228;Siran;1;-0.77
15229;Soulages;0;0.62
15230;Sourniac;0;-0.5
15231;Talizat;0;0.31
15232;Tanavelle;0;-1.3
15233;Teissières-de-Cornet;0;1.88
15234;Teissières-lès-Bouliès;0.7;0.86
15235;Les Ternes;0.4;-0.6
15236;Thiézac;2.3;-0.28
15237;Tiviers;0;-0.5
15238;Tournemire;0;-0.4
15240;Trémouille;0;-0.77
15241;La Trinitat;0;0.67
15242;Le Trioulou;1.9;-1.3
15243;Trizac;0;-2.39
15244;Ussel;0.4;-0.71
15245;Vabres;1.6;0.13
15246;Valette;1;0.36
15247;Valjouze;0;0.71
15248;Valuéjols;0;0.53
15249;Le Vaulmier;10;-2.27
15250;Vebret;0.9;0.23
15251;Védrines-Saint-Loup;0;-2.42
15252;Velzic;0;-0.73
15253;Vernols;0;-1.85
15254;Veyrières;0;1.62
15255;Vézac;0.4;1.65
15256;Vèze;0;1.65
15257;Vezels-Roussy;0;-0.25
15258;Vic-sur-Cère;7;0.7
15259;Vieillespesse;0.8;0.26
15260;Vieillevie;4.5;-1.08
15261;Le Vigean;0.3;-0.51
15262;Villedieu;0;-0.15
15263;Virargues;0;-2.11
15264;Vitrac;0;0.44
15265;Ydes;0.6;-1.03
15266;Yolet;0.3;1.17
15267;Ytrac;0.5;0.27
15268;Le Rouget-Pers;1.1;0.39
15269;Besse;0;0.92
16001;Abzac;1.2;1.33
16002;Les Adjots;1.8;0.09
16003;Agris;0.2;0.29
16005;Aigre;1;-0.02
16007;Alloue;1.1;0.35
16008;Ambérac;0.7;-0.78
16009;Ambernac;0;0.68
16011;Anais;1.5;-0.61
16012;Angeac-Champagne;0.8;-0.43
16013;Angeac-Charente;1.6;-2.28
16014;Angeduc;1.8;2.27
16015;Angoulême;11.3;-0.2
16016;Ansac-sur-Vienne;0.6;-0.28
16018;Ars;0;-1.03
16019;Asnières-sur-Nouère;0.7;0.83
16020;Aubeterre-sur-Dronne;2.6;-3.34
16023;Aunac-sur-Charente;0.9;-1.55
16024;Aussac-Vadalle;1.1;1.07
16025;Baignes-Sainte-Radegonde;0.2;-0.45
16026;Balzac;1.2;0.77
16027;Barbezières;0;1.54
16028;Barbezieux-Saint-Hilaire;1.9;0.21
16029;Bardenac;0;-0.97
16030;Barret;0.9;1.09
16031;Barro;0.6;-0.12
16032;Bassac;2.2;-0.32
16034;Bazac;1.8;-0.11
16035;Beaulieu-sur-Sonnette;0;0.08
16036;Bécheresse;0;0.11
16037;Bellon;3.7;-2.97
16038;Benest;1.7;-0.69
16039;Bernac;1.4;-1.14
16040;Berneuil;0.8;0.05
16041;Bessac;2.1;1.32
16042;Bessé;0;-2.31
16044;Bioussac;1.2;-1.52
16045;Birac;0.5;0.41
16046;Coteaux-du-Blanzacais;0.7;-0.79
16047;Blanzaguet-Saint-Cybard;0;-1.45
16048;Boisbreteau;0;-1.48
16049;Bonnes;0.8;-2.61
16050;Bonneuil;0;-0.97
16052;Bors (Canton de Tude-et-Lavalette);0;-2.49
16053;Bors (Canton de Charente-Sud);0;0.58
16054;Le Bouchage;2;1.8
16055;Bouëx;0.6;-1.08
16056;Bourg-Charente;1.1;-0.17
16057;Bouteville;2;0.36
16058;Boutiers-Saint-Trojan;0.8;-0.62
16059;Brettes;1.6;-1.27
16060;Bréville;0;-1.58
16061;Brie;2;-0.33
16062;Brie-sous-Barbezieux;2;-2.22
16063;Brie-sous-Chalais;0;0.32
16064;Brigueuil;0.4;0.23
16065;Brillac;0;-1.36
16066;Brossac;0.7;-1.6
16067;Bunzac;1.3;-0.43
16068;Cellefrouin;0;0.12
16069;Cellettes;2.7;-1
16070;Chabanais;1.1;-1.31
16071;Chabrac;1.2;1.58
16072;Chadurie;0.4;0.03
16073;Chalais;8.3;0.26
16074;Challignac;2.6;0.86
16075;Champagne-Vigny;0;-0.89
16076;Champagne-Mouton;0;-0.23
16077;Champmillon;1.3;0.48
16078;Champniers;2.6;0.17
16079;Chantillac;1.9;2.02
16081;La Chapelle;0;-2.33
16082;Boisné-La Tude;0.3;-1.14
16083;Charmé;1.8;-0.67
16084;Charras;0;0.29
16085;Chasseneuil-sur-Bonnieure;1.2;0.29
16086;Chassenon;1.4;-0.68
16087;Chassiecq;0;0.46
16088;Chassors;1.1;-0.06
16089;Châteaubernard;2.8;0.46
16090;Châteauneuf-sur-Charente;2;0.08
16091;Châtignac;2.9;-1.34
16093;Chazelles;1.4;-0.02
16095;Chenon;0;-1.4
16096;Cherves-Châtelars;3;0.2
16097;Val-de-Cognac;0.9;-0.71
16098;La Chèvrerie;0;0.12
16099;Chillac;4.6;0.76
16100;Chirac;0;0.68
16101;Claix;0.6;0.78
16102;Cognac;2.7;-0.21
16103;Combiers;0;0.27
16104;Condac;0;-0.46
16105;Condéon;0.4;0.28
16106;Confolens;1.6;0.22
16107;Coulgens;0.8;0.58
16108;Coulonges;0;-2.52
16109;Courbillac;0;0.05
16110;Courcôme;2.2;-0.1
16111;Courgeac;4.2;-2.51
16112;Courlac;6.7;1.51
16113;La Couronne;6.8;0.14
16114;Couture;5.4;1.63
16116;Criteuil-la-Magdeleine;0.5;-0.65
16117;Curac;0;-1.63
16118;Deviat;0;-1.42
16119;Dignac;1.3;0.81
16120;Dirac;1.1;-0.12
16121;Douzat;1.6;-1.84
16122;Ébréon;0;-1.04
16123;Échallat;1.4;-0.58
16124;Écuras;0.6;-1.38
16125;Édon;2.9;1.28
16127;Empuré;0;-0.84
16128;Épenède;1.6;-0.34
16130;Les Essards;1.3;-1.34
16131;Esse;0;0.13
16132;Étagnac;2.1;0.19
16133;Étriac;0;-0.17
16134;Exideuil-sur-Vienne;1.1;0.05
16135;Eymouthiers;0.7;1.57
16136;La Faye;0.7;-0.58
16137;Feuillade;1;-1.24
16138;Fléac;2.9;0.51
16139;Fleurac;2.2;-1.78
16141;Fontenille;2.2;0.75
16142;La Forêt-de-Tessé;0;1.6
16143;Fouquebrune;1.6;1.14
16144;Fouqueure;2.7;1.64
16145;Foussignac;1.3;0.73
16146;Garat;1.4;0.68
16148;Genac-Bignac;0;-0.25
16150;Gensac-la-Pallue;1.1;0.45
16151;Genté;0.8;0.59
16152;Gimeux;0.6;0.35
16153;Mainxe-Gondeville;0.8;0.08
16154;Gond-Pontouvre;5.7;-0.31
16155;Les Gours;2.7;-2.61
16157;Le Grand-Madieu;0;-1.92
16158;Grassac;3.3;-1.41
16160;Guimps;0;0.65
16161;Guizengeard;3.4;-0.2
16162;Gurat;0;0.27
16163;Hiersac;1.9;1.29
16164;Hiesse;0;-0.35
16165;Houlette;0;1.23
16166;L'Isle-d'Espagnac;6.4;0.22
16167;Jarnac;3.6;0.24
16168;Jauldes;0.9;0.87
16169;Javrezac;1.1;-0.28
16170;Juignac;1.5;-0.46
16171;Juillac-le-Coq;1.3;0.08
16173;Juillé;0;-1.09
16174;Julienne;1;0.96
16175;Val des Vignes;0.6;-0.72
16176;Lachaise;0;-1.25
16177;Ladiville;1.4;1.79
16178;Lagarde-sur-le-Né;1;0.64
16180;Laprade;0;0.2
16181;Lessac;0.9;-0.37
16182;Lesterps;0.7;-1.54
16183;Lésignac-Durand;0;-1.41
16184;Lichères;3.3;1.09
16185;Ligné;7;-1.62
16186;Lignières-Ambleville;0;-1.84
16187;Linars;4.6;0.09
16188;Le Lindois;0;-0.2
16189;Londigny;1.1;-0.27
16190;Longré;0;-0.26
16191;Lonnes;3.4;1.11
16192;Terres-de-Haute-Charente;0.7;-0.82
16193;Louzac-Saint-André;0.5;-0.69
16194;Lupsault;0;2.27
16195;Lussac;0;0.11
16196;Luxé;4.2;0.23
16197;La Magdeleine;11.1;-0.56
16198;Magnac-lès-Gardes;0.9;0.81
16199;Magnac-sur-Touvre;5.5;0.8
16200;Maine-de-Boixe;0;-0.07
16203;Mainzac;0;2.84
16204;Bellevigne;1;-0.81
16205;Manot;1.6;-0.45
16206;Mansle-les-Fontaines;1.4;-0.01
16207;Marcillac-Lanville;1.9;-0.86
16208;Mareuil;1.6;-0.54
16209;Marillac-le-Franc;0.8;0.08
16210;Marsac;0.9;-1.35
16211;Marthon;1.9;-0.33
16212;Massignac;0.7;-1.05
16213;Mazerolles;1.5;-0.54
16215;Médillac;3.4;-0.75
16216;Mérignac;1;1.11
16217;Merpins;0.8;-0.47
16218;Mesnac;3.3;-0.04
16220;Les Métairies;1.3;-0.44
16221;Mons;0;-1.03
16222;Montboyer;3.7;-1.89
16223;Montbron;0.7;-0.4
16224;Montmérac;2;-0.07
16225;Montembœuf;0.4;0.23
16227;Montignac-le-Coq;0;-0.37
16229;Montjean;0;1.25
16230;Montmoreau;1.9;-1.02
16231;Montrollet;1.5;1.31
16232;Mornac;2.5;-0.57
16233;Mosnac-Saint-Simeux;1.3;-1.63
16234;Moulidars;1.5;-1.32
16236;Mouthiers-sur-Boëme;1.5;-0.57
16237;Mouton;0;0.15
16239;Mouzon;0;1.24
16240;Nabinaud;0;0
16241;Nanclars;1;0.82
16242;Nanteuil-en-Vallée;3.8;0.14
16243;Nercillac;0.2;-0.96
16244;Nersac;2.7;-1.08
16245;Nieuil;0.3;-0.8
16246;Nonac;3.8;-1.99
16248;Oradour;3.6;-1.81
16249;Oradour-Fanais;2.1;-2.5
16250;Orgedeuil;0;-1.52
16251;Oriolles;1.2;-1.36
16252;Orival;4;-0.33
16253;Paizay-Naudouin-Embourie;1.5;-1.1
16254;Palluaud;2.4;-1.27
16255;Parzac;0;0.36
16256;Passirac;1.1;0.82
16258;Pérignac;1;1.12
16260;Pillac;0;-0.89
16261;Les Pins;0.5;1.29
16263;Plassac-Rouffiac;0.6;-0.98
16264;Pleuville;0;-1.89
16267;Poullignac;0;3.38
16268;Poursac;4.1;-0.25
16269;Pranzac;0.2;-0.43
16270;Pressignac;0.7;0.68
16271;Puymoyen;3.2;0.04
16272;Puyréaux;2;1.28
16273;Raix;0;-4.09
16275;Ranville-Breuillaud;1.6;-1.63
16276;Reignac;0.6;-0.41
16277;Réparsac;0.3;0.05
16279;Rioux-Martin;1.2;-1.16
16280;Rivières;1;0.2
16281;La Rochefoucauld-en-Angoumois;1.7;0.07
16282;La Rochette;0.8;-0.22
16283;Ronsenac;2.3;-0.03
16284;Rouffiac;0;-0.68
16285;Rougnac;0.6;-0.37
16286;Rouillac;0.3;-0.42
16287;Roullet-Saint-Estèphe;0.8;0.3
16289;Roussines;1.1;1.35
16290;Rouzède;2.2;-0.42
16291;Ruelle-sur-Touvre;6.3;0.41
16292;Ruffec;2.9;-0.23
16293;Saint-Adjutory;3.5;0.62
16295;Saint-Amant-de-Boixe;3.5;-0.81
16297;Graves-Saint-Amant;2.1;-0.69
16298;Saint-Amant-de-Nouère;1.4;-2.32
16300;Val-de-Bonnieure;0.8;0.35
16301;Saint-Aulais-la-Chapelle;2;-1.24
16302;Saint-Avit;3.7;1.03
16303;Saint-Bonnet;0.6;0.21
16304;Saint-Brice;2.6;0.05
16306;Saint-Christophe;1.5;-1.09
16307;Saint-Ciers-sur-Bonnieure;2.3;-1.13
16308;Saint-Claud;3.4;-0.38
16310;Saint-Coutant;0;-0.77
16312;Saint-Cybardeaux;0.8;-0.79
16315;Saint-Félix;0;-1.69
16316;Saint-Fort-sur-le-Né;0;0.67
16317;Saint-Fraigne;3.2;-0.68
16318;Saint-Front;0;-0.41
16320;Saint-Genis-d'Hiersac;0.9;0.05
16321;Saint-Georges;0;-4.22
16323;Saint-Germain-de-Montbron;0.8;-0.1
16325;Saint-Gourson;0;-0.98
16326;Saint-Groux;0;-1.11
16329;Saint-Laurent-de-Céris;0;-1.08
16330;Saint-Laurent-de-Cognac;0.6;0
16331;Saint-Laurent-des-Combes;2.5;0.18
16334;Saint-Martial;0;-1.69
16335;Saint-Martin-du-Clocher;0;0
16336;Saint-Mary;1.3;0
16337;Saint-Maurice-des-Lions;0.8;0.26
16338;Saint-Médard;0;-0.85
16339;Val-d'Auge;0.6;-0.53
16340;Saint-Même-les-Carrières;0.7;-0.83
16341;Saint-Michel;4.5;-0.07
16342;Saint-Palais-du-Né;0;1.14
16343;Saint-Preuil;0;0.79
16345;Saint-Quentin-sur-Charente;2.3;-0.72
16346;Saint-Quentin-de-Chalais;2;-1.18
16347;Saint-Romain;2.6;-1
16348;Saint-Saturnin;1.4;-0.17
16349;Sainte-Sévère;0.4;-0.7
16350;Saint-Séverin;2.6;0.87
16352;Saint-Simon;0.9;2.11
16353;Saint-Sornin;1.7;0.49
16354;Sainte-Souline;0;0.29
16356;Saint-Sulpice-de-Ruffec;0;4.77
16357;Saint-Vallier;1.4;0.12
16358;Saint-Yrieix-sur-Charente;4.7;0.71
16359;Salles-d'Angles;0.2;-0.46
16360;Salles-de-Barbezieux;2.5;-2.12
16361;Salles-de-Villefagnan;0;-0.83
16362;Salles-Lavalette;0.8;-2.63
16363;Saulgond;1.3;0.51
16364;Sauvagnac;0;1.83
16365;Sauvignac;2.3;-0.99
16366;Segonzac;0.6;-0.1
16368;Sers;2.2;0.78
16369;Sigogne;0.7;-0.56
16370;Sireuil;1.5;0.11
16372;Souffrignac;3.2;1.78
16373;Souvigné;0;-2.66
16374;Soyaux;10.5;1.21
16375;Suaux;2;-0.89
16377;La Tâche;0;-1.06
16378;Taizé-Aizie;1.3;0.06
16379;Taponnat-Fleurignac;1.1;0.08
16380;Le Tâtre;0.5;1.31
16381;Theil-Rabier;0;-1.08
16382;Torsac;0.9;-0.98
16383;Tourriers;0.2;0.63
16384;Touvérac;1.7;-2.26
16385;Touvre;2.9;-1.01
16387;Triac-Lautrait;1.7;0.37
16388;Trois-Palis;2.1;-0.23
16389;Turgon;0;-0.99
16390;Tusson;0;1.31
16392;Valence;2.5;-1.5
16393;La Boixe;1.5;0.37
16394;Vaux-Lavalette;0;-3.69
16395;Vaux-Rouillac;0.8;-0.17
16396;Ventouse;0;-0.93
16397;Verdille;0.7;2
16398;Verneuil;0;-0.69
16399;Verrières;0;-1.38
16400;Verteuil-sur-Charente;1;-1.66
16401;Vervant;0;0
16402;Vibrac;1.9;0.06
16403;Le Vieux-Cérier;0;-0.25
16404;Vieux-Ruffec;0;0.31
16405;Vignolles;0;-1.75
16406;Moulins-sur-Tardoire;0.8;0.59
16408;Villebois-Lavalette;0.4;-0.88
16409;Villefagnan;1.6;-0.47
16412;Villejoubert;1.1;1.63
16413;Villiers-le-Roux;1.9;2.51
16414;Villognon;3.5;0.41
16415;Vindelle;1.1;-0.32
16416;Vitrac-Saint-Vincent;2;-0.76
16418;Vœuil-et-Giget;1.3;1.13
16419;Vouharte;0.8;-0.78
16420;Voulgézac;2.8;-0.61
16421;Vouthon;0.6;-0.76
16422;Vouzan;0.8;1.05
16423;Xambes;7.3;-4.61
16424;Yviers;3;0.8
16425;Yvrac-et-Malleyrand;0.4;0.7
17002;Agudelle;0;-0.12
17003;Aigrefeuille-d'Aunis;2.7;2.46
17004;Île-d'Aix;3.3;-3.05
17005;Allas-Bocage;0;0.08
17006;Allas-Champagne;0.8;-0.55
17007;Anais;0.7;-0.26
17008;Andilly;1.4;0.72
17009;Angliers;1.2;4.83
17010;Angoulins;5.5;1.12
17011;Annepont;1.3;1.14
17012;Annezay;0;-0.4
17013;Antezant-la-Chapelle;0.6;0.7
17015;Arces;0.7;-0.7
17016;Archiac;0.4;-0.17
17017;Archingeay;2.2;2.14
17018;Ardillières;2;0.6
17019;Ars-en-Ré;1.6;-0.08
17020;Arthenac;1.3;-0.15
17021;Arvert;0.6;2.14
17022;Asnières-la-Giraud;0.2;-1
17023;Aujac;0.6;0.64
17024;Aulnay;2;-0.42
17025;Aumagne;1.2;-0.26
17026;Authon-Ébéon;0;-0.04
17027;Avy;0.4;0.48
17028;Aytré;8.3;1.92
17029;Bagnizeau;2.7;-1.91
17030;Balanzac;1;1.91
17031;Ballans;0;0.42
17032;Ballon;1.3;0.62
17033;La Barde;2;-0.07
17034;Barzan;0;-0.04
17035;Bazauges;0;-2.49
17036;Beaugeay;0.9;0.34
17037;Beauvais-sur-Matha;0.5;0.65
17038;Bedenac;2.9;0.15
17039;Belluire;0;0.39
17041;Benon;0.9;2.1
17042;Bercloux;0.5;0.15
17043;Bernay-Saint-Martin;1.5;-0.3
17044;Berneuil;0.4;0.27
17045;Beurlay;1.2;-0.47
17046;Bignay;0;-2.13
17047;Biron;0.9;1.01
17048;Blanzac-lès-Matha;4.2;-0.3
17049;Blanzay-sur-Boutonne;0;-1.83
17050;Bois;0.9;-0.96
17051;Le Bois-Plage-en-Ré;1.9;-0.79
17052;Boisredon;0.7;0.24
17053;Bords;1.7;-0.58
17054;Boresse-et-Martron;1.4;-0.95
17055;Boscamnant;0;-2.24
17056;Bougneau;1;0.62
17057;Bouhet;1.7;0.3
17058;Bourcefranc-le-Chapus;1.1;0.33
17059;Bourgneuf;3.4;2.87
17060;Boutenac-Touvent;1.1;0.52
17061;Bran;0;1.77
17062;Bresdon;2.5;0.3
17063;Breuil-la-Réorte;1.5;0.61
17064;Breuillet;0.8;1.21
17065;Breuil-Magné;1.4;2.23
17066;Brie-sous-Archiac;1.9;-1.07
17067;Brie-sous-Matha;0;-1.22
17068;Brie-sous-Mortagne;1.5;0.28
17069;Brives-sur-Charente;0;-1.58
17070;Brizambourg;0.7;1.62
17071;La Brousse;0;0.23
17072;Burie;1.2;0.83
17073;Bussac-sur-Charente;1.9;0.48
17074;Bussac-Forêt;3.6;0.89
17075;Cabariot;1.4;1.76
17076;Celles;2.6;0
17077;Cercoux;1.6;1.53
17078;Chadenac;0.4;1.22
17079;Chaillevette;0.8;1.16
17080;Chambon;2.1;1.31
17081;Chamouillac;2.1;-0.27
17082;Champagnac;0.5;-1.04
17083;Champagne;1.8;0.78
17084;Champagnolles;0.3;1.35
17085;Champdolent;1;0.82
17086;Chaniers;1.1;0.21
17087;Chantemerle-sur-la-Soie;0;3.41
17089;La Chapelle-des-Pots;1.4;0.23
17091;Charron;0.8;0.28
17092;Chartuzac;7.1;0.84
17093;Le Château-d'Oléron;0.7;0.73
17094;Châtelaillon-Plage;6.3;1.4
17095;Chatenet;5;-0.82
17096;Chaunac;4.8;-3.18
17097;Le Chay;0.3;1.49
17098;Chenac-Saint-Seurin-d'Uzet;0;0.2
17099;Chepniers;1.2;1.02
17100;Chérac;0.4;0.62
17101;Cherbonnières;0;-0.34
17102;Chermignac;0.5;0.3
17104;Chevanceaux;0.2;1.15
17105;Chives;0;-1.48
17106;Cierzac;0;1.13
17107;Ciré-d'Aunis;0.9;2.63
17108;Clam;1.7;-0.76
17109;Clavette;1.6;0.79
17110;Clérac;0.2;0.7
17111;Clion;0.8;0.69
17112;La Clisse;0.3;1.74
17113;La Clotte;1.5;0.09
17114;Coivert;0;-1.3
17115;Colombiers;0;-0.75
17116;Consac;2.6;1.57
17117;Contré;0;-0.72
17118;Corignac;2.6;-1.9
17119;Corme-Écluse;0.5;2.36
17120;Corme-Royal;0.6;1.46
17121;La Couarde-sur-Mer;3.3;-1.33
17122;Coulonges;0;-1.33
17124;Courant;3.4;1.38
17125;Courcelles;0;-0.72
17126;Courcerac;0.8;0.49
17127;Courçon;1.5;2.86
17128;Courcoury;1;0.74
17129;Courpignac;0.6;0.2
17130;Coux;1.7;1.3
17131;Cozes;1.4;0.67
17132;Cram-Chaban;0.7;-0.15
17133;Cravans;0;0.1
17134;Crazannes;1.6;0.04
17135;Cressé;0;-1
17136;Croix-Chapeau;3.1;1.76
17137;La Croix-Comtesse;0;0
17138;Dampierre-sur-Boutonne;0.9;-0.48
17139;Dœuil-sur-le-Mignon;0;1.61
17140;Dolus-d'Oléron;1;-0.43
17141;Dompierre-sur-Charente;0.5;1.15
17142;Dompierre-sur-Mer;3.5;2.05
17143;Le Douhet;0.7;-0.07
17145;Échebrune;0;-0.14
17146;Échillais;2.1;0.88
17147;Écoyeux;0.5;0.34
17148;Écurat;0;-0.91
17149;Les Éduts;0;-1.63
17150;Les Églises-d'Argenteuil;0;0.41
17151;L'Éguille;0.5;0.62
17152;Épargnes;3.1;1.34
17153;Esnandes;4;0.61
17154;Les Essards;0.3;0.68
17155;Étaules;0.5;2.39
17156;Expiremont;4.2;-1.07
17157;Fenioux;1.7;0.92
17158;Ferrières;1.3;8.85
17159;Fléac-sur-Seugne;1.3;-0.59
17160;Floirac;0.8;2.42
17161;La Flotte;1.9;2.16
17162;Fontaine-Chalendray;2.6;1.49
17163;Fontaines-d'Ozillac;0;-0.16
17164;Fontcouverte;1.5;-0.5
17165;Fontenet;0;-0.46
17166;Forges;2.1;0.47
17167;Le Fouilloux;0.6;-0.26
17168;Fouras;2.9;0.32
17171;Geay;0.9;0.9
17172;Gémozac;0.8;1.08
17173;La Genétouze;0;-0.81
17174;Genouillé;1.7;0.38
17175;Germignac;1.2;-0.41
17176;Gibourne;0;-1.39
17177;Le Gicq;0;-1.84
17178;Givrezac;0;2.09
17179;Les Gonds;2.1;0.6
17180;Gourvillette;0;2.36
17181;Grandjean;1.5;0.94
17182;La Grève-sur-Mignon;2.1;0.36
17183;Grézac;0.5;0.63
17184;La Gripperie-Saint-Symphorien;2;0.06
17185;Le Gua;3.4;0.18
17186;Le Gué-d'Alleré;1.2;2.25
17187;Guitinières;0.5;-1.49
17188;Haimps;0.9;-0.47
17190;L'Houmeau;4.9;0.64
17191;La Jard;0;0.44
17192;Jarnac-Champagne;0.5;1.78
17193;La Jarne;4;0.78
17194;La Jarrie;4.5;1.12
17195;La Jarrie-Audouin;0;0.19
17196;Jazennes;1.7;0.53
17197;Jonzac;1.3;0.64
17198;Juicq;0.7;1.45
17199;Jussas;3.4;0.9
17200;Lagord;7.8;1.13
17201;La Laigne;0.8;0.59
17202;Landes;0.4;-0.98
17203;Landrais;4.3;1.31
17204;Léoville;0.8;-0.86
17205;Loire-les-Marais;1.1;0
17206;Loiré-sur-Nie;0;-0.06
17207;Loix;2.4;0.62
17208;Longèves;0.4;1.77
17209;Lonzac;0;0.19
17210;Lorignac;2.2;0.8
17211;Loulay;0;-0.35
17212;Louzignac;0;1.11
17213;Lozay;0;1.59
17214;Luchat;0;-0.03
17215;Lussac;0;-4.02
17216;Lussant;1;0.28
17217;Macqueville;0;0.28
17218;Marans;1.9;-0.11
17219;Marennes-Hiers-Brouage;0.9;-0.33
17220;Marignac;0;-0.32
17221;Marsais;1.4;0.75
17222;Marsilly;5.9;0.99
17223;Massac;0;1.34
17224;Matha;0.1;0.37
17225;Les Mathes;1.5;1.8
17226;Mazeray;0.7;0.69
17227;Mazerolles;0;0.21
17228;Médis;0.7;1.06
17229;Mérignac;1.1;0.95
17230;Meschers-sur-Gironde;1.6;0.33
17231;Messac;13;-0.16
17232;Meursac;0.5;0.83
17233;Meux;0;1.22
17234;Migré;0.8;1.64
17235;Migron;1.6;-0.72
17236;Mirambeau;1.6;0.5
17237;Moëze;0.8;1.14
17239;Mons;0;0.38
17240;Montendre;2.3;-0.03
17241;Montguyon;1.6;0.54
17242;Montils;0.8;0.53
17243;Montlieu-la-Garde;1.2;-0.45
17244;Montpellier-de-Médillan;1;0.2
17245;Montroy;3.1;1.09
17246;Moragne;1.6;1.13
17247;Mornac-sur-Seudre;1.9;0.65
17248;Mortagne-sur-Gironde;3.2;0
17249;Mortiers;0;-2.18
17250;Mosnac;0;1.1
17252;Le Mung;0.7;0.38
17253;Muron;0.7;0.31
17254;Nachamps;0;0.58
17255;Nancras;0.6;0.13
17256;Nantillé;1.9;0
17257;Néré;1;-1.58
17258;Neuillac;0;0.7
17259;Neulles;1.4;0.86
17260;Neuvicq;0.4;-1.14
17261;Neuvicq-le-Château;0;0.64
17262;Nieul-lès-Saintes;0.6;-0.11
17263;Nieul-le-Virouil;1.3;-0.09
17264;Nieul-sur-Mer;5;0.11
17265;Nieulle-sur-Seudre;0.8;-0.16
17266;Les Nouillers;0;0.95
17267;Nuaillé-d'Aunis;1.1;1.62
17268;Rives-de-Boutonne;0;-0.58
17269;Orignolles;1.6;1.24
17270;Ozillac;1.6;-0.51
17271;Paillé;0.8;0.57
17273;Pérignac;0.2;-0.83
17274;Périgny;6.7;1.02
17275;Pessines;1.8;1.17
17276;Le Pin;0;-2.57
17277;Essouvert;1.4;-2.12
17278;Pisany;0.3;0.93
17279;Plassac;0.4;1.61
17280;Plassay;0.8;2.22
17281;Polignac;0;-1.47
17282;Pommiers-Moulons;1.1;0.81
17283;Pons;0.9;0.62
17284;Pont-l'Abbé-d'Arnoult;0.8;-0.19
17285;Port-d'Envaux;0.7;0.16
17286;Les Portes-en-Ré;2.1;-0.83
17287;Pouillac;0;2.45
17288;Poursay-Garnaud;0;-0.26
17289;Préguillac;0.5;-0.74
17290;Prignac;0;-0.74
17291;Puilboreau;5.2;1.79
17292;Puy-du-Lac;2.5;1.45
17293;Puyravault;0.3;1.48
17294;Puyrolland;4;-1.21
17295;Réaux sur Trèfle;0.6;-1.18
17296;Rétaud;0;-0.25
17297;Rivedoux-Plage;2.8;1.02
17298;Rioux;0.2;0.61
17299;Rochefort;7.3;-0.6
17300;La Rochelle;11.6;0.91
17301;Romazières;0;2.64
17302;Romegoux;1.4;0.24
17303;La Ronde;0.5;-0.81
17304;Rouffiac;1;1.91
17305;Rouffignac;2.7;-0.23
17306;Royan;2.4;0.84
17307;Sablonceaux;0.9;0.01
17308;Saint-Agnant;2;0.62
17309;Saint-Aigulin;1.9;-0.12
17310;Saint-André-de-Lidon;0.5;1.68
17311;Saint-Augustin;0.9;1.91
17312;Saint-Bonnet-sur-Gironde;0.7;0.4
17313;Saint-Bris-des-Bois;0.6;-0.13
17314;Saint-Césaire;0.5;0.3
17315;Saint-Christophe;3;0.49
17316;Saint-Ciers-Champagne;1.2;-1.15
17317;Saint-Ciers-du-Taillon;0.5;0.68
17318;Saint-Clément-des-Baleines;1.3;2.11
17319;Sainte-Colombe;2.1;-0.3
17320;Saint-Coutant-le-Grand;0;0
17321;Saint-Crépin;0;0.19
17322;Saint-Cyr-du-Doret;1.1;1.17
17323;Saint-Denis-d'Oléron;0.6;-0.04
17324;Saint-Dizant-du-Bois;0;0
17325;Saint-Dizant-du-Gua;1.1;-0.93
17326;Saint-Eugène;0;0.42
17327;Saint-Félix;0.7;1.19
17328;Saint-Fort-sur-Gironde;1.6;-0.11
17329;Saint-Froult;1.6;2.31
17330;Sainte-Gemme;0.9;0.71
17331;Saint-Genis-de-Saintonge;0;0.26
17332;Saint-Georges-Antignac;0.6;1.15
17333;Saint-Georges-de-Didonne;1.5;-0.84
17335;Saint-Georges-des-Agoûts;1;-0.24
17336;Saint-Georges-des-Coteaux;0.7;0.99
17337;Saint-Georges-d'Oléron;0.9;1.53
17338;Saint-Georges-du-Bois;1.8;0.97
17339;Saint-Germain-de-Lusignan;1.2;-0.03
17340;Saint-Pierre-La-Noue;2.7;-1.02
17341;Saint-Germain-de-Vibrac;2.5;-0.61
17342;Saint-Germain-du-Seudre;1;-1.03
17343;Saint-Grégoire-d'Ardennes;1.8;-1.01
17344;Saint-Hilaire-de-Villefranche;0.4;0.53
17345;Saint-Hilaire-du-Bois;0;-1.69
17346;Saint-Hippolyte;0.6;0.96
17347;Saint-Jean-d'Angély;1.7;-0.93
17348;Saint-Jean-d'Angle;1.1;0.19
17349;Saint-Jean-de-Liversay;1.1;1.26
17350;Saint-Julien-de-l'Escap;0.4;-0.83
17351;Saint-Just-Luzac;1.1;0.98
17353;Saint-Laurent-de-la-Prée;4;1.55
17354;Saint-Léger;0.7;1.14
17355;Sainte-Lheurine;0;0.26
17356;Saint-Loup;2.4;0.05
17357;Saint-Maigrin;0.4;-0.25
17358;Saint-Mandé-sur-Brédoire;0;-0.55
17359;Saint-Mard;2.6;0.55
17360;Sainte-Marie-de-Ré;3.8;0.09
17361;Saint-Martial;0;-1.3
17362;Saint-Martial-de-Mirambeau;0;2.67
17363;Saint-Martial-de-Vitaterne;0.5;-0.03
17364;Saint-Martial-sur-Né;2.6;-0.83
17365;Saint-Martin-d'Ary;0.6;-0.14
17366;Saint-Martin-de-Coux;2.3;0.07
17367;Saint-Martin-de-Juillers;0;-0.54
17369;Saint-Martin-de-Ré;1.4;0.15
17372;Saint-Médard;0;3.32
17373;Saint-Médard-d'Aunis;1.4;0.98
17374;Sainte-Même;1;-1.48
17375;Saint-Nazaire-sur-Charente;2;0.46
17376;Saint-Ouen-d'Aunis;1.6;4.49
17377;Saint-Ouen-la-Thène;0;4.04
17378;Saint-Palais-de-Négrignac;0;-0.74
17379;Saint-Palais-de-Phiolin;1;0.39
17380;Saint-Palais-sur-Mer;2.2;-0.04
17381;Saint-Pardoult;0;-1.69
17382;Saint-Pierre-d'Amilly;2.9;1.23
17383;Saint-Pierre-de-Juillers;1.6;-1.11
17384;Saint-Pierre-de-l'Isle;5.5;0.12
17385;Saint-Pierre-d'Oléron;0.6;-0.24
17386;Saint-Pierre-du-Palais;0;-1.77
17387;Saint-Porchaire;1.8;1.15
17388;Saint-Quantin-de-Rançanne;0;-0.98
17389;Sainte-Radegonde;0.9;-0.06
17390;Sainte-Ramée;0;-1.26
17391;Saint-Rogatien;3.3;1.52
17393;Saint-Romain-de-Benet;1;0.73
17394;Saint-Saturnin-du-Bois;4.1;0.69
17395;Saint-Sauvant;1.2;0.83
17396;Saint-Sauveur-d'Aunis;1.4;1.82
17397;Saint-Savinien;1.8;0.23
17398;Saint-Seurin-de-Palenne;1.6;0
17400;Saint-Sever-de-Saintonge;1.9;0.82
17401;Saint-Séverin-sur-Boutonne;0;-1.53
17402;Saint-Sigismond-de-Clermont;1.3;0
17403;Saint-Simon-de-Bordes;0.3;0.87
17404;Saint-Simon-de-Pellouaille;0;0.78
17405;Saint-Sorlin-de-Conac;1.5;0.41
17406;Saint-Sornin;2.2;1.95
17407;Sainte-Soulle;1.7;2.2
17408;Saint-Sulpice-d'Arnoult;0.2;1.49
17409;Saint-Sulpice-de-Royan;0.7;1.32
17410;Saint-Thomas-de-Conac;1.6;0.68
17411;Saint-Trojan-les-Bains;0.6;-2.77
17412;Saint-Vaize;1.5;-0.37
17413;Saint-Vivien;1.4;2.01
17414;Saint-Xandre;4.4;2.69
17415;Saintes;5.5;-0.03
17416;Saleignes;0;-1.12
17417;Salignac-de-Mirambeau;0;0
17418;Salignac-sur-Charente;1.1;0.08
17420;Salles-sur-Mer;1.6;2.42
17421;Saujon;2.8;0.3
17422;Seigné;0;2.82
17423;Semillac;0;-0.48
17424;Semoussac;2;2.12
17425;Semussac;0.9;1.36
17426;Le Seure;1.4;1.47
17427;Siecq;1.1;-0.16
17428;Sonnac;0;-0.42
17429;Soubise;12.3;4.82
17430;Soubran;1.3;1.55
17431;Soulignonne;0.6;0.6
17432;Souméras;2.6;0.41
17433;Sousmoulins;3.4;-0.54
17434;Surgères;4.2;0.1
17435;Taillant;0;0.62
17436;Taillebourg;0.7;0.99
17437;Talmont-sur-Gironde;0;-3.38
17438;Tanzac;0;-1.08
17439;Taugon;1.5;-0.49
17440;Ternant;0;0.22
17441;Tesson;0.6;1.52
17442;Thaims;0;0.22
17443;Thairé;1.4;1.89
17444;Thénac;0.4;0.14
17445;Thézac;2.1;0.3
17446;Thors;0;0.43
17447;Le Thou;3.3;1.78
17448;Tonnay-Boutonne;1.2;0.44
17449;Tonnay-Charente;2.4;0.53
17450;Torxé;2.2;3.5
17451;Les Touches-de-Périgny;0;-0.95
17452;La Tremblade;1;0.2
17453;Trizay;1;0.28
17454;Tugéras-Saint-Maurice;2;0.58
17455;La Vallée;1.4;0.05
17457;La Devise;1.3;1.53
17458;Vanzac;1.6;4.23
17459;Varaize;0.5;-0.42
17460;Varzay;0.9;0.81
17461;Vaux-sur-Mer;1.8;1.06
17462;Vénérand;1.7;0.22
17463;Vergeroux;2.4;1.18
17464;Vergné;0;2.96
17465;La Vergne;0;0.59
17466;Vérines;2.1;1.13
17467;Vervant;0;0.35
17468;Vibrac;0;0.64
17469;Villars-en-Pons;1.1;0.38
17470;Villars-les-Bois;0;-1.07
17471;La Villedieu;0;-0.4
17472;Villedoux;1.5;0.01
17473;Villemorin;2.4;6.23
17474;Villeneuve-la-Comtesse;1.6;0.11
17476;Villexavier;1.8;-0.06
17477;Villiers-Couture;0;-1.88
17478;Vinax;0;1.03
17479;Virollet;0;2.17
17480;Virson;1.1;-0.44
17481;Voissay;1.2;1.53
17482;Vouhé;4.4;-0.2
17483;Yves;2.1;0.37
17484;Port-des-Barques;1.6;-0.32
17485;Le Grand-Village-Plage;2.4;0.75
17486;La Brée-les-Bains;2.5;-0.07
18001;Achères;2.1;-2.18
18002;Ainay-le-Vieil;2.7;0.72
18003;Les Aix-d'Angillon;0.9;-0.48
18004;Allogny;1.6;1.72
18005;Allouis;2.9;-0.34
18006;Annoix;3;1.39
18007;Apremont-sur-Allier;0;-0.96
18008;Arçay;2;-0.89
18009;Arcomps;0.9;-2.7
18010;Ardenais;0;-0.08
18011;Argent-sur-Sauldre;1.1;-0.65
18012;Argenvières;0.6;-1.17
18013;Arpheuilles;1.6;0.39
18014;Assigny;6.5;-0.54
18015;Aubigny-sur-Nère;0.7;-0.15
18016;Aubinges;0.5;1.17
18017;Augy-sur-Aubois;0;-0.4
18018;Avord;5;1.84
18019;Azy;1.6;0.3
18020;Bannay;1.7;-1.68
18021;Bannegon;1.1;-1.29
18022;Barlieu;1.4;-1.59
18023;Baugy;0.6;-1.14
18024;Beddes;0;2.6
18025;Beffes;0.9;-1.46
18026;Belleville-sur-Loire;2;-1.04
18027;Bengy-sur-Craon;2.5;-0.77
18028;Berry-Bouy;3.6;-0.23
18029;Bessais-le-Fromental;0.9;-1.61
18030;Blancafort;1.4;-0.76
18031;Blet;0;-0.41
18032;Boulleret;1;-0.45
18033;Bourges;8;-0.34
18034;Bouzais;2.7;-1.81
18035;Brécy;0.5;-0.22
18036;Brinay;0.5;-0.61
18037;Brinon-sur-Sauldre;1.9;-0.36
18038;Bruère-Allichamps;0.5;0.12
18039;Bué;0.7;-0.27
18040;Bussy;2;-1.04
18041;La Celette;1.2;2.49
18042;La Celle;1.5;-1.03
18043;La Celle-Condé;0;-1.17
18044;Cerbois;1.1;-1.39
18045;Chalivoy-Milon;3.5;-2.34
18046;Chambon;0;-1.92
18047;La Chapelle-d'Angillon;0.4;-0.69
18048;La Chapelle-Hugon;0;-0.26
18049;La Chapelle-Montlinard;4;0.41
18050;La Chapelle-Saint-Ursin;2.4;0.99
18051;La Chapelotte;0;-3.2
18052;Charenton-du-Cher;0.5;-1.03
18053;Charentonnay;2.6;0
18054;Charly;2.7;-1.09
18055;Chârost;1.5;-1.53
18056;Chassy;2.1;-0.76
18057;Châteaumeillant;1.5;-1.78
18058;Châteauneuf-sur-Cher;1.5;-1.11
18059;Le Châtelet;0.4;-1.88
18060;Chaumont;0;-2.64
18061;Chaumoux-Marcilly;0;-2.37
18062;Le Chautay;0;-2.38
18063;Chavannes;1.5;-2.21
18064;Chéry;1.2;1.08
18065;Chezal-Benoît;0.3;-1.51
18066;Civray;0.7;-0.57
18067;Clémont;1.5;-0.35
18068;Cogny;0;-2.39
18069;Colombiers;0.5;0.12
18070;Concressault;1.3;-0.75
18071;Contres;0;0.5
18072;Cornusse;1.2;-2.85
18073;Corquoy;0;-1.43
18074;Couargues;1.2;-0.66
18075;Cours-les-Barres;0.7;-0.22
18076;Coust;0;-0.68
18077;Couy;0;1.15
18078;Crézançay-sur-Cher;6.2;2.02
18079;Crézancy-en-Sancerre;0.6;-2.11
18080;Croisy;5.4;-1.84
18081;Crosses;1.2;0
18082;Cuffy;0.6;-1.24
18083;Culan;0.9;1.21
18084;Dampierre-en-Crot;3.6;-0.08
18085;Dampierre-en-Graçay;2.1;-0.4
18086;Drevant;0.5;-0.21
18087;Dun-sur-Auron;1.1;-1.67
18088;Ennordres;1.1;-0.24
18089;Épineuil-le-Fleuriel;0.8;-0.07
18090;Étréchy;0;-1.76
18091;Farges-Allichamps;1;0.95
18092;Farges-en-Septaine;5;-0.2
18093;Faverdines;0;-1.19
18094;Feux;3.9;-0.9
18095;Flavigny;1.6;-4.29
18096;Foëcy;2.1;-0.26
18097;Fussy;1.9;-0.57
18098;Gardefort;0;-2.65
18099;Garigny;0;-1.98
18100;Genouilly;1.8;-0.49
18101;Germigny-l'Exempt;0.9;-0.94
18102;Givardon;0;0.22
18103;Graçay;2.4;-2.55
18104;Groises;0;-0.5
18105;Gron;0.9;-0.21
18106;Grossouvre;1.3;-0.86
18107;La Groutte;0;-1.34
18108;La Guerche-sur-l'Aubois;1.7;-0.69
18109;Henrichemont;0.9;-0.62
18110;Herry;1.9;-0.73
18111;Humbligny;2.4;-1.06
18112;Ids-Saint-Roch;1.9;-1.12
18113;Ignol;3.2;-0.56
18114;Ineuil;0;-2.01
18115;Ivoy-le-Pré;0;-0.71
18116;Jalognes;1;-1.75
18117;Jars;3.5;-0.66
18118;Jouet-sur-l'Aubois;0.2;-0.72
18119;Jussy-Champagne;0;1.36
18120;Jussy-le-Chaudrier;0.4;-1.08
18121;Lantan;0;0.91
18122;Lapan;0;1.8
18124;Lazenay;1.3;-3.26
18125;Léré;2.1;-0.29
18126;Levet;0.5;-0.36
18127;Lignières;1;-0.52
18128;Limeux;1.3;1.11
18129;Lissay-Lochy;2.5;0.15
18130;Loye-sur-Arnon;0;-0.38
18132;Lugny-Champagne;0;-0.47
18133;Lunery;2.1;-0.21
18134;Lury-sur-Arnon;1.2;-0.27
18135;Maisonnais;1.3;-0.78
18136;Marçais;0;1.14
18137;Mareuil-sur-Arnon;2.1;-2.26
18138;Marmagne;2.4;-0.41
18139;Marseilles-lès-Aubigny;0;-0.23
18140;Massay;1.3;-0.59
18141;Mehun-sur-Yèvre;2.6;-0.45
18142;Meillant;2.1;-0.95
18143;Menetou-Couture;0;-0.19
18144;Menetou-Râtel;0.5;-1.01
18145;Menetou-Salon;0.1;-0.04
18146;Ménétréol-sous-Sancerre;0.8;-0.98
18147;Ménétréol-sur-Sauldre;1.1;-1.61
18148;Méreau;3.8;0.1
18149;Méry-ès-Bois;2.3;-1.13
18150;Méry-sur-Cher;6.2;0.97
18151;Montigny;0;-2.84
18152;Montlouis;0;0
18153;Morlac;0;-3.05
18154;Mornay-Berry;7.8;-1.68
18155;Mornay-sur-Allier;0.7;-0.43
18156;Morogues;0;-0.77
18157;Morthomiers;0.3;1.17
18158;Moulins-sur-Yèvre;0.9;0.04
18159;Nançay;3.5;-1.73
18160;Nérondes;2.4;-0.91
18161;Neuilly-en-Dun;0;-0.51
18162;Neuilly-en-Sancerre;2.2;-0.66
18163;Neuvy-Deux-Clochers;2.5;-1.94
18164;Neuvy-le-Barrois;0;0.58
18165;Neuvy-sur-Barangeon;1.7;-1.19
18166;Nohant-en-Goût;0.4;-1.11
18167;Nohant-en-Graçay;3.6;-0.67
18168;Le Noyer;3.4;1.18
18169;Nozières;0;1.26
18170;Oizon;0.8;-0.25
18171;Orcenais;0;-0.74
18172;Orval;0.9;-1.71
18173;Osmery;0;-1.94
18174;Osmoy;5.2;-0.24
18175;Ourouer-les-Bourdelins;0.9;-0.27
18176;Parassy;0.5;-0.52
18177;Parnay;0;-4.28
18178;La Perche;1.4;-1.4
18179;Pigny;2.2;0.38
18180;Plaimpied-Givaudins;2.6;1.03
18181;Plou;2.1;0.16
18182;Poisieux;1;-0.38
18183;Le Pondy;0;1.48
18184;Précy;0;0.48
18185;Presly;0;-2.86
18186;Preuilly;0.4;0.98
18187;Préveranges;0.7;-0.25
18188;Primelles;1.3;-4.09
18189;Quantilly;0;0.53
18190;Quincy;0.5;-0.89
18191;Raymond;3.1;-2.92
18192;Reigny;1.5;-2.41
18193;Rezay;0;-1.33
18194;Rians;0.3;-0.31
18195;Sagonne;1.3;0.18
18196;Saint-Aignan-des-Noyers;0;-4.74
18197;Saint-Amand-Montrond;2.7;-0.24
18198;Saint-Ambroix;0;0.27
18199;Saint-Baudel;0;0.2
18200;Saint-Bouize;0.9;-3.12
18201;Saint-Caprais;1.3;-0.28
18202;Saint-Céols;0;-2.36
18203;Saint-Christophe-le-Chaudry;0;-1.83
18204;Saint-Denis-de-Palin;0;-2.06
18205;Saint-Doulchard;4.4;0.29
18206;Saint-Éloy-de-Gy;1.6;0.27
18207;Saint-Florent-sur-Cher;4.9;-0.52
18208;Sainte-Gemme-en-Sancerrois;1.2;-1.27
18209;Saint-Georges-de-Poisieux;0;-0.82
18210;Saint-Georges-sur-la-Prée;2.2;-0.82
18211;Saint-Georges-sur-Moulon;1.6;0.49
18212;Saint-Germain-des-Bois;1.8;-0.32
18213;Saint-Germain-du-Puy;4.7;-0.77
18214;Saint-Hilaire-de-Court;0.9;-0.28
18215;Saint-Hilaire-de-Gondilly;0;-4.21
18216;Saint-Hilaire-en-Lignières;1.5;-0.23
18217;Saint-Jeanvrin;0;1.26
18218;Saint-Just;0;0.18
18219;Saint-Laurent;3.1;0.43
18220;Saint-Léger-le-Petit;2.2;-0.14
18221;Saint-Loup-des-Chaumes;0;-0.91
18223;Saint-Martin-d'Auxigny;0.9;1.07
18224;Saint-Martin-des-Champs;0;-0.16
18225;Saint-Maur;0;-1.87
18226;Saint-Michel-de-Volangis;1;-0.35
18227;Sainte-Montaine;4;-1.51
18228;Saint-Outrille;1.6;0
18229;Saint-Palais;0;-0.16
18230;Saint-Pierre-les-Bois;3.8;-1.18
18231;Saint-Pierre-les-Étieux;0.6;1.14
18232;Saint-Priest-la-Marche;0;1.78
18233;Saint-Satur;2.4;-0.26
18234;Saint-Saturnin;0.8;0.78
18235;Sainte-Solange;0.8;-0.46
18236;Saint-Symphorien;0;-0.12
18237;Sainte-Thorette;2.3;-0.14
18238;Saint-Vitte;2;-1.44
18240;Sancergues;3.3;-0.98
18241;Sancerre;1.4;-0.98
18242;Sancoins;0.9;-0.82
18243;Santranges;1.5;0.98
18244;Saugy;3;-0.42
18245;Saulzais-le-Potier;9.5;-0.78
18246;Savigny-en-Sancerre;1.1;1.92
18247;Savigny-en-Septaine;0;0.14
18248;Senneçay;0.9;-0.58
18249;Sens-Beaujeu;1.1;0.21
18250;Serruelles;0;-2.5
18251;Sévry;0;-1.53
18252;Sidiailles;1.3;-0.5
18253;Soulangis;0;-0.99
18254;Soye-en-Septaine;0;0.03
18255;Le Subdray;2.5;0.45
18256;Subligny;3.4;-0.29
18257;Sury-près-Léré;1.1;-1.01
18258;Sury-en-Vaux;1.4;-0.55
18259;Sury-ès-Bois;1.8;2.15
18260;Tendron;2.1;-1.27
18261;Thaumiers;0.6;-0.99
18262;Thauvenay;2.7;-0.81
18263;Thénioux;5.2;-0.03
18264;Thou;2.9;0.43
18265;Torteron;0.3;-0.23
18266;Touchay;0;-2.52
18267;Trouy;1.8;0.28
18268;Uzay-le-Venon;0;0.45
18269;Vailly-sur-Sauldre;0.5;-0.33
18270;Vallenay;0.9;-1.06
18271;Vasselay;0.7;1.68
18272;Veaugues;0.8;-1.29
18273;Venesmes;0;-0.72
18274;Verdigny;4.4;0.32
18275;Vereaux;1.5;-0.24
18276;Vernais;0;-1.05
18277;Verneuil;5.6;0.48
18278;Vesdun;1;-0.92
18279;Vierzon;7.3;-0.71
18280;Vignoux-sous-les-Aix;0;-0.12
18281;Vignoux-sur-Barangeon;1.7;-0.55
18282;Villabon;0.4;-0.21
18283;Villecelin;2.9;-3.9
18284;Villegenon;0;-0.31
18285;Villeneuve-sur-Cher;0.6;-2.32
18286;Villequiers;0;-1.36
18287;Vinon;2.1;-0.28
18288;Vorly;0.8;0.9
18289;Vornay;0.3;-0.25
18290;Vouzeron;5.6;0.64
19001;Affieux;2.8;0.54
19002;Aix;0;-0.97
19003;Albignac;1.1;-1.29
19004;Albussac;1.7;0.18
19005;Allassac;1.3;0.62
19006;Alleyrat;0;1.36
19007;Altillac;0.3;-0.78
19008;Ambrugeat;1.3;0.65
19009;Les Angles-sur-Corrèze;3.7;2.44
19010;Argentat-sur-Dordogne;0.4;-1.26
19011;Arnac-Pompadour;2.2;1.11
19012;Astaillac;0;-1.88
19013;Aubazines;1;-0.96
19014;Auriac;0;-0.89
19015;Ayen;0;-0.21
19016;Bar;0.7;-0.22
19017;Bassignac-le-Bas;0;-1.9
19018;Bassignac-le-Haut;0;-3.57
19019;Beaulieu-sur-Dordogne;0.5;-0.13
19020;Beaumont;2.6;-0.14
19021;Bellechassagne;0;2.35
19022;Benayes;1.1;-0.66
19023;Beynat;1.2;0.12
19024;Beyssac;1.6;-4.02
19025;Beyssenac;0;-0.73
19026;Bilhac;0;1.2
19027;Bonnefond;0;0.3
19028;Bort-les-Orgues;0.6;-1.35
19029;Branceilles;0.8;-0.06
19030;Brignac-la-Plaine;1;-0.34
19031;Brive-la-Gaillarde;5.1;-0.08
19033;Bugeat;1.5;-1.59
19034;Camps-Saint-Mathurin-Léobazel;1;-2.36
19035;Chabrignac;0.5;-1.69
19036;Chamberet;2.4;0.66
19037;Chamboulive;0.9;-0.65
19038;Chameyrat;0.7;-0.65
19039;Champagnac-la-Noaille;0;-0.64
19040;Champagnac-la-Prune;1.9;-1.38
19041;Chanac-les-Mines;0;-3.11
19042;Chanteix;0.3;0.38
19043;La Chapelle-aux-Brocs;2.1;1.53
19044;La Chapelle-aux-Saints;0;0.06
19045;La Chapelle-Saint-Géraud;1.2;-0.42
19046;Chapelle-Spinasse;0;-0.44
19047;Chartrier-Ferrière;0;0.45
19048;Le Chastang;0.7;-1.06
19049;Chasteaux;0.8;-0.53
19050;Chauffour-sur-Vell;0;-0.36
19051;Chaumeil;0;1.15
19052;Chavanac;7.1;-0.99
19053;Chaveroche;0;3.76
19054;Chenailler-Mascheix;0;0.72
19055;Chirac-Bellevue;0;-0.82
19056;Clergoux;1.3;-0.16
19057;Collonges-la-Rouge;0.5;-0.34
19058;Combressol;0;1.7
19059;Concèze;1.2;-1.64
19060;Condat-sur-Ganaveix;0.9;-0.41
19061;Cornil;5.2;-1.08
19062;Corrèze;0.7;0.68
19063;Cosnac;1.8;0.32
19064;Couffy-sur-Sarsonne;0;-1.55
19065;Courteix;0;0
19066;Cublac;0.1;0.55
19067;Curemonte;2;0.31
19068;Dampniat;0.6;-0.82
19069;Darazac;0;0.96
19070;Darnets;0;-2.51
19071;Davignac;1.2;1.51
19072;Donzenac;0.5;0.42
19073;Égletons;3.3;0.19
19074;L'Église-aux-Bois;4.5;-1.55
19075;Espagnac;1.3;0.35
19076;Espartignac;1.2;-1.21
19077;Estivals;0;1.28
19078;Estivaux;1.2;-0.68
19079;Eyburie;1.5;-0.2
19080;Eygurande;3.1;0.02
19081;Eyrein;0;0.43
19082;Favars;0.2;0.97
19083;Feyt;1.9;-2.33
19084;Forgès;0;-2.64
19085;Gimel-les-Cascades;0.6;-0.47
19086;Goulles;0.8;0
19087;Gourdon-Murat;3.1;-4.06
19088;Grandsaigne;0;-0.68
19089;Gros-Chastang;0;0.46
19090;Gumond;0;0.51
19091;Hautefage;0.8;0.32
19093;Jugeals-Nazareth;0.5;-0.09
19094;Juillac;1.1;0.29
19095;Lacelle;9.6;0.25
19096;Ladignac-sur-Rondelles;0.6;-0.29
19097;Lafage-sur-Sombre;0;1.98
19098;Lagarde-Marc-la-Tour;1.3;-0.76
19099;Lagleygeolle;0;0.38
19100;Lagraulière;1.2;1.24
19101;Laguenne-sur-Avalouze;2;0.16
19102;Lamazière-Basse;0;-1.08
19103;Lamazière-Haute;0;0
19104;Lamongerie;1.9;1.26
19105;Lanteuil;0;-0.58
19106;Lapleau;0.7;-0.09
19107;Larche;0.3;0.61
19108;Laroche-près-Feyt;0;3.57
19109;Lascaux;1.7;1.07
19110;Latronche;0;-2.78
19111;Laval-sur-Luzège;0;0.5
19112;Lestards;0;1.53
19113;Liginiac;0.8;2.01
19114;Lignareix;0;-0.2
19115;Ligneyrac;4.4;-0.77
19116;Liourdres;3.2;1.04
19117;Lissac-sur-Couze;0.5;-1.41
19118;Le Lonzac;1.9;0.35
19119;Lostanges;1.7;2.12
19120;Louignac;0;0.49
19121;Lubersac;0.7;0.21
19122;Madranges;3.9;-2.29
19123;Malemort;2.9;-0.04
19124;Mansac;0.5;1.38
19125;Marcillac-la-Croisille;1.1;1.16
19126;Marcillac-la-Croze;0;-0.28
19128;Margerides;0.8;-0.85
19129;Masseret;2.6;-0.3
19130;Maussac;0.5;0.42
19131;Meilhards;1;0.99
19132;Ménoire;0;3.29
19133;Mercœur;0;-1.11
19134;Merlines;0;-0.11
19135;Mestes;0;-0.76
19136;Meymac;1.1;-0.6
19137;Meyrignac-l'Église;0;0.27
19138;Meyssac;1.2;0.09
19139;Millevaches;0;-1.24
19140;Monceaux-sur-Dordogne;0.4;-0.24
19141;Monestier-Merlines;10.5;-1.15
19142;Monestier-Port-Dieu;0;3.85
19143;Montaignac-sur-Doustre;0;-0.64
19144;Montgibaud;0;0.68
19145;Moustier-Ventadour;1;-1.54
19146;Naves;1.5;-0.05
19147;Nespouls;0;0.24
19148;Neuvic;0.7;-0.72
19149;Neuville;0;1.11
19150;Noailhac;0;-1.27
19151;Noailles;0.7;0.91
19152;Nonards;0;0.86
19153;Objat;0.6;0.38
19154;Orgnac-sur-Vézère;0.8;0.48
19155;Orliac-de-Bar;2.3;-2.17
19156;Palazinges;0;2.03
19157;Palisse;0;-0.52
19158;Pandrignes;0;0.3
19159;Péret-Bel-Air;0;-1.5
19160;Pérols-sur-Vézère;0;1.59
19161;Perpezac-le-Blanc;0;-1.4
19162;Perpezac-le-Noir;0.7;1.71
19163;Le Pescher;0;3.87
19164;Peyrelevade;0.8;-0.57
19165;Peyrissac;0;-0.52
19166;Pierrefitte;10.3;0.74
19167;Confolent-Port-Dieu;0;1.27
19168;Pradines;0;-1.99
19169;Puy-d'Arnac;0;0.23
19170;Queyssac-les-Vignes;1;2.9
19171;Reygade;1.3;-0.98
19172;Rilhac-Treignac;3.2;0.89
19173;Rilhac-Xaintrie;0;0.11
19174;La Roche-Canillac;0;-2.3
19175;Roche-le-Peyroux;2.5;0
19176;Rosiers-d'Égletons;0;0.31
19177;Rosiers-de-Juillac;0;-0.92
19178;Sadroc;0.4;1.31
19179;Saillac;0;0.16
19180;Saint-Angel;0;-0.05
19181;Saint-Augustin;0;-0.28
19182;Saint-Aulaire;0.9;-0.64
19184;Saint-Bazile-de-Meyssac;1.8;0.62
19186;Saint-Bonnet-Elvert;3;1.39
19187;Saint-Bonnet-la-Rivière;0;0.98
19188;Saint-Bonnet-l'Enfantier;0;0.87
19189;Saint-Bonnet-les-Tours-de-Merle;0;-3.65
19190;Saint-Bonnet-près-Bort;0;-0.52
19191;Saint-Cernin-de-Larche;0.9;0.58
19192;Saint-Chamant;0;-0.38
19193;Saint-Cirgues-la-Loutre;1.9;0.19
19194;Saint-Clément;1.1;0.75
19195;Saint-Cyprien;0.6;0.26
19196;Saint-Cyr-la-Roche;2.3;-1.55
19198;Saint-Éloy-les-Tuileries;2.4;1.09
19199;Saint-Étienne-aux-Clos;1;1.28
19200;Saint-Étienne-la-Geneste;0;-1.28
19201;Saint-Exupéry-les-Roches;1.5;0.06
19202;Sainte-Féréole;1.2;1.42
19203;Sainte-Fortunade;0.6;0.04
19204;Saint-Fréjoux;0;-1.78
19205;Saint-Geniez-ô-Merle;0;-0.18
19206;Saint-Germain-Lavolps;0;2.52
19207;Saint-Germain-les-Vergnes;1.2;0.71
19208;Saint-Hilaire-Foissac;1.1;-0.26
19209;Saint-Hilaire-les-Courbes;0;2.07
19210;Saint-Hilaire-Luc;0;-1.46
19211;Saint-Hilaire-Peyroux;2.6;0.53
19212;Saint-Hilaire-Taurieux;0;-0.69
19213;Saint-Jal;1.2;-0.92
19214;Saint-Julien-aux-Bois;2.5;-1.14
19215;Saint-Julien-le-Pèlerin;0;-2.13
19216;Saint-Julien-le-Vendômois;0;-0.75
19217;Saint-Julien-Maumont;4.2;0.69
19219;Sainte-Marie-Lapanouze;0;-0.81
19220;Saint-Martial-de-Gimel;0.5;-0.1
19221;Saint-Martial-Entraygues;0;4.21
19222;Saint-Martin-la-Méanne;0.9;0.24
19225;Saint-Merd-de-Lapleau;1.5;0.89
19226;Saint-Merd-les-Oussines;6.4;-2.89
19227;Saint-Mexant;0.5;0.28
19228;Saint-Pantaléon-de-Lapleau;0;-0.76
19229;Saint-Pantaléon-de-Larche;2.1;0.75
19231;Saint-Pardoux-la-Croisille;3.1;-0.09
19232;Saint-Pardoux-le-Neuf;0;0.63
19233;Saint-Pardoux-le-Vieux;0;-0.34
19234;Saint-Pardoux-l'Ortigier;0.4;0.21
19235;Saint-Paul;0;1.88
19236;Saint-Priest-de-Gimel;0.5;-0.58
19237;Saint-Privat;0;-0.67
19238;Saint-Rémy;0;0.87
19239;Saint-Robert;0;-0.99
19240;Saint-Salvadour;2.1;0.37
19241;Saint-Setiers;2.7;-1.03
19242;Saint-Solve;2.5;-0.36
19243;Saint-Sornin-Lavolps;1;-0.35
19244;Saint-Sulpice-les-Bois;0;-1.23
19245;Saint-Sylvain;0;-0.5
19246;Saint-Viance;0.8;0.59
19247;Saint-Victour;1.1;1.16
19248;Les Trois-Saints;1;-0.17
19249;Saint-Yrieix-le-Déjalat;0.7;-0.79
19250;Salon-la-Tour;0.7;0.68
19251;Sarran;1.8;-0.06
19252;Sarroux - Saint Julien;0.3;0.49
19253;Segonzac;0;-1.79
19254;Ségur-le-Château;2.9;2.04
19255;Seilhac;1;0.9
19256;Sérandon;0;-0.62
19257;Sérilhac;0;0.31
19258;Servières-le-Château;0;-1.34
19259;Sexcles;1.1;-0.36
19260;Sioniac;1.1;0.57
19261;Sornac;0;0.13
19262;Soudaine-Lavinadière;0;-3.4
19263;Soudeilles;0;-0.5
19264;Soursac;0;0.59
19265;Tarnac;1.9;0.55
19266;Thalamy;0;1.34
19268;Toy-Viam;0;-0.92
19269;Treignac;2;-1.24
19270;Troche;1.3;-0.57
19271;Tudeils;0;1.38
19272;Tulle;3.2;-1.01
19273;Turenne;1.9;-0.94
19274;Ussac;0.7;0.4
19275;Ussel;1.1;-1.06
19276;Uzerche;2.3;-0.25
19277;Valiergues;0;0.68
19278;Varetz;1.1;0.2
19279;Vars-sur-Roseix;0;1.46
19280;Végennes;0;-0.19
19281;Veix;0;2.18
19283;Veyrières;0;2.19
19284;Viam;0;-2.67
19285;Vigeois;1.8;1.25
19286;Vignols;0;-0.86
19287;Vitrac-sur-Montane;0.9;-1.46
19288;Voutezac;1;-0.36
19289;Yssandon;0;0.29
21001;Agencourt;4.9;-1.01
21002;Agey;2.5;-1.7
21003;Ahuy;7;5.69
21004;Aignay-le-Duc;7.8;-1.5
21005;Aiserey;4;1.2
21006;Aisey-sur-Seine;0;-1.25
21007;Aisy-sous-Thil;2.1;-1.55
21008;Alise-Sainte-Reine;14;-0.52
21009;Allerey;2.8;0.39
21010;Aloxe-Corton;1.4;0.25
21011;Ampilly-les-Bordes;0;-0.8
21012;Ampilly-le-Sec;1.6;-1.31
21013;Ancey;9.5;0.49
21014;Antheuil;0;0.83
21015;Antigny-la-Ville;0;-3.69
21016;Arceau;1.8;2.2
21017;Arcenant;2.6;0
21018;Arcey;0;0
21020;Arconcey;1;-0.23
21021;Arc-sur-Tille;1.9;-0.37
21022;Argilly;2.1;1.02
21023;Arnay-le-Duc;0.7;-1.17
21024;Arnay-sous-Vitteaux;4.5;0.3
21025;Arrans;4.3;-3.08
21026;Asnières-en-Montagne;0;-1.92
21027;Asnières-lès-Dijon;5.5;2.37
21028;Athée;7.8;0.28
21029;Athie;2.9;0.64
21030;Aubaine;2.9;-1.76
21031;Aubigny-en-Plaine;2.7;1.62
21032;Aubigny-la-Ronce;2.5;0.4
21033;Aubigny-lès-Sombernon;2.5;2.69
21034;Autricourt;6.5;0.75
21035;Auvillars-sur-Saône;2.1;0.2
21036;Auxant;2.8;2.4
21037;Auxey-Duresses;2;-0.55
21038;Auxonne;6.3;-0.2
21039;Avelanges;21.4;0.48
21040;Avosnes;0;0.38
21041;Avot;5.3;0.09
21042;Bagnot;2.7;-0.42
21043;Baigneux-les-Juifs;7.8;-2.95
21044;Balot;0;2.12
21045;Barbirey-sur-Ouche;0.9;1.37
21046;Bard-le-Régulier;3.3;0.68
21047;Bard-lès-Époisses;3.1;0.47
21048;Barges;2.6;1.33
21049;Barjon;0;-1.84
21050;Baubigny;5.1;0.49
21051;Baulme-la-Roche;2.2;-0.18
21052;Beaulieu;0;-0.6
21053;Beaumont-sur-Vingeanne;2.2;0
21054;Beaune;5.5;-1.12
21055;Beaunotte;14.3;-5.45
21056;Beire-le-Châtel;1.7;1.11
21057;Beire-le-Fort;3.1;0
21058;Belan-sur-Ource;2.3;-2.1
21059;Bellefond;6;1.07
21060;Belleneuve;1.5;-0.48
21061;Bellenod-sur-Seine;3.3;-2.47
21062;Bellenot-sous-Pouilly;2.8;-0.07
21063;Beneuvre;10.5;-0.53
21064;Benoisey;2.4;-1.79
21065;Bessey-en-Chaume;0;-4.21
21066;Bessey-la-Cour;2.9;-2.01
21067;Bessey-lès-Cîteaux;3.1;-0.31
21068;Beurey-Bauguay;3.1;-0.41
21069;Beurizot;2.3;-1.28
21070;Bévy;2.8;-0.49
21071;Bèze;3.2;0.3
21072;Bézouotte;0.8;-0.25
21074;Billey;4;-0.59
21075;Billy-lès-Chanceaux;6.7;2.69
21076;Binges;1.8;1.89
21077;Bissey-la-Côte;1.8;1.05
21078;Bissey-la-Pierre;0;-1.4
21079;Blagny-sur-Vingeanne;4;-1.03
21080;Blaisy-Bas;17.1;-0.52
21081;Blaisy-Haut;3.4;-0.9
21082;Blancey;3.3;-4.61
21083;Blanot;4.9;-1.33
21084;Source-Seine;2.9;-0.28
21085;Bligny-le-Sec;2.8;-0.78
21086;Bligny-lès-Beaune;2.3;0.43
21087;Bligny-sur-Ouche;1;-0.46
21088;Boncourt-le-Bois;5.7;-0.89
21089;Bonnencontre;1.4;-0.3
21090;Boudreville;3.8;-2.54
21091;Bouhey;0;5.15
21092;Bouilland;0.8;2.39
21093;Bouix;1.4;-0.75
21094;Bourberain;0.5;-0.04
21095;Bousselange;0;-0.63
21096;Boussenois;4.3;-2.45
21097;Boussey;0;0.5
21098;Boux-sous-Salmaise;2.1;-0.26
21099;Bouze-lès-Beaune;2.7;-0.59
21100;Brain;7.1;0
21101;Braux;2.5;1.09
21102;Brazey-en-Morvan;7.8;1.4
21103;Brazey-en-Plaine;4.6;0.24
21104;Brémur-et-Vaurois;0;-1.78
21105;Bressey-sur-Tille;3.6;0.08
21106;Bretenière;4.8;0.64
21107;Bretigny;7.2;-0.02
21108;Brianny;2.3;-1.93
21109;Brion-sur-Ource;1.1;-1.6
21110;Brochon;6.2;-0.05
21111;Brognon;3.4;0.92
21112;Broin;2.3;-0.98
21113;Broindon;1.1;-0.17
21114;Buffon;6.9;-3.01
21115;Buncey;2.1;-1.03
21116;Bure-les-Templiers;3.8;-0.12
21117;Busseaut;7.1;1.34
21118;Busserotte-et-Montenaille;6.3;4.74
21119;Bussières;5.6;0.78
21120;La Bussière-sur-Ouche;1.1;3.33
21121;Bussy-la-Pesle;11.1;-0.22
21122;Bussy-le-Grand;6.7;-0.53
21123;Buxerolles;0;2.69
21124;Censerey;1.5;0.57
21125;Cérilly;1.1;-1.55
21126;Cessey-sur-Tille;5.1;-0.05
21127;Chaignay;4.7;-0.75
21128;Chailly-sur-Armançon;0.8;2.01
21129;Chambain;0;-1.68
21130;Chambeire;0.9;0.92
21131;Chamblanc;4.2;0.18
21132;Chambœuf;3.2;0.44
21133;Chambolle-Musigny;3.5;-1.64
21134;Chamesson;4.7;-2.87
21135;Champagne-sur-Vingeanne;0.8;-0.05
21136;Champagny;12.5;0
21137;Champ-d'Oiseau;0;3.79
21138;Champdôtre;2.8;0.08
21139;Champeau-en-Morvan;0;-0.73
21140;Champignolles;6.1;0.87
21141;Champrenault;0;1.42
21142;Chanceaux;4.3;-1.39
21143;Channay;0;-1.09
21144;Charencey;12.5;3.56
21145;Charigny;5;0.47
21146;Charmes;1.8;-2.56
21147;Charny;18.2;0
21148;Charrey-sur-Saône;1.2;-0.97
21149;Charrey-sur-Seine;2;-1.17
21150;Chassagne-Montrachet;0.9;-2.6
21151;Chassey;12.8;0.74
21152;Châteauneuf;0;-1.56
21153;Châtellenot;2.5;1.62
21154;Châtillon-sur-Seine;2.8;0.08
21155;Chaudenay-la-Ville;0;-2.41
21156;Chaudenay-le-Château;7.7;0.35
21157;Chaugey;13.3;4.91
21158;Chaume-et-Courchamp;0;0.28
21159;La Chaume;6.1;-1
21160;Chaume-lès-Baigneux;2.4;2.6
21161;Chaumont-le-Bois;3.2;-0.42
21162;Chaux;3.5;-0.14
21163;Chazeuil;4.4;-1.11
21164;Chazilly;1.4;1.17
21165;Chemin-d'Aisey;3.6;-1.74
21166;Chenôve;26.5;0.59
21167;Cheuge;0;-0.82
21168;Chevannay;5.3;-4.1
21169;Chevannes;3.5;1.89
21170;Chevigny-en-Valière;1.6;2.73
21171;Chevigny-Saint-Sauveur;9.6;-0.89
21172;Chivres;1.6;-1.38
21173;Chorey-les-Beaune;4.5;-0.97
21175;Cirey-lès-Pontailler;0;-1.82
21176;Civry-en-Montagne;0;-0.38
21177;Clamerey;1.2;-0.27
21178;Valforêt;1.2;-0.21
21179;Clénay;7.4;1.07
21180;Cléry;0;2.75
21181;Clomot;0;-1.69
21182;Collonges-lès-Bévy;5.9;0.87
21183;Collonges-et-Premières;8.7;0.72
21184;Colombier;0;1.05
21185;Combertault;5;-0.78
21186;Comblanchien;1.8;-1.19
21187;Commarin;0;0.28
21189;Corberon;1.4;-0.72
21190;Corcelles-les-Arts;2.3;-1.35
21191;Corcelles-lès-Cîteaux;1;0.35
21192;Corcelles-les-Monts;2.6;0.18
21193;Corgengoux;2.4;0.09
21194;Corgoloin;2.9;1.3
21195;Cormot-Vauchignon;2.3;0.24
21196;Corpeau;3;0.02
21197;Corpoyer-la-Chapelle;11.1;4.75
21198;Corrombles;0.9;-0.14
21199;Corsaint;2;-3.08
21200;Couchey;3.6;-0.44
21201;Coulmier-le-Sec;3.9;-1.45
21202;Courban;0;-3.92
21203;Courcelles-Frémoy;0;2.85
21204;Courcelles-lès-Montbard;5.9;2.06
21205;Courcelles-lès-Semur;0;-1.33
21207;Courlon;4.8;-1.06
21208;Courtivron;8.3;-0.9
21209;Couternon;3.1;0.14
21210;Créancey;0.8;0.03
21211;Crécey-sur-Tille;6.7;-2.67
21212;Crépand;1.4;-0.41
21214;Crugey;0;-1.15
21215;Cuiserey;0;-0.47
21216;Culètre;0;0.85
21217;Curley;1.3;0.61
21218;Curtil-Saint-Seine;3.9;-0.44
21219;Curtil-Vergy;0;2.19
21220;Cussey-les-Forges;5.4;1.43
21221;Cussy-la-Colonne;3.6;-2.11
21222;Cussy-le-Châtel;0;2.41
21223;Daix;9.3;0.92
21224;Dampierre-en-Montagne;0;-3.6
21225;Dampierre-et-Flée;3;-0.48
21226;Darcey;6.2;-0.15
21227;Darois;4.2;0.31
21228;Détain-et-Bruant;0;0.24
21229;Diancey;0;2.4
21230;Diénay;5.9;0.44
21231;Dijon;22.4;0.51
21232;Dompierre-en-Morvan;1.2;-1.2
21233;Drambon;1.2;0.55
21234;Drée;0;1.89
21235;Duesme;0;-2.33
21236;Ébaty;1.6;-0.19
21237;Échalot;2.1;0
21238;Échannay;3.8;0.76
21239;Échenon;0.9;-0.19
21240;Échevannes;7.8;0.87
21241;Échevronne;2.6;1.48
21242;Échigey;2.6;1.19
21243;Écutigny;2.7;-0.62
21244;Éguilly;12.9;2.04
21245;Épagny;2.5;0.47
21246;Épernay-sous-Gevrey;1.4;-2.8
21247;Époisses;2;-1.38
21248;Éringes;11.1;-4.26
21249;Esbarres;3.6;-0.55
21250;Essarois;16;-0.96
21251;Essey;3.1;1.85
21252;Étais;7.1;-2.04
21253;Étalante;8.2;-2.82
21254;L'Étang-Vergy;1.8;-0.8
21255;Étaules;2.7;3.56
21256;Étevaux;2.6;0.05
21257;Étormay;0;-0.5
21258;Étrochey;4.5;-1.38
21259;Fain-lès-Montbard;2.7;-1.56
21260;Fain-lès-Moutiers;1.5;-0.54
21261;Fauverney;0.3;-1.28
21262;Faverolles-lès-Lucey;0;-1.63
21263;Fénay;5.1;1.33
21264;Le Fête;0;-2.06
21265;Fixin;4.6;-0.73
21266;Flacey;0.9;2.7
21267;Flagey-Echézeaux;10.6;1.05
21268;Flagey-lès-Auxonne;2;0.75
21269;Flammerans;3.9;1.31
21270;Flavignerot;6.1;4.74
21271;Flavigny-sur-Ozerain;12.2;-1.55
21272;Le Val-Larrey;0;0.44
21273;Fleurey-sur-Ouche;4;2.64
21274;Foissy;2.6;0.4
21275;Foncegrive;5.5;-0.88
21276;Fontaines-en-Duesmois;5.4;-0.42
21277;Fontaine-Française;1.1;-0.17
21278;Fontaine-lès-Dijon;13.7;0.17
21279;Fontaines-les-Sèches;0;-1.23
21280;Fontangy;2.5;1.57
21281;Fontenelle;1.1;0.6
21282;Forléans;4.2;1.24
21283;Fraignot-et-Vesvrotte;0;3.67
21284;Francheville;1.5;-1.24
21285;Franxault;0.9;1.37
21286;Frénois;8.9;1.71
21287;Fresnes;1.3;-1.54
21288;Frôlois;0;-0.69
21289;Fussey;7.3;0.42
21290;Gemeaux;4.8;1.56
21291;Genay;1.2;0.13
21292;Genlis;7.2;-0.71
21293;Gergueil;0;0.95
21294;Gerland;2.2;0.78
21295;Gevrey-Chambertin;5.8;-0.56
21296;Gevrolles;0;-1.06
21297;Gilly-lès-Cîteaux;7.6;0.9
21298;Gissey-le-Vieil;0;-1.23
21299;Gissey-sous-Flavigny;7.3;0.74
21300;Gissey-sur-Ouche;2.7;0
21301;Glanon;0;2.37
21302;Gomméville;0;-2.85
21303;Les Goulles;0;4.57
21304;Grancey-le-Château-Neuvelle;5.9;0.72
21305;Grancey-sur-Ource;3.7;-2.31
21306;Grenant-lès-Sombernon;1;0.23
21307;Grésigny-Sainte-Reine;8.6;0.58
21308;Grignon;7;-2.4
21309;Griselles;0;0
21310;Grosbois-en-Montagne;8.5;1.42
21311;Grosbois-lès-Tichey;0;-2.02
21312;Gurgy-la-Ville;0;-5.28
21313;Gurgy-le-Château;17.6;1.16
21314;Hauteroche;0;-0.21
21315;Hauteville-lès-Dijon;9.1;-0.19
21316;Heuilley-sur-Saône;0.7;-0.15
21317;Is-sur-Tille;8.1;-0.4
21319;Izeure;4.1;0.95
21320;Izier;2.1;-0.25
21321;Jailly-les-Moulins;2.9;-2.41
21322;Jallanges;5.1;-1.04
21323;Jancigny;0;1.02
21324;Jeux-lès-Bard;0;0
21325;Jouey;2.1;0.36
21326;Jours-lès-Baigneux;5.7;1.55
21327;Val-Mont;2;-0.52
21328;Juillenay;0;3.22
21329;Juilly;0;-2.25
21330;Labergement-Foigney;3;0.31
21331;Labergement-lès-Auxonne;6.2;0.85
21332;Labergement-lès-Seurre;2.5;0.22
21333;Labruyère;1.7;0.44
21334;Lacanche;0.5;-2.81
21335;Lacour-d'Arcenay;2.2;-2.54
21336;Laignes;1.3;-1.08
21337;Lamarche-sur-Saône;3.7;0.59
21338;Lamargelle;6.4;-1.21
21339;Lantenay;8.2;-0.33
21340;Lanthes;4.6;-1.37
21341;Lantilly;13;-1.29
21342;Laperrière-sur-Saône;2.7;-0.08
21343;Larrey;0;0.9
21344;Lechâtelet;0.9;0.29
21345;Léry;6.7;0.17
21346;Leuglay;5.1;-0.88
21347;Levernois;2.9;2.06
21348;Licey-sur-Vingeanne;0;-0.65
21349;Liernais;2.5;-1.15
21350;Lignerolles;4;2.91
21351;Longchamp;3.6;-0.2
21352;Longeault-Pluvault;4.7;0.44
21353;Longecourt-en-Plaine;3;-0.52
21354;Longecourt-lès-Culêtre;4.8;1.94
21355;Longvic;12.1;-0.01
21356;Losne;2.7;0.98
21357;Louesme;7.8;1.23
21358;Lucenay-le-Duc;2.2;1.05
21359;Lucey;4.3;-1.42
21360;Lusigny-sur-Ouche;8;1.04
21361;Lux;1.9;-0.64
21362;Maconge;2.8;0.25
21363;Magnien;0.8;0.16
21364;Magny-Lambert;5.7;0
21365;Magny-la-Ville;6.3;-0.87
21366;Magny-lès-Aubigny;2.8;1.1
21367;Magny-Montarlot;0.7;-0.13
21368;Magny-lès-Villers;0.9;-0.9
21369;Magny-Saint-Médard;2.7;1.56
21370;Magny-sur-Tille;2.1;0.06
21371;Les Maillys;1.3;-0.83
21372;Maisey-le-Duc;0;-2.06
21373;Mâlain;8.6;1.18
21374;Maligny;0;-3.07
21375;Manlay;0;2.17
21376;Marandeuil;3.8;-3.21
21377;Marcellois;0;-2.06
21378;Marcenay;0;-0.34
21379;Marcheseuil;2.6;-0.33
21380;Marcigny-sous-Thil;0;-2.75
21381;Marcilly-et-Dracy;0;-3.27
21382;Marcilly-Ogny;1.2;-0.26
21383;Marcilly-sur-Tille;8.6;0.68
21384;Marey-lès-Fussey;7.5;6.68
21385;Marey-sur-Tille;4.1;0.36
21386;Marigny-le-Cahouët;2.1;-0.21
21387;Marigny-lès-Reullée;0;0.08
21388;Marliens;1.8;0.98
21389;Marmagne;1.2;-1.45
21390;Marsannay-la-Côte;10.5;0.23
21391;Marsannay-le-Bois;5.1;0.12
21392;Martrois;0;-0.27
21393;Massingy;3.9;1.75
21394;Massingy-lès-Semur;4.6;-1.65
21395;Massingy-lès-Vitteaux;2.9;-1.21
21396;Mauvilly;5.6;-0.5
21397;Mavilly-Mandelot;1.3;-0.38
21398;Maxilly-sur-Saône;2.7;1.23
21399;Meilly-sur-Rouvres;0;3.4
21400;Le Meix;0;-3.12
21401;Meloisey;2;-0.56
21402;Menesble;14.3;8.15
21403;Ménessaire;4.5;-1.02
21404;Ménétreux-le-Pitois;6.1;-1.53
21405;Merceuil;1.8;-0.02
21406;Mesmont;1.6;0.27
21407;Messanges;2.4;0.69
21408;Messigny-et-Vantoux;4.4;0.3
21409;Meuilley;2;-1.72
21410;Meulson;0;-2.7
21411;Meursanges;2.5;1.14
21412;Meursault;2.1;-0.78
21413;Millery;4;1.52
21414;Mimeure;0.7;1.06
21415;Minot;9.2;0.63
21416;Mirebeau-sur-Bèze;5;-1.34
21417;Missery;0;0.32
21418;Moitron;20;-2.24
21419;Molesme;0.8;0.56
21420;Molinot;1.1;1.48
21421;Moloy;6.4;0.43
21422;Molphey;0;-0.13
21423;Montagny-lès-Beaune;2.6;2.24
21424;Montagny-lès-Seurre;4.2;2.19
21425;Montbard;7.5;-1.91
21426;Montberthault;3.2;0.08
21427;Montceau-et-Écharnant;1.3;0.47
21428;Monthelie;1.6;-1.72
21429;Montigny-Montfort;5.8;-1.43
21430;Montigny-Saint-Barthélemy;0;-0.79
21431;Montigny-sur-Armançon;1.4;0.54
21432;Montigny-sur-Aube;4.3;-1.07
21433;Montigny-Mornay-Villeneuve-sur-Vingeanne;2.5;-0.43
21434;Montlay-en-Auxois;0;1.06
21435;Montliot-et-Courcelles;6;-0.72
21436;Montmain;1.6;-1.26
21437;Montmançon;1;-0.54
21438;Montmoyen;0;-1.94
21439;Montoillot;0;3.61
21440;Montot;6;0.33
21441;Mont-Saint-Jean;1.7;0.8
21442;Morey-Saint-Denis;2.3;-1.36
21444;Mosson;0;-1.18
21445;La Motte-Ternant;1.9;-0.11
21446;Moutiers-Saint-Jean;5;0.33
21447;Musigny;2.7;1.34
21448;Mussy-la-Fosse;2.3;1.67
21449;Nan-sous-Thil;0;-1.5
21450;Nantoux;0;-0.2
21451;Nesle-et-Massoult;0;0.87
21452;Neuilly-Crimolois;4.6;4.56
21454;Nicey;2.7;-0.15
21455;Nod-sur-Seine;0;-0.71
21456;Nogent-lès-Montbard;11.9;-0.22
21457;Noidan;0;2.5
21458;Noiron-sous-Gevrey;1.7;0.9
21459;Noiron-sur-Bèze;2.3;-0.78
21460;Noiron-sur-Seine;0;-4.13
21461;Nolay;1.7;-0.71
21462;Norges-la-Ville;6.4;-0.14
21463;Normier;0;6.85
21464;Nuits-Saint-Georges;4.7;-0.86
21465;Obtrée;0;0.86
21466;Oigny;0;1.77
21467;Oisilly;1.8;-0.78
21468;Orain;0;-1.42
21469;Orgeux;1.8;-0.36
21470;Origny;0;0.32
21471;Orret;0;-4.68
21472;Orville;1.3;0.58
21473;Ouges;5.8;0.83
21474;Pagny-la-Ville;3.7;0.2
21475;Pagny-le-Château;5.7;-0.87
21476;Painblanc;3;1.02
21477;Panges;2.6;-2.48
21478;Pasques;2.2;-0.29
21479;Pellerey;2.5;-4.08
21480;Pernand-Vergelesses;3;-0.55
21481;Perrigny-lès-Dijon;4.5;3.66
21482;Perrigny-sur-l'Ognon;2.1;-0.36
21483;Pichanges;1.5;0.17
21484;Planay;0;-2.46
21485;Plombières-lès-Dijon;12.1;-0.63
21487;Pluvet;3.3;0.59
21488;Poinçon-lès-Larrey;0;-0.17
21489;Poiseul-la-Grange;0;2.69
21490;Poiseul-la-Ville-et-Laperrière;1.4;-0.84
21491;Poiseul-lès-Saulx;2.4;2.41
21492;Pommard;2.7;-2.69
21493;Poncey-lès-Athée;2.1;-0.37
21494;Poncey-sur-l'Ignon;3.3;2.19
21495;Pont;4;3.44
21496;Pontailler-sur-Saône;2.2;-0.38
21497;Pont-et-Massène;3.4;-0.18
21498;Posanges;0;-3.52
21499;Pothières;0;-1.4
21500;Pouillenay;4.5;0.46
21501;Pouilly-en-Auxois;3.4;1.21
21502;Pouilly-sur-Saône;3.2;-0.27
21503;Pouilly-sur-Vingeanne;1.9;2.69
21504;Prâlon;2.4;1.64
21505;Précy-sous-Thil;2.1;-0.44
21506;Premeaux-Prissey;2.4;-1.33
21508;Prenois;2.1;2.18
21510;Prusly-sur-Ource;1.5;-0.21
21511;Puits;4.2;1.55
21512;Puligny-Montrachet;3;-1.52
21514;Quemigny-sur-Seine;5.4;0.18
21515;Quetigny;19;-1.25
21516;Quincerot;6.1;0.22
21517;Quincey;2.3;-0.26
21518;Quincy-le-Vicomte;2.4;-0.08
21519;Recey-sur-Ource;4.1;-1.32
21520;Remilly-en-Montagne;2.8;0.55
21521;Remilly-sur-Tille;1.5;1.77
21522;Renève;2.5;1.49
21523;Reulle-Vergy;1.4;3.32
21524;Riel-les-Eaux;0;0
21525;La Roche-en-Brenil;2.1;0.62
21526;Rochefort-sur-Brévon;0;0.82
21527;La Rochepot;0.7;-0.47
21528;La Roche-Vanneau;5.3;-1.17
21529;Roilly;0;1.34
21530;Rougemont;6.6;-1.64
21531;Rouvray;0;0.13
21532;Rouvres-en-Plaine;2;2.07
21533;Rouvres-sous-Meilly;2.5;-1.13
21534;Ruffey-lès-Beaune;2.1;1.07
21535;Ruffey-lès-Echirey;5.1;1.3
21536;Sacquenay;0.9;0.18
21537;Saffres;1.9;0.71
21538;Saint-Andeux;4.4;-2.58
21539;Saint-Anthot;3.4;-0.52
21540;Saint-Apollinaire;9.5;0.4
21541;Saint-Aubin;0;-2.21
21542;Saint-Bernard;6.3;0.37
21543;Saint-Broing-les-Moines;0;-0.71
21544;Sainte-Colombe-en-Auxois;3.8;-1.52
21545;Sainte-Colombe-sur-Seine;2;-0.45
21546;Saint-Didier;3;-0.81
21547;Saint-Euphrône;1.1;3.54
21548;Saint-Germain-de-Modéon;0;0.59
21549;Saint-Germain-le-Rocheux;3;0.83
21550;Saint-Germain-lès-Senailly;6.4;-1.4
21552;Saint-Hélier;5.9;-0.46
21553;Saint-Jean-de-Bœuf;4;-1.39
21554;Saint-Jean-de-Losne;1.6;-1.59
21555;Saint-Julien;5.5;2.81
21556;Saint-Léger-Triey;0.7;-0.65
21557;Saint-Marc-sur-Seine;0;0.77
21558;Sainte-Marie-la-Blanche;2;0.82
21559;Sainte-Marie-sur-Ouche;3;0.29
21560;Saint-Martin-de-la-Mer;0.9;-1.09
21561;Saint-Martin-du-Mont;0.9;0.85
21562;Saint-Maurice-sur-Vingeanne;0;-1.81
21563;Saint-Mesmin;3.3;-2.6
21564;Saint-Nicolas-lès-Cîteaux;3.3;-1.5
21565;Saint-Philibert;4.1;3.54
21566;Saint-Pierre-en-Vaux;0;-0.93
21567;Saint-Prix-lès-Arnay;0;-2.13
21568;Saint-Rémy;3.3;-0.72
21569;Saint-Romain;2.2;-1.43
21570;Sainte-Sabine;0;-1.12
21571;Saint-Sauveur;0;-1.65
21572;Saint-Seine-en-Bâche;2.2;0.42
21573;Saint-Seine-l'Abbaye;3.4;-0.5
21574;Saint-Seine-sur-Vingeanne;1.1;-0.82
21575;Saint-Symphorien-sur-Saône;2.8;-1.43
21576;Saint-Thibault;0;-0.73
21577;Saint-Usage;3.1;-0.36
21578;Saint-Victor-sur-Ouche;3.6;1.07
21579;Salives;5.1;-1.3
21580;Salmaise;10.2;-1.01
21581;Samerey;3.4;-2.91
21582;Santenay;3.7;-0.42
21583;Santosse;0;2.09
21584;Saulieu;2.7;-1.21
21585;Saulon-la-Chapelle;1.8;0.9
21586;Saulon-la-Rue;3.1;0.26
21587;Saulx-le-Duc;6.5;0.55
21588;Saussey;0;-0.9
21589;Saussy;2.3;-0.33
21590;Savigny-lès-Beaune;4.1;-0.18
21591;Savigny-le-Sec;4.8;0.96
21592;Savigny-sous-Mâlain;2.7;0.81
21593;Savilly;0;-0.42
21594;Savoisy;6.8;-0.67
21595;Savolles;0;-1.72
21596;Savouges;4.5;0.27
21597;Segrois;3.3;4.81
21598;Seigny;0;-2.03
21599;Selongey;6.6;-0.13
21600;Semarey;4.2;1.06
21601;Semezanges;4.8;0.55
21602;Semond;11.1;4.36
21603;Semur-en-Auxois;5.3;-0.43
21604;Senailly;1.8;-0.74
21605;Sennecey-lès-Dijon;7.9;0.39
21606;Ladoix-Serrigny;2.6;-0.48
21607;Seurre;4.2;-0.32
21608;Sincey-lès-Rouvray;0;0
21609;Soirans;1.3;0.69
21610;Soissons-sur-Nacey;2.8;-0.19
21611;Sombernon;3.3;0.96
21612;Souhey;2.6;-1.88
21613;Soussey-sur-Brionne;1.3;0.87
21614;Spoy;3;0.97
21615;Sussey;0.9;-0.8
21616;Tailly;1.8;1.68
21617;Talant;19;0.4
21618;Talmay;2.7;-1.28
21619;Tanay;1.9;-0.88
21620;Tarsul;2.6;1.65
21622;Tart-le-Bas;3.5;-0.07
21623;Tart;3;-0.54
21624;Tellecey;0;-0.12
21625;Ternant;0;-0.98
21626;Terrefondrée;15.8;0.79
21627;Thenissey;12.2;-3.54
21628;Thoires;0;-1.37
21629;Thoisy-la-Berchère;0.6;-0.59
21630;Thoisy-le-Désert;1.1;0.55
21631;Thomirey;0;2.96
21632;Thorey-en-Plaine;2.4;0.83
21633;Thorey-sous-Charny;1.3;2.04
21634;Thorey-sur-Ouche;1.2;-0.92
21635;Thoste;0;-1.41
21636;Thury;0;-1.58
21637;Tichey;2.2;0.08
21638;Til-Châtel;5.8;0.74
21639;Tillenay;6.9;-0.4
21640;Torcy-et-Pouligny;3.6;0.58
21641;Touillon;4.1;-0.22
21642;Toutry;5.9;-1.29
21643;Tréclun;2.9;-1.45
21644;Trochères;1.2;0
21645;Trouhans;2.3;-0.03
21646;Trouhaut;6.3;2.21
21647;Trugny;1.7;-1.19
21648;Turcey;10.5;-0.63
21649;Uncey-le-Franc;4.3;-0.34
21650;Urcy;1.3;-0.67
21651;Val-Suzon;3.2;-0.48
21652;Vandenesse-en-Auxois;0;-0.28
21653;Vannaire;3;-1.91
21655;Vanvey;0;0.5
21656;Varanges;2.3;-0.87
21657;Varois-et-Chaignot;2.2;1.15
21659;Vaux-Saules;3.8;0
21660;Veilly;0;4.5
21661;Velars-sur-Ouche;4.3;1.5
21662;Velogny;0;-0.98
21663;Venarey-les-Laumes;7.9;-0.83
21664;Verdonnet;0;-3.6
21665;Vernois-lès-Vesvres;2.9;-2.08
21666;Vernot;2.1;3.09
21667;Véronnes;2.2;0.29
21669;Verrey-sous-Drée;5.3;4.43
21670;Verrey-sous-Salmaise;13.7;0.74
21671;Vertault;0;-1.87
21672;Vesvres;0;1.2
21673;Veuvey-sur-Ouche;4;0.8
21674;Veuxhaulles-sur-Aube;3.5;-0.55
21675;Vianges;0;-2.54
21676;Vic-de-Chassenay;1;-1
21677;Vic-des-Prés;4.3;-1.02
21678;Vic-sous-Thil;7.1;-0.61
21679;Vieilmoulin;1.6;2.68
21680;Vielverge;2.1;0.34
21681;Vieux-Château;0;2.55
21682;Viévigne;0.7;0.4
21683;Viévy;0.7;0.14
21684;Vignoles;4.1;0.37
21685;Villaines-en-Duesmois;0.9;0.07
21686;Villaines-les-Prévôtes;6.1;0.35
21687;Villargoix;1.7;-0.12
21688;Villars-Fontaine;1.9;-0.84
21689;Villars-et-Villenotte;0;-0.77
21690;Villeberny;12.5;1.41
21691;Villebichot;1.7;0.55
21692;Villecomte;3.5;-0.6
21693;Villedieu;0;0.24
21694;Villeferry;0;-4.33
21695;La Villeneuve-les-Convers;4.3;4.15
21696;Villeneuve-sous-Charigny;0;-0.75
21698;Villers-la-Faye;3.8;0.08
21699;Villers-les-Pots;5;1.32
21700;Villers-Patras;2.4;-3.12
21701;Villers-Rotin;7.1;-0.66
21702;Villey-sur-Tille;6.4;-0.25
21703;Villiers-en-Morvan;0;0
21704;Villiers-le-Duc;4.2;5.39
21705;Villotte-Saint-Seine;8.8;-1.64
21706;Villotte-sur-Ource;2.5;-2.05
21707;Villy-en-Auxois;7.8;0.68
21708;Villy-le-Moutier;2;-0.74
21709;Viserny;3.4;0.09
21710;Vitteaux;8.3;-0.3
21711;Vix;5.6;-1.94
21712;Volnay;0.9;-1.07
21713;Vonges;1.6;0.76
21714;Vosne-Romanée;2.3;-0.43
21715;Voudenay;2.9;0.26
21716;Vougeot;3.9;-2.67
21717;Voulaines-les-Templiers;2.9;-1.24
22001;Allineuc;0;0.11
22002;Andel;1.6;0.82
22003;Aucaleuc;1.4;-0.36
22004;Bégard;0.8;0.3
22005;Belle-Isle-en-Terre;0.5;-0.05
22006;Berhet;0;1.21
22008;Bobital;0.8;0.69
22009;Le Bodéo;0;1.58
22011;Boqueho;0.9;-0.42
22012;La Bouillie;1.8;-0.23
22013;Bourbriac;1.4;-1.55
22014;Bourseul;1.7;1.6
22015;Bréhand;1.1;0.72
22016;Île-de-Bréhat;7.9;2.7
22018;Brélidy;2.8;0.93
22019;Bringolo;0.4;1.62
22020;Broons;1.5;0.22
22021;Brusvily;1.6;-0.51
22023;Bulat-Pestivien;0;-0.83
22024;Calanhel;2.9;1.88
22025;Callac;1.6;0.48
22026;Calorguen;1.2;0.02
22028;Camlez;1.2;-1.5
22029;Canihuel;0.6;-0.56
22030;Caouënnec-Lanvézéac;0.7;0.68
22031;Carnoët;0;-0.12
22032;Caulnes;3.8;0.21
22033;Caurel;1.6;-0.32
22034;Cavan;0.9;0.2
22035;Les Champs-Géraux;1.5;0.16
22036;La Chapelle-Blanche;2.5;0.65
22037;La Chapelle-Neuve;3.8;-0.04
22039;La Chèze;1.5;0.18
22040;Coadout;1.3;-1.27
22041;Coatascorn;0.9;-0.33
22042;Coatréven;1.8;0.03
22044;Coëtmieux;1.5;0.59
22045;Cohiniac;0;1.41
22046;Le Mené;0.9;-0.01
22047;Corlay;0.6;-0.78
22048;Corseul;0.6;0.7
22049;Créhen;2;0.25
22050;Dinan;4.9;0.85
22052;Duault;2.1;1.3
22053;Éréac;0.5;-0.1
22054;Erquy;2.2;0.11
22055;Binic-Étables-sur-Mer;3.5;0.13
22056;Évran;2.7;0.79
22057;Le Faouët;1.8;0.62
22059;Le Fœil;0.9;-0.67
22060;Gausson;0;0.74
22061;Glomel;1;0.19
22062;Gomené;2.8;0.09
22063;Gommenec'h;0.9;-0.03
22064;Gouarec;0.6;0.07
22065;Goudelin;1.2;-0.39
22067;Grâces;1.6;0.51
22068;Grâce-Uzel;0;0.16
22069;Guenroc;1.1;-0.15
22070;Guingamp;5.3;0.54
22071;Guitté;2.8;0.21
22072;Gurunhuel;1.1;-1.07
22073;La Harmoye;0.5;0.09
22074;Le Haut-Corlay;2.1;-0.55
22075;Hémonstoir;3.6;-0.21
22076;Hénanbihen;2.3;1.09
22077;Hénansal;1.9;1.3
22079;Hénon;0.6;0.57
22081;Hillion;2.6;0.74
22082;Le Hinglé;0.5;0.13
22083;Illifaut;1.3;-0.29
22084;Jugon-les-Lacs;1.5;0.29
22085;Kerbors;1;-1.54
22086;Kerfot;1;-1.92
22087;Kergrist-Moëlou;0.4;-0.41
22088;Kerien;0.9;-0.98
22090;Kermaria-Sulard;1.1;0.95
22091;Kermoroc'h;0.6;-1.26
22092;Kerpert;3.8;-0.37
22093;Lamballe-Armor;4.1;0.26
22094;Lancieux;5;0.95
22095;Landebaëron;0;-1.85
22096;Landébia;0.5;-1.8
22097;La Landec;0.3;0.29
22098;Landéhen;1.7;0.39
22099;Lanfains;0.6;0.09
22101;Langoat;0.2;-0.06
22103;Langrolay-sur-Rance;0.9;1.21
22104;Languédias;0.8;1.78
22105;Languenan;0.7;-0.07
22106;Langueux;3;0.64
22107;Bon Repos sur Blavet;1.4;-0.55
22108;Lanleff;0;0
22109;Lanloup;6.7;1.47
22110;Lanmérin;0.4;-0.76
22111;Lanmodez;0.8;-0.93
22112;Lannebert;1.2;-0.68
22113;Lannion;2.9;0.57
22114;Lanrelas;3;0.75
22115;Lanrivain;0;0.14
22116;Lanrodec;0.7;0.82
22117;Lantic;1.7;1.39
22118;Lanvallay;3.1;0.33
22119;Lanvellec;2;0.11
22121;Lanvollon;1.1;1.31
22122;Laurenan;0.6;0.16
22124;Lescouët-Gouarec;0;-0.23
22126;Le Leslay;0;-0.43
22127;Lézardrieux;2.7;1.77
22128;Locarn;1.3;0.65
22129;Loc-Envel;2.9;0.93
22131;Loguivy-Plougras;0.7;-2.71
22132;Lohuec;0;-1.04
22133;Loscouët-sur-Meu;2.9;0.16
22134;Louannec;1.5;-0.11
22135;Louargat;0.8;0.27
22136;Loudéac;2.4;0.48
22137;Maël-Carhaix;1.2;-0.66
22138;Maël-Pestivien;0;-1.33
22139;Magoar;0;-2.06
22140;La Malhoure;1.2;1.26
22141;Mantallot;0;0.51
22143;Matignon;2;0.85
22144;La Méaugon;1.5;0.51
22145;Mégrit;0.5;-0.04
22146;Mellionnec;3.1;0.4
22147;Merdrignac;1.9;-0.02
22148;Mérillac;1.8;0.49
22149;Merléac;3.3;0.44
22150;Le Merzer;1.1;0.1
22152;Minihy-Tréguier;7.2;-0.14
22153;Moncontour;1.1;-2.58
22155;La Motte;1.2;0.23
22156;Moustéru;1;-0.71
22157;Le Moustoir;0.3;-0.18
22158;Guerlédan;1;0.55
22160;Noyal;1.4;1.65
22161;Pabu;2.3;0.01
22162;Paimpol;3;0.18
22163;Paule;0;-1
22164;Pédernec;1.6;0.38
22165;Penguily;1;-0.08
22166;Penvénan;2.4;-0.15
22168;Perros-Guirec;3.7;0.11
22169;Peumerit-Quintin;2.9;0.84
22170;Plaine-Haute;0.7;1.12
22171;Plaintel;1.3;0.97
22172;Plancoët;3.3;0.4
22174;Pléboulle;1.7;-2.99
22175;Plédéliac;0.5;1.98
22176;Plédran;1.6;0.84
22177;Pléguien;0.8;1.42
22178;Pléhédel;1.3;0.2
22179;Fréhel;1.4;0.65
22180;Plélan-le-Petit;0.4;0.29
22181;Plélauff;1.1;0.85
22182;Plélo;1.2;-0.25
22183;Plémet;1.2;0.65
22184;Plémy;1.4;0.2
22185;Plénée-Jugon;1.7;0.85
22186;Pléneuf-Val-André;3.1;0.1
22187;Plérin;3.9;0.83
22188;Plerneuf;1.7;1.13
22189;Plésidy;1.8;-1.41
22190;Pleslin-Trigavou;0.8;2.06
22193;Plestan;1.7;0.52
22194;Plestin-les-Grèves;2;0.27
22195;Pleubian;2.3;-0.16
22196;Pleudaniel;0.5;-0.05
22197;Pleudihen-sur-Rance;3.1;0.54
22198;Pleumeur-Bodou;1.6;-0.6
22199;Pleumeur-Gautier;1.2;-0.65
22201;Plévenon;3.6;-0.81
22202;Plévin;1.3;-0.15
22203;Plœuc-L'Hermitage;0.9;0.26
22204;Ploëzal;1.1;-0.45
22205;Plorec-sur-Arguenon;1.5;1.29
22206;Châtelaudren-Plouagat;1.4;0.53
22207;Plouaret;1.4;0.65
22208;Plouasne;1.5;0.32
22209;Beaussais-sur-Mer;1.4;3.65
22210;Ploubazlanec;3.2;-0.08
22211;Ploubezre;1.6;0.75
22212;Plouëc-du-Trieux;1.1;0.12
22213;Plouër-sur-Rance;1.8;-0.46
22214;Plouézec;3.8;-0.43
22215;Ploufragan;5.7;-0.07
22216;Plougonver;1;0.74
22217;Plougras;0.5;0.6
22218;Plougrescant;2.6;-0.06
22219;Plouguenast-Langast;1;-0.69
22220;Plouguernével;0.4;-1.09
22221;Plouguiel;1.3;-0.27
22222;Plouha;2.1;0.7
22223;Plouisy;1.8;0.34
22224;Ploulec'h;1.3;-0.73
22225;Ploumagoar;1.2;0.02
22226;Ploumilliau;2.4;-0.18
22227;Plounérin;3.1;1.45
22228;Plounévez-Moëdec;1.1;0.45
22229;Plounévez-Quintin;0.2;-0.69
22231;Plourac'h;0;1.4
22232;Plourhan;1.5;1.2
22233;Plourivo;1.9;-0.1
22234;Plouvara;1.4;0.01
22235;Plouzélambre;2.3;-2.49
22236;Pludual;1;0.11
22237;Val-d'Arguenon;1.4;0.22
22238;Plufur;1.4;-0.16
22239;Plumaudan;1.2;1.73
22240;Plumaugat;1.4;1.09
22241;Plumieux;0.2;-0.25
22242;Plurien;2.3;0.04
22243;Plusquellec;0.5;0.9
22244;Plussulien;0;0.5
22245;Pluzunet;0.9;-0.27
22246;Pommeret;1.1;0.39
22248;Pommerit-le-Vicomte;0.8;0.75
22249;Pont-Melvez;1.6;-0.25
22250;Pontrieux;2.8;-0.52
22251;Pordic;4.7;0.66
22254;Prat;0.2;-0.36
22255;La Prénessaye;0.6;-0.4
22256;Quemper-Guézennec;1.3;-0.36
22257;Quemperven;0;1.43
22258;Quessoy;0.9;0.54
22259;Quévert;1.6;1.04
22260;Le Quillio;1.5;1.11
22261;Quintenic;0;-0.09
22262;Quintin;2.8;-0.43
22263;Le Quiou;2.7;2.23
22264;La Roche-Jaudy;1.1;-0.48
22265;Rospez;0.5;0.32
22266;Rostrenen;1.7;1.16
22267;Rouillac;0;0.25
22268;Ruca;1.2;-0.17
22269;Runan;2.2;1.38
22271;Saint-Adrien;1.7;0.51
22272;Saint-Agathon;2.3;-0.45
22273;Saint-Alban;0.9;1.66
22274;Saint-André-des-Eaux;2.8;3.04
22275;Saint-Barnabé;0.6;-0.43
22276;Saint-Bihy;0;0
22277;Saint-Brandan;1.3;-0.8
22278;Saint-Brieuc;9.8;-0.15
22279;Saint-Caradec;1.6;0.33
22280;Saint-Carné;0.8;2.28
22281;Saint-Carreuc;1.3;0.49
22282;Saint-Cast-le-Guildo;2.9;0.01
22283;Saint-Clet;2.7;-0.11
22284;Saint-Connan;1.9;-0.17
22285;Saint-Connec;0.9;0.2
22286;Saint-Denoual;1.7;1.35
22287;Saint-Donan;0.9;0.22
22288;Saint-Étienne-du-Gué-de-l'Isle;0;0.78
22289;Saint-Fiacre;0;-0.16
22291;Saint-Gildas;0.9;-2.28
22293;Saint-Gilles-les-Bois;1.2;-1.58
22294;Saint-Gilles-Pligeaux;0.9;0.79
22295;Saint-Gilles-Vieux-Marché;0;-1.79
22296;Saint-Glen;2.1;1.53
22299;Saint-Hélen;0.4;0.8
22300;Saint-Hervé;0.5;0.2
22302;Saint-Jacut-de-la-Mer;4.8;0.06
22304;Saint-Jean-Kerdaniel;1;1.53
22305;Saint-Jouan-de-l'Isle;4.6;-1.49
22306;Saint-Judoce;1.5;0.61
22307;Saint-Julien;2.4;0.09
22308;Saint-Juvat;2.2;-0.2
22310;Saint-Laurent;0.9;1.41
22311;Saint-Lormel;1.2;0.13
22312;Saint-Maden;2;-0.74
22313;Saint-Martin-des-Prés;0.7;0.05
22314;Saint-Maudan;1;0
22315;Saint-Maudez;0;-0.46
22316;Saint-Mayeux;0;-0.32
22317;Saint-Méloir-des-Bois;0.8;0.95
22318;Saint-Michel-de-Plélan;1.6;-0.51
22319;Saint-Michel-en-Grève;3;-0.22
22320;Saint-Nicodème;3;0
22321;Saint-Nicolas-du-Pélem;1.1;-1.35
22322;Saint-Péver;0.5;-1.11
22323;Saint-Pôtan;2.8;0.59
22324;Saint-Quay-Perros;1.2;-0.26
22325;Saint-Quay-Portrieux;3;1.83
22326;Saint-Rieul;0.8;0
22327;Saint-Samson-sur-Rance;1;0.45
22328;Saint-Servais;2.8;0.72
22330;Saint-Thélo;0;-1.75
22331;Sainte-Tréphine;0;-0.09
22332;Saint-Trimoël;1.6;-0.38
22333;Saint-Vran;0.6;-0.07
22334;Saint-Igeaux;0;-1.77
22335;Senven-Léhart;0;0.56
22337;Sévignac;1.1;0.27
22338;Squiffiec;0.9;-0.54
22339;Taden;2.2;1.28
22340;Tonquédec;1.1;0.25
22341;Tramain;0.6;0.22
22342;Trébédan;0;0.46
22343;Trébeurden;1.8;0.7
22344;Trébrivan;1;0.65
22345;Trébry;0.3;0.1
22346;Trédaniel;1.3;-0.87
22347;Trédarzec;0.5;-0.2
22348;Trédias;1.1;0.75
22349;Trédrez-Locquémeau;1.6;0.28
22350;Tréduder;2.3;0.42
22351;Treffrin;1;-1.07
22352;Tréfumel;0;0.24
22353;Trégastel;2;0.57
22354;Tréglamus;1.6;1.37
22356;Trégomeur;1.5;0.11
22358;Trégonneau;0;-1.31
22359;Trégrom;2.2;1.16
22360;Trégueux;3.6;0.04
22361;Tréguidel;0.7;0.38
22362;Tréguier;4.6;-0.61
22363;Trélévern;1.3;-0.23
22364;Trélivan;0.9;0.93
22365;Trémargat;0;0.09
22366;Trémel;1.1;-0.6
22368;Tréméreuc;2.2;-0.74
22369;Trémeur;0.8;1.16
22370;Tréméven;1.2;0.82
22371;Trémorel;1.1;-0.09
22372;Trémuson;2.3;1.46
22373;Tréogan;0;1.13
22375;Tressignaux;0;0.12
22376;Trévé;1.6;0.35
22377;Tréveneuc;1.5;0.59
22378;Trévérec;4.1;0.38
22379;Trévou-Tréguignec;2;2.81
22380;Trévron;1.4;-0.22
22381;Trézény;1.3;-0.19
22383;Troguéry;1;-3.19
22384;Uzel;0.4;1.44
22385;La Vicomté-sur-Rance;2.7;1.38
22386;Le Vieux-Bourg;2;-0.58
22387;Le Vieux-Marché;0.9;-0.8
22388;Vildé-Guingalan;0.3;0.63
22389;Yffiniac;2.4;-0.13
22390;Yvias;1.2;0.17
22391;Yvignac-la-Tour;1.8;-1.13
23001;Ahun;1.2;0.05
23002;Ajain;0.6;-1.64
23003;Alleyrat;0;-0.35
23004;Anzême;0.4;-0.83
23005;Arfeuille-Châtain;9.7;0.79
23006;Arrènes;1.7;-1.24
23007;Ars;3.5;-1.02
23008;Aubusson;4.3;-1.87
23009;Auge;0;-1.38
23010;Augères;0;-0.28
23011;Aulon;3.2;0.73
23012;Auriat;0;0.89
23013;Auzances;0.8;-1.19
23014;Azat-Châtenet;0;0.89
23015;Azerables;2;-0.27
23016;Banize;1.7;-0.72
23017;Basville;1.6;0.61
23018;Bazelat;1.2;-2.4
23019;Beissat;0;3.09
23020;Bellegarde-en-Marche;0;-2.2
23021;Bénévent-l'Abbaye;2.5;-0.64
23022;Bétête;0;0.98
23024;Blessac;0;-0.06
23025;Bonnat;1.1;0.65
23026;Bord-Saint-Georges;1.5;0.78
23027;Bosmoreau-les-Mines;1.1;-1.6
23028;Bosroger;0;0.88
23029;Le Bourg-d'Hem;1.3;1.83
23030;Bourganeuf;2.1;-1.62
23031;Boussac;1.1;-0.37
23032;Boussac-Bourg;1.1;-1.05
23033;La Brionne;0;0.53
23034;Brousse;0;2.33
23035;Budelière;0.4;-0.46
23036;Bussière-Dunoise;1.5;0.06
23037;Bussière-Nouvelle;0;-3.17
23038;Bussière-Saint-Georges;0;0.26
23039;La Celle-Dunoise;1;-0.34
23040;La Celle-sous-Gouzon;0;1.09
23041;La Cellette;3.8;-0.71
23042;Ceyroux;8.3;-0.39
23043;Chamberaud;2.3;-0.83
23044;Chambon-Sainte-Croix;3.6;2.08
23045;Chambon-sur-Voueize;1.1;-1.6
23046;Chambonchard;0;-0.62
23047;Chamborand;0.9;-0.14
23048;Champagnat;0.6;0.53
23049;Champsanglard;0;0.6
23050;La Chapelle-Baloue;0;-2.22
23051;La Chapelle-Saint-Martial;0;-3.61
23052;La Chapelle-Taillefert;0.5;0.97
23053;Chard;0;0
23054;Charron;2.8;-2.8
23055;Châtelard;0;-1.11
23056;Châtelus-le-Marcheix;0.8;-0.94
23057;Châtelus-Malvaleix;0.6;-0.72
23058;Le Chauchet;2.1;-0.62
23059;La Chaussade;0;-2.22
23060;Chavanat;2;-0.59
23061;Chénérailles;0.8;-0.6
23062;Chéniers;0.5;-0.53
23063;Clairavaux;0;-0.54
23064;Clugnat;2.7;0.13
23065;Colondannes;0.9;1.27
23066;Le Compas;0;-2.32
23067;La Courtine;1.7;-0.07
23068;Cressat;0;-1.24
23069;Crocq;0;-0.34
23070;Crozant;2.3;-0.75
23071;Croze;0;-1.28
23072;Domeyrot;3;0.89
23073;Dontreix;0;-0.16
23074;Le Donzeil;0;-0.09
23075;Dun-le-Palestel;1.3;-0.62
23076;Évaux-les-Bains;0.6;-1.25
23077;Faux-la-Montagne;4.4;1.36
23078;Faux-Mazuras;0;0.82
23079;Felletin;2.7;-0.83
23080;Féniers;0;2.34
23081;Flayat;0.9;-0.76
23082;Fleurat;0.7;0.11
23083;Fontanières;1.1;0.2
23084;La Forêt-du-Temple;0;0.24
23086;Fransèches;0;-0.07
23087;Fresselines;0.7;-0.46
23088;Gartempe;0;-1.4
23089;Genouillac;0.3;-0.43
23090;Gentioux-Pigerolles;0;-1.97
23091;Gioux;1.2;1.06
23092;Glénic;2.1;-0.43
23093;Gouzon;0.3;-0.23
23095;Le Grand-Bourg;0.9;-0.55
23096;Guéret;3;-0.59
23097;Issoudun-Létrieix;0.8;-0.45
23098;Jalesches;3.3;0.92
23099;Janaillat;2.9;-0.86
23100;Jarnages;3.1;0.25
23101;Jouillat;0.6;-1.21
23102;Ladapeyre;0;0.28
23103;Lafat;1;-2.04
23104;Lavaufranche;0;-0.48
23105;Lavaveix-les-Mines;1.7;-1
23106;Lépaud;0.6;0.41
23107;Lépinas;5.8;-1.18
23108;Leyrat;0;-0.68
23109;Linard-Malval;1.5;-0.08
23110;Lioux-les-Monges;4.8;-0.3
23111;Lizières;1.1;-2.22
23112;Lourdoueix-Saint-Pierre;0.4;-1.24
23113;Lupersat;0;-1.15
23114;Lussat;0.6;-1.06
23115;Magnat-l'Étrange;2.5;0.35
23116;Mainsat;0.6;-1.26
23117;Maison-Feyne;0;-1.13
23118;Maisonnisses;0;-1.95
23119;Malleret;0;-0.38
23120;Malleret-Boussac;0;-1.75
23122;Mansat-la-Courrière;3.2;-5.08
23123;Les Mars;0;-1.32
23124;Marsac;4.1;-0.83
23125;Le Mas-d'Artige;0;-1.19
23127;Mautes;1.4;-1.44
23128;Mazeirat;0;-1.54
23129;La Mazière-aux-Bons-Hommes;0;-2.94
23130;Méasnes;0;-0.77
23131;Mérinchal;1.9;-1.82
23132;Montaigut-le-Blanc;4.1;-1.49
23133;Montboucher;1.9;0.88
23134;Le Monteil-au-Vicomte;1.5;1.2
23136;Mortroux;0.9;-0.71
23137;Mourioux-Vieilleville;3.2;0.32
23138;Moutier-d'Ahun;0;-1.84
23139;Moutier-Malcard;1.1;0.96
23140;Moutier-Rozeille;0;0.08
23141;Naillat;1.8;0.35
23142;Néoux;0;-0.41
23143;Noth;0;-0.4
23144;La Nouaille;0;-1.33
23145;Nouhant;0.7;0.34
23146;Nouzerines;2.2;-0.82
23147;Nouzerolles;0;-0.67
23148;Nouziers;2.5;0.82
23149;Parsac;0.3;0.66
23150;Peyrabout;0;-0.11
23151;Peyrat-la-Nonière;0.7;-0.08
23152;Pierrefitte;2.9;-0.48
23154;Pionnat;0.3;-1.21
23155;Pontarion;0.8;-0.32
23156;Pontcharraud;0;1.04
23157;La Pouge;0;1.65
23158;Poussanges;3.3;-0.22
23159;Puy-Malsignat;1.6;-2.24
23160;Reterre;0;-1.62
23162;Roches;0;0.18
23164;Rougnat;2.3;-0.82
23165;Royère-de-Vassivière;1.1;0.03
23166;Sagnat;0;0
23167;Sannat;0.7;-0.14
23168;Sardent;0;-0.58
23169;La Saunière;0.3;1.32
23170;Savennes;0;-0.47
23171;Sermur;0;-4.17
23172;La Serre-Bussière-Vieille;0;-0.14
23173;Soubrebost;1.8;0.24
23174;Soumans;1.4;-0.55
23175;Sous-Parsat;0;0
23176;La Souterraine;3;-1.19
23177;Saint-Agnant-de-Versillat;2.5;-0.62
23178;Saint-Agnant-près-Crocq;1.2;-0.35
23179;Saint-Alpinien;0;0.95
23180;Saint-Amand;1.1;-1.57
23181;Saint-Amand-Jartoudeix;1.7;-1.94
23182;Saint-Avit-de-Tardes;1.3;-1.08
23183;Saint-Avit-le-Pauvre;0;2.03
23184;Saint-Bard;3.8;-1.81
23185;Saint-Chabrais;0.9;1.09
23186;Saint-Christophe;3.1;0.57
23187;Saint-Dizier-la-Tour;2.5;-2.84
23188;Saint-Dizier-les-Domaines;2.5;1.11
23189;Saint-Dizier-Masbaraud;1.3;0.18
23190;Saint-Domet;1.6;-1.47
23191;Saint-Éloi;0;-3.94
23192;Fursac;1.6;-1.02
23193;Sainte-Feyre;0.9;0.39
23194;Sainte-Feyre-la-Montagne;0;-1.7
23195;Saint-Fiel;0;0.66
23196;Saint-Frion;0;-0.33
23197;Saint-Georges-la-Pouge;0.8;-0.45
23198;Saint-Georges-Nigremont;4;3.06
23199;Saint-Germain-Beaupré;0;-3.51
23200;Saint-Goussaud;3.6;-0.21
23201;Saint-Hilaire-la-Plaine;0;0.08
23202;Saint-Hilaire-le-Château;1.1;-0.65
23203;Saint-Julien-la-Genête;0;-0.67
23204;Saint-Julien-le-Châtel;0;0.57
23205;Saint-Junien-la-Bregère;5;0.71
23206;Saint-Laurent;0.7;-0.27
23207;Saint-Léger-Bridereix;3;-3.16
23208;Saint-Léger-le-Guérétois;1.2;-1.51
23209;Saint-Loup;1.2;0.9
23210;Saint-Maixant;1.1;-0.42
23211;Saint-Marc-à-Frongier;1.7;0.24
23212;Saint-Marc-à-Loubaud;5.1;-1.39
23213;Saint-Marien;0;0.95
23214;Saint-Martial-le-Mont;0;0.51
23215;Saint-Martial-le-Vieux;0;2.01
23216;Saint-Martin-Château;4.7;0.79
23217;Saint-Martin-Sainte-Catherine;0.9;-0.55
23218;Saint-Maurice-près-Crocq;2.4;0
23219;Saint-Maurice-la-Souterraine;1.3;-1.42
23220;Saint-Médard-la-Rochette;0.5;-1.13
23221;Saint-Merd-la-Breuille;1.2;0.52
23222;Saint-Michel-de-Veisse;2.5;0.3
23223;Saint-Moreil;0;-0.23
23224;Saint-Oradoux-de-Chirouze;0;1.22
23225;Saint-Oradoux-près-Crocq;0;1.62
23226;Saint-Pardoux-d'Arnet;1.5;-0.6
23227;Saint-Pardoux-Morterolles;0;0.56
23228;Saint-Pardoux-le-Neuf;1.2;0.7
23229;Saint-Pardoux-les-Cards;2.8;-0.06
23230;Saint-Pierre-Chérignat;0;-0.5
23232;Saint-Pierre-Bellevue;0;-0.08
23233;Saint-Pierre-le-Bost;0;-1.59
23234;Saint-Priest;0;-1.27
23235;Saint-Priest-la-Feuille;0.6;-1.09
23236;Saint-Priest-la-Plaine;6.1;-0.32
23237;Saint-Priest-Palus;0;0
23238;Saint-Quentin-la-Chabanne;0.7;-1.5
23239;Saint-Sébastien;2.6;-0.67
23240;Saint-Silvain-Bas-le-Roc;0.6;0
23241;Saint-Silvain-Bellegarde;1.4;-0.74
23242;Saint-Silvain-Montaigut;1.6;-1.16
23243;Saint-Silvain-sous-Toulx;2.1;-1.71
23244;Saint-Sulpice-le-Dunois;0.4;-1.18
23245;Saint-Sulpice-le-Guérétois;0.4;-0.58
23246;Saint-Sulpice-les-Champs;0.7;-0.66
23247;Saint-Vaury;0.7;-0.33
23248;Saint-Victor-en-Marche;0.6;-1.67
23249;Saint-Yrieix-la-Montagne;0;-0.3
23250;Saint-Yrieix-les-Bois;0;-0.29
23251;Tardes;0;-2.32
23252;Tercillat;2.1;-0.53
23253;Thauron;3.2;-0.58
23254;Toulx-Sainte-Croix;0;-0.83
23255;Trois-Fonds;0;1.46
23257;Vallière;1.5;-0.35
23258;Vareilles;0;0.58
23259;Verneiges;0;1.86
23260;Vidaillat;1.5;4.31
23261;Viersat;0.8;-1.36
23262;Vigeville;0;-0.3
23263;Villard;0;0.58
23264;La Villedieu;0;0.67
23265;La Villeneuve;0;-6.18
23266;La Villetelle;0;-0.3
24001;Abjat-sur-Bandiat;0;0.48
24002;Agonac;1.1;0.51
24004;Ajat;0.9;-1.43
24005;Alles-sur-Dordogne;1.4;0.09
24006;Allas-les-Mines;3.5;-1.07
24007;Allemans;0.5;0.63
24008;Angoisse;1.2;-0.28
24009;Anlhiac;2;-0.61
24010;Annesse-et-Beaulieu;1.1;0.23
24011;Antonne-et-Trigonant;0.7;-0.5
24012;Archignac;0;2.14
24014;Aubas;0.4;-0.16
24015;Audrix;0;-0.6
24016;Augignac;0;0.22
24018;Auriac-du-Périgord;0;0.99
24019;Azerat;3.2;0.15
24020;La Bachellerie;1.7;-0.11
24021;Badefols-d'Ans;2.1;-0.2
24022;Badefols-sur-Dordogne;0;-0.64
24023;Baneuil;0;-1.97
24024;Bardou;0;-0.38
24025;Bars;3.3;0.35
24026;Bassillac et Auberoche;1;-0.41
24027;Bayac;1.5;0.28
24028;Beaumontois en Périgord;0.3;-1.08
24029;Beaupouyet;2;1.95
24030;Beauregard-de-Terrasson;0.7;-0.23
24031;Beauregard-et-Bassac;0.7;2.54
24032;Beauronne;2.8;0.18
24034;Beleymas;9;0.24
24035;Pays de Belvès;1;-1.69
24036;Berbiguières;3.4;-0.19
24037;Bergerac;4;-0.26
24038;Bertric-Burée;0;-0.6
24039;Besse;0;-0.32
24040;Beynac-et-Cazenac;1.8;-3.4
24042;Biras;0;1.24
24043;Biron;3.4;-3.16
24045;Boisse;1;0.13
24046;Boisseuilh;0;-1.44
24048;Bonneville-et-Saint-Avit-de-Fumadières;0.7;-0.96
24050;Borrèze;1.4;0.43
24051;Bosset;1;1.59
24052;Bouillac;1.6;-0.27
24053;Boulazac Isle Manoire;2.3;0.11
24054;Bouniagues;0.8;0.17
24055;Bourdeilles;2.4;1.3
24056;Le Bourdeix;0;0.71
24057;Bourg-des-Maisons;0;1.21
24058;Bourg-du-Bost;1.1;0.57
24059;Bourgnac;5.3;0.24
24060;Bourniquel;0;0
24061;Bourrou;2;0.25
24062;Bouteilles-Saint-Sébastien;0;0.1
24063;Bouzic;0;0.22
24064;Brantôme en Périgord;1.4;0
24066;Brouchaud;1.3;-0.45
24067;Le Bugue;1.3;0.1
24068;Le Buisson-de-Cadouin;1.9;-0.07
24069;Bussac;0.6;-0.26
24070;Busserolles;1.2;0.13
24071;Bussière-Badil;0.8;-1.2
24073;Calès;0.7;-0.82
24074;Calviac-en-Périgord;1.4;1.25
24075;Campagnac-lès-Quercy;0.8;1.69
24076;Campagne;1.9;1.42
24077;Campsegret;0;0.38
24080;Capdrot;2;-0.98
24081;Carlux;0.7;0.7
24082;Carsac-Aillac;0.8;-0.57
24083;Carsac-de-Gurson;0.8;1.49
24084;Carves;6.1;-0.49
24085;La Cassagne;0;-0.22
24086;Castelnaud-la-Chapelle;2.3;-0.55
24087;Castels et Bézenac;1.1;0.02
24088;Cause-de-Clérans;1.6;-0.44
24090;Celles;1.7;0.9
24091;Cénac-et-Saint-Julien;0.4;-0.22
24094;Chalagnac;2.4;0.38
24095;Chalais;1.3;0.25
24096;Champagnac-de-Belair;0.7;1.11
24097;Champagne-et-Fontaine;1.5;-2.73
24098;Champcevinel;2.6;1.23
24100;Champniers-et-Reilhac;2.7;1.51
24101;Champs-Romain;2.6;-0.4
24102;Chancelade;2.3;0.67
24104;Chantérac;0;0.71
24105;Chapdeuil;0;0.99
24106;La Chapelle-Aubareil;0.9;0.22
24107;La Chapelle-Faucher;1.8;-1.51
24108;La Chapelle-Gonaguet;0.4;-0.16
24109;La Chapelle-Grésignac;0;-0.79
24110;La Chapelle-Montabourlet;9.1;-2.17
24111;La Chapelle-Montmoreau;0;1.4
24113;La Chapelle-Saint-Jean;2.9;-1.33
24114;Chassaignes;0;1.19
24115;Château-l'Évêque;0.3;0.1
24116;Châtres;0;-0.98
24117;Les Coteaux Périgourdins;0.4;-1.05
24119;Cherval;3.1;-3.1
24120;Cherveix-Cubas;0.9;-0.56
24121;Chourgnac;0;2.36
24122;Cladech;0;-2.77
24123;Clermont-de-Beauregard;2.3;3.86
24124;Clermont-d'Excideuil;2.3;0.83
24126;Colombier;1.5;1.78
24128;Comberanche-et-Épeluche;0;-0.2
24129;Condat-sur-Trincou;0;0.73
24130;Condat-sur-Vézère;1.2;-0.53
24131;Connezac;0;0
24132;Conne-de-Labarde;0.8;0.74
24133;La Coquille;2;-1.13
24134;Corgnac-sur-l'Isle;1.6;0.51
24135;Cornille;0.7;0.24
24136;Coubjours;2;-3.04
24137;Coulaures;2.1;0.31
24138;Coulounieix-Chamiers;6;-0.88
24139;Coursac;1.2;1.46
24140;Cours-de-Pile;0.8;-0.39
24141;Coutures;0;0.96
24142;Coux et Bigaroque-Mouzens;1.2;0.19
24143;Couze-et-Saint-Front;2.3;-0.14
24144;Creyssac;6.7;0.66
24145;Creysse;1;-0.06
24146;Creyssensac-et-Pissot;2.2;0.45
24147;Cubjac-Auvézère-Val d'Ans;0.6;0.55
24148;Cunèges;1.7;1.1
24150;Daglan;0.5;0.21
24151;Doissat;0;-0.96
24152;Domme;1.9;-0.2
24153;La Dornac;0.5;-0.04
24154;Douchapt;0.6;-0.61
24155;Douville;0;0.11
24156;La Douze;1.1;0.12
24157;Douzillac;1.5;0.79
24158;Dussac;0.7;0.89
24159;Échourgnac;2.1;-0.13
24160;Église-Neuve-de-Vergt;0.4;1.1
24161;Église-Neuve-d'Issac;0;-2.27
24162;Escoire;1.1;-0.89
24163;Étouars;3.4;1.16
24164;Excideuil;1.4;0.2
24165;Eygurande-et-Gardedeuil;0.6;0.37
24167;Eymet;2.9;-0.59
24168;Plaisance;0.6;-0.64
24171;Eyzerac;0.9;-0.48
24172;Les Eyzies;1.4;0.62
24174;Fanlac;2.2;0.25
24175;Les Farges;0.7;-0.53
24176;Faurilles;0;0.47
24177;Faux-en-Périgord;1.1;1.22
24179;La Feuillade;0.3;1.36
24180;Firbeix;1.9;-0.44
24182;Le Fleix;2.2;0.08
24183;Fleurac;3.2;4.48
24184;Florimont-Gaumier;0;2.21
24186;Fonroque;0;0.46
24188;Fossemagne;0;0.4
24189;Fougueyrolles;0.9;-1.43
24190;Fouleix;2;2.1
24191;Fraisse;2.4;0.19
24192;Gabillou;0;0.17
24193;Gageac-et-Rouillac;3.1;-0.26
24194;Gardonne;2;0.31
24195;Gaugeac;0;-1.19
24196;Génis;2.9;1.34
24197;Ginestet;1.9;0.74
24199;Gout-Rossignol;1.1;-0.85
24200;Grand-Brassac;0;0.22
24202;Granges-d'Ans;0;-0.77
24205;Grignols;1.5;0.23
24206;Grives;3.8;-3.47
24207;Groléjac;0.4;0.66
24208;Grun-Bordas;0.9;1.95
24209;Hautefaye;0;-0.64
24210;Hautefort;1.6;-2.47
24211;Issac;0.6;0
24212;Issigeac;0.4;-0.4
24213;Jaure;1.3;0.87
24214;Javerlhac-et-la-Chapelle-Saint-Robert;0;-0.68
24215;Jayac;1.4;0.92
24216;La Jemaye-Ponteyraud;0;-0.55
24217;Journiac;0;1.89
24218;Jumilhac-le-Grand;1.4;-1.44
24220;Lacropte;0.7;0.84
24221;Rudeau-Ladosse;2.9;-0.74
24222;La Force;1.2;0.28
24223;Lalinde;2.2;0.8
24224;Lamonzie-Montastruc;0.7;-0.59
24225;Lamonzie-Saint-Martin;1;1.47
24226;Lamothe-Montravel;3.5;1.47
24227;Lanouaille;12.7;-1.37
24228;Lanquais;1.5;0.13
24229;Le Lardin-Saint-Lazare;0.3;-1.22
24230;Larzac;0;1.05
24231;Lavalade;2.7;3.79
24232;Lavaur;2.9;2.96
24234;Les Lèches;4.8;0.76
24236;Léguillac-de-l'Auche;2.4;-0.12
24237;Lembras;0.2;1.54
24238;Lempzours;3.4;0
24240;Limeuil;3.1;0.05
24241;Limeyrat;0.6;-0.64
24242;Liorac-sur-Louyre;3.4;1.27
24243;Lisle;1.7;-0.15
24244;Lolme;0;-0.68
24245;Loubejac;1.1;-0.82
24246;Lunas;2.2;3.22
24247;Lusignac;0;-2
24248;Lussas-et-Nontronneau;0;-1.29
24251;Manzac-sur-Vern;1.5;-1.63
24252;Marcillac-Saint-Quentin;0.3;1.2
24253;Mareuil en Périgord;1.1;-0.56
24254;Marnac;1.5;-0.9
24255;Marquay;1.2;0.34
24256;Marsac-sur-l'Isle;1.8;0.25
24257;Marsalès;1.2;-0.93
24259;Eyraud-Crempse-Maurens;0.7;0.68
24260;Mauzac-et-Grand-Castang;1.7;0.02
24261;Mauzens-et-Miremont;1;-0.51
24262;Mayac;1.6;-0.8
24263;Mazeyrolles;0.9;-0.59
24264;Ménesplet;1.2;0.87
24266;Mensignac;1.6;-0.19
24267;Mescoules;2.4;0.57
24268;Meyrals;1.6;1.8
24269;Mialet;1.8;0.27
24271;Milhac-de-Nontron;2.1;-0.13
24272;Minzac;1.9;1.34
24273;Molières;1.8;1.24
24274;Monbazillac;2.9;-0.6
24276;Monestier;0.5;0.51
24277;Monfaucon;0.8;-0.51
24278;Monmadalès;0;-0.21
24279;Monmarvès;0;-0.54
24280;Monpazier;0;-1.3
24281;Monsac;0;-1.42
24282;Monsaguel;2;-2.38
24284;Montagnac-d'Auberoche;0;-1.5
24285;Montagnac-la-Crempse;0.7;0.17
24286;Montagrier;4.3;-0.61
24287;Montaut;2;-0.26
24288;Montazeau;0;-1.2
24289;Montcaret;2.5;-0.47
24290;Montferrand-du-Périgord;3;-0.32
24291;Montignac-Lascaux;1.6;-0.17
24292;Montpeyroux;0.5;2.18
24293;Monplaisant;2.4;-1.36
24294;Montpon-Ménestérol;4;1.11
24295;Montrem;1.2;-0.69
24296;Mouleydier;0.5;0.28
24297;Moulin-Neuf;4.5;1.01
24299;Mussidan;5.3;0.3
24300;Nabirat;0;-1.06
24301;Nadaillac;0;0.36
24302;Nailhac;0;-1.77
24303;Nanteuil-Auriac-de-Bourzac;2.2;1.27
24304;Nantheuil;2.1;0.43
24305;Nanthiat;1.3;-0.07
24306;Nastringues;3.4;3.47
24307;Naussannes;1.1;-0.62
24308;Négrondes;1.2;-1.03
24309;Neuvic;2.8;0.46
24311;Nontron;0.7;-0.2
24312;Sanilhac;0.5;0.74
24313;Orliac;4.3;-4.94
24316;Parcoul-Chenaud;0.7;1.36
24317;Paulin;1.2;-0.86
24318;Paunat;2.6;0.64
24319;Paussac-et-Saint-Vivien;1.6;-0.15
24320;Payzac;1.3;-0.1
24321;Pazayac;0.3;-1.31
24322;Périgueux;7;-0.02
24323;Petit-Bersac;0;0.64
24324;Peyrignac;0.4;0.23
24325;Pechs-de-l'Espérance;0.3;-0.08
24326;Peyzac-le-Moustier;0;1.41
24327;Pezuls;0;0
24328;Piégut-Pluviers;0.5;0.06
24329;Le Pizou;1.3;1.28
24330;Plazac;0.4;0.26
24331;Pomport;0.3;-0.11
24334;Pontours;2.5;1.17
24335;Port-Sainte-Foy-et-Ponchapt;2.3;0.15
24336;Prats-de-Carlux;0;-2.18
24337;Prats-du-Périgord;0;-0.34
24338;Pressignac-Vicq;1.3;0.52
24339;Preyssac-d'Excideuil;0;-2.49
24340;Prigonrieux;0.9;0.84
24341;Proissans;0.4;1.28
24345;Queyssac;0.5;2.02
24346;Quinsac;0;0.67
24347;Rampieux;0;-1.15
24348;Razac-d'Eymet;0;1.71
24349;Razac-de-Saussignac;4.2;0.1
24350;Razac-sur-l'Isle;1.3;-0.12
24351;Ribagnac;0.7;0.93
24352;Ribérac;2.8;-0.55
24353;La Rochebeaucourt-et-Argentine;0;0.83
24354;La Roche-Chalais;2;0.2
24355;La Roque-Gageac;3.5;-0.52
24356;Rouffignac-Saint-Cernin-de-Reilhac;1.4;0.74
24357;Rouffignac-de-Sigoulès;3.3;0
24359;Sadillac;2.3;-2.4
24360;Sagelat;0;0.59
24361;Saint-Agne;0.5;0.19
24362;Val de Louyre et Caudeau;1.4;-0.16
24364;Coly-Saint-Amand;0.7;0.65
24365;Saint-Amand-de-Vergt;0;-0.07
24366;Saint-André-d'Allas;0.6;1.24
24367;Saint-André-de-Double;1.4;-0.29
24370;Saint-Antoine-de-Breuilh;3.9;-0.9
24371;Saint-Aquilin;1;-0.77
24372;Saint-Astier;3.6;-0.86
24373;Saint-Aubin-de-Cadelech;0;0.59
24374;Saint-Aubin-de-Lanquais;1.7;1.07
24375;Saint-Aubin-de-Nabirat;0;1.93
24376;Saint Aulaye-Puymangou;6.2;-0.1
24377;Saint-Avit-de-Vialard;0;-0.75
24378;Saint-Avit-Rivière;0;2.44
24379;Saint-Avit-Sénieur;2.6;-1.55
24380;Saint-Barthélemy-de-Bellegarde;1.7;-0.29
24381;Saint-Barthélemy-de-Bussière;0;0.23
24382;Saint-Capraise-de-Lalinde;0.5;-0.16
24383;Saint-Capraise-d'Eymet;5.3;2.08
24384;Saint-Cassien;0;-0.51
24385;Saint-Cernin-de-Labarde;3.4;1.72
24386;Saint-Cernin-de-l'Herm;2.6;-2.92
24388;Saint-Chamassy;2.3;-0.94
24390;Saint-Crépin-d'Auberoche;0.8;-0.58
24392;Saint-Crépin-et-Carlucet;0;0.45
24393;Sainte-Croix;0;-0.19
24394;Sainte-Croix-de-Mareuil;0;-0.46
24395;Saint-Cybranet;0;-1.12
24396;Saint-Cyprien;2.9;-0.14
24397;Saint-Cyr-les-Champagnes;0;3.41
24398;Saint-Estèphe;1;-0.78
24399;Saint-Étienne-de-Puycorbier;2.6;0
24401;Sainte-Eulalie-d'Ans;1.1;0.52
24403;Saint-Félix-de-Bourdeilles;2.9;1.24
24404;Saint-Félix-de-Reillac-et-Mortemart;0;-0.64
24405;Saint-Félix-de-Villadeix;0.9;0.37
24406;Sainte-Foy-de-Belvès;4.3;0.36
24407;Sainte-Foy-de-Longas;1;0.63
24408;Saint-Front-d'Alemps;0;-0.77
24409;Saint-Front-de-Pradoux;1.9;0.1
24410;Saint-Front-la-Rivière;0.6;-1.07
24411;Saint-Front-sur-Nizonne;1.6;0.93
24412;Saint-Geniès;0.4;-0.97
24413;Saint-Georges-Blancaneix;1.8;2.67
24414;Saint-Georges-de-Montclard;0.8;-0.81
24415;Saint-Géraud-de-Corps;1.2;-2.3
24416;Saint-Germain-de-Belvès;2.7;-0.09
24417;Saint-Germain-des-Prés;1.9;-1.19
24418;Saint-Germain-du-Salembre;3.2;-0.49
24419;Saint-Germain-et-Mons;0.3;1.62
24420;Saint-Géry;2.1;0.63
24421;Saint-Geyrac;0;-0.6
24422;Saint-Hilaire-d'Estissac;0;2.29
24423;Saint-Julien-Innocence-Eulalie;0.8;0.94
24424;Saint-Jean-d'Ataux;3.6;1.05
24425;Saint-Jean-de-Côle;1.5;-0.05
24426;Saint-Jean-d'Estissac;1.9;-1.5
24428;Saint-Jory-de-Chalais;1.1;-1.06
24429;Saint-Jory-las-Bloux;0;0.21
24432;Saint-Julien-de-Lampon;1.5;1.03
24434;Saint-Just;0;1.71
24436;Saint-Laurent-des-Hommes;1.7;0
24437;Saint-Laurent-des-Vignes;0.8;2.51
24438;Saint-Laurent-la-Vallée;1.1;-1.42
24441;Saint-Léon-d'Issigeac;3.6;3.61
24442;Saint-Léon-sur-l'Isle;2.2;0.41
24443;Saint-Léon-sur-Vézère;0;0.04
24444;Saint-Louis-en-l'Isle;1.7;0.49
24445;Saint-Marcel-du-Périgord;0;-0.93
24446;Saint-Marcory;0;0.63
24448;Saint-Martial-d'Albarède;2.2;0.56
24449;Saint-Martial-d'Artenset;3;-0.52
24450;Saint-Martial-de-Nabirat;0;-0.48
24451;Saint-Martial-de-Valette;0;0.21
24452;Saint-Martial-Viveyrol;3.9;-1.05
24453;Saint-Martin-de-Fressengeas;1.4;0.09
24454;Saint-Martin-de-Gurson;0;-0.89
24455;Saint-Martin-de-Ribérac;0.3;0.25
24456;Saint-Martin-des-Combes;1.1;1.29
24457;Saint-Martin-l'Astier;1.8;0.24
24458;Saint-Martin-le-Pin;0;-0.18
24459;Saint-Mayme-de-Péreyrol;2.3;0.23
24460;Saint-Méard-de-Drône;2.9;-0.14
24461;Saint-Méard-de-Gurçon;0.6;-0.1
24462;Saint-Médard-de-Mussidan;3.7;-0.96
24463;Saint-Médard-d'Excideuil;0.4;0.25
24464;Saint-Mesmin;1.8;0.93
24465;Saint-Michel-de-Double;0;-0.99
24466;Saint-Michel-de-Montaigne;2.9;-0.95
24468;Saint-Michel-de-Villadeix;0;-0.71
24470;Sainte-Mondane;0.7;2.34
24471;Sainte-Nathalène;0.7;1.92
24472;Saint-Nexans;0.9;0.93
24473;Sainte-Orse;2.6;-0.52
24474;Saint-Pancrace;1.4;-3.17
24476;Saint-Pantaly-d'Excideuil;2.7;1.65
24477;Saint-Pardoux-de-Drône;0;-0.85
24478;Saint-Pardoux-et-Vielvic;2.6;-2.75
24479;Saint-Pardoux-la-Rivière;1;-0.17
24480;Saint-Paul-de-Serre;0;3.12
24481;Saint-Paul-la-Roche;0.5;0.25
24482;Saint-Paul-Lizonne;0;0.43
24483;Saint-Perdoux;2;0.85
24484;Saint-Pierre-de-Chignac;1.6;1.39
24485;Saint-Pierre-de-Côle;1.7;-0.76
24486;Saint-Pierre-de-Frugie;5.1;3.55
24487;Saint-Pierre-d'Eyraud;2.1;0.15
24488;Saint-Pompon;0;-1.36
24489;Saint-Priest-les-Fougères;2;-0.18
24490;Saint Privat en Périgord;0.8;-0.13
24491;Saint-Rabier;1.5;-0.84
24492;Sainte-Radegonde;3;3.18
24493;Saint-Raphaël;3.1;-0.35
24494;Saint-Rémy;2.5;-0.2
24495;Saint-Romain-de-Monpazier;2.4;0.47
24496;Saint-Romain-et-Saint-Clément;0;0.25
24498;Saint-Saud-Lacoussière;1;-0.32
24499;Saint-Sauveur;2;0.22
24500;Saint-Sauveur-Lalande;0;-0.22
24501;Saint-Seurin-de-Prats;2.4;-1.01
24502;Saint-Séverin-d'Estissac;0;-2.36
24504;Saint-Sulpice-de-Roumagnac;2.6;0.54
24505;Saint-Sulpice-d'Excideuil;0.7;1.68
24507;Sainte-Trie;0;0.6
24508;Saint-Victor;2.8;0.56
24509;Saint-Vincent-de-Connezac;1.7;0.25
24510;Saint-Vincent-de-Cosse;3.5;0.94
24511;Saint-Vincent-Jalmoutiers;0;-1.71
24512;Saint-Vincent-le-Paluel;0;1.25
24513;Saint-Vincent-sur-l'Isle;0;0.66
24514;Saint-Vivien;1.1;-1.34
24515;Salagnac;10.7;-1.56
24516;Salignac-Eyvigues;0.7;0.23
24517;Salles-de-Belvès;0;1.13
24518;Salon;1.1;-0.06
24519;Sarlande;1.7;-0.12
24520;Sarlat-la-Canéda;3.2;-0.3
24521;Sarliac-sur-l'Isle;1.6;0.35
24522;Sarrazac;0;-0.76
24523;Saussignac;0.6;-0.67
24524;Savignac-de-Miremont;1.3;0
24525;Savignac-de-Nontron;0;1.27
24526;Savignac-Lédrier;0.4;-0.09
24527;Savignac-les-Églises;0.6;-0.75
24528;Sceau-Saint-Angel;1.9;0.4
24529;Segonzac;0;-0.08
24531;Sergeac;0;-0.15
24532;Serres-et-Montguyard;0;-0.14
24533;Servanches;0;-2.57
24534;Sigoulès-et-Flaugeac;1.2;0.09
24535;Simeyrols;4.3;-0.26
24536;Singleyrac;0.8;1.99
24537;Siorac-de-Ribérac;5.5;0.33
24538;Siorac-en-Périgord;2.1;0.49
24540;Sorges et Ligueux en Périgord;1;0.89
24541;Soudat;5.6;1.55
24542;Soulaures;0;-4.28
24543;Sourzac;1.8;0.3
24544;Tamniès;0;0.94
24545;Teillots;0;-0.17
24546;Temple-Laguyon;0;-2.6
24547;Terrasson-Lavilledieu;1;0.31
24548;Teyjat;0;0.24
24549;Thénac;0.5;-1.5
24550;Thenon;1;0.11
24551;Thiviers;2.2;-0.01
24552;Thonac;0;0.77
24553;Tocane-Saint-Apre;1.5;0.9
24554;La Tour-Blanche-Cercles;1;-1.61
24555;Tourtoirac;2.9;-0.1
24557;Trélissac;3.7;1.66
24558;Trémolat;3.9;-0.37
24559;Tursac;1;-0.39
24560;Urval;7;0.44
24562;Vallereuil;1.8;-2.13
24563;Valojoulx;0;1.09
24564;Vanxains;1.1;-0.29
24565;Varaignes;1.5;-2.59
24566;Varennes;0;-0.14
24567;Vaunac;0;-2.71
24568;Vélines;2.2;-1.11
24569;Vendoire;0;-0.12
24570;Verdon;0;-4.68
24571;Vergt;1.4;0.85
24572;Vergt-de-Biron;1.6;-0.69
24573;Verteillac;0;-3.43
24574;Veyrignac;0;-0.45
24575;Veyrines-de-Domme;1;0.58
24576;Veyrines-de-Vergt;1.9;-1.17
24577;Vézac;0.4;-3.14
24580;Villac;1.6;1.41
24581;Villamblard;1.3;-0.06
24582;Villars;1.6;-0.11
24584;Villefranche-de-Lonchat;2.9;-0.29
24585;Villefranche-du-Périgord;1.5;-0.8
24586;Villetoureix;1.5;-0.33
24587;Vitrac;0.8;1.09
25001;Abbans-Dessous;0.8;-1.1
25002;Abbans-Dessus;3;-1.19
25003;Abbenans;0.9;-1.52
25004;Abbévillers;0.7;1.07
25005;Accolans;2.6;-1.94
25006;Adam-lès-Passavant;2.6;-0.56
25007;Adam-lès-Vercel;2;0.16
25008;Aibre;2.8;-1
25009;Aïssey;0;-0.98
25011;Allenjoie;1.3;0.05
25012;Les Alliés;2.1;2.21
25013;Allondans;0;-0.95
25014;Amagney;4.5;2.52
25015;Amancey;0.9;1.24
25016;Amathay-Vésigneux;0;1
25017;Amondans;2.2;-0.57
25018;Anteuil;3.6;-1.72
25019;Appenans;4.1;0.35
25020;Arbouans;5.8;-0.71
25021;Arc-et-Senans;6.1;-0.09
25022;Arcey;1.7;0.61
25024;Arçon;0.9;2.18
25025;Arc-sous-Cicon;0.8;1.92
25026;Arc-sous-Montenot;0;2.38
25029;Aubonne;0;1.48
25030;Audeux;1;-0.39
25031;Audincourt;6.5;0.52
25032;Autechaux;0.5;0.59
25033;Autechaux-Roide;0.9;-1
25035;Les Auxons;4.2;-0.27
25036;Avanne-Aveney;5.3;-0.18
25038;Avilley;0;-1.35
25039;Avoudrey;1.3;0.98
25040;Badevel;1.8;-0.39
25041;Bannans;1;0.31
25042;Le Barboux;0.6;-0.41
25043;Bart;3.8;0
25044;Bartherans;0;2.41
25045;Battenans-les-Mines;0;-4.96
25046;Battenans-Varin;0;0.21
25047;Baume-les-Dames;7.4;-0.28
25048;Bavans;4.9;-0.44
25049;Belfays;1.5;-1.1
25050;Le Bélieu;0.8;2.44
25051;Belleherbe;0.7;0.52
25052;Belmont;2.6;2.15
25053;Belvoir;0;-2.99
25054;Berche;2.4;2.04
25055;Berthelange;3.6;1.89
25056;Besançon;20.3;0.51
25057;Bethoncourt;7.1;-1.25
25058;Beure;4.7;-0.27
25059;Beutal;3;-0.9
25060;Val-d'Usiers;1.3;0.79
25061;Bief;0;0.15
25062;Le Bizot;0.6;-0.27
25063;Blamont;9.6;0.14
25065;Blarians;0;-1.16
25066;Blussangeaux;0;-1.23
25067;Blussans;3.9;-0.61
25070;Bolandoz;0;0
25071;Bondeval;0.9;0.28
25072;Bonnal;0;-9.24
25073;Bonnay;2.2;-0.26
25074;Bonnétage;6.7;2.04
25075;Bonnevaux;3.1;1.73
25077;La Bosse;0;2.54
25078;Bouclans;3.4;-0.34
25079;Boujailles;0.9;1.41
25082;Bourguignon;0.8;-0.92
25083;Bournois;5.3;-0.18
25084;Boussières;2.5;1.43
25085;Bouverans;1.8;3.44
25086;Braillans;0;0.58
25087;Branne;3.5;0.85
25088;Breconchaux;0;-1.63
25089;Bremondans;0;3.09
25090;Brères;0;3.79
25091;Les Bréseux;0;0.14
25092;La Bretenière;0;-0.24
25093;Bretigney;2.9;1.14
25094;Bretigney-Notre-Dame;1.6;1.17
25095;Bretonvillers;1.4;0.54
25096;Brey-et-Maison-du-Bois;1.2;10.37
25097;Brognard;1;-0.14
25098;Buffard;3.8;3.01
25099;Bugny;0;2.25
25100;Bulle;1.8;2.67
25101;Burgille;0.7;0.54
25102;Burnevillers;0;0.71
25103;Busy;0.6;1.21
25104;By;3.1;2.64
25105;Byans-sur-Doubs;4.5;2.21
25106;Cademène;0;-2.11
25107;Cendrey;0;0.77
25108;Cernay-l'Église;0;0.81
25109;Cessey;2.1;-0.81
25110;Chaffois;3.9;0.97
25111;Chalèze;5.4;0.04
25112;Chalezeule;8.1;0.45
25113;Chamesey;0;0.61
25114;Chamesol;1.2;0.39
25115;Champagney;0.8;-0.66
25116;Champlive;3.8;-0.2
25117;Champoux;2.5;-0.18
25119;Champvans-les-Moulins;2.5;-1.54
25120;Chantrans;0.5;-0.59
25121;Chapelle-des-Bois;0.8;0.39
25122;Chapelle-d'Huin;1.5;0.77
25124;Charmauvillers;0.7;2.09
25125;Charmoille;0;-0.66
25126;Charnay;1.4;-0.18
25127;Charquemont;0.9;1.28
25129;Chassagne-Saint-Denis;1.6;1.79
25130;Châteauvieux-les-Fossés;0;-5.94
25131;Châtelblanc;0;-2.11
25132;Châtillon-Guyotte;1.3;1.76
25133;Châtillon-le-Duc;3.4;-0.18
25136;Chaucenne;0.4;-0.1
25138;Les Terres-de-Chaux;0;-1.46
25139;La Chaux;0.7;2.46
25141;Chaux-lès-Passavant;0;-2.28
25142;Chaux-Neuve;3.8;1.09
25143;Chay;1;-1.29
25145;Chazot;0;-0.14
25147;Chemaudin et Vaux;4.1;1.88
25148;La Chenalotte;2.9;1.48
25149;Chenecey-Buillon;0.9;-0.78
25150;Chevigney-sur-l'Ognon;0;0.52
25151;Chevigney-lès-Vercel;0;1.64
25152;La Chevillotte;1.4;0
25153;Chevroz;0;1.24
25154;Chouzelot;2.5;-1.02
25155;Cléron;1.5;-1.26
25156;Pays-de-Clerval;7.5;-0.97
25157;La Cluse-et-Mijoux;1.9;0.06
25159;Colombier-Fontaine;2.3;-1.12
25160;Les Combes;1.2;0.87
25161;Consolation-Maisonnettes;0;-5.64
25162;Corcelles-Ferrières;0;1.22
25163;Corcelle-Mieslot;0;-2.29
25164;Corcondray;0;0.23
25166;Côtebrune;0;1.05
25170;Courcelles-lès-Montbéliard;3.1;2.13
25171;Courcelles;0;-0.47
25172;Courchapon;0;2.8
25173;Cour-Saint-Maurice;1.3;-1.08
25174;Courtefontaine;0;-0.07
25175;Courtetain-et-Salans;0;1.34
25176;Courvières;0;0.21
25177;Crosey-le-Grand;3.5;-0.44
25178;Crosey-le-Petit;1.9;-2.52
25179;Le Crouzet;3.8;-0.29
25180;Crouzet-Migette;0;-0.14
25181;Cubrial;10.2;2.05
25182;Cubry;0;2.69
25183;Cusance;0;1.62
25184;Cuse-et-Adrisans;0;-0.18
25185;Cussey-sur-Lison;0;-1.62
25186;Cussey-sur-l'Ognon;1.6;0.32
25187;Dambelin;0;0.54
25188;Dambenois;0.3;-0.29
25189;Dammartin-les-Templiers;1;0.08
25190;Dampierre-les-Bois;1.2;-0.92
25191;Dampierre-sur-le-Doubs;0.5;-0.29
25192;Dampjoux;0;-1.17
25193;Damprichard;0.2;-0.55
25194;Dannemarie;0;0.86
25195;Dannemarie-sur-Crète;5.8;0.62
25196;Dasle;1.4;-0.63
25197;Deluz;4;0.11
25198;Désandans;2.2;-0.52
25199;Déservillers;0;-0.25
25200;Devecey;3.5;-1.56
25201;Dommartin;0.6;2.8
25202;Dompierre-les-Tilleuls;0.7;1.44
25203;Domprel;0;-0.1
25204;Doubs;1.3;1.83
25207;Dung;1.4;-0.76
25208;Durnes;1.2;1.89
25209;Échay;2;-1.77
25210;Échenans;0;0.52
25211;Échevannes;2.7;-0.38
25212;École-Valentin;3;0.5
25213;Les Écorces;0.5;1.18
25214;Écot;0;-0.3
25215;L'Écouvotte;0;0.7
25216;Écurcey;0;-0.25
25217;Émagny;0.7;0.8
25218;Épenouse;2.4;2.03
25219;Épenoy;2.3;0.31
25220;Épeugney;0.7;0.14
25221;Esnans;0;-0.25
25222;Étalans;3.2;1.22
25223;Éternoz-Vallée-du-Lison;0;-0.19
25224;Étouvans;2;0.04
25225;Étrabonne;3.3;-0.79
25226;Étrappe;0;-0.72
25227;Étray;0;1.71
25228;Étupes;2.2;-0.08
25229;Évillers;0;1.53
25230;Exincourt;3.4;0.22
25231;Eysson;3.2;1.27
25232;Faimbe;2.7;-1.58
25233;Fallerans;0.7;0.7
25234;Ferrières-le-Lac;0;-0.2
25235;Ferrières-les-Bois;5.8;0.41
25236;Fertans;0.7;3.26
25237;Fesches-le-Châtel;3.7;-0.4
25238;Fessevillers;0;0
25239;Feule;0;0.82
25240;Les Fins;1.7;-0.07
25241;Flagey;1.6;-3.05
25242;Flagey-Rigney;0;3.22
25243;Flangebouche;1.1;1.23
25244;Fleurey;2.9;0.2
25245;Fontain;3;-1.19
25246;Fontaine-lès-Clerval;2.8;-1.98
25247;Fontenelle-Montby;0;-2.28
25248;Les Fontenelles;0;-0.87
25249;Fontenotte;0;0.27
25251;Fourbanne;6.8;-1.19
25252;Fourcatier-et-Maison-Neuve;1.5;2.49
25253;Fourg;3.1;0.41
25254;Les Fourgs;0.5;1.01
25255;Fournet-Blancheroche;1.4;-0.7
25256;Frambouhans;0;-0.26
25257;Franey;0.8;-0.49
25258;Franois;6.1;-0.48
25259;Frasne;4.9;0.07
25261;Froidevaux;0;1.77
25262;Fuans;2.5;-0.69
25263;Gellin;0.8;1.53
25264;Gémonval;0;-0.4
25265;Geneuille;2.2;-0.99
25266;Geney;0;0.68
25267;Gennes;3.7;-0.1
25268;Germéfontaine;0;-1.61
25269;Germondans;0;0
25270;Gevresin;1.8;4.42
25271;Gilley;3.8;1.65
25273;Glamondans;1;-1.45
25274;Glay;2.7;-0.05
25275;Glère;0;-3.51
25276;Gondenans-Montby;1.4;-1.18
25277;Gondenans-les-Moulins;2.7;1.7
25278;Gonsans;0.3;-0.38
25279;Gouhelans;0;0.58
25280;Goumois;2.1;0.1
25281;Goux-lès-Dambelin;1.5;-0.78
25283;Goux-sous-Landet;0;-4.07
25284;Grand-Charmont;5.7;0.65
25285;Grand'Combe-Châteleu;2.4;0.17
25286;Grand'Combe-des-Bois;1.5;-2.03
25287;Grandfontaine;4.3;2.22
25288;Fournets-Luisans;1.2;1.27
25289;Grandfontaine-sur-Creuse;0;0.23
25290;La Grange;0;0.7
25293;Granges-Narboz;1.1;2.13
25295;Les Grangettes;2.7;2.78
25296;Les Gras;2.7;-0.14
25298;Grosbois;3.3;1.5
25299;Guillon-les-Bains;2.2;0.79
25300;Guyans-Durnes;2.6;2.4
25301;Guyans-Vennes;0.9;0.5
25304;Hérimoncourt;5.6;-0.51
25305;L'Hôpital-du-Grosbois;4.1;0.33
25306;L'Hôpital-Saint-Lieffroy;0;1.29
25307;Les Hôpitaux-Neufs;1.2;1.13
25308;Les Hôpitaux-Vieux;0.8;0.81
25309;Houtaud;3.1;1.82
25310;Huanne-Montmartin;2.2;4.21
25311;Hyémondans;0;0.42
25312;Hyèvre-Magny;0;-2.43
25313;Hyèvre-Paroisse;2.3;0.35
25314;Indevillers;0;-0.2
25315;L'Isle-sur-le-Doubs;8.3;-1.4
25316;Issans;2.1;0
25317;Jallerange;1.7;1.46
25318;Jougne;2.4;0.68
25320;Labergement-Sainte-Marie;2.6;1.12
25321;Villers-le-Lac;2.5;1.19
25322;Laire;0.5;0.37
25323;Laissey;9.5;0.08
25324;Lanans;1.3;-0.51
25325;Landresse;1.9;0.35
25326;Lantenne-Vertière;1;0.31
25327;Lanthenans;10.3;0.73
25328;Larnod;3.5;0.26
25329;Laval-le-Prieuré;0;-0.5
25330;Lavans-Quingey;3.6;-1.56
25331;Lavans-Vuillafans;4.1;0.35
25332;Lavernay;1;0.06
25333;Laviron;1.2;0.88
25334;Levier;1.1;1.31
25335;Liebvillers;3;-2.39
25336;Liesle;5.2;1.15
25338;Lizine;3.1;0.75
25339;Lods;3.6;1.66
25340;Lombard;3.5;0.43
25341;Lomont-sur-Crête;1.2;0.4
25342;Longechaux;2.6;0.22
25343;Longemaison;2.6;1.06
25344;Longevelle-lès-Russey;0;-1.58
25345;Longevelle-sur-Doubs;1.6;-0.91
25346;Longeville;1.3;0.86
25348;Longevilles-Mont-d'Or;1.2;1.39
25349;Loray;0.7;4.16
25350;Lougres;2.2;-1.19
25351;Le Luhier;0;1.9
25354;Luxiol;1.5;-0.52
25355;Magny-Châtelard;0;1.08
25356;Maîche;3.1;-0.27
25357;Maisons-du-Bois-Lièvremont;0.6;1.19
25359;Malans;0;-2.89
25360;Malbrans;0;1.58
25361;Malbuisson;1.6;0.44
25362;Malpas;0.7;0.47
25364;Mamirolle;5.7;0.19
25365;Mancenans;1.3;0.32
25366;Mancenans-Lizerne;1;-0.62
25367;Mandeure;4.4;-0.56
25368;Marchaux-Chaudefontaine;1.5;-0.39
25369;Marvelise;0;-1.48
25370;Mathay;1.2;-0.27
25371;Mazerolles-le-Salin;3.6;1.35
25372;Médière;1.6;-0.52
25373;Le Mémont;0;1.56
25374;Mercey-le-Grand;3.5;-0.22
25375;Les Monts-Ronds;3.5;0.87
25376;Mérey-Vieilley;1.1;2.48
25377;Mésandans;3.5;1.11
25378;Meslières;0;-1.98
25379;Mesmay;10.7;-0.95
25380;Métabief;1.5;2.77
25381;Miserey-Salines;3.3;1.44
25382;Moncey;0;1.86
25383;Moncley;1.9;0.57
25384;Mondon;0;-3.03
25385;Montagney-Servigney;0;-0.79
25386;Montancy;1.7;-3.57
25387;Montandon;1.2;-1.53
25388;Montbéliard;8.7;0.14
25389;Montbéliardot;0;-0.15
25390;Pays-de-Montbenoît;0.8;0.82
25391;Mont-de-Laval;1.9;1.38
25392;Mont-de-Vougney;0;1.25
25393;Montécheroux;0.9;-0.35
25394;Montenois;0.8;-1.32
25395;Montfaucon;5.3;0.87
25397;Montferrand-le-Château;4.2;0.65
25400;Montgesoye;1.4;0.76
25401;Montivernage;0;-0.58
25402;Montjoie-le-Château;0;-3.94
25403;Montlebon;3.7;1.37
25404;Montmahoux;0;-0.54
25405;Montperreux;1.7;1.62
25406;Montrond-le-Château;2.3;-0.09
25408;Montussaint;0;-1.47
25410;Morre;8.9;-0.41
25411;Morteau;6;-0.16
25413;Mouthe;1.9;-0.91
25414;Le Moutherot;1.5;0.38
25415;Mouthier-Haute-Pierre;4.5;1.42
25416;Myon;0;-0.54
25417;Naisey-les-Granges;1.8;0.5
25418;Nancray;4.6;0.54
25419;Nans;0;-1.71
25420;Nans-sous-Sainte-Anne;1.3;2.35
25421;Narbief;0;6.99
25422;Neuchâtel-Urtière;0;-2.56
25424;Les Premiers Sapins;3;0.16
25425;Noël-Cerneux;1.7;1.3
25426;Noirefontaine;0.7;-2.44
25427;Noironte;1;0.77
25428;Nommay;3;-0.55
25429;Novillars;5.2;-1.89
25430;Ollans;0;0.86
25431;Onans;1.3;0.46
25432;Orchamps-Vennes;1.7;0.36
25433;Orgeans-Blanchefontaine;0;-2.65
25434;Ornans;3;0.14
25435;Orsans;1;1.47
25436;Orve;0;-1.63
25437;Osse;1.2;1.85
25438;Osselle-Routelle;3;0.07
25439;Ougney-Douvot;2;0.27
25440;Ouhans;0;0.78
25441;Ouvans;0;1.55
25442;Oye-et-Pallet;2.7;-0.39
25443;Palantine;6.3;-2.1
25444;Palise;0;0.47
25445;Paroy;4.1;-0.82
25446;Passavant;2.3;-3.83
25447;Passonfontaine;2.9;0.56
25448;Pelousey;1.8;0.83
25449;Péseux;3.6;2.11
25450;Pessans;0;0.57
25451;Petite-Chaux;5.1;3.09
25452;Pierrefontaine-lès-Blamont;0;0.64
25453;Pierrefontaine-les-Varans;0.2;-0.63
25454;Pirey;1.8;1.03
25455;Placey;1.1;-0.43
25456;Plaimbois-du-Miroir;2.2;2.96
25457;Plaimbois-Vennes;0;2.17
25458;Les Plains-et-Grands-Essarts;0;-0.84
25459;La Planée;2.4;2.58
25460;Le Val;1.8;0.27
25461;Pompierre-sur-Doubs;2.3;-0.49
25462;Pontarlier;2.1;0.61
25463;Pont-de-Roide-Vermondans;0.8;-0.93
25464;Les Pontets;1.4;-0.24
25465;Pont-les-Moulins;0;1.71
25466;Pouilley-Français;2.2;-0.16
25467;Pouilley-les-Vignes;2.7;1.59
25468;Pouligney-Lusans;1.9;0.04
25469;Présentevillers;0.5;0.54
25470;La Prétière;2.9;0.1
25471;Provenchère;0;0.61
25472;Puessans;0;1.05
25473;Pugey;0.9;-1.43
25474;Le Puy;0;-0.92
25475;Quingey;1.6;-1.36
25476;Rahon;0;1.02
25477;Rancenay;3.7;4.57
25478;Randevillers;0;-1.01
25479;Rang;3.9;-1.31
25481;Raynans;1.2;-0.1
25482;Recologne;2.7;1.62
25483;Reculfoz;3.4;0
25485;Rémondans-Vaivre;0;-2.17
25486;Remoray-Boujeons;1.7;1.02
25487;Renédale;0;1.21
25488;Rennes-sur-Loue;0;1.3
25489;Reugney;0;-2.65
25490;Rigney;0;-1.03
25491;Rignosot;0;-1.17
25492;Rillans;0;0.53
25493;La Rivière-Drugeon;2.4;0.62
25494;Rochejean;2.1;1.7
25495;Roche-lez-Beaupré;5.8;0.81
25496;Roche-lès-Clerval;5;-3.32
25497;Roches-lès-Blamont;1.1;-0.77
25498;Rognon;0;-0.69
25499;Romain;1.6;-1.46
25500;Ronchaux;0;1.64
25501;Rondefontaine;8.7;2.91
25502;Roset-Fluans;3.1;1.98
25503;Rosières-sur-Barbèche;0;-1.98
25504;Rosureux;0;0.42
25505;Rougemont;1.5;-2.36
25506;Rougemontot;0;-0.91
25507;Rouhe;2.4;0
25508;Roulans;1.8;-0.01
25510;Ruffey-le-Château;1.2;0.28
25511;Rurey;0;1.11
25512;Le Russey;0.8;1.72
25513;Sainte-Anne;0;4.91
25514;Saint-Antoine;1.9;-1.53
25515;Sainte-Colombe;2;3.42
25516;Saint-Georges-Armont;1.9;0.82
25517;Saint-Gorgon-Main;2.3;-1.53
25518;Saint-Hilaire;2.6;-0.73
25519;Saint-Hippolyte;1.5;1.09
25520;Saint-Juan;1.2;1.68
25521;Saint-Julien-lès-Montbéliard;0;-0.82
25522;Saint-Julien-lès-Russey;0;1.04
25523;Sainte-Marie;0;-0.98
25524;Saint-Maurice-Colombier;2.6;-0.33
25525;Saint-Point-Lac;2.6;1.38
25526;Sainte-Suzanne;6.2;-0.8
25527;Saint-Vit;7.3;0.69
25528;Samson;0;-4.45
25529;Sancey;0.2;0.52
25532;Saône;7;-1.12
25534;Sarrageois;3.5;0.09
25535;Saules;3.1;0.51
25536;Sauvagney;1.1;0.79
25537;Scey-Maisières;3.4;-0.34
25538;Séchin;4.4;-0.43
25539;Seloncourt;5.7;-0.03
25540;Semondans;1.5;0.33
25541;Septfontaines;0.6;0.71
25542;Serre-les-Sapins;3.8;3.34
25544;Servin;1;-0.08
25545;Silley-Amancey;0;-0.25
25546;Silley-Bléfond;4.8;1.22
25547;Sochaux;5.7;-1.04
25548;Solemont;0;-2.83
25550;La Sommette;1.8;0.21
25551;Soulce-Cernay;0;2.08
25552;Sourans;7;-0.42
25553;Soye;0.6;-0.93
25554;Surmont;0;-0.13
25555;Taillecourt;7.6;0.36
25556;Tallans;0;-0.69
25557;Tallenay;1.3;1.11
25558;Tarcenay-Foucherans;1.7;0.12
25559;Thiébouhans;0.9;-0.6
25560;Thise;4;-0.43
25561;Thoraise;1.8;-1.05
25562;Thulay;0;-1.01
25563;Thurey-le-Mont;0;-1.75
25564;Torpes;5;-0.6
25565;Touillon-et-Loutelet;1.4;0.64
25566;La Tour-de-Sçay;0;1.47
25567;Tournans;0;-2.7
25569;Trépot;4.1;0.86
25570;Tressandans;0;2.6
25571;Trévillers;0;1.62
25572;Trouvans;2;-0.16
25573;Urtière;0;12.25
25574;Uzelle;2.4;1.5
25575;Vaire;2.4;0.08
25578;Valdahon;2.7;0.32
25579;Val-de-Roulans;3.1;0.43
25580;Valentigney;4.6;0.39
25582;Valleroy;3;-2.04
25583;Valonne;0.8;1.11
25584;Valoreille;0;-0.52
25586;Vandoncourt;1.4;-0.59
25588;Vaucluse;0;-0.42
25589;Vauclusotte;0;-2.75
25590;Vaudrivillers;0;-2.36
25591;Vaufrey;1.5;-1.3
25592;Vaux-et-Chantegrue;2.1;2.7
25594;Velesmes-Essarts;3.3;0.95
25595;Vellerot-lès-Belvoir;2.4;-0.52
25596;Vellerot-lès-Vercel;0;0
25597;Vellevans;0.9;1.49
25598;Venise;2.1;0.29
25599;Vennans;0;-0.78
25600;Vennes;3.1;6.24
25601;Vercel-Villedieu-le-Camp;3.4;1.69
25602;Vergranne;5.1;1.19
25604;Verne;0;-0.66
25605;Vernierfontaine;3.1;0.74
25607;Vernois-lès-Belvoir;0;-2.67
25608;Le Vernoy;1.3;0.96
25609;Verrières-de-Joux;2.4;1.37
25611;La Vèze;0.9;1.87
25612;Vieilley;3;-0.87
25613;Viéthorey;2.6;-0.36
25614;Vieux-Charmont;2.6;0.63
25615;Villars-lès-Blamont;0.5;0.69
25616;Villars-Saint-Georges;3.9;0.79
25617;Villars-sous-Dampjoux;0.7;-0.47
25618;Villars-sous-Écot;0.7;-0.77
25619;Les Villedieu;1.6;1.25
25621;Villeneuve-d'Amont;0;-1.37
25622;Villers-Buzon;1.3;2.46
25623;Villers-Chief;2.8;2.15
25624;Villers-Grélot;0;-1.01
25625;Villers-la-Combe;0;-0.66
25626;Villers-Saint-Martin;3.6;0.83
25627;Villers-sous-Chalamont;0;0.17
25629;Voillans;7.4;-1.07
25630;Voires;0;-4.2
25631;Vorges-les-Pins;2;-0.74
25632;Voujeaucourt;3;-0.5
25633;Vuillafans;4.2;-1.55
25634;Vuillecin;0.6;0.56
25635;Vyt-lès-Belvoir;1;-0.36
26001;Solaure en Diois;1.4;-0.48
26002;Albon;3.6;0.02
26003;Aleyrac;0;2.39
26004;Alixan;3.9;1.3
26005;Allan;1.6;2.05
26006;Allex;2.1;0.9
26007;Ambonil;1.9;-2.67
26008;Ancône;2;0.3
26009;Andancette;3.8;-0.38
26010;Anneyron;3.4;0.78
26011;Aouste-sur-Sye;2.2;1.3
26012;Arnayon;0;-2.02
26013;Arpavon;2.5;-0.89
26014;Arthémonay;0.4;1.01
26015;Aubenasson;3.2;2.12
26016;Aubres;0;0.28
26017;Aucelon;0;2.11
26018;Aulan;0;-5.17
26019;Aurel;4.8;1.33
26020;La Répara-Auriples;3.8;1.73
26021;Autichamp;4.8;4.16
26022;Ballons;0;1.17
26023;Barbières;0.4;1.58
26024;Barcelonne;2.1;-0.39
26025;Barnave;4.9;1.89
26026;Barret-de-Lioure;0;-2.91
26027;Barsac;1.5;1.5
26028;Bathernay;0;-1.82
26030;La Bâtie-des-Fonds;0;-3.65
26031;La Bâtie-Rolland;2.1;1.09
26032;La Baume-Cornillane;2;0.53
26033;La Baume-de-Transit;0.8;1.39
26034;La Baume-d'Hostun;2.8;0.78
26035;Beaufort-sur-Gervanne;4.5;0.6
26036;Beaumont-en-Diois;2.1;0.16
26037;Beaumont-lès-Valence;2.1;2.56
26038;Beaumont-Monteux;0.7;0.94
26039;Beauregard-Baret;2.1;1.38
26040;Beaurières;8.8;1.11
26041;Beausemblant;2.3;0.22
26042;Beauvallon;3.3;0.58
26043;Beauvoisin;1.7;-0.46
26045;La Bégude-de-Mazenc;1.7;0.68
26046;Bellecombe-Tarendol;0;-1.51
26047;Bellegarde-en-Diois;0;2.1
26048;Bénivay-Ollon;13.3;3.45
26049;Bésayes;1.6;1.4
26050;Bésignan;0;0.65
26051;Bézaudun-sur-Bîne;0;-0.23
26052;Bonlieu-sur-Roubion;1;-0.4
26054;Bouchet;0.2;-0.93
26055;Boulc;4.8;4.28
26056;Bourdeaux;3.8;1.09
26057;Bourg-de-Péage;4.1;-1.18
26058;Bourg-lès-Valence;7.6;-0.17
26059;Bouvante;3.3;-1.99
26060;Bouvières;5.3;0.23
26061;Bren;1.3;3.38
26062;Brette;0;-4.55
26063;Buis-les-Baronnies;1.5;-0.49
26064;Chabeuil;2.9;-0.05
26065;Chabrillan;3.1;1.12
26066;Le Chaffal;0;-2.09
26067;Chalancon;0;3.14
26068;Le Chalon;3.1;-0.89
26069;Chamaloc;0;-1.31
26070;Chamaret;2.6;-1.04
26071;Chanos-Curson;1.8;1.52
26072;Chantemerle-les-Blés;1.4;0.82
26073;Chantemerle-lès-Grignan;1;-1.12
26074;La Chapelle-en-Vercors;0.8;1.67
26075;La Charce;0;-6.09
26076;Charens;0;1.12
26077;Charmes-sur-l'Herbasse;0.9;-2.09
26078;Charols;1.7;0.97
26079;Charpey;2.1;1.99
26080;Chastel-Arnaud;6;3.97
26081;Châteaudouble;3.9;0.9
26082;Châteauneuf-de-Bordette;4.8;1.03
26083;Châteauneuf-de-Galaure;1.5;0.14
26084;Châteauneuf-sur-Isère;2.5;1.34
26085;Châteauneuf-du-Rhône;1.1;0.45
26086;Châtillon-en-Diois;4.6;-0.2
26087;Châtillon-Saint-Jean;2.2;-0.7
26088;Chatuzange-le-Goubet;2.2;2.76
26089;Chaudebonne;4.3;2.09
26090;La Chaudière;0;4.36
26091;Chauvac-Laux-Montaux;0;0
26092;Chavannes;2;1.67
26093;Clansayes;3.8;-0.06
26094;Claveyson;1.4;1.06
26095;Cléon-d'Andran;1.3;2.66
26096;Clérieux;1.7;-0.56
26097;Cliousclat;2.9;-0.82
26098;Cobonne;1.3;0.5
26099;Colonzelle;1.4;-0.74
26100;Combovin;1;2.42
26101;Comps;5;-2.95
26102;Condillac;0;-0.97
26103;Condorcet;0;0.88
26104;Cornillac;0;1.77
26105;Cornillon-sur-l'Oule;0;1.4
26106;La Coucourde;1.4;2.37
26107;Crépol;1.9;-1.04
26108;Crest;6;0.65
26110;Crozes-Hermitage;2.9;0.05
26111;Crupies;0;-0.17
26112;Curnier;3.6;3.46
26113;Die;6.1;0.75
26114;Dieulefit;2.7;0.44
26115;Divajeu;3.9;1.27
26116;Donzère;2.3;0.69
26117;Échevis;0;2.6
26118;Épinouze;4.2;-0.33
26119;Érôme;2;0.34
26121;Espeluche;0.9;1.51
26122;Espenel;10.4;2.08
26123;Establet;0;-1.87
26124;Étoile-sur-Rhône;3.1;0.26
26125;Eurre;2.5;1.49
26126;Eygalayes;0;1.16
26127;Eygaliers;0;4.48
26128;Eygluy-Escoulin;4.5;-1.33
26129;Eymeux;1.7;0.81
26130;Eyroles;0;-5.04
26131;Eyzahut;0;1.25
26133;Fay-le-Clos;0;1.36
26134;Félines-sur-Rimandoule;5.3;1.68
26135;Ferrassières;0;-0.79
26136;Val-Maravel;0;-2.49
26137;Francillon-sur-Roubion;1.3;-0.62
26138;La Garde-Adhémar;2;1.52
26139;Génissieux;6.2;1.75
26140;Geyssans;2.3;0.41
26141;Gigors-et-Lozeron;5.4;3.52
26142;Glandage;0;0.29
26143;Le Grand-Serre;0.2;0.76
26144;Grane;2.1;2.02
26145;Les Granges-Gontardes;2.6;1.52
26146;Grignan;1.3;0.47
26147;Gumiane;0;0
26148;Hauterives;1.4;-0.04
26149;Hostun;3.1;1.21
26150;Izon-la-Bruisse;0;3.09
26152;Jonchères;0;-1.8
26153;Laborel;2.9;1.54
26154;Lachau;1.4;-0.52
26155;Lapeyrouse-Mornay;1;-0.4
26156;Larnage;4.7;-0.7
26157;La Laupie;1.9;0.04
26159;Laval-d'Aix;2.1;-1.42
26160;Laveyron;1.8;1.22
26161;Lemps;0;-1.82
26162;Lens-Lestang;0.5;0.5
26163;Léoncel;0;-2.02
26164;Lesches-en-Diois;10;2.5
26165;Livron-sur-Drôme;2.2;0.32
26166;Loriol-sur-Drôme;1.7;0.06
26167;Luc-en-Diois;5.1;3.15
26168;Lus-la-Croix-Haute;0;-0.74
26169;Malataverne;0.7;1.99
26170;Malissard;3;0.57
26171;Manas;3.6;-1.51
26172;Manthes;1;0.22
26173;Marches;1.4;1.58
26174;Margès;0.8;-0.86
26175;Marignac-en-Diois;6.7;1.39
26176;Marsanne;0.8;-0.91
26177;Marsaz;0.4;-2.27
26178;Menglon;8.3;1.19
26179;Mercurol-Veaunes;2.5;1.26
26180;Mérindol-les-Oliviers;2.2;-1.51
26181;Mévouillon;0.8;-0.14
26182;Mirabel-aux-Baronnies;0.8;-0.81
26183;Mirabel-et-Blacons;1.8;2.15
26185;Mirmande;3.9;0.91
26186;Miscon;7.4;4.28
26188;Mollans-sur-Ouvèze;1.9;-0.08
26189;Montauban-sur-l'Ouvèze;2.4;1.19
26190;Montaulieu;0;0.98
26191;Montboucher-sur-Jabron;1.8;1.99
26192;Montbrison-sur-Lez;1.9;-1.02
26193;Montbrun-les-Bains;1.8;0
26194;Montchenu;1.9;0.54
26195;Montclar-sur-Gervanne;4.4;1.25
26196;Montéléger;2.7;-1.22
26197;Montélier;4.4;0.83
26198;Montélimar;5.9;0.7
26199;Montferrand-la-Fare;0;-1.74
26200;Montfroc;3.4;5.09
26201;Montguers;0;0.38
26202;Montjoux;0;-0.85
26203;Montjoyer;0;-0.12
26204;Montlaur-en-Diois;1.6;-1.03
26205;Montmaur-en-Diois;2.7;2.48
26206;Montmeyran;2.3;0.5
26207;Montmiral;1.8;-0.03
26208;Montoison;2.6;0.2
26209;Montréal-les-Sources;0;0.68
26210;Valherbasse;0.7;0.3
26211;Montségur-sur-Lauzon;0.2;1.01
26212;Montvendre;1.3;1.59
26213;Moras-en-Valloire;0.9;0.7
26214;Mornans;6.5;2.04
26215;La Motte-Chalancon;1.4;-1.08
26216;Saint-Jean-de-Galaure;1.7;0.04
26217;La Motte-Fanjas;4.8;0.6
26218;Mours-Saint-Eusèbe;3.1;1.59
26220;Nyons;3.2;0.13
26221;Omblèze;5.3;-2.77
26222;Orcinas;0;0.43
26223;Oriol-en-Royans;3.4;-0.73
26224;Ourches;0;2.47
26225;Parnans;1.7;0.05
26226;Le Pègue;0.8;0.05
26227;Pelonne;0;1.4
26228;Pennes-le-Sec;0;-7
26229;La Penne-sur-l'Ouvèze;0;-1.76
26231;Peyrins;2.2;-1.05
26232;Peyrus;1.9;-0.82
26233;Piégon;0;-1.88
26234;Piégros-la-Clastre;4.6;1.14
26235;Pierrelatte;2.1;0.77
26236;Pierrelongue;0;0.6
26238;Les Pilles;1.2;-1.48
26239;Plaisians;1.8;1.39
26240;Plan-de-Baix;4.3;2.07
26241;Le Poët-Célard;1.7;2.6
26242;Le Poët-en-Percip;27.3;4.39
26243;Le Poët-Laval;0.6;0.62
26244;Le Poët-Sigillat;0;-0.28
26245;Pommerol;0;-11.93
26246;Ponet-et-Saint-Auban;0;2.13
26247;Ponsas;3.8;0.19
26248;Pontaix;5.7;0.98
26249;Pont-de-Barret;2;-0.3
26250;Pont-de-l'Isère;1.4;1.27
26251;Portes-en-Valdaine;2.1;2.3
26252;Portes-lès-Valence;6.1;-0.12
26253;Poyols;2.9;4.33
26254;Pradelle;0;5.63
26255;Les Prés;0;3.33
26256;Propiac;0;0.92
26257;Puygiron;0.6;1
26258;Puy-Saint-Martin;2.1;-0.91
26259;Ratières;1.8;0.31
26261;Réauville;0;0.47
26262;Recoubeau-Jansac;1.9;3.18
26263;Reilhanette;0;-2.99
26264;Rémuzat;1.7;-1.73
26266;Rimon-et-Savel;0;-3.94
26267;Rioms;0;-0.65
26268;Rochebaudin;3.8;-0.28
26269;Rochebrune;0;-3.15
26270;Rochechinard;7.2;2.06
26271;La Roche-de-Glun;0.9;1.46
26272;Rochefort-en-Valdaine;1.3;0.33
26273;Rochefort-Samson;1.6;0.99
26274;Rochefourchat;0;12.25
26275;Rochegude;0.9;0.93
26276;Roche-Saint-Secret-Béconne;0.4;1.13
26277;La Roche-sur-Grane;1.2;1.48
26278;La Roche-sur-le-Buis;3.8;-0.23
26279;La Rochette-du-Buis;0;-5.94
26281;Romans-sur-Isère;6.2;-0.09
26282;Romeyer;4.2;2.6
26283;Rottier;0;2.95
26284;Roussas;1.7;1.54
26285;Rousset-les-Vignes;0;-1.05
26286;Roussieux;0;0.71
26287;Roynac;1.5;-0.14
26288;Sahune;2.4;-0.92
26289;Saillans;6.3;2.22
26290;Saint-Agnan-en-Vercors;2.1;-0.97
26291;Saint-Andéol;5.9;0.62
26292;Saint-Auban-sur-l'Ouvèze;3.8;-0.87
26293;Saint-Avit;2;0.97
26294;Saint-Bardoux;1.8;-0.22
26295;Saint-Barthélemy-de-Vals;2.2;-0.29
26296;Saint-Benoit-en-Diois;0;4.57
26298;Saint-Christophe-et-le-Laris;2;0.56
26299;Sainte-Croix;0;-0.96
26300;Saint-Dizier-en-Diois;0;-0.71
26301;Saint-Donat-sur-l'Herbasse;2.7;0.47
26302;Sainte-Eulalie-en-Royans;2;0.06
26303;Sainte-Euphémie-sur-Ouvèze;0;0.23
26304;Saint-Ferréol-Trente-Pas;0;-1.9
26305;Saint-Gervais-sur-Roubion;0.4;1.42
26306;Sainte-Jalle;0.7;1.17
26307;Saint-Jean-en-Royans;5.1;-0.53
26308;Saint-Julien-en-Quint;1.7;0.84
26309;Saint-Julien-en-Vercors;0.8;0.68
26310;Saint-Laurent-d'Onay;1.4;0.54
26311;Saint-Laurent-en-Royans;6.9;-0.1
26312;Saint-Marcel-lès-Sauzet;1.4;-0.21
26313;Saint-Marcel-lès-Valence;5.5;0.03
26314;Saint-Martin-d'Août;1.7;0.3
26315;Saint-Martin-en-Vercors;1.6;2.73
26316;Saint-Martin-le-Colonel;1.1;2.86
26317;Saint-Maurice-sur-Eygues;0;0.51
26318;Saint-May;0;-4.55
26319;Saint-Michel-sur-Savasse;2.3;-0.2
26320;Saint-Nazaire-en-Royans;4.4;0.45
26321;Saint-Nazaire-le-Désert;2.5;1.27
26322;Saint-Pantaléon-les-Vignes;0;-1.76
26323;Saint-Paul-lès-Romans;1.8;0.94
26324;Saint-Paul-Trois-Châteaux;2.1;-0.47
26325;Saint-Rambert-d'Albon;7.6;1.32
26326;Saint-Restitut;1.8;0.91
26327;Saint-Roman;4.8;3.4
26328;Saint-Sauveur-en-Diois;5.6;-0.31
26329;Saint-Sauveur-Gouvernet;2.6;0.18
26330;Saint-Sorlin-en-Valloire;1.8;-0.1
26331;Saint-Thomas-en-Royans;3.1;-0.26
26332;Saint-Uze;3.4;0.71
26333;Saint-Vallier;6.9;0.78
26334;Salettes;1.6;-0.57
26335;Salles-sous-Bois;1.2;2.27
26336;Saou;4.7;0.76
26337;Saulce-sur-Rhône;2.8;0.29
26338;Sauzet;2.2;-0.11
26339;Savasse;1.4;2.02
26340;Séderon;0;-2.04
26341;Serves-sur-Rhône;3.2;-0.14
26342;Solérieux;1.7;-1.57
26343;Souspierre;2.6;1.81
26344;Soyans;2.2;0.9
26345;Suze-la-Rousse;0.7;-0.18
26346;Suze;3.1;0.91
26347;Tain-l'Hermitage;6.1;-0.84
26348;Taulignan;2.5;-0.65
26349;Tersanne;0.6;-0.09
26350;Teyssières;0;-4.32
26351;Les Tonils;0;0.78
26352;La Touche;0.9;0.66
26353;Les Tourrettes;1.3;0.77
26355;Triors;1.8;2.5
26356;Truinas;0;2.68
26357;Tulette;0.8;0.21
26358;Upie;1.7;0.03
26359;Vachères-en-Quint;0;2.04
26360;Valaurie;3;3.29
26361;Valdrôme;0;-1.42
26362;Valence;13.6;0.48
26363;Valouse;0;3.17
26364;Vassieux-en-Vercors;2.9;0.81
26365;Vaunaveys-la-Rochette;2.1;0.64
26367;Venterol;0.8;-1.81
26368;Vercheny;4.5;0
26369;Verclause;0;1.86
26370;Vercoiran;0;-0.96
26372;Vers-sur-Méouge;0;-1.58
26373;Vesc;0.9;-1.33
26374;Villebois-les-Pins;0;0
26375;Villefranche-le-Château;0;-3.29
26376;Villeperdrix;6.1;-2.26
26377;Vinsobres;0.5;-2.43
26378;Volvent;0;0.96
26379;Granges-les-Beaumont;0.9;-0.58
26380;Gervans;1.5;-0.45
26381;Jaillans;1.5;1.47
26382;Saint-Vincent-la-Commanderie;1.7;2.72
27001;Aclou;0.8;1.16
27002;Acon;2.3;-0.04
27003;Acquigny;2.1;2.01
27004;Aigleville;5.9;0.29
27005;Ailly;4.6;1.1
27006;Aizier;5;2.31
27008;Alizay;3.2;0.65
27009;Ambenay;2.5;-0.59
27010;Amécourt;12.1;0.99
27011;Amfreville-Saint-Amand;1.1;-0.11
27012;Amfreville-les-Champs;1;-0.55
27013;Amfreville-sous-les-Monts;2.6;0.53
27014;Amfreville-sur-Iton;0.9;1.2
27015;Andé;5.6;0.63
27016;Les Andelys;6.2;-0.58
27017;Angerville-la-Campagne;6.8;1.26
27018;Appeville-Annebault;0.7;-0.46
27019;Armentières-sur-Avre;0;-1.19
27020;Arnières-sur-Iton;5.8;0.1
27021;Asnières;1.3;1.51
27022;Le Val d'Hazey;10.3;-1.18
27023;Aulnay-sur-Iton;4.3;-0.07
27025;Autheuil-Authouillet;3.1;-0.25
27026;Authevernes;4.9;2.71
27027;Les Authieux;1.5;-0.34
27028;Authou;1.9;-0.35
27031;Aviron;4.1;-0.08
27032;Chambois;1.4;-0.11
27033;Bacquepuis;6.3;-0.53
27034;Bacqueville;1;0.05
27035;Bailleul-la-Vallée;0;-3.48
27036;Bâlines;3.1;-0.54
27037;Barc;1.2;-0.64
27038;Les Barils;4.2;0.63
27039;Barneville-sur-Seine;0;0.78
27040;Barquet;0.5;0.26
27042;Barville;2.3;4.84
27043;Les Baux-de-Breteuil;2.3;0.7
27044;Les Baux-Sainte-Croix;4.1;0.27
27045;Bazincourt-sur-Epte;7.8;0.5
27046;Bazoques;3.6;-2.5
27047;Beaubray;0.6;0.92
27048;Beauficel-en-Lyons;6.3;1.44
27049;Mesnil-en-Ouche;3.7;-0.94
27050;Beaumontel;2.7;-0.82
27051;Beaumont-le-Roger;3.6;-1.04
27052;Le Bec-Hellouin;1.4;-1.1
27053;Le Bec-Thomas;0;-1.58
27054;Bémécourt;0.5;0.03
27055;Bérengeville-la-Campagne;0.6;0.73
27056;Bernay;9.6;-0.97
27057;Bernienville;1.3;0.64
27059;Bernouville;7.5;1.04
27061;Berthouville;4.4;1.68
27062;Les Monts du Roumois;0.5;0.51
27063;Berville-la-Campagne;0.7;1.45
27064;Berville-sur-Mer;1.3;-0.65
27065;Beuzeville;1.5;0.43
27066;Bézu-la-Forêt;2.3;-1
27067;Bézu-Saint-Éloi;7.3;1.35
27068;Bois-Anzeray;4;0.93
27069;Bois-Arnault;2.5;-0.28
27070;Frenelles-en-Vexin;2.8;0.02
27071;Le Bois-Hellain;0.9;-1.58
27072;Bois-Jérôme-Saint-Ouen;10.9;-0.09
27073;Bois-le-Roi;3.5;0.96
27074;Boisney;4.8;0.12
27075;Bois-Normand-près-Lyre;6.9;1.51
27076;Boisset-les-Prévanches;3;1.02
27077;Boissey-le-Châtel;1.5;-0.38
27078;La Boissière;11.1;-0.75
27079;Boissy-Lamberville;1.1;1.73
27081;Boncourt;2.2;-0.18
27082;La Bonneville-sur-Iton;4.1;-1.07
27083;Bonneville-Aptot;1.5;0.32
27085;Flancourt-Crescy-en-Roumois;0.9;1.81
27089;Thénouville;0.9;0.1
27090;Bosroumois;0.8;1.31
27091;Bosgouet;1.4;2.1
27094;Bosquentin;13.1;0
27095;Bosrobert;2.4;0.33
27096;Les Bottereaux;3.5;-0.33
27097;Bouafles;7.8;-0.05
27098;Bouchevilliers;0;-2.14
27099;Le Boulay-Morin;1.8;0.99
27100;Boulleville;1.4;1.16
27101;Bouquelon;0;0
27102;Bouquetot;1.7;-0.48
27103;Bourg-Achard;1.2;1.35
27104;Bourg-Beaudouin;2.4;0.26
27105;Grand Bourgtheroulde;1;1.23
27106;Bournainville-Faverolles;2.7;0.03
27107;Bourneville-Sainte-Croix;2.2;0.36
27108;Bourth;2.2;-1.73
27109;Bray;1.7;0.68
27110;Brestot;1.5;1.69
27111;Bretagnolles;14.1;0.33
27112;Breteuil;1.5;-0.8
27113;Brétigny;1.6;0.36
27114;Breuilpont;10.1;-0.2
27115;Breux-sur-Avre;2;-0.44
27116;Brionne;1.9;-0.41
27117;Broglie;6.7;-0.65
27118;Brosville;1.1;0.52
27119;Bueil;22.3;0.03
27120;Burey;2;0.17
27123;Caillouet-Orgeville;13.6;0.7
27124;Cailly-sur-Eure;3.4;0.15
27125;Calleville;2.6;-0.3
27126;Campigny;0.8;-1.05
27127;Canappeville;0.3;0.9
27129;Caorches-Saint-Nicolas;4;0.51
27130;Capelle-les-Grands;4.3;-0.27
27132;Caugé;4.9;-0.72
27133;Caumont;1;1.5
27134;Cauverville-en-Roumois;2.7;-1.71
27135;Cesseville;1.2;-1.6
27136;Chaignes;4;-0.55
27137;Chaise-Dieu-du-Theil;7.5;-1.53
27138;Chamblac;5.5;-1.41
27139;Chambord;6.8;1.64
27140;Chambray;4.3;-1.17
27141;Champ-Dolent;5.7;-1.5
27142;Champenard;2.8;2.31
27144;Champigny-la-Futelaye;0.8;-0.78
27146;La Chapelle-Bayvel;1.1;-0.43
27147;La Chapelle-du-Bois-des-Faulx;0.6;0.89
27148;La Chapelle-Gauthier;0;0.08
27149;La Chapelle-Hareng;1.9;4.44
27151;Charleval;1.4;-0.95
27152;Château-sur-Epte;5.8;1.16
27153;Chauvincourt-Provemont;4.5;1.06
27154;Chavigny-Bailleul;1.1;-0.2
27155;Chennebrun;0;-1.58
27156;Chéronvilliers;2.7;-2.16
27157;Marbois;1.3;-1.29
27158;Cierrey;4.6;1.71
27161;Claville;4.1;-0.25
27162;Collandres-Quincarnon;0;1.97
27163;Colletot;3.4;-1.99
27164;Combon;1.2;0.02
27165;Conches-en-Ouche;2.8;-0.58
27167;Condé-sur-Risle;2.1;0.52
27168;Connelles;2.6;-1.82
27169;Conteville;0.5;0.78
27170;Cormeilles;1.4;-0.32
27171;Le Cormier;3;-1.98
27173;Corneville-la-Fouquetière;3.4;0.14
27174;Corneville-sur-Risle;1;0.41
27176;Coudray;3.1;-0.15
27177;Coudres;1.9;-0.24
27179;Courbépine;1.2;-0.16
27180;Courcelles-sur-Seine;12.1;0.98
27181;Courdemanche;1.1;-0.11
27182;Courteilles;1.4;3.14
27183;La Couture-Boussey;6.6;-0.15
27184;Crasville;3.3;-0.8
27185;Crestot;0.7;-0.36
27187;Criquebeuf-la-Campagne;1.1;2.42
27188;Criquebeuf-sur-Seine;2.5;1.42
27189;La Croisille;3.1;-1.4
27190;Croisy-sur-Eure;0.9;2.68
27191;Clef Vallée d'Eure;2.6;-0.19
27192;Crosville-la-Vieille;2.1;0.39
27193;Croth;3.3;1.2
27194;Cuverville;0;0.14
27196;Les Damps;2.6;-0.32
27198;Mesnils-sur-Iton;2.1;0.07
27199;Dangu;9.6;-1.09
27200;Dardez;1.5;-2.55
27201;Daubeuf-la-Campagne;0.9;0.91
27202;Daubeuf-près-Vatteville;1.7;-0.43
27203;Douains;7.1;-1.78
27204;Doudeauville-en-Vexin;1.4;-2.15
27205;Douville-sur-Andelle;1.7;-1.01
27206;Droisy;2.3;0.94
27207;Drucourt;2.8;-0.76
27208;Duranville;7.6;-1.11
27209;Écaquelon;1;-0.27
27210;Écardenville-la-Campagne;0.5;-0.94
27212;Écauville;1.8;0.3
27213;Vexin-sur-Epte;6.4;-0.26
27214;Écouis;1.9;0.54
27215;Ecquetot;1;0.3
27216;Émalleville;0.9;-2.34
27217;Émanville;1.6;-1.15
27218;Épaignes;1.3;-0.35
27219;Épégard;0;-1.21
27220;Épieds;5.8;-0.33
27222;Épreville-en-Lieuvin;0;-0.17
27224;Épreville-près-le-Neubourg;0.8;-1.22
27226;Étrépagny;6.6;-0.62
27227;Étréville;1;-0.3
27228;Éturqueraye;0;0.68
27229;Évreux;12.8;-0.19
27230;Ézy-sur-Eure;5.3;-0.02
27231;Fains;3.3;0
27232;Farceaux;1.7;0
27233;Fatouville-Grestain;2.7;-1.17
27234;Fauville;2.8;-1.92
27235;Faverolles-la-Campagne;0;-0.11
27237;Le Favril;1.1;1.04
27238;Ferrières-Haut-Clocher;3.5;-0.99
27239;Ferrières-Saint-Hilaire;8.4;0.43
27240;La Ferrière-sur-Risle;5.3;-1.79
27241;Feuguerolles;1.1;-0.86
27242;Le Fidelaire;3.5;-0.13
27243;Fiquefleur-Équainville;1.7;0.69
27245;Fleury-la-Forêt;5.8;1.39
27246;Fleury-sur-Andelle;1.6;-0.35
27247;Flipou;0;-0.46
27248;Folleville;0;-0.76
27249;Fontaine-Bellenger;2.7;-0.67
27251;Fontaine-l'Abbé;2;1.58
27252;Fontaine-la-Louvet;4;0.2
27254;Fontaine-sous-Jouy;5.4;-0.75
27256;La Forêt-du-Parc;2.6;1.43
27258;Fort-Moville;0.9;0.74
27259;Foucrainville;3.6;3.93
27260;Foulbec;1;-0.08
27261;Fouqueville;0.5;-0.63
27263;Le Perrey;0.6;-0.19
27266;Franqueville;1.5;-1.61
27267;Freneuse-sur-Risle;3.3;-1.05
27269;Fresne-Cauverville;1.2;-0.85
27271;Fresney;3.5;-1.01
27273;Gadencourt;5.3;-0.8
27275;Gaillon;7.8;-0.46
27276;Gamaches-en-Vexin;8.1;-0.51
27277;La Baronnie;4.3;1.26
27278;Garennes-sur-Eure;13.3;1.16
27279;Gasny;5.6;-0.03
27280;Gauciel;9.7;1.53
27281;Gaudreville-la-Rivière;1.7;0.22
27282;Gauville-la-Campagne;2.8;2.28
27284;Gisors;12.9;0.66
27285;Giverny;11.4;-1.88
27286;Giverville;2.9;-0.6
27287;Glisolles;2.7;0.36
27288;Glos-sur-Risle;2.1;0.34
27289;La Goulafrière;6.3;0.6
27290;Goupil-Othon;1.1;-0.04
27291;Gournay-le-Guérin;0;-1.71
27294;Val d'Orger;0.7;0
27295;Grand-Camp;3;-1.05
27298;Graveron-Sémerville;3.8;1.19
27299;Gravigny;5;0.43
27300;Grosley-sur-Risle;3.4;0.03
27301;Grossœuvre;2.3;2.76
27302;Le Bosc du Theil;0.3;-0.61
27304;Guerny;7.7;-1.81
27306;Guichainville;5.5;2.32
27307;Guiseniers;2.3;0.99
27309;L'Habit;5.2;-0.86
27310;Hacqueville;1.6;-1.53
27311;Harcourt;1.7;0.58
27312;Hardencourt-Cocherel;4.7;2
27313;La Harengère;0;0.4
27315;Harquency;2.4;0.62
27316;Hauville;0.5;-0.21
27317;La Haye-Aubrée;0.5;-1.69
27318;La Haye-de-Calleville;1.6;-1.08
27319;La Haye-de-Routot;0.8;-1.07
27320;La Haye-du-Theil;0.6;1.4
27321;La Haye-le-Comte;3.1;1.2
27322;La Haye-Malherbe;1;-0.42
27323;La Haye-Saint-Sylvestre;2.7;0.94
27324;Hébécourt;6.7;1.79
27325;Hecmanville;2.4;2.49
27326;Hécourt;8.4;-1.06
27327;Hectomare;1.9;-0.53
27329;Hennezis;8.2;-0.78
27330;Herqueville;2.3;-1.75
27331;Heubécourt-Haricourt;4.3;-0.04
27332;Heudebouville;2.8;0.4
27333;Heudicourt;4.6;1.43
27334;Heudreville-en-Lieuvin;2.4;0.9
27335;Heudreville-sur-Eure;2.1;0.28
27336;La Heunière;11.8;5.57
27337;Heuqueville;0;-0.75
27338;Les Hogues;2.6;1.51
27339;Hondouville;2.7;0.29
27340;Honguemare-Guenouville;0.6;0.12
27341;L'Hosmes;0;-0.74
27342;Houetteville;1;-0.83
27343;Houlbec-Cocherel;6;-0.64
27345;La Houssaye;9.8;-0.32
27346;Houville-en-Vexin;1;0.07
27347;Huest;2.3;-0.23
27348;Igoville;2.9;-0.5
27349;Illeville-sur-Montfort;0.8;-0.36
27350;Illiers-l'Évêque;2.2;0.36
27351;Incarville;4.9;-0.74
27353;Irreville;1.6;0.04
27354;Iville;1;-2.64
27355;Ivry-la-Bataille;7.3;-0.7
27358;Jouy-sur-Eure;4.6;-0.47
27359;Juignettes;0;5.46
27360;Jumelles;3;0.63
27361;La Lande-Saint-Léger;1.1;2.13
27363;Le Landin;1.9;4.34
27364;Launay;5.1;-1.9
27365;Léry;7.9;-0.41
27366;Letteguives;1;0.57
27367;Lieurey;3;0.26
27368;Lignerolles;1.7;1.53
27369;Lilly;0;-1.89
27370;Lisors;2.1;-2.59
27371;Livet-sur-Authou;2.5;2.06
27372;Longchamps;4.6;1.81
27373;Lorleau;2.2;-5.63
27374;Louversey;2.1;-1.2
27375;Louviers;8.5;-0.17
27376;Louye;6;-1.05
27377;Lyons-la-Forêt;3.4;0.02
27378;La Madeleine-de-Nonancourt;3.1;0.17
27379;Mainneville;10;1.73
27380;Malleville-sur-le-Bec;0.8;0.7
27381;Malouy;1.4;1.01
27382;Mandeville;1.2;1.06
27383;Mandres;4.4;-0.97
27384;Manneville-la-Raoult;0.9;-0.81
27385;Manneville-sur-Risle;0.6;-1.09
27386;Le Manoir;3.4;0.29
27388;Marais-Vernier;0.5;-1.18
27389;Marbeuf;0.4;1.14
27390;Marcilly-la-Campagne;3.5;-0.92
27391;Marcilly-sur-Eure;4.4;0.38
27392;Martagny;0;-1.84
27393;Martainville;0.4;0.48
27394;Martot;1.5;-3.72
27395;Mélicourt;8.6;2.36
27396;Ménesqueville;1.2;0.39
27397;Ménilles;5.1;0.06
27398;Menneval;5.5;1.51
27399;Mercey;0;1.91
27400;Merey;15;-0.14
27401;Le Mesnil-Fuguet;4;2.09
27403;Le Mesnil-Jourdain;1.9;0.5
27404;Mesnil-Rousset;0;-1.5
27405;Mesnil-sous-Vienne;12.5;-2
27406;Mesnil-sur-l'Estrée;4.4;0.54
27407;Mesnil-Verclives;2.7;0.33
27408;Mézières-en-Vexin;11.7;-0.6
27410;Miserey;3.9;-0.94
27411;Moisville;5.3;0.14
27412;Terres de Bord;1.9;0.85
27413;Montfort-sur-Risle;0.8;0.48
27414;Montreuil-l'Argillé;2.9;-0.5
27415;Morainville-Jouveaux;2.6;0.04
27417;Morgny;5.7;0.33
27418;Morsan;3.7;1.9
27419;Mouettes;5.8;-0.41
27420;Mouflaines;0;-0.8
27421;Mousseaux-Neuville;2.7;-0.26
27422;Muids;2.8;-0.04
27423;Muzy;5;-0.85
27424;Nagel-Séez-Mesnil;1.4;0.35
27425;Nassandres sur Risle;0.7;-0.7
27426;Neaufles-Saint-Martin;6.6;0.59
27427;Neaufles-Auvergny;2.2;-0.4
27428;Le Neubourg;1.3;0.49
27429;Neuilly;21.7;0.19
27430;La Neuve-Grange;1.1;2.73
27431;La Neuve-Lyre;2.7;-1.23
27432;La Neuville-du-Bosc;1.4;1.53
27433;Neuville-sur-Authou;0;-0.34
27434;Noards;0;1.74
27435;La Noë-Poulain;0.9;-0.9
27436;Nogent-le-Sec;0.4;0.39
27437;Nojeon-en-Vexin;3.2;0.44
27438;Nonancourt;4.1;0.12
27439;Normanville;2.9;1.21
27440;Notre-Dame-de-l'Isle;7.6;-0.68
27441;Notre-Dame-d'Épine;6.5;-2.64
27442;Notre-Dame-du-Hamel;0;-2.29
27444;Le Noyer-en-Ouche;7.6;-1.6
27445;Noyers;7.9;-1.21
27446;Ormes;3.2;-1.38
27447;Le Val-Doré;1.9;-0.66
27448;Pacy-sur-Eure;4.7;-0.39
27451;Parville;3.3;-1.53
27453;Perriers-sur-Andelle;1.3;-0.27
27454;Perruel;0.4;-0.21
27455;Piencourt;1.2;2.01
27456;Pinterville;3;1.28
27457;Piseux;1.7;-1.75
27458;Pîtres;2.7;0.79
27459;Les Places;0;-0.87
27460;Plainville;7.5;1.36
27462;Le Planquay;0;0.53
27463;Plasnes;0.9;0.44
27464;Le Plessis-Grohan;3.2;1.3
27465;Le Plessis-Hébert;4.4;0.25
27466;Le Plessis-Sainte-Opportune;1.9;1.02
27467;Pont-Audemer;2.9;-0.79
27468;Pont-Authou;0.8;-1.88
27469;Pont-de-l'Arche;2.7;-0.1
27470;Pont-Saint-Pierre;0.8;-0.38
27471;Porte-de-Seine;6;0.08
27472;Portes;2.3;-0.57
27473;Port-Mort;10;-0.82
27474;Poses;3.6;-0.84
27475;La Poterie-Mathieu;2.7;-0.59
27476;Les Préaux;1.1;0.56
27477;Pressagny-l'Orgueilleux;12;-0.24
27478;Prey;2.5;0.43
27480;Puchay;2.6;-0.3
27481;Pullay;3;-0.59
27482;La Pyle;1.3;0.11
27483;Quatremare;0.9;1.52
27485;Quillebeuf-sur-Seine;1.8;-1.18
27486;Quittebeuf;2.2;0.15
27487;Radepont;0.7;-0.31
27488;Renneville;1;0.74
27489;Reuilly;2;-0.41
27490;Richeville;4.1;-0.43
27492;Romilly-la-Puthenaye;5.4;0.52
27493;Romilly-sur-Andelle;1.2;-0.05
27495;La Roquette;4.1;-0.14
27496;Rosay-sur-Lieure;2;-0.86
27497;Rougemontiers;0.8;-0.22
27498;Rouge-Perriers;0.5;0
27500;Routot;2;0.93
27501;Rouvray;3.9;-0.63
27502;Rugles;9.1;-0.59
27504;Sacquenville;2.1;-0.16
27505;Saint-Agnan-de-Cernières;14.3;-0.11
27507;Saint-André-de-l'Eure;3.7;-0.26
27508;Saint-Antonin-de-Sommaire;0;2.47
27511;Saint-Aubin-d'Écrosville;1.1;1.04
27512;Saint-Aubin-de-Scellon;1.4;-1.21
27514;Saint-Aubin-du-Thenney;6.4;-1.06
27516;Treis-Sants-en-Ouche;4.2;-1.09
27517;Saint-Aubin-sur-Gaillon;6.3;1.93
27518;Saint-Aubin-sur-Quillebeuf;0.3;1.41
27520;Saint-Benoît-des-Ombres;0;0
27521;Saint-Christophe-sur-Avre;2.7;-0.58
27522;Saint-Christophe-sur-Condé;0.5;-2.62
27524;Sainte-Colombe-la-Commanderie;1.8;0.38
27525;Sainte-Colombe-près-Vernon;10.4;-0.21
27527;Saint-Cyr-de-Salerne;5.3;-0.08
27528;Le Vaudreuil;5.2;-0.42
27529;Saint-Cyr-la-Campagne;2.2;0.16
27530;Saint-Denis-d'Augerons;0;-2.2
27531;Saint-Denis-des-Monts;1;-0.08
27533;Saint-Denis-le-Ferment;7.4;0.58
27534;Saint-Didier-des-Bois;1.1;0.19
27535;Saint-Élier;1.2;-1.49
27536;Saint-Éloi-de-Fourques;0;1.07
27537;Saint-Étienne-du-Vauvray;3.2;0.02
27538;Saint-Étienne-l'Allier;0.9;-0.95
27539;Saint-Étienne-sous-Bailleul;9.5;-0.21
27540;Sainte-Geneviève-lès-Gasny;7.2;-0.43
27541;Le Mesnil-Saint-Jean;5;-3.22
27542;Saint-Georges-du-Vièvre;3.1;0.28
27543;Saint-Georges-Motel;3.2;-0.43
27544;Saint-Germain-de-Fresney;2.1;-0.91
27545;Saint-Germain-de-Pasquier;0;-0.54
27546;Saint-Germain-des-Angles;0;-0.76
27547;Saint-Germain-la-Campagne;2.2;-0.55
27548;Saint-Germain-sur-Avre;5.4;0.06
27550;Saint-Grégoire-du-Vièvre;0;-0.58
27552;Saint-Jean-du-Thenney;1.1;-2.16
27553;Saint-Julien-de-la-Liègue;4.8;0.4
27554;La Chapelle-Longueville;9.4;-0.66
27555;Saint-Laurent-des-Bois;4.6;-0.2
27556;Saint-Laurent-du-Tencement;0;0.78
27557;Saint-Léger-de-Rôtes;5.9;1.46
27558;Saint-Léger-du-Gennetey;0;-1.31
27560;Saint-Luc;2;-0.67
27561;Saint-Maclou;1.2;1.31
27562;Saint-Marcel;15.3;-0.25
27563;Saint-Mards-de-Blacarville;0.8;1.2
27564;Saint-Mards-de-Fresne;2.2;0.2
27565;Le Lesme;1.5;0.88
27567;Sainte-Marie-de-Vatimesnil;3.1;0.31
27568;Sainte-Marthe;2.3;-0.76
27569;Saint-Martin-du-Tilleul;3.5;0.34
27570;Saint-Martin-la-Campagne;2.2;0.5
27571;Saint-Martin-Saint-Firmin;2.3;0.82
27572;Saint-Meslin-du-Bosc;0.5;1.18
27576;Sainte-Opportune-du-Bosc;2.8;-0.51
27577;Sainte-Opportune-la-Mare;1.5;-0.53
27578;Sainte-Marie-d'Attez;3.8;0.12
27579;Saint-Ouen-de-Pontcheuil;2.3;0.68
27580;Saint-Ouen-de-Thouberville;1.3;0.35
27582;Saint-Ouen-du-Tilleul;1.4;1.46
27584;Saint-Paul-de-Fourques;0.7;-1.81
27586;Saint-Philbert-sur-Boissey;1.2;0
27587;Saint-Philbert-sur-Risle;0.6;0.88
27589;Saint-Pierre-de-Bailleul;12.5;0.21
27590;Saint-Pierre-de-Cernières;0;1.18
27591;Saint-Pierre-de-Cormeilles;1.2;-1
27592;Saint-Pierre-de-Salerne;0.9;-1.31
27593;Saint-Pierre-des-Fleurs;1.7;1.59
27594;Saint-Pierre-des-Ifs;2.3;-1.24
27595;Saint-Pierre-du-Bosguérard;0.5;-1.34
27597;Saint-Pierre-du-Val;1.2;0.61
27598;Saint-Pierre-du-Vauvray;2.8;-0.65
27599;Saint-Pierre-la-Garenne;10.9;-0.05
27601;Saint-Samson-de-la-Roque;1.1;0.23
27602;Saint-Sébastien-de-Morsent;7.5;-0.71
27603;Saint-Siméon;1.3;0.1
27604;Saint-Sulpice-de-Grimbouville;1.4;-1.8
27605;Saint-Sylvestre-de-Cormeilles;3.2;-1.67
27606;Saint-Symphorien;0.5;-0.49
27608;Saint-Victor-de-Chrétienville;8.7;-0.81
27609;Saint-Victor-d'Épine;2.7;0.76
27610;Saint-Victor-sur-Avre;4.3;-0.87
27611;Saint-Vigor;1.2;-0.73
27612;Saint-Vincent-des-Bois;4.7;0.2
27613;Saint-Vincent-du-Boulay;1.7;-0.36
27614;Sancourt;4.6;1.65
27615;Sassey;4.5;0.96
27616;La Saussaye;1.4;0.46
27617;Saussay-la-Campagne;0.8;0.13
27618;Sébécourt;1.8;-0.63
27620;Selles;0;0.39
27621;Serez;5.7;2.79
27622;Serquigny;3.4;-1.95
27623;Surtauville;2;0.07
27624;Surville;2.3;-1.2
27625;Suzay;3.9;-0.14
27627;Le Theil-Nolent;2;1.21
27629;Thiberville;1.3;-0.39
27630;Thibouville;1.4;1.01
27631;Thierville;0.7;-0.14
27632;Le Thil;2.5;2.37
27633;Les Thilliers-en-Vexin;3.3;0.07
27635;Le Thuit;3.1;-0.12
27638;Le Thuit de l'Oison;1.5;1.06
27640;Tilleul-Dame-Agnès;6.5;0.26
27641;Le Tilleul-Lambert;2.1;1.11
27643;Tillières-sur-Avre;2.5;-0.67
27644;Tilly;7.5;0.9
27645;Tocqueville;1.4;-1.33
27646;Le Torpt;0;0.9
27649;Touffreville;0.6;-0.39
27650;Tournedos-Bois-Hubert;3.6;-0.37
27652;Tourneville;2.2;-0.51
27654;Tourville-la-Campagne;0.6;0.82
27655;Tourville-sur-Pont-Audemer;0.9;-0.32
27656;Toutainville;1.8;-0.77
27658;Le Tremblay-Omonville;2.9;2.16
27659;La Trinité;3.3;1.65
27660;La Trinité-de-Réville;3;0.21
27661;La Trinité-de-Thouberville;1.7;-0.86
27662;Triqueville;2.6;0.73
27663;Le Troncq;1.3;-0.48
27664;Le Tronquay;1.3;0.48
27665;Trouville-la-Haule;1;-0.33
27666;La Vacherie;0;-0.12
27667;Valailles;4.2;0.88
27668;Le Val-David;2.3;-1.42
27669;Valletot;1;0.04
27670;Vandrimare;0.8;0.12
27671;Vannecrocq;1.3;1.28
27672;Vascœuil;0.7;-1.52
27673;Vatteville;0;-0.55
27674;Vaux-sur-Eure;1.4;-0.12
27676;Les Trois Lacs;3.1;-0.34
27677;Venon;1;0.09
27678;Les Ventes;5.2;0
27679;Verneuil d'Avre et d'Iton;3.2;-1.93
27680;Verneusses;2.5;-2.06
27681;Vernon;21.8;0.78
27682;Vesly;4.6;-1.72
27683;Vézillon;7.6;-1.8
27684;Le Vieil-Évreux;3.8;0.73
27685;La Vieille-Lyre;1.6;-0.05
27686;Vieux-Port;4.5;1.4
27689;Villegats;7.9;0.09
27690;Villers-en-Vexin;4;-0.05
27691;Villers-sur-le-Roule;6.1;0
27692;Villettes;1.2;-0.58
27693;Sylvains-Lès-Moulins;3.3;-0.21
27694;Villez-sous-Bailleul;8.1;0.32
27695;Villez-sur-le-Neubourg;1.7;-3.25
27696;Villiers-en-Désœuvre;14.4;-1.15
27697;Vironvay;2.8;0
27698;Vitot;1.2;0.03
27699;Voiscreville;0;-1.36
27700;Vraiville;1.4;1.71
27701;Val-de-Reuil;12.7;-0.44
28001;Abondant;5;0.61
28003;Allainville;3.4;1.86
28004;Allonnes;1.1;0.37
28005;Alluyes;2;-0.13
28006;Amilly;4.4;-0.24
28007;Anet;6.2;-0.02
28008;Ardelles;5.3;0.9
28009;Ardelu;5;-0.46
28010;Argenvilliers;0.7;-0.86
28012;Vald'Yerre;2.4;-0.9
28013;Aunay-sous-Auneau;6.6;0.48
28014;Aunay-sous-Crécy;5.1;1.13
28015;Auneau-Bleury-Saint-Symphorien;5.8;1.51
28016;Les Autels-Villevillon;5.3;-5.56
28018;Authon-du-Perche;2.5;-0.41
28019;Baigneaux;2.4;-1.6
28021;Bailleau-le-Pin;3.3;0.81
28022;Bailleau-l'Évêque;4.1;0.23
28023;Bailleau-Armenonville;13.6;-0.94
28024;Barjouville;5;0.31
28026;Baudreville;5.2;-1.71
28027;La Bazoche-Gouet;1.7;0.03
28028;Bazoches-en-Dunois;1.6;0.32
28029;Bazoches-les-Hautes;1.5;0.62
28030;Beauche;3.5;0.66
28031;Beaumont-les-Autels;3.4;1.13
28032;Beauvilliers;1.7;0.3
28033;Belhomert-Guéhouville;7.7;0.23
28034;Berchères-Saint-Germain;9.6;1.3
28035;Berchères-les-Pierres;2.6;-0.13
28036;Berchères-sur-Vesgre;10;0.28
28037;Bérou-la-Mulotière;1.9;0.34
28038;Béthonvilliers;10.3;1.6
28039;Béville-le-Comte;3.8;0.6
28040;Billancelles;7.3;-0.57
28041;Blandainville;5.1;0.73
28045;Boissy-en-Drouais;0;2.03
28046;Boissy-lès-Perche;2.4;-0.2
28047;Boisville-la-Saint-Père;2.1;0.35
28048;La Bourdinière-Saint-Loup;3.1;0.78
28049;Boncé;3.8;-1.49
28050;Boncourt;6.2;1.1
28051;Bonneval;3.8;-0.87
28052;Bouglainval;26.4;-0.83
28053;Le Boullay-les-Deux-Églises;2.7;-1.34
28054;Le Boullay-Mivoye;4.6;1.74
28055;Le Boullay-Thierry;5.7;0.85
28056;Boutigny-Prouais;6.6;-0.47
28057;Bouville;1.6;-0.88
28058;Bréchamps;8.3;1.44
28059;Brezolles;2.6;-0.21
28060;Briconville;2.9;1.93
28061;Brou;4.6;-0.69
28062;Broué;7.9;-0.57
28064;Bû;8.5;1.2
28065;Bullainville;2;0.46
28067;Cernay;0;-1.16
28068;Challet;7.1;-0.04
28070;Champhol;10.8;0.24
28071;Champrond-en-Gâtine;7.2;2.1
28072;Champrond-en-Perchet;2.1;-0.55
28073;Champseru;4.6;1.05
28074;La Chapelle-d'Aunainville;3.9;-2.28
28075;La Chapelle-du-Noyer;1.8;-0.52
28076;La Chapelle-Forainvilliers;8;0.8
28077;La Chapelle-Fortin;0;-1.85
28078;Chapelle-Guillaume;1.3;-0.45
28079;Chapelle-Royale;5.1;0.69
28080;Charbonnières;2.4;0.33
28081;Charonville;4.9;-0.87
28082;Charpont;5.3;1.43
28084;Chartainvilliers;22.4;-1.54
28085;Chartres;17.7;-0.33
28086;Chassant;5.7;-1.41
28087;Châtaincourt;3.7;-0.92
28088;Châteaudun;4.4;-0.23
28089;Châteauneuf-en-Thymerais;1.6;-0.06
28090;Les Châtelets;4.4;1.75
28091;Les Châtelliers-Notre-Dame;2.8;1.91
28092;Châtenay;5.9;-0.49
28094;Chaudon;6.6;0.09
28095;Chauffours;1.4;0.77
28096;La Chaussée-d'Ivry;7.6;2.56
28098;Cherisy;5.8;-0.12
28099;Chuisnes;7.9;0.01
28100;Cintray;1.3;2.01
28102;Clévilliers;4.4;1.1
28103;Cloyes-les-Trois-Rivières;2.4;-0.32
28104;Coltainville;9.1;0.51
28105;Combres;4.9;-0.36
28106;Conie-Molitard;3.2;-0.59
28107;Corancez;4.6;-1.19
28108;Cormainville;4.2;-1.43
28109;Les Corvées-les-Yys;5.4;0.57
28110;Le Coudray;7;-0.51
28111;Coudray-au-Perche;6.8;1
28113;Coulombs;16.4;0.07
28114;Courbehaye;0;0.12
28116;Courville-sur-Eure;12.3;-0.09
28117;Crécy-Couvé;6;0.26
28118;Croisilles;6.9;-0.92
28119;La Croix-du-Perche;3.2;-1.8
28120;Crucey-Villages;1.6;-0.11
28121;Dambron;2.6;0.17
28122;Dammarie;2.3;-0.12
28123;Dampierre-sous-Brou;2.7;-0.77
28124;Dampierre-sur-Avre;3.9;0.4
28126;Dancy;1.3;0
28127;Dangeau;2.7;-0.3
28128;Dangers;5.5;0.15
28129;Denonville;4.4;0.31
28130;Digny;2.6;0.59
28132;Donnemain-Saint-Mamès;4.1;-0.86
28134;Dreux;13.6;0.12
28135;Droue-sur-Drouette;34;-0.64
28136;Écluzelles;3.8;-0.72
28137;Écrosnes;15.2;-0.08
28139;Épeautrolles;3.4;-1.32
28140;Épernon;37.6;0.02
28141;Ermenonville-la-Grande;1.8;-0.31
28142;Ermenonville-la-Petite;0;0.18
28143;Escorpain;5;-1.03
28144;Les Étilleux;3.8;-2.44
28146;Faverolles;5.2;-1
28147;Favières;3;0.63
28148;Le Favril;5.2;0.32
28149;La Ferté-Vidame;2;-3.78
28151;Fessanvilliers-Mattanvilliers;1.2;-0.29
28153;Flacey;1.1;0.16
28154;Fontaine-la-Guyon;4.2;0.06
28155;Fontaine-les-Ribouts;4.4;-1.84
28156;Fontaine-Simon;7.8;-0.89
28157;Fontenay-sur-Conie;3.3;2.04
28158;Fontenay-sur-Eure;2.1;3.41
28159;La Framboisière;2.4;-0.29
28160;Francourville;1.5;1.87
28161;Frazé;6.1;-0.63
28162;Fresnay-le-Comte;0;-2.36
28163;Fresnay-le-Gilmert;4.5;2.17
28164;Fresnay-l'Évêque;6.1;-0.07
28166;Friaize;5.4;1.41
28167;Fruncé;9.5;-1.5
28168;Gallardon;11.4;-0.54
28169;Garancières-en-Beauce;4.6;0.3
28170;Garancières-en-Drouais;4;0.79
28171;Garnay;3.3;2.31
28172;Gas;28.1;-1.27
28173;Gasville-Oisème;3;0.67
28175;La Gaudaine;0;0.09
28176;Le Gault-Saint-Denis;2.7;0.05
28177;Gellainville;2.3;2.01
28178;Germainville;8.8;3.66
28180;Gilles;16.6;-0.74
28182;Gohory;0.7;-0.36
28183;Gommerville;4.7;-0.32
28184;Gouillons;3.4;0.05
28185;Goussainville;7.3;0.78
28187;Guainville;14.1;-0.15
28188;Le Gué-de-Longroi;5.7;-0.89
28189;Guilleville;3.7;-1.73
28190;Guillonville;2.2;0.74
28191;Hanches;28;0.01
28192;Happonvilliers;2.3;0.49
28193;Havelu;7.2;-1.33
28194;Houville-la-Branche;2.3;-0.93
28195;Houx;24.1;-0.35
28196;Illiers-Combray;5.7;-0.49
28197;Intréville;10.2;-2.63
28198;Jallans;1.6;-0.6
28199;Janville-en-Beauce;3.2;-0.57
28200;Jaudrais;3.1;0.62
28201;Jouy;13.9;0.37
28202;Lamblore;1.7;-1
28203;Landelles;6.7;-0.24
28206;Laons;5.1;-0.94
28207;Léthuin;4.5;0.86
28208;Levainville;7.7;-0.69
28209;Lèves;10.3;0.04
28210;Levesville-la-Chenard;4.5;1.34
28211;Logron;0.4;-0.03
28212;Loigny-la-Bataille;1.8;0.55
28213;Lormaye;12.4;0.5
28214;La Loupe;13.5;-0.88
28215;Louville-la-Chenard;2.6;-0.33
28216;Louvilliers-en-Drouais;1.1;1.51
28217;Louvilliers-lès-Perche;2.1;1.51
28218;Lucé;14.9;-0.1
28219;Luigny;3.8;3.11
28220;Luisant;8.3;0.4
28221;Lumeau;3;-2.55
28222;Luplanté;0.9;0.04
28223;Luray;9.8;-0.04
28225;Magny;2.6;-0.13
28226;Maillebois;2;-0.07
28227;Maintenon;37.3;1.1
28229;Mainvilliers;20.2;-0.56
28230;Maisons;3.5;1.43
28231;La Mancelière;5.1;-3.74
28232;Manou;3.4;0.31
28233;Marboué;3.1;-0.13
28234;Marchéville;2.7;0.57
28235;Marchezais;20.3;3.7
28236;Arcisses;3.1;0
28237;Marolles-les-Buis;1.1;-0.48
28239;Marville-Moutiers-Brûlé;5.1;1.04
28240;Meaucé;7.9;-1.9
28242;Méréglise;1.9;0.81
28243;Mérouville;5.1;-0.46
28245;Meslay-le-Grenet;0.6;1.64
28246;Meslay-le-Vidame;0.7;-0.32
28247;Le Mesnil-Simon;7;-0.69
28248;Le Mesnil-Thomas;3.4;-0.05
28249;Mévoisins;33.9;-0.05
28251;Mézières-en-Drouais;8.4;-0.34
28252;Miermaigne;1.5;-2.82
28253;Mignières;0.9;1.89
28254;Mittainvilliers-Vérigny;1;0.06
28255;Moinville-la-Jeulin;2.4;-1.01
28256;Moléans;0.6;-0.91
28257;Mondonville-Saint-Jean;2.2;1.12
28259;Montboissier;2.1;1.51
28260;Montharville;6.2;1.01
28261;Montigny-le-Chartif;5.5;-1.11
28263;Montigny-sur-Avre;1.9;0.69
28264;Montireau;3.3;-0.6
28265;Montlandon;9;0.67
28267;Montreuil;3.2;0.84
28268;Morainville;0;-6.84
28269;Morancez;5.1;1.71
28270;Moriers;0;0.23
28271;Morvilliers;1.5;-3.57
28272;Mottereau;4.1;-1.75
28273;Moulhard;1.4;-0.59
28274;Moutiers;2.8;-0.67
28275;Néron;18.2;1.12
28277;Neuvy-en-Dunois;1.4;-0.38
28278;Nogent-le-Phaye;2.6;0.44
28279;Nogent-le-Roi;10.5;-0.44
28280;Nogent-le-Rotrou;8.7;-1.09
28281;Nogent-sur-Eure;2.6;0.07
28282;Nonvilliers-Grandhoux;2.6;0.16
28283;Nottonville;1.7;-1.29
28284;Oinville-Saint-Liphard;6.5;0.18
28285;Oinville-sous-Auneau;2.5;-0.8
28286;Ollé;2.6;0.43
28287;Orgères-en-Beauce;1.5;-1.5
28289;Ormoy;9.3;-1.28
28290;Orrouer;3.5;-1.19
28291;Ouarville;2.7;0.51
28292;Ouerre;4.7;1.1
28293;Oulins;5.3;0.25
28294;Oysonville;7.9;0.19
28296;Péronville;1.1;-0.38
28298;Pierres;26.8;0.04
28299;Les Pinthières;3.3;-1.72
28300;Poinville;4;3.23
28301;Poisvilliers;5.7;0.63
28302;Pontgouin;7.5;-0.06
28303;Poupry;0;-1.44
28304;Prasville;2;0.57
28305;Pré-Saint-Évroult;1.6;-0.63
28306;Pré-Saint-Martin;2.6;-1.94
28308;Prudemanche;1.5;0.51
28309;Prunay-le-Gillon;2.3;1.14
28310;La Puisaye;6.6;-2.47
28312;Puiseux;3.2;-0.85
28313;Réclainville;2.2;1.11
28314;Les Ressuintes;2.9;3.56
28315;Revercourt;0;2.15
28316;Rohaire;3.3;0.26
28317;Roinville;3.9;1.01
28319;Neuville Saint Denis;5.2;-2.74
28321;Rouvres;10.1;0.18
28322;Rueil-la-Gadelière;4;-1.39
28323;Saint-Ange-et-Torçay;6.9;-0.12
28324;Saint-Arnoult-des-Bois;3.7;0.09
28325;Saint-Aubin-des-Bois;3;2.13
28326;Saint-Avit-les-Guespières;2.6;-1.06
28327;Saint-Bomer;2;-0.51
28329;Saint-Christophe;0;-0.77
28330;Villemaury;1;-1.36
28331;Saintigny;2.1;-1.28
28332;Sainte-Gemme-Moronval;7.2;0.94
28333;Saint-Denis-des-Puits;10.8;1.28
28334;Saint-Denis-Lanneray;1.3;-1.28
28335;Saint-Éliph;9;-1.3
28336;Saint-Éman;0;-2.44
28337;Saint-Georges-sur-Eure;2.2;-0.04
28339;Saint-Germain-le-Gaillard;5.7;1.56
28341;Saint-Jean-de-Rebervilliers;5.4;0.56
28342;Saint-Jean-Pierre-Fixte;1;0.57
28343;Saint-Laurent-la-Gâtine;7;0.74
28344;Saint-Léger-des-Aubées;6.4;-0.82
28346;Saint-Lubin-de-Cravant;0;-0.59
28347;Saint-Lubin-de-la-Haye;9.5;-0.14
28348;Saint-Lubin-des-Joncherets;3.7;0.45
28349;Saint-Lucien;24.1;1.45
28350;Saint-Luperce;4.1;2.15
28351;Saint-Maixme-Hauterive;1.4;-0.56
28352;Saint-Martin-de-Nigelles;24;0.18
28353;Saint-Maur-sur-le-Loir;3.4;-0.64
28354;Saint-Maurice-Saint-Germain;10.3;2.64
28355;Saint-Ouen-Marchefroy;10.1;0
28357;Saint-Piat;32;1.14
28358;Saint-Prest;12.9;0.99
28359;Saint-Rémy-sur-Avre;5.1;0.24
28360;Saint-Sauveur-Marville;3.4;0.13
28362;Saint-Victor-de-Buthon;6.6;-0.16
28363;Sainville;3.8;0.41
28364;Sancheville;0;-1.76
28365;Sandarville;2.1;0.53
28366;Santeuil;2;0.21
28367;Santilly;2.4;-1.84
28368;La Saucelle;6.7;0.77
28369;Saulnières;2.8;1.79
28370;Saumeray;3.3;-0.76
28371;Saussay;5.3;0.11
28372;Senantes;20.3;-1.44
28373;Senonches;2.5;-0.43
28374;Serazereux;3.8;-0.64
28375;Serville;10.9;-0.09
28377;Sorel-Moussel;4.6;-0.15
28378;Souancé-au-Perche;5;-1.31
28379;Soulaires;9.9;0.98
28380;Sours;2.3;0.11
28382;Terminiers;1.4;-0.61
28383;Theuville;3.7;0.44
28385;Le Thieulin;5.9;-0.87
28386;Thimert-Gâtelles;2.1;-0.36
28387;Thiron-Gardais;2.6;-0.57
28388;Thivars;4.3;0.49
28389;Thiville;0;-0.34
28390;Tillay-le-Péneux;2;-0.68
28391;Toury;6.6;0.04
28392;Trancrainville;1.2;0.5
28393;Tremblay-les-Villages;5.4;-0.61
28394;Tréon;3;0.67
28395;Trizay-Coutretot-Saint-Serge;2.9;-0.45
28396;Trizay-lès-Bonneval;2.7;-0.16
28397;Umpeau;3.1;0.51
28398;Unverre;2.8;0.11
28400;Varize;2.6;-0.69
28401;Vaupillon;4.4;0.26
28403;Ver-lès-Chartres;1.9;-0.3
28404;Vernouillet;10.4;0
28405;Vert-en-Drouais;3;0.29
28406;Éole-en-Beauce;3.1;-0.05
28407;Vichères;2.8;-1.33
28408;Vierville;2;-3.24
28409;Vieuvicq;2.9;-1.22
28410;Villampuy;2.3;-1.08
28411;Villars;1.2;0.86
28414;Villebon;10.3;-4.75
28415;Villemeux-sur-Eure;4.9;1.97
28417;Villiers-le-Morhier;24.2;0.11
28418;Villiers-Saint-Orien;4.9;-0.41
28419;Vitray-en-Beauce;1.2;-0.19
28421;Voise;2.6;-2.15
28422;Les Villages Vovéens;4.5;-0.03
28423;Yermenonville;17.7;0.97
28424;Yèvres;4.3;0.15
28425;Ymeray;9.5;-1.57
28426;Ymonville;3.7;-0.44
29001;Argol;2.6;0.54
29002;Arzano;1.1;0.59
29003;Audierne;4.8;0.11
29004;Bannalec;1.3;0.18
29005;Baye;1.6;2.89
29006;Bénodet;1.3;1.56
29007;Berrien;1.3;-0.38
29008;Beuzec-Cap-Sizun;1;0.25
29010;Bodilis;3.7;0.98
29011;Bohars;4.9;0.92
29012;Bolazec;0;-2.88
29013;Botmeur;0;1.15
29014;Botsorhel;2.5;0.16
29015;Bourg-Blanc;2;-0.06
29016;Brasparts;1;0.35
29017;Brélès;1.6;-0.29
29018;Brennilis;0.6;-0.15
29019;Brest;16.8;0.2
29020;Briec;1.8;0.55
29021;Plounéour-Brignogan-plages;1.9;0.23
29022;Camaret-sur-Mer;1.7;-0.91
29023;Carantec;3.6;0.59
29024;Carhaix-Plouguer;1.2;0.2
29025;Cast;0.3;-0.33
29026;Châteaulin;1.8;-0.34
29027;Châteauneuf-du-Faou;1;-0.14
29028;Cléden-Cap-Sizun;1.7;-0.78
29029;Cléden-Poher;0.8;-0.1
29030;Cléder;0.6;-0.9
29031;Clohars-Carnoët;2.6;1.46
29032;Clohars-Fouesnant;2.3;0.92
29033;Le Cloître-Pleyben;0.5;-0.83
29034;Le Cloître-Saint-Thégonnec;2;-0.33
29035;Coat-Méal;1.1;0.66
29036;Collorec;0;-0.58
29037;Combrit;2.4;0.9
29038;Commana;2.3;-0.61
29039;Concarneau;5.1;1.34
29040;Le Conquet;4;0.83
29041;Coray;1.3;-0.3
29042;Crozon;3.6;-0.29
29043;Daoulas;1.4;0.4
29044;Dinéault;0.7;-2.55
29045;Dirinon;3.8;-0.73
29046;Douarnenez;6.1;0.15
29047;Le Drennec;1.9;0.83
29048;Edern;0.5;-0.01
29049;Elliant;1.1;0.73
29051;Ergué-Gabéric;2.5;0.95
29053;Le Faou;1.5;1.54
29054;La Feuillée;2.4;1.09
29055;Le Folgoët;3;0.61
29056;La Forest-Landerneau;6.3;1.31
29057;La Forêt-Fouesnant;2.1;0.75
29058;Fouesnant;1.8;1.16
29059;Garlan;0.4;0.11
29060;Gouesnach;1.4;0.02
29061;Gouesnou;4.7;0.86
29062;Gouézec;0.8;0.23
29063;Goulien;2.8;0.27
29064;Goulven;2.2;-0.34
29065;Gourlizon;1.4;0.96
29066;Guengat;1.1;0.72
29067;Guerlesquin;0.9;-1.07
29068;Guiclan;1.5;0.51
29069;Guilers;4.2;0.43
29070;Guiler-sur-Goyen;0.5;-0.35
29071;Guilligomarc'h;1.4;0.83
29072;Guilvinec;2;-0.04
29073;Guimaëc;2.7;0.14
29074;Guimiliau;1.2;-0.26
29075;Guipavas;4.8;1.05
29076;Milizac-Guipronvel;1.1;1.09
29077;Guissény;1.1;-0.23
29078;Hanvec;0.9;0.12
29079;Henvic;2.3;-1.8
29080;Hôpital-Camfrout;1.2;-0.07
29081;Huelgoat;1;-0.8
29082;Île-de-Batz;4.7;-0.25
29083;Île-de-Sein;3.6;2.32
29084;Île-Molène;2.6;3.89
29085;Île-Tudy;3;-0.02
29086;Irvillac;1.5;-0.02
29087;Le Juch;1.8;0.77
29089;Kergloff;0.8;-0.41
29090;Kerlaz;1.5;-0.33
29091;Kerlouan;1.9;-1.07
29093;Kernilis;1.1;-0.55
29094;Kernouës;1.9;-0.95
29095;Kersaint-Plabennec;0.9;1.33
29097;Lampaul-Guimiliau;2.1;-0.61
29098;Lampaul-Plouarzel;2.6;0.64
29099;Lampaul-Ploudalmézeau;1.1;-0.64
29100;Lanarvily;0.5;-0.76
29101;Landéda;2.4;0.63
29102;Landeleau;0.9;0.98
29103;Landerneau;5.7;0.51
29104;Landévennec;3.3;0.15
29105;Landivisiau;3.1;0.13
29106;Landrévarzec;0.6;0.34
29107;Landudal;0.9;0.68
29108;Landudec;1.8;0.67
29109;Landunvez;2.9;0.76
29110;Langolen;0.5;-0.72
29111;Lanhouarneau;1.9;-0.28
29112;Lanildut;2.8;0.62
29113;Lanmeur;1.5;1.27
29114;Lannéanou;0.8;-2.17
29115;Lannédern;1.8;1.42
29116;Lanneuffret;0;0.11
29117;Lannilis;2.2;0.53
29119;Lanrivoaré;1.9;0.82
29120;Lanvéoc;1.6;-1.67
29122;Laz;1.1;0.47
29123;Lennon;1.5;-0.04
29124;Lesneven;2.8;0.38
29125;Leuhan;1.4;0.57
29126;Loc-Brévalaire;0;0.99
29128;Loc-Eguiner;1.1;-0.94
29130;Locmaria-Plouzané;2.4;0.35
29131;Locmélar;2.2;0.35
29132;Locquénolé;3.8;0.11
29133;Locquirec;3.8;1.61
29134;Locronan;1.6;0.02
29135;Loctudy;2.6;-0.03
29136;Locunolé;1.9;0.2
29137;Logonna-Daoulas;2;0.05
29139;Lopérec;1.9;-0.36
29140;Loperhet;1.6;1.17
29141;Loqueffret;0;-1
29142;Lothey;0;-0.7
29143;Mahalon;1.2;0.99
29144;La Martyre;2.2;-0.07
29145;Confort-Meilars;1.8;-0.4
29146;Melgven;1.6;0.06
29147;Mellac;2.5;1.73
29148;Mespaul;0.5;-0.16
29150;Moëlan-sur-Mer;2.6;-0.09
29151;Morlaix;7.9;0.56
29152;Motreff;0.4;-0.6
29153;Névez;3.3;0.46
29155;Ouessant;4;0.24
29156;Pencran;3.2;2.29
29158;Penmarch;3.1;-0.1
29159;Peumerit;0.5;2.04
29160;Plabennec;2.3;0.55
29161;Pleuven;0.7;2.48
29162;Pleyben;0.9;-0.16
29163;Pleyber-Christ;0.9;0.31
29165;Plobannalec-Lesconil;1.6;1.11
29166;Ploéven;0.5;0.38
29167;Plogastel-Saint-Germain;1.6;0.74
29168;Plogoff;2.5;-0.89
29169;Plogonnec;1.1;0.43
29170;Plomelin;2.2;0.12
29171;Plomeur;1.4;0.4
29172;Plomodiern;1.5;1.32
29173;Plonéis;0.9;0.09
29174;Plonéour-Lanvern;1.3;0.89
29175;Plonévez-du-Faou;0.7;0.59
29176;Plonévez-Porzay;0.6;0.13
29177;Plouarzel;1.9;1.23
29178;Ploudalmézeau;1.8;0.36
29179;Ploudaniel;1.7;0.18
29180;Ploudiry;1.4;-1.11
29181;Plouédern;2.8;1.53
29182;Plouégat-Guérand;1;-0.14
29183;Plouégat-Moysan;1.5;0.07
29184;Plouénan;1.2;0.58
29185;Plouescat;1.5;0.46
29186;Plouezoc'h;3.2;0.5
29187;Plougar;0.6;0.15
29188;Plougasnou;2.9;0.84
29189;Plougastel-Daoulas;3.5;0.1
29190;Plougonvelin;1.3;1.43
29191;Plougonven;0.6;-0.31
29192;Plougoulm;0.8;-0.05
29193;Plougourvest;0.7;1
29195;Plouguerneau;2.8;0.43
29196;Plouguin;1.1;0.73
29197;Plouhinec;2.8;-0.16
29198;Plouider;2.2;-0.64
29199;Plouigneau;1.4;-0.22
29201;Ploumoguer;2.1;0.55
29202;Plounéour-Ménez;1.5;0.63
29204;Plounéventer;1;0.89
29205;Plounévézel;0;-1.39
29206;Plounévez-Lochrist;1.6;-0.2
29207;Plourin-lès-Morlaix;2.4;0.44
29208;Plourin;1.4;0.24
29209;Plouvien;1;0.8
29210;Plouvorn;0.8;0.39
29211;Plouyé;2.6;-0.42
29212;Plouzané;7.1;0.86
29213;Plouzévédé;1;0.71
29214;Plovan;1.6;0.05
29215;Plozévet;2;-0.1
29216;Pluguffan;2.4;0.57
29217;Pont-Aven;1.6;-0.17
29218;Pont-Croix;7.2;0.54
29220;Pont-l'Abbé;2.1;0.44
29221;Porspoder;2.4;-0.52
29222;Port-Launay;1.7;0.3
29224;Pouldergat;0.6;-0.03
29225;Pouldreuzic;1.4;-0.07
29226;Poullan-sur-Mer;1.7;-0.63
29227;Poullaouen;0.7;-0.49
29228;Primelin;2.4;-2.01
29229;Quéménéven;1.1;-0.04
29230;Querrien;1.8;-0.92
29232;Quimper;7.4;0.29
29233;Quimperlé;3.1;0.56
29234;Rédené;0.8;0.56
29235;Le Relecq-Kerhuon;4.4;0.58
29236;Riec-sur-Bélon;1.7;0.72
29237;La Roche-Maurice;3.9;0.19
29238;Roscanvel;1.6;-0.3
29239;Roscoff;3.3;-0.22
29240;Rosnoën;2.1;0.72
29241;Rosporden;1.8;-0.14
29243;Saint-Coulitz;0.5;1.57
29244;Saint-Derrien;0.5;0.77
29245;Saint-Divy;1.1;0.66
29246;Saint-Eloy;0.8;0.23
29247;Saint-Évarzec;1.3;-0.23
29248;Saint-Frégant;2.9;1.18
29249;Saint-Goazec;0.4;0.46
29250;Saint-Hernin;1.2;-0.58
29251;Saint-Jean-du-Doigt;2.1;1.01
29252;Saint-Jean-Trolimon;0.5;-0.05
29254;Saint-Martin-des-Champs;4;0.66
29255;Saint-Méen;1;0.5
29256;Saint-Nic;1.8;-0.43
29257;Saint-Pabu;1.4;-0.04
29259;Saint-Pol-de-Léon;2.6;0.63
29260;Saint-Renan;2.1;0.72
29261;Saint-Rivoal;2.3;2.84
29262;Saint-Sauveur;2;0.58
29263;Saint-Ségal;0.8;1.69
29264;Saint-Servais;2;0.17
29265;Sainte-Sève;0.6;0.94
29266;Saint-Thégonnec Loc-Eguiner;0.8;0.57
29267;Saint-Thois;1.2;-0.14
29268;Saint-Thonan;1.7;1.71
29269;Saint-Thurien;1.4;-0.34
29270;Saint-Urbain;1.4;0.32
29271;Saint-Vougay;0.2;-0.45
29272;Saint-Yvi;1.4;1.61
29273;Santec;1.1;0.47
29274;Scaër;0.9;-0.58
29275;Scrignac;0.9;0.04
29276;Sibiril;0.8;-0.83
29277;Sizun;1;0.48
29278;Spézet;0.7;-0.83
29279;Taulé;1.8;-0.44
29280;Telgruc-sur-Mer;1.8;0.31
29281;Tourch;0.5;-0.55
29282;Trébabu;3.5;0.94
29284;Treffiagat;2.7;0.31
29285;Tréflaouénan;0.4;0.62
29286;Tréflévénez;0;0.2
29287;Tréflez;1.6;0.69
29288;Trégarantec;0.6;1.22
29289;Trégarvan;0;-0.13
29290;Tréglonou;1.6;0.98
29291;Trégourez;1.2;-0.55
29292;Tréguennec;2.4;-0.26
29293;Trégunc;3.8;0.12
29294;Le Tréhou;0.7;0.18
29295;Trémaouézan;1.6;-2.37
29296;Tréméoc;1.3;1.98
29297;Tréméven;2.1;0.47
29298;Tréogat;1.9;-0.11
29299;Tréouergat;0.6;-0.5
29300;Le Trévoux;1.3;-0.06
29301;Trézilidé;0.6;1.07
29302;Pont-de-Buis-lès-Quimerch;1.2;-1.35
2A001;Afa;1;1.13
2A004;Ajaccio;3.7;1.46
2A006;Alata;0.4;2.27
2A008;Albitreccia;1.9;1.05
2A011;Altagène;0;2.71
2A014;Ambiegna;0;2.53
2A017;Appietto;0.4;-0.63
2A018;Arbellara;2.9;0
2A019;Arbori;0;-0.95
2A021;Argiusta-Moriccio;0;-0.22
2A022;Arro;4.3;-1.2
2A024;Aullène;1.2;-0.27
2A026;Azilone-Ampaza;1.1;2.12
2A027;Azzana;0;0.34
2A028;Balogna;0;1.36
2A031;Bastelica;0;-0.75
2A032;Bastelicaccia;1.2;1.41
2A035;Belvédère-Campomoro;0;2.93
2A038;Bilia;4.3;2.76
2A040;Bocognano;1.6;-0.94
2A041;Bonifacio;0.7;1.17
2A048;Calcatoggio;1;-0.48
2A056;Campo;0;-0.48
2A060;Cannelle;0;3.09
2A061;Carbini;0;2.82
2A062;Carbuccia;3.3;-0.39
2A064;Cardo-Torgia;0;-1.11
2A065;Cargèse;2;-1.66
2A066;Cargiaca;4.2;2.33
2A070;Casaglione;3.4;4.58
2A071;Casalabriva;1;1.53
2A085;Cauro;1.3;0.93
2A089;Ciamannacce;4.2;-0.38
2A090;Coggia;1.5;2.32
2A091;Cognocoli-Monticchi;0;0.59
2A092;Conca;0.9;0.73
2A094;Corrano;0;0.91
2A098;Coti-Chiavari;2.5;-0.38
2A099;Cozzano;0;0.67
2A100;Cristinacce;0;3.09
2A103;Cuttoli-Corticchiato;3.6;0.54
2A104;Eccica-Suarella;1.1;2.77
2A108;Évisa;0;0.92
2A114;Figari;0.5;3.25
2A115;Foce;2.5;0.22
2A117;Forciolo;5.1;2.86
2A118;Fozzano;0;-0.4
2A119;Frasseto;4.4;3.58
2A127;Giuncheto;0;3.12
2A128;Granace;6.1;0.74
2A129;Grossa;0;9.22
2A130;Grosseto-Prugna;1.2;1.82
2A131;Guagno;0;-0.87
2A132;Guargualé;0;0.93
2A133;Guitera-les-Bains;1.9;1.1
2A139;Lecci;0.9;2.66
2A141;Letia;2.2;0.42
2A142;Levie;0;-0.82
2A144;Lopigna;0;1.11
2A146;Loreto-di-Tallano;0;-0.99
2A154;Marignana;0;-1.1
2A158;Mela;0;2.69
2A160;Moca-Croce;1.3;-0.76
2A163;Monacia-d'Aullène;0;0.78
2A174;Murzo;0;0.51
2A181;Ocana;1.3;1.7
2A186;Olivese;0;-0.59
2A189;Olmeto;1.4;0.62
2A191;Olmiccia;1.9;-0.84
2A196;Orto;0;3.73
2A197;Osani;0;-0.17
2A198;Ota;0;-1.92
2A200;Palneca;2.7;-3.23
2A203;Partinello;0;-1.01
2A204;Pastricciola;0;-0.88
2A209;Peri;2.7;0.83
2A211;Petreto-Bicchisano;0.9;0.15
2A212;Piana;1.6;-0.85
2A215;Pianottoli-Caldarello;0;-2.44
2A228;Pietrosella;1.7;3.72
2A232;Pila-Canale;0.9;-0.71
2A240;Poggiolo;7.4;0.16
2A247;Porto-Vecchio;0.6;-0.39
2A249;Propriano;0.6;0.33
2A253;Quasquara;0;2.7
2A254;Quenza;0;0
2A258;Renno;4.3;0.82
2A259;Rezza;0;5.42
2A262;Rosazia;0;0.66
2A266;Salice;0;-0.56
2A268;Sampolo;0;2.97
2A269;Sari-Solenzara;1.5;1.1
2A270;Sari-d'Orcino;0.6;0.98
2A271;Sarrola-Carcopino;2.8;2.24
2A272;Sartène;0.9;2.32
2A276;Serra-di-Ferro;0.3;6.87
2A278;Serra-di-Scopamène;3.1;3.53
2A279;Serriera;0;-1.25
2A282;Soccia;2.2;1.86
2A284;Sollacaro;1.8;1.13
2A285;Sorbollano;0;-2.99
2A288;Sotta;0.8;5.23
2A295;Sant'Andréa-d'Orcino;0;4.54
2A300;San-Gavino-di-Carbini;0.7;0.84
2A308;Sainte-Lucie-de-Tallano;1.4;-2.48
2A310;Santa-Maria-Figaniella;0;-1.88
2A312;Santa-Maria-Siché;0;-2.84
2A322;Tasso;0;-3.5
2A323;Tavaco;0;2.41
2A324;Tavera;1.6;1.37
2A326;Tolla;0;-0.8
2A330;Ucciani;0;0.37
2A331;Urbalacone;8.7;-0.52
2A336;Valle-di-Mezzana;0.4;4.46
2A345;Vero;0.3;1.99
2A348;Vico;0.5;1.57
2A349;Viggianello;0.7;2.44
2A351;Villanova;0;1.79
2A357;Zérubia;0;2.36
2A358;Zévaco;0;-2.4
2A359;Zicavo;0;-1.52
2A360;Zigliara;5.9;-0.26
2A362;Zonza;1;1.03
2A363;Zoza;0;3.4
2B002;Aghione;0.7;0.55
2B003;Aiti;0;-1.63
2B005;Alando;0;-6.74
2B007;Albertacce;1.4;0.17
2B009;Aléria;0.1;0.25
2B010;Algajola;1.3;0.46
2B012;Altiani;5.6;2.34
2B013;Alzi;0;1.29
2B015;Ampriani;0;0.74
2B016;Antisanti;0;2.24
2B020;Aregno;0;-0.17
2B023;Asco;0;-0.84
2B025;Avapessa;0;-0.41
2B029;Barbaggio;0;2.69
2B030;Barrettali;0;3.26
2B033;Bastia;5.5;0.95
2B034;Belgodère;0.7;4.66
2B036;Bigorno;0;1.3
2B037;Biguglia;2.2;-0.65
2B039;Bisinchi;2.9;-0.9
2B042;Borgo;1.5;2.39
2B043;Brando;1.8;-0.58
2B045;Bustanico;0;0.52
2B046;Cagnano;0;-1.73
2B047;Calacuccia;1.3;-0.84
2B049;Calenzana;0.6;1.7
2B050;Calvi;0.8;0.83
2B051;Cambia;0;-4.81
2B052;Campana;16.7;3.4
2B053;Campi;11.1;-1.65
2B054;Campile;0;-1.15
2B055;Campitello;0;-1.33
2B057;Canale-di-Verde;0.9;-1.37
2B058;Canari;1.6;0.22
2B059;Canavaggia;0;2.94
2B063;Carcheto-Brustico;0;10.1
2B067;Carpineto;0;2.45
2B068;Carticasi;0;-2.44
2B069;Casabianca;7;5.65
2B072;Casalta;12.5;0
2B073;Casamaccioli;0;1.38
2B074;Casanova;0;-0.13
2B075;Casevecchie;0;1.24
2B077;Castellare-di-Casinca;0.4;1.74
2B078;Castellare-di-Mercurio;0;-2.7
2B079;Castello-di-Rostino;2.6;1.48
2B080;Castifao;0;-0.85
2B081;Castiglione;0;0
2B082;Castineta;20;-2.6
2B083;Castirla;3.8;-2.92
2B084;Cateri;0;2.64
2B086;Centuri;0;-3.45
2B087;Cervione;0.5;0.92
2B088;Chiatra;2.3;-0.07
2B093;Corbara;0.5;0.18
2B095;Corscia;0;-1.04
2B096;Corte;0.9;0.77
2B097;Costa;0;-4.1
2B101;Croce;0;1.54
2B102;Crocicchia;6.9;2.22
2B105;Erbajolo;0;-2.64
2B106;Érone;0;-1.58
2B107;Ersa;0;-3.08
2B109;Farinole;2.4;1.41
2B110;Favalello;0;-1.4
2B111;Felce;0;0.32
2B112;Feliceto;0;0.89
2B113;Ficaja;9.1;2.46
2B116;Focicchia;0;3.52
2B120;Furiani;2.6;1.76
2B121;Galéria;0.9;2.18
2B122;Gavignano;0;1.77
2B123;Ghisonaccia;0.5;0.2
2B124;Ghisoni;0;-1.55
2B125;Giocatojo;0;0.68
2B126;Giuncaggio;0;6.34
2B134;L'Île-Rousse;0.4;0.58
2B135;Isolaccio-di-Fiumorbo;1.2;0.83
2B136;Lama;0;-0.43
2B137;Lano;0;-4.1
2B138;Lavatoggio;0;0.66
2B140;Lento;2.4;1.69
2B143;Linguizzetta;0.6;0.1
2B145;Loreto-di-Casinca;0;-1.29
2B147;Lozzi;0;-1.58
2B148;Lucciana;2.3;1.91
2B149;Lugo-di-Nazza;0;1.44
2B150;Lumio;1.2;0.7
2B152;Luri;2.8;0.56
2B153;Manso;0;0.58
2B155;Matra;5.6;3.62
2B156;Mausoléo;0;5.63
2B157;Mazzola;0;-1.87
2B159;Meria;0;-5.34
2B161;Moïta;0;-3.96
2B162;Moltifao;0;1.13
2B164;Monacia-d'Orezza;0;-1.94
2B165;Moncale;1.7;0.91
2B166;Monte;1.8;0.55
2B167;Montegrosso;0;-0.36
2B168;Monticello;0.8;1.02
2B169;Morosaglia;0.3;-2.23
2B170;Morsiglia;0;-2.94
2B171;Muracciole;0;-0.48
2B172;Murato;0.4;-1.05
2B173;Muro;0;0.83
2B175;Nessa;0;2.02
2B176;Nocario;0;2.15
2B177;Noceta;0;2.11
2B178;Nonza;4.2;-2.43
2B179;Novale;5.9;-0.56
2B180;Novella;3.6;-1.01
2B182;Occhiatana;1.3;1.43
2B183;Ogliastro;0;-2.06
2B184;Olcani;0;2.48
2B185;Oletta;1.1;1.61
2B187;Olmeta-di-Capocorso;4.5;-2.15
2B188;Olmeta-di-Tuda;1.8;3.39
2B190;Olmi-Cappella;0;0.92
2B192;Olmo;1.7;-2.62
2B193;Omessa;0.4;0.6
2B194;Ortale;0;0
2B195;Ortiporio;0;0.13
2B199;Palasca;0;2.59
2B201;Pancheraccia;0;1.42
2B202;Parata;0;0.68
2B205;Patrimonio;1.4;2.15
2B206;Penta-Acquatella;0;3.79
2B207;Penta-di-Casinca;1.9;0.57
2B208;Perelli;0;-0.15
2B210;Pero-Casevecchie;0;-1.7
2B213;Pianello;0;-3.24
2B214;Piano;0;-7.1
2B216;Piazzali;0;1.87
2B217;Piazzole;0;2.95
2B218;Piedicorte-di-Gaggio;3.3;1.62
2B219;Piedicroce;0;-5.02
2B220;Piedigriggio;0;1.25
2B221;Piedipartino;0;-1.84
2B222;Pie-d'Orezza;0;0.46
2B223;Pietralba;2;0.57
2B224;Pietracorbara;2.4;0.13
2B225;Pietra-di-Verde;0;-0.49
2B226;Pietraserena;0;-4.82
2B227;Pietricaggio;0;-1.48
2B229;Pietroso;0;5.21
2B230;Piève;2.5;1.04
2B231;Pigna;0;3.54
2B233;Pino;0;-0.43
2B234;Piobetta;12.5;-1.74
2B235;Pioggiola;0;0
2B236;Poggio-di-Nazza;0;0.55
2B238;Poggio-di-Venaco;1;-0.16
2B239;Poggio-d'Oletta;1;0.08
2B241;Poggio-Marinaccio;0;2.6
2B242;Poggio-Mezzana;0.3;3.67
2B243;Polveroso;0;-2.6
2B244;Popolasca;0;-2.2
2B245;Porri;4.3;0
2B246;La Porta;0;-0.17
2B248;Prato-di-Giovellina;0;2.88
2B250;Prunelli-di-Casacconi;1.4;-0.11
2B251;Prunelli-di-Fiumorbo;0.4;0.38
2B252;Pruno;0;0.38
2B255;Quercitello;4.3;0.37
2B256;Rapaggio;0;3.65
2B257;Rapale;1.4;1.18
2B260;Riventosa;1.5;-0.86
2B261;Rogliano;1.6;-0.84
2B263;Rospigliani;0;-0.47
2B264;Rusio;0;-3.29
2B265;Rutali;4.1;5.29
2B267;Saliceto;0;-2.93
2B273;Scata;0;-1.86
2B274;Scolca;3.3;-3.65
2B275;Sermano;0;4.61
2B277;Serra-di-Fiumorbo;0.6;0.94
2B280;Silvareccio;2.4;-3.91
2B281;Sisco;1.3;0.39
2B283;Solaro;0.4;0.65
2B286;Sorbo-Ocagnano;0;1.4
2B287;Sorio;0;-1.35
2B289;Soveria;3.6;-0.87
2B290;Speloncato;0;-1.05
2B291;Stazzona;0;-3.46
2B292;Sant'Andréa-di-Bozio;0;-4.32
2B293;Sant'Andréa-di-Cotone;1.8;-3.5
2B296;Sant'Antonino;5.9;1.05
2B297;San-Damiano;5.3;-0.9
2B298;Saint-Florent;0.6;0.48
2B299;San-Gavino-d'Ampugnani;5.7;-0.47
2B301;San-Gavino-di-Tenda;4.5;-3.09
2B302;San-Giovanni-di-Moriani;0;0.52
2B303;San-Giuliano;0.3;1.9
2B304;San-Lorenzo;0;-0.36
2B305;San-Martino-di-Lota;1.4;0.51
2B306;Santa-Lucia-di-Mercurio;4.5;2.17
2B307;Santa-Lucia-di-Moriani;1.5;1.53
2B309;Santa-Maria-di-Lota;2.2;2.31
2B311;Santa-Maria-Poggio;2.5;1.73
2B313;San-Nicolao;1.2;0.88
2B314;Santo-Pietro-di-Tenda;0;-1
2B315;Santo-Pietro-di-Venaco;0.7;1.1
2B316;Santa-Reparata-di-Balagna;0.8;-0.38
2B317;Santa-Reparata-di-Moriani;0;1.57
2B318;Taglio-Isolaccio;0;1.08
2B319;Talasani;0.3;1.66
2B320;Tallone;0;-2.69
2B321;Tarrano;0;1.08
2B327;Tomino;0;-3.23
2B328;Tox;6.1;0.51
2B329;Tralonca;0;0.9
2B332;Urtaca;0.8;1.78
2B333;Vallecalle;1.3;2.81
2B334;Valle-d'Alesani;0;0.43
2B335;Valle-di-Campoloro;0.6;-0.05
2B337;Valle-di-Rostino;1.6;4.23
2B338;Valle-d'Orezza;0;-10.02
2B339;Vallica;0;1.24
2B340;Velone-Orneto;2.6;-1.79
2B341;Venaco;1.6;-1.68
2B342;Ventiseri;0.5;0.75
2B343;Venzolasca;1.5;0.6
2B344;Verdèse;0;3.49
2B346;Vescovato;1.7;3.22
2B347;Vezzani;0;-0.72
2B350;Vignale;3.7;5.2
2B352;Ville-di-Paraso;0;-0.71
2B353;Ville-di-Pietrabugno;1.7;-0.54
2B354;Vivario;0;-0.46
2B355;Volpajola;3.9;-1.57
2B356;Zalana;0;1.15
2B361;Zilia;0.9;1.33
2B364;Zuani;0;4.14
2B365;San-Gavino-di-Fiumorbo;0;-4.88
2B366;Chisa;0;1.15
30001;Aigaliers;3.5;1.07
30002;Aigremont;3;-0.02
30003;Aigues-Mortes;1.5;0.77
30004;Aigues-Vives;2.6;0.35
30005;Aiguèze;0;-0.16
30006;Aimargues;1.8;0.6
30007;Alès;2.6;2
30008;Allègre-les-Fumades;1.5;2.43
30009;Alzon;2.9;0.27
30010;Anduze;1.8;-0.79
30011;Les Angles;6.2;0.6
30012;Aramon;1.5;-0.7
30013;Argilliers;0.4;-1.91
30014;Arpaillargues-et-Aureillac;2.4;0.63
30015;Arphy;0;-3.7
30016;Arre;0.8;-1.59
30017;Arrigas;0;0.16
30018;Aspères;1.9;1.1
30019;Aubais;4;1.53
30020;Aubord;1.6;-0.62
30021;Aubussargues;3.4;-0.2
30022;Aujac;4.2;-2.16
30023;Aujargues;2.6;-2.15
30024;Aulas;1.8;-1.49
30025;Aumessas;4;1.53
30026;Avèze;3.4;-0.13
30027;Bagard;0.6;0.03
30028;Bagnols-sur-Cèze;2.9;-0.06
30029;Barjac;1.8;0.25
30030;Baron;1.4;-1
30031;La Bastide-d'Engras;3.7;0.41
30032;Beaucaire;3.9;-0.2
30033;Beauvoisin;2;3.55
30034;Bellegarde;1.6;2.13
30035;Belvézet;4.8;-1.29
30036;Bernis;2.2;-0.09
30037;Bessèges;4.1;-1.31
30038;Bez-et-Esparon;3.5;-0.55
30039;Bezouce;1.4;0.29
30040;Blandas;0;-0.85
30041;Blauzac;1.6;0.53
30042;Boisset-et-Gaujac;1.5;0.51
30043;Boissières;4.1;1.38
30044;Bonnevaux;8.7;-2.38
30045;Bordezac;0.8;-0.08
30046;Boucoiran-et-Nozières;2.4;1.3
30047;Bouillargues;3.3;-0.58
30048;Bouquet;5.1;2.19
30049;Bourdic;0;-0.84
30050;Bragassargues;3;-0.87
30051;Branoux-les-Taillades;1.5;-0.71
30052;Bréau-Mars;0.8;2.11
30053;Brignon;1.9;-1.46
30054;Brouzet-lès-Quissac;0;0.74
30055;Brouzet-lès-Alès;0.4;1.12
30056;La Bruguière;0;0.05
30057;Cabrières;3.5;1.69
30058;La Cadière-et-Cambo;1;1.53
30059;Le Cailar;1.3;1
30060;Caissargues;5.5;0.44
30061;La Calmette;2.2;3.27
30062;Calvisson;3.5;1.97
30064;Campestre-et-Luc;0;6.82
30065;Canaules-et-Argentières;0.5;1.94
30066;Cannes-et-Clairan;1;2.02
30067;La Capelle-et-Masmolène;1.3;-1.21
30068;Cardet;1;1.05
30069;Carnas;1.4;2.45
30070;Carsan;2.3;3.38
30071;Cassagnoles;1.6;1.86
30072;Castelnau-Valence;2;1.19
30073;Castillon-du-Gard;1.9;0.22
30074;Causse-Bégon;0;4.68
30075;Caveirac;3.6;0.84
30076;Cavillargues;0.8;0.4
30077;Cendras;3.2;-2.22
30079;Chambon;1.1;-0.19
30080;Chamborigaud;3.4;0.87
30081;Chusclan;0.8;-0.1
30082;Clarensac;3.7;-0.14
30083;Codognan;4.8;0.63
30084;Codolet;0.3;-2.17
30085;Collias;3.1;-0.4
30086;Collorgues;1.7;2.06
30087;Colognac;0;-0.57
30088;Combas;1.5;3.28
30089;Comps;1.3;-0.51
30090;Concoules;5.3;0.82
30091;Congénies;3.9;-0.2
30092;Connaux;1.9;0.4
30093;Conqueyrac;0;2.02
30095;Corconne;1.1;2.46
30096;Cornillon;2.6;-0.25
30097;Courry;2;0.24
30098;Crespian;0.4;3.37
30099;Cros;1.1;0.2
30100;Cruviers-Lascours;1.8;-0.05
30101;Deaux;1.1;-0.36
30102;Dions;2.6;-2.15
30103;Domazan;1.4;0.71
30104;Domessargues;2.5;-0.18
30105;Dourbies;1.5;0.76
30106;Durfort-et-Saint-Martin-de-Sossenac;2.5;1.68
30107;Estézargues;1.8;1.42
30108;L'Estréchure;2;-1.16
30109;Euzet;1.5;2.32
30110;Flaux;3.7;-1.67
30111;Foissac;4.1;1.82
30112;Fons;3.5;2.99
30113;Fons-sur-Lussan;2.6;-0.64
30114;Fontanès;1.3;0.02
30115;Fontarèches;2;-0.39
30116;Fournès;1.7;-0.31
30117;Fourques;2.1;-1.16
30119;Fressac;0;-1.57
30120;Gagnières;1.5;-0.9
30121;Gailhan;0.8;3.27
30122;Gajan;4.8;1.86
30123;Gallargues-le-Montueux;3.2;-0.34
30124;Le Garn;0.9;2.26
30125;Garons;3.7;1.35
30126;Garrigues-Sainte-Eulalie;2.1;0.51
30127;Gaujac;1.4;-0.57
30128;Générac;2.3;-0.16
30129;Générargues;2.2;0.17
30130;Génolhac;9.7;-0.48
30131;Goudargues;2;0.29
30132;La Grand-Combe;5.3;-0.83
30133;Le Grau-du-Roi;2.1;0.07
30134;Issirac;1.9;1.31
30135;Jonquières-Saint-Vincent;1.2;0.63
30136;Junas;2.6;2.46
30137;Lamelouze;2;0
30138;Langlade;2.5;0.91
30139;Lanuéjols;0.6;-0.9
30140;Lasalle;4.2;0.27
30141;Laudun-l'Ardoise;2;1.22
30142;Laval-Pradel;0.7;-1.27
30143;Laval-Saint-Roman;1;-0.54
30144;Lecques;2.5;-0.04
30145;Lédenon;2.5;1.52
30146;Lédignan;0.8;0.92
30147;Lézan;1.8;0.35
30148;Liouc;0.7;4.05
30149;Lirac;2.4;0.8
30150;Logrian-Florian;1.7;-0.06
30151;Lussan;0.5;1.31
30152;Les Mages;0.6;0.14
30153;Malons-et-Elze;2.9;-1.11
30154;Mandagout;0;-1.37
30155;Manduel;3;0.8
30156;Marguerittes;2.7;-0.44
30158;Martignargues;2;0.62
30159;Le Martinet;0;-0.85
30160;Maruéjols-lès-Gardon;0;2.73
30161;Massanes;1.1;0.09
30162;Massillargues-Attuech;0;0.25
30163;Mauressargues;3.5;2.8
30164;Méjannes-le-Clap;0.9;0.76
30165;Méjannes-lès-Alès;1;-0.05
30166;Meynes;0.9;0.88
30167;Meyrannes;0.8;-1.18
30168;Mialet;1.4;0.19
30169;Milhaud;3.6;1.35
30170;Molières-Cavaillac;1.2;-0.74
30171;Molières-sur-Cèze;1.8;-2.33
30172;Monoblet;7.3;1.56
30173;Mons;0.7;1.29
30174;Montaren-et-Saint-Médiers;2.2;-0.61
30175;Montclus;2;-2.96
30176;Montdardier;1.4;-0.5
30177;Monteils;2.2;0.6
30178;Montfaucon;1.2;0.52
30179;Montfrin;2.5;-0.46
30180;Montignargues;2.5;-1.31
30181;Montmirat;1.6;1.98
30182;Montpezat;2.5;3.19
30183;Moulézan;1.3;0.18
30184;Moussac;2.2;1.15
30185;Mus;4;2.26
30186;Nages-et-Solorgues;3.1;4.56
30187;Navacelles;0.7;-1.44
30188;Ners;2;1.7
30189;Nîmes;9.8;-0.06
30191;Orsan;2;1.04
30192;Orthoux-Sérignac-Quilhan;3.2;1.19
30193;Parignargues;2.8;0.54
30194;Peyremale;0;-0.83
30195;Peyrolles;10;-2
30196;Le Pin;2.1;1.96
30197;Les Plans;0.8;2.7
30198;Les Plantiers;0;-1.85
30199;Pommiers;0;0
30200;Pompignan;0.3;-0.54
30201;Ponteils-et-Brésis;0.9;0.46
30202;Pont-Saint-Esprit;2.6;0.56
30203;Portes;9;-1.47
30204;Potelières;0;-0.22
30205;Pougnadoresse;1.6;1.12
30206;Poulx;2.7;1.79
30207;Pouzilhac;0.6;0.94
30208;Puechredon;0;4.91
30209;Pujaut;3.3;-1.35
30210;Quissac;1.8;1.41
30211;Redessan;1.8;0.43
30212;Remoulins;1.9;-0.25
30213;Revens;0;5.88
30214;Ribaute-les-Tavernes;1.2;-0.87
30215;Rivières;0;3.4
30216;Robiac-Rochessadoule;3.2;-0.18
30217;Rochefort-du-Gard;3;1.23
30218;Rochegude;0;-0.07
30219;Rogues;0;-2.36
30220;Roquedur;4.9;0.71
30221;Roquemaure;2.9;0.17
30222;La Roque-sur-Cèze;1.4;-0.84
30223;Rousson;0.8;1.47
30224;La Rouvière;1.3;1.82
30225;Sabran;1.8;-0.81
30226;Saint-Alexandre;2.2;0.43
30227;Saint-Ambroix;1.5;1.44
30228;Sainte-Anastasie;1.2;0.66
30229;Saint-André-de-Majencoules;2.3;-0.03
30230;Saint-André-de-Roquepertuis;1.5;-0.73
30231;Saint-André-de-Valborgne;2.2;-1.58
30232;Saint-André-d'Olérargues;1;0.57
30233;Saint-Bauzély;1.6;1.8
30234;Saint-Bénézet;0.8;1.32
30235;Saint-Bonnet-du-Gard;1.9;-0.56
30236;Saint-Bonnet-de-Salendrinque;3.6;0.97
30237;Saint-Brès;1.2;0.91
30238;Saint-Bresson;0;4.67
30239;Sainte-Cécile-d'Andorge;1.7;-1.55
30240;Saint-Césaire-de-Gauzignan;2.3;0.43
30241;Saint-Chaptes;2.3;1.49
30242;Saint-Christol-de-Rodières;0;-0.41
30243;Saint-Christol-lez-Alès;1.9;0.42
30244;Saint-Clément;1.2;-1.89
30245;Saint-Côme-et-Maruéjols;2.9;0.58
30246;Sainte-Croix-de-Caderle;5.7;-1.53
30247;Saint-Denis;1.1;-0.34
30248;Saint-Dézéry;2.3;0.71
30249;Saint-Dionisy;2.2;0.8
30250;Saint-Étienne-de-l'Olm;0;0.74
30251;Saint-Étienne-des-Sorts;1.6;-0.73
30252;Saint-Félix-de-Pallières;3.9;-3.51
30253;Saint-Florent-sur-Auzonnet;1.1;0.15
30254;Saint-Geniès-de-Comolas;1.5;0.76
30255;Saint-Geniès-de-Malgoirès;5.1;0.98
30256;Saint-Gervais;1.5;1.91
30257;Saint-Gervasy;2.1;1.01
30258;Saint-Gilles;1.9;0.97
30259;Saint-Hilaire-de-Brethmas;2.5;1.39
30260;Saint-Hilaire-d'Ozilhan;1.7;0.81
30261;Saint-Hippolyte-de-Caton;2.2;4.08
30262;Saint-Hippolyte-de-Montaigu;1.8;-0.4
30263;Saint-Hippolyte-du-Fort;1.2;-0.86
30264;Saint-Jean-de-Ceyrargues;2.2;1.31
30265;Saint-Jean-de-Crieulon;1.7;0.4
30266;Saint-Jean-de-Maruéjols-et-Avéjan;0;-1.79
30267;Saint-Jean-de-Serres;0;0.44
30268;Saint-Jean-de-Valériscle;1.1;-2.26
30269;Saint-Jean-du-Gard;3.4;0.08
30270;Saint-Jean-du-Pin;2.7;0.22
30271;Saint-Julien-de-Cassagnas;0;1.09
30272;Saint-Julien-de-la-Nef;0;0.59
30273;Saint-Julien-de-Peyrolas;1.5;1.39
30274;Saint-Julien-les-Rosiers;0.8;0.79
30275;Saint-Just-et-Vacquières;0.9;1.28
30276;Saint-Laurent-d'Aigouze;1.3;0.87
30277;Saint-Laurent-de-Carnols;0.4;1.65
30278;Saint-Laurent-des-Arbres;1.4;-0.07
30279;Saint-Laurent-la-Vernède;1.1;0.53
30280;Saint-Laurent-le-Minier;3;1.37
30281;Saint-Mamert-du-Gard;1.6;-0.07
30282;Saint-Marcel-de-Careiret;1.9;0.58
30283;Saint-Martial;0;0.47
30284;Saint-Martin-de-Valgalgues;2.6;1.32
30285;Saint-Maurice-de-Cazevieille;1.7;1.14
30286;Saint-Maximin;1.4;1.32
30287;Saint-Michel-d'Euzet;1.7;2.25
30288;Saint-Nazaire;1.5;1.16
30289;Saint-Nazaire-des-Gardies;2.6;0
30290;Saint-Paulet-de-Caisson;1.5;0.85
30291;Saint-Paul-la-Coste;3.3;2.44
30292;Saint-Pons-la-Calm;2.2;2.46
30293;Saint-Privat-de-Champclos;1.6;-0.2
30294;Saint-Privat-des-Vieux;1.3;1.39
30295;Saint-Quentin-la-Poterie;2.4;0.35
30296;Saint-Roman-de-Codières;1.7;0.62
30297;Saint-Sauveur-Camprieu;0;-3.16
30298;Saint-Sébastien-d'Aigrefeuille;4.2;-0.07
30299;Saint-Siffret;2.5;1.1
30300;Saint-Théodorit;0.4;0.87
30301;Saint-Victor-des-Oules;0.8;0
30302;Saint-Victor-la-Coste;2.2;1.33
30303;Saint-Victor-de-Malcap;0.4;-0.18
30304;Salazac;2.9;2.63
30305;Salindres;1.4;1.15
30306;Salinelles;1.3;-0.7
30307;Les Salles-du-Gardon;0.9;-1.34
30308;Sanilhac-Sagriès;0.6;0.8
30309;Sardan;2;3.76
30310;Saumane;4.9;1.54
30311;Sauve;3.1;0.18
30312;Sauveterre;3;-0.12
30313;Sauzet;4.8;1.78
30314;Savignargues;0.9;-0.21
30315;Saze;2.7;0.61
30316;Sénéchas;1.6;-0.54
30317;Sernhac;1.4;0.84
30318;Servas;0;1.1
30319;Serviers-et-Labaume;3;0.25
30320;Seynes;0;1
30321;Sommières;2.7;0.56
30322;Soudorgues;2;-0.79
30323;Soustelle;0;-0.94
30324;Souvignargues;1.9;1.33
30325;Sumène;2;-3.77
30326;Tavel;1.7;0.59
30327;Tharaux;0;-2.59
30328;Théziers;1.3;0.17
30329;Thoiras-Corbès;2.8;0.06
30330;Tornac;1.2;1.08
30331;Tresques;1.8;0
30332;Trèves;2;-3.77
30333;Uchaud;2.5;1.99
30334;Uzès;2.8;-0.26
30335;Vabres;1.8;3.79
30336;Vallabrègues;1.8;-0.12
30337;Vallabrix;1.2;-0.24
30338;Vallérargues;4.8;-0.5
30339;Val-d'Aigoual;1.3;-0.59
30340;Valliguières;0.6;2
30341;Vauvert;2.2;0.48
30342;Vénéjan;2.3;0.47
30343;Verfeuil;4.3;-0.39
30344;Vergèze;6.9;2.29
30345;La Vernarède;3.7;1.22
30346;Vers-Pont-du-Gard;1.6;-1.11
30347;Vestric-et-Candiac;1.8;-0.9
30348;Vézénobres;1.9;0.63
30349;Vic-le-Fesq;2.4;2.23
30350;Le Vigan;3.1;-0.3
30351;Villeneuve-lès-Avignon;6.5;1.42
30352;Villevieille;2.2;1.53
30353;Vissec;6.7;3.29
30354;Montagnac;3.7;1.27
30355;Saint-Paul-les-Fonts;1;0.22
30356;Rodilhan;3.4;-0.44
31001;Agassac;2.2;0.29
31002;Aignes;0;-0.68
31003;Aigrefeuille;4.4;0.91
31004;Ayguesvives;2.2;1.02
31005;Alan;4.8;-1.43
31006;Albiac;0.8;1.45
31007;Ambax;0;-2.1
31008;Anan;3.5;1.67
31009;Antichan-de-Frontignes;3.2;4.67
31010;Antignac;0;-4.45
31011;Arbas;1.1;1.41
31012;Arbon;5.9;-1.03
31013;Ardiège;0.6;0.46
31014;Arguenos;4.5;3.84
31015;Argut-Dessous;0;-2.11
31017;Arlos;0;0.82
31018;Arnaud-Guilhem;1.1;-0.07
31019;Artigue;0;1.65
31020;Aspet;2.3;0.46
31021;Aspret-Sarrat;4.8;-1.36
31022;Aucamville;10.3;2.19
31023;Aulon;5.5;0.05
31024;Auragne;1.6;1.39
31025;Aureville;2.8;2.62
31026;Auriac-sur-Vendinelle;2;0.71
31027;Auribail;1.1;-0.99
31028;Aurignac;8.4;0.55
31029;Aurin;1.9;0.5
31030;Ausseing;2.9;3.2
31031;Ausson;1;0.4
31032;Aussonne;3.6;1.72
31033;Auterive;6.2;1.19
31034;Auzas;9.2;-1.22
31035;Auzeville-Tolosane;16.3;1.13
31036;Auzielle;4.9;1.92
31037;Avignonet-Lauragais;7.6;1.18
31038;Azas;3.8;0.45
31039;Bachas;6.1;4.33
31040;Bachos;0;-2.75
31041;Bagiry;0;0.48
31042;Bagnères-de-Luchon;2.7;-1.82
31043;Balesta;4.4;0.21
31044;Balma;17.1;1.03
31045;Barbazan;1;1.13
31046;Baren;0;-1.44
31047;Bax;4.7;1.98
31048;Baziège;4.6;1.22
31049;Bazus;1.7;1.19
31050;Beauchalot;2.6;0.81
31051;Beaufort;1.2;1.01
31052;Beaumont-sur-Lèze;1.9;0.85
31053;Beaupuy;9.7;-1.45
31054;Beauteville;3.5;2.56
31055;Beauville;0;0.6
31056;Beauzelle;10.6;4.47
31057;Belberaud;3.8;0.29
31058;Belbèze-de-Lauragais;1.7;0.81
31059;Belbèze-en-Comminges;4;-0.3
31060;Bélesta-en-Lauragais;3.1;0.3
31061;Bellegarde-Sainte-Marie;1.9;0.67
31062;Bellesserre;0;-0.3
31063;Benque;4.3;1.4
31064;Benque-Dessous-et-Dessus;0;2.5
31065;Bérat;3.3;0.52
31066;Bessières;5.2;0.76
31067;Bezins-Garraux;0;0.78
31068;Billière;0;9.25
31069;Blagnac;14.2;1.98
31070;Blajan;0.7;-3.34
31071;Bois-de-la-Pierre;4.4;1.29
31072;Boissède;0;-0.72
31073;Bondigoux;1.2;5.8
31074;Bonrepos-Riquet;1.5;0.06
31075;Bonrepos-sur-Aussonnelle;0.9;1.15
31076;Bordes-de-Rivière;0.4;-1.01
31077;Le Born;0.8;3.84
31078;Boudrac;0;0.69
31079;Bouloc;3.8;0.28
31080;Boulogne-sur-Gesse;1;0.64
31081;Bourg-d'Oueil;0;13.75
31082;Bourg-Saint-Bernard;1.8;1.5
31083;Boussan;2.2;-0.98
31084;Boussens;5.9;0.27
31085;Boutx;2;0.74
31086;Bouzin;4.4;-3.45
31087;Bragayrac;0.7;-0.47
31088;Brax;8.3;0.89
31089;Bretx;0.6;0.51
31090;Brignemont;0;-1.13
31091;Bruguières;3.3;0.74
31092;Burgalays;0;-0.14
31093;Le Burgaud;2.6;-0.32
31094;Buzet-sur-Tarn;6.7;0.79
31095;Cabanac-Cazaux;0;0.26
31096;Cabanac-Séguenville;2.2;2.32
31097;Le Cabanial;3.3;0.32
31098;Cadours;1;0.77
31099;Caignac;4;4.33
31100;Calmont;2.5;0.43
31101;Cambernard;2.2;1.08
31102;Cambiac;4.7;1.22
31103;Canens;0;1.14
31104;Capens;5;-0.5
31105;Caragoudes;1.7;1.62
31106;Caraman;2.7;-0.02
31107;Carbonne;5.4;0.13
31108;Cardeilhac;1;-0.75
31109;Cassagnabère-Tournas;2.5;0.36
31110;Cassagne;3.8;0.39
31111;Castagnac;2.2;1.85
31112;Castagnède;1.4;-0.82
31113;Castanet-Tolosan;12.5;2.76
31114;Castelbiague;3;-0.86
31115;Castelgaillard;0;-1.42
31116;Castelginest;7.1;1.32
31117;Castelmaurou;4.3;0.97
31118;Castelnau-d'Estrétefonds;5.5;1.76
31119;Castelnau-Picampeau;0;0.76
31120;Le Castéra;2;1.02
31121;Castéra-Vignoles;4.5;-1.35
31122;Casties-Labrande;0;-3.55
31123;Castillon-de-Larboust;0;6.99
31124;Castillon-de-Saint-Martory;2.7;0.82
31125;Cathervielle;0;-2.39
31126;Caubiac;2.7;2.61
31127;Caubous;N/A - division par 0;-4.68
31128;Caujac;5.3;0.55
31129;Cazarilh-Laspènes;0;-10.91
31130;Cazaril-Tambourès;6.2;-0.95
31131;Cazaunous;0;-1.69
31132;Cazaux-Layrisse;0;0.84
31133;Cazeaux-de-Larboust;5.1;-0.18
31134;Cazeneuve-Montaut;2.7;4.28
31135;Cazères;5.5;-0.22
31136;Cépet;3.3;4.81
31137;Cessales;4.3;-1.19
31138;Charlas;3.4;1.09
31139;Chaum;0;0.96
31140;Chein-Dessus;1.1;1.89
31141;Ciadoux;0;-1.2
31142;Cier-de-Luchon;1.1;-1.65
31143;Cier-de-Rivière;3;-0.79
31144;Cierp-Gaud;2;-0.97
31145;Cintegabelle;7.8;0.54
31146;Cirès;0;-1.44
31147;Clarac;1.3;1.56
31148;Clermont-le-Fort;2.5;0.45
31149;Colomiers;9.2;0.93
31150;Cornebarrieu;3;4.66
31151;Corronsac;2.6;1.89
31152;Coueilles;5.9;-0.9
31153;Couladère;5.6;-0.79
31155;Couret;4.2;-0.85
31156;Cox;0.6;1.19
31157;Cugnaux;8.2;2.19
31158;Cuguron;0;-2.16
31159;Le Cuing;0.6;0.68
31160;Daux;2.7;1.74
31161;Deyme;3.1;3.95
31162;Donneville;2.5;1.84
31163;Drémil-Lafage;4.3;-0.2
31164;Drudas;0;-1.88
31165;Eaunes;4;1.15
31166;Empeaux;0;3.44
31167;Encausse-les-Thermes;0.8;-0.53
31168;Eoux;2.1;2.34
31169;Escalquens;6.5;1.07
31170;Escanecrabe;0;-2.46
31171;Espanès;2.5;-2.42
31172;Esparron;5.3;-5.24
31173;Esperce;3.1;1.76
31174;Estadens;1.3;0.1
31175;Estancarbon;0.9;0.47
31176;Esténos;1.3;0.71
31177;Eup;16.9;0.88
31178;Fabas;0;-0.33
31179;Le Faget;3.1;-2.3
31180;Falga;0;4
31181;Le Fauga;3.2;3.61
31182;Fenouillet;4.9;2.05
31183;Figarol;0.8;0.77
31184;Flourens;7.8;1.32
31185;Folcarde;5.1;-0.7
31186;Fonbeauzard;9.7;0.67
31187;Fonsorbes;2.6;1.76
31188;Fontenilles;1.9;0.33
31189;Forgues;0;0.71
31190;Fos;2.3;0.07
31191;Fougaron;5.4;2.5
31192;Fourquevaux;3.2;1.09
31193;Le Fousseret;4.4;-0.2
31194;Francarville;1.9;0.64
31195;Francazal;0;0
31196;Francon;4;-0.28
31197;Franquevielle;1.6;-0.3
31198;Le Fréchet;2;2.09
31199;Fronsac;2.9;-1.67
31200;Frontignan-de-Comminges;0;0.88
31201;Frontignan-Savès;3.3;-0.25
31202;Fronton;3.4;1.74
31203;Frouzins;5.5;1.65
31204;Fustignac;0;-1.97
31205;Gagnac-sur-Garonne;3.4;1.28
31206;Gaillac-Toulza;4.3;1.05
31207;Galié;3.6;0.39
31208;Ganties;0;-0.9
31209;Garac;0;0.93
31210;Gardouch;3.4;1.29
31211;Gargas;2;1.6
31212;Garidech;5;1.31
31213;Garin;1.6;0.92
31215;Gauré;1;-1.39
31216;Gémil;5.5;7.3
31217;Génos;0;-0.23
31218;Gensac-de-Boulogne;6.4;-5.12
31219;Gensac-sur-Garonne;3.2;1.19
31220;Gibel;4;1.4
31221;Gouaux-de-Larboust;0;-7.63
31222;Gouaux-de-Luchon;0;-1.47
31223;Goudex;0;-3.65
31224;Gourdan-Polignan;3.5;-0.43
31225;Goutevernisse;4.7;0.46
31226;Gouzens;4.8;-0.41
31227;Goyrans;1.3;0.02
31228;Gragnague;5.2;5.29
31229;Gratens;3.9;2.04
31230;Gratentour;4.5;5.01
31231;Grazac;5.5;5.45
31232;Grenade;3.9;0.5
31233;Grépiac;3.9;0.35
31234;Le Grès;0.9;1.2
31235;Guran;5;4.71
31236;Herran;0;-0.68
31237;His;0;1.02
31238;Huos;1.6;-0.03
31239;L'Isle-en-Dodon;1.7;-0.43
31240;Issus;0.6;1.72
31241;Izaut-de-l'Hôtel;1;-1.66
31242;Jurvielle;0;0
31243;Juzes;6.5;-5.32
31244;Juzet-de-Luchon;0.7;0.41
31245;Juzet-d'Izaut;2.9;-1.06
31246;Labarthe-Inard;0.8;0.29
31247;Labarthe-Rivière;1.2;-0.74
31248;Labarthe-sur-Lèze;3.1;1.72
31249;Labastide-Beauvoir;4.8;-0.65
31250;Labastide-Clermont;1.9;0.47
31251;Labastide-Paumès;0;0.45
31252;Labastide-Saint-Sernin;1.6;0.41
31253;Labastidette;2.9;2.77
31254;Labège;13.7;0.79
31255;Labroquère;0.7;-0.26
31256;Labruyère-Dorsa;5.1;1.62
31258;Lacaugne;3.6;2.86
31259;Lacroix-Falgarde;2.5;-0.01
31260;Laffite-Toupière;0;-1.96
31261;Lafitte-Vigordane;2.4;-0.21
31262;Lagarde;2.3;1.4
31263;Lagardelle-sur-Lèze;2.3;1.67
31264;Lagrâce-Dieu;5.8;-0.67
31265;Lagraulet-Saint-Nicolas;0;2.29
31266;Lahage;24.9;-0.79
31267;Lahitère;0;-1.21
31268;Lalouret-Laffiteau;3.9;0.37
31269;Lamasquère;2.6;2.45
31270;Landorthe;1.9;0.71
31271;Lanta;2.1;1.89
31272;Lapeyrère;12;-2.34
31273;Lapeyrouse-Fossat;4.7;1.1
31274;Larcan;1.4;0.28
31275;Laréole;0;-1.77
31276;Larroque;1;-0.06
31277;Lasserre-Pradère;3.3;0.95
31278;Latoue;1.5;-0.95
31279;Latour;0;0.64
31280;Latrape;16.5;3.05
31281;Launac;0.3;-1.22
31282;Launaguet;9.5;1.23
31283;Lautignac;1.6;-1.23
31284;Lauzerville;3.4;0.43
31285;Lavalette;2.7;1.45
31286;Lavelanet-de-Comminges;3.2;0.68
31287;Lavernose-Lacasse;3.7;3.64
31288;Layrac-sur-Tarn;1.6;-0.78
31289;Lécussan;0.9;0
31290;Lège;0;-4.32
31291;Léguevin;3.8;1.16
31292;Lescuns;3.3;0.69
31293;Lespinasse;3.5;2
31294;Lespiteau;3;-3.2
31295;Lespugue;10.7;-0.21
31296;Lestelle-de-Saint-Martory;3.6;-0.11
31297;Lévignac;3.2;1.09
31299;Lherm;3.1;0.98
31300;Lieoux;5.3;0
31301;Lilhac;1.9;0.63
31302;Lodes;0.7;0.73
31303;Longages;5.5;1.67
31304;Loubens-Lauragais;3.4;-0.33
31305;Loudet;2.3;-0.34
31306;Lourde;3.5;3.67
31308;Luscan;0;-4.14
31309;Lussan-Adeilhac;5.8;0.87
31310;Lux;2.5;-0.24
31311;La Magdelaine-sur-Tarn;1.2;0.87
31312;Mailholas;7.1;0
31313;Malvezie;0;-1.15
31314;Mancioux;9.8;-1.97
31315;Mane;2.6;-0.21
31316;Marignac;2.5;0.28
31317;Marignac-Lasclares;3.7;0.21
31318;Marignac-Laspeyres;1.1;-1.66
31319;Marliac;3.3;-0.62
31320;Marquefave;6.4;-0.07
31321;Marsoulas;7.4;2.16
31322;Martisserre;0;1.89
31323;Martres-de-Rivière;0;2.33
31324;Martres-Tolosane;3.9;0.13
31325;Mascarville;4;1.15
31326;Massabrac;5;5.65
31327;Mauran;5.3;-1.63
31328;Mauremont;2.6;0.25
31329;Maurens;3.4;0.41
31330;Mauressac;5.9;-0.46
31331;Maureville;1.2;-0.44
31332;Mauvaisin;2.8;-1.43
31333;Mauvezin;2.9;-0.95
31334;Mauzac;3.1;1.03
31335;Mayrègne;0;3.79
31336;Mazères-sur-Salat;4.5;0.82
31337;Melles;9.1;-0.58
31338;Menville;2;0.79
31339;Mérenvielle;5.4;-0.17
31340;Mervilla;4.1;1.97
31341;Merville;2.4;3.61
31342;Milhas;0;1.18
31343;Mirambeau;0;-0.53
31344;Miramont-de-Comminges;1.6;-0.61
31345;Miremont;3.4;2.26
31346;Mirepoix-sur-Tarn;2.8;2.07
31347;Molas;0;-0.2
31348;Moncaup;0;-0.9
31349;Mondavezan;4.9;-0.15
31350;Mondilhan;0;-3.13
31351;Mondonville;2.8;4.76
31352;Mondouzil;7.5;-1.76
31353;Monès;0;-0.92
31354;Monestrol;3.4;-3.83
31355;Mons;6.7;0.82
31356;Montaigut-sur-Save;1.7;3.27
31357;Montastruc-de-Salies;1.3;1.92
31358;Montastruc-la-Conseillère;8.5;1.72
31359;Montastruc-Savès;3.2;-2.86
31360;Montauban-de-Luchon;2.4;0.61
31361;Montaut;4;1.25
31362;Montberaud;1.3;-1.15
31363;Montbernard;0;-0.84
31364;Montberon;3.4;1.05
31365;Montbrun-Bocage;1;3.34
31366;Montbrun-Lauragais;1.2;3.16
31367;Montclar-de-Comminges;6.8;-2.99
31368;Montclar-Lauragais;5.2;0.21
31369;Mont-de-Galié;0;-7.68
31370;Montégut-Bourjac;5.1;-0.88
31371;Montégut-Lauragais;0.5;-1.84
31372;Montespan;1;0.47
31373;Montesquieu-Guittaut;0;-0.29
31374;Montesquieu-Lauragais;3.6;1.23
31375;Montesquieu-Volvestre;2.9;0.34
31376;Montgaillard-de-Salies;0;0.64
31377;Montgaillard-Lauragais;1.8;-1.29
31378;Montgaillard-sur-Save;3;-3.89
31379;Montgazin;3.7;-2.65
31380;Montgeard;4.6;2.45
31381;Montgiscard;2.7;1.8
31382;Montgras;3;1.69
31383;Montjoire;1.6;-0.31
31384;Montlaur;2.4;3.62
31385;Montmaurin;5.7;-1.48
31386;Montoulieu-Saint-Bernard;3.9;0.85
31387;Montoussin;1.6;-0.38
31388;Montpitol;7;-2.17
31389;Montrabé;13.2;0.79
31390;Montréjeau;4.9;-0.93
31391;Montsaunès;1.6;0.37
31392;Mourvilles-Basses;4.8;1.54
31393;Mourvilles-Hautes;5.6;-0.1
31394;Moustajon;0;-2.07
31395;Muret;9;0.29
31396;Nailloux;4.4;1.39
31397;Nénigan;0;-4.03
31398;Nizan-Gesse;4.8;3.79
31399;Noé;3.8;0.45
31400;Nogaret;0;3.66
31401;Noueilles;2.4;-0.63
31402;Odars;3.4;1.23
31403;Ondes;4.1;2.13
31404;Oô;2.6;2.66
31405;Ore;0;2.56
31406;Palaminy;4.4;-0.67
31407;Paulhac;5.5;0.28
31408;Payssous;0;-1.92
31409;Péchabou;7.6;2.3
31410;Pechbonnieu;5.5;1.36
31411;Pechbusque;4.7;2.18
31412;Péguilhan;3.6;-2.4
31413;Pelleport;1.5;0.79
31414;Peyrissas;0;0.2
31415;Peyrouzet;0;-1.37
31416;Peyssies;1.9;3.22
31417;Pibrac;5.3;0.87
31418;Pin-Balma;6.9;2.33
31419;Le Pin-Murelet;1.2;-0.59
31420;Pinsaguel;4.7;0.07
31421;Pins-Justaret;4.3;-0.03
31422;Plagne;0;-0.69
31423;Plagnole;2.2;1.42
31424;Plaisance-du-Touch;5.2;1.93
31425;Le Plan;2.2;-0.75
31426;Pointis-de-Rivière;1.6;-0.18
31427;Pointis-Inard;1.3;0.13
31428;Polastron;3.6;2.56
31429;Pompertuzat;4.8;-0.4
31430;Ponlat-Taillebourg;1.7;-0.21
31431;Portet-d'Aspet;13.3;-1.53
31432;Portet-de-Luchon;0;-0.85
31433;Portet-sur-Garonne;8.1;0.14
31434;Poubeau;0;1.33
31435;Poucharramet;1.4;1.85
31436;Pouy-de-Touges;1.5;1.04
31437;Pouze;0;-0.38
31439;Préserville;1.1;1.06
31440;Proupiary;13;-1.72
31441;Prunet;4.4;-0.11
31442;Puydaniel;3.4;2.54
31443;Puymaurin;0;0.44
31444;Puysségur;0;-1.05
31445;Quint-Fonsegrives;7.9;1.3
31446;Ramonville-Saint-Agne;19;1.18
31447;Razecueillé;0;-3.75
31448;Rebigue;3.7;0.17
31449;Régades;0;0.13
31450;Renneville;4.2;-0.4
31451;Revel;2.9;0.21
31452;Rieucazé;0;0.94
31453;Rieumajou;4.7;1.14
31454;Rieumes;2.2;0.25
31455;Rieux-Volvestre;4;0.31
31456;Riolas;0;2.65
31457;Roquefort-sur-Garonne;3.5;0.02
31458;Roques;5;2.78
31459;Roquesérière;7.1;3.85
31460;Roquettes;3.1;0.75
31461;Rouède;2.7;-0.23
31462;Rouffiac-Tolosan;6.8;1.68
31463;Roumens;1.6;0.28
31464;Sabonnères;1.8;1.2
31465;Saccourvielle;0;7.82
31466;Saiguède;1;0.3
31467;Saint-Alban;7.3;0.87
31468;Saint-André;0.9;1.53
31469;Saint-Araille;0;-3.1
31470;Saint-Aventin;2.9;-6.45
31471;Saint-Béat-Lez;0;-0.8
31472;Saint-Bertrand-de-Comminges;1;-0.97
31473;Saint-Cézert;1.9;0.46
31474;Saint-Christaud;3.1;-0.76
31475;Saint-Clar-de-Rivière;2.7;3.73
31476;Saint-Élix-le-Château;1.7;0.7
31477;Saint-Élix-Séglan;9.1;1.49
31478;Saint-Félix-Lauragais;2.2;-0.28
31479;Saint-Ferréol-de-Comminges;3.1;2.09
31480;Sainte-Foy-d'Aigrefeuille;2.2;4.06
31481;Sainte-Foy-de-Peyrolières;1.7;0.29
31482;Saint-Frajou;3.8;-0.87
31483;Saint-Gaudens;3.4;0.63
31484;Saint-Geniès-Bellevue;5;0.38
31485;Saint-Germier;0;1.46
31486;Saint-Hilaire;4.5;6.79
31487;Saint-Ignan;2.4;-0.73
31488;Saint-Jean;9.9;0.77
31489;Saint-Jean-Lherm;5.6;2.72
31490;Saint-Jory;6.4;5.83
31491;Saint-Julia;4.9;0.12
31492;Saint-Julien-sur-Garonne;1.5;0.15
31493;Saint-Lary-Boujean;0;-1.37
31494;Saint-Laurent;3.8;0.09
31495;Saint-Léon;0.8;0.35
31496;Sainte-Livrade;6.4;-1.6
31497;Saint-Loup-Cammas;6;1.56
31498;Saint-Loup-en-Comminges;0;1.38
31499;Saint-Lys;2.3;0.69
31500;Saint-Mamet;1;0.21
31501;Saint-Marcel-Paulel;2.8;3.65
31502;Saint-Marcet;0;0.6
31503;Saint-Martory;4.8;1.27
31504;Saint-Médard;2.4;0.3
31505;Saint-Michel;7.5;-0.32
31506;Saint-Orens-de-Gameville;11.3;3.58
31507;Saint-Paul-sur-Save;1.2;1.77
31508;Saint-Paul-d'Oueil;0;2.6
31509;Saint-Pé-d'Ardet;4.5;2.16
31510;Saint-Pé-Delbosc;1.7;1.98
31511;Saint-Pierre;2.4;0.92
31512;Saint-Pierre-de-Lages;4.9;0.63
31513;Saint-Plancard;2.2;1.28
31514;Saint-Rome;0;3.2
31515;Saint-Rustice;2.4;-1.58
31516;Saint-Sauveur;2.9;4.04
31517;Saint-Sulpice-sur-Lèze;3.1;-0.54
31518;Saint-Thomas;2.2;1.31
31519;Saint-Vincent;1.8;1.74
31520;Sajas;0;-2.34
31521;Saleich;4.8;-0.25
31522;Salerm;4.3;2.87
31523;Salies-du-Salat;3.6;-0.61
31524;Salles-et-Pratviel;1.7;-0.77
31525;Salles-sur-Garonne;5.5;0.81
31526;La Salvetat-Saint-Gilles;2.4;0.49
31527;La Salvetat-Lauragais;0;1.16
31528;Saman;0;1.2
31529;Samouillan;4.3;-2.87
31530;Sana;4;-0.75
31531;Sarrecave;3.4;-1.11
31532;Sarremezan;0;-0.9
31533;Saubens;2.7;1.11
31534;Saussens;2.1;0.72
31535;Sauveterre-de-Comminges;1.5;1.63
31536;Saux-et-Pomarède;2.3;-2.58
31537;Savarthès;1;2.21
31538;Savères;2;0
31539;Sédeilhac;0;1.06
31540;Ségreville;0.6;2.72
31541;Seilh;3.1;0.41
31542;Seilhan;3.2;0.4
31543;Sénarens;0;1.33
31544;Sengouagnet;0;1.24
31545;Sepx;1.2;-2.3
31546;Seyre;1.5;-0.52
31547;Seysses;5.3;2.46
31548;Signac;0;-1.9
31549;Sode;0;1.77
31550;Soueich;3.2;-0.51
31551;Tarabel;1.4;6.39
31552;Terrebasse;3.6;0
31553;Thil;2.5;-1
31554;Touille;1.8;-0.27
31555;Toulouse;27.7;1.23
31556;Les Tourreilles;1.7;-0.3
31557;Tournefeuille;8;1.97
31558;Toutens;2.7;4.62
31559;Trébons-de-Luchon;0;12.25
31560;Trébons-sur-la-Grasse;2.4;1.53
31561;L'Union;12.3;1.04
31562;Urau;0;-1.11
31563;Vacquiers;2.3;1.45
31564;Valcabrère;0;0.68
31565;Valentine;0.6;-0.04
31566;Vallègue;3.6;-0.71
31567;Vallesvilles;2.8;1.19
31568;Varennes;1.6;-0.76
31569;Vaudreuille;1.2;0.35
31570;Vaux;4.1;1.18
31571;Vendine;0.8;-0.36
31572;Venerque;5.4;2.13
31573;Verfeil;4.2;1.38
31574;Vernet;7.8;3
31575;Vieille-Toulouse;2.8;0.9
31576;Vieillevigne;0.6;1.04
31577;Vignaux;4.5;3.46
31578;Vigoulet-Auzil;5.5;2.3
31579;Villariès;2.2;1.54
31580;Villate;4.8;4.43
31581;Villaudric;3.2;1.3
31582;Villefranche-de-Lauragais;7.1;2.43
31583;Villematier;0.8;1.33
31584;Villemur-sur-Tarn;2.9;0.98
31585;Villeneuve-de-Rivière;0.9;-0.51
31586;Villeneuve-Lécussan;0;0.51
31587;Villeneuve-lès-Bouloc;3.6;1.43
31588;Villeneuve-Tolosane;8.2;2.09
31589;Villenouvelle;6.3;0.94
31590;Binos;8.3;-0.39
31591;Escoulis;3.4;-0.84
31592;Larra;1;3.51
31593;Cazac;0;-1.99
32001;Aignan;0;-0.23
32002;Ansan;2.5;-0.66
32003;Antras;0;-2.59
32004;Arblade-le-Bas;1.8;-2.55
32005;Arblade-le-Haut;0;1.03
32007;Ardizas;4.3;0.7
32008;Armentieux;0;-1.34
32009;Armous-et-Cau;0;1.67
32010;Arrouède;0;-3.87
32012;Aubiet;0.6;0.67
32013;Auch;3.4;0.91
32014;Augnax;0;2.76
32015;Aujan-Mournède;0;0.19
32016;Auradé;1.5;0.15
32017;Aurensan;0;-0.37
32018;Aurimont;1.1;1.13
32019;Auterive;0.5;0.25
32020;Aux-Aussat;2.9;0.06
32021;Avensac;0;-1.1
32022;Avéron-Bergelle;0;3.74
32023;Avezan;2.9;-2.93
32024;Ayguetinte;0;-0.42
32025;Ayzieu;0;0
32026;Bajonnette;0;0.79
32027;Barcelonne-du-Gers;1.4;0.12
32028;Barcugnan;3.2;-0.47
32029;Barran;0.3;-0.12
32030;Bars;0;-2.23
32031;Bascous;0;-0.19
32032;Bassoues;2.3;0.46
32033;Bazian;5.7;-1.96
32034;Bazugues;3.8;0.83
32035;Beaucaire;0;-1.36
32036;Beaumarchés;4.8;0.27
32037;Beaumont;0;-1.87
32038;Beaupuy;0.9;2.96
32039;Beccas;2.1;0.99
32040;Bédéchan;1.6;-3.03
32041;Bellegarde;0;-2.67
32042;Belloc-Saint-Clamens;0;1.01
32043;Belmont;1.8;-0.11
32044;Béraut;0;-2.33
32045;Berdoues;1.1;-0.92
32046;Bernède;0;-1.53
32047;Berrac;0;2.38
32048;Betcave-Aguin;0;0.95
32049;Bétous;3;-4.35
32050;Betplan;0;0
32051;Bézéril;0;-2.97
32052;Bezolles;0;-0.98
32053;Bézues-Bajon;0;-0.44
32054;Biran;0.6;-0.35
32055;Bivès;0;-1.46
32056;Blanquefort;0;-4.31
32057;Blaziert;1.9;-1.01
32058;Blousson-Sérian;0;-3.46
32059;Bonas;0;-1.88
32060;Boucagnères;1;0.16
32061;Boulaur;17.8;0.67
32062;Bourrouillan;0;1.36
32063;Bouzon-Gellenave;0;-2.78
32064;Bretagne-d'Armagnac;0;-1.31
32065;Le Brouilh-Monbert;19;0.65
32066;Brugnens;0;-0.19
32068;Cadeilhan;0;1.32
32069;Cadeillan;6.8;4.47
32070;Cahuzac-sur-Adour;23.1;-2.47
32071;Caillavet;1.2;-4.14
32072;Callian;0;2.76
32073;Campagne-d'Armagnac;1.4;-1.21
32075;Cassaigne;0;0.52
32076;Castelnau-Barbarens;1.8;1.71
32077;Castelnau-d'Anglès;0;-0.18
32078;Castelnau-d'Arbieu;0;-0.65
32079;Castelnau d'Auzan Labarrère;0.2;-0.97
32080;Castelnau-sur-l'Auvignon;2;-0.34
32081;Castelnavet;2.2;-1.63
32082;Castéra-Lectourois;1.4;-0.49
32083;Castéra-Verduzan;0.5;0.87
32084;Castéron;0;0.32
32085;Castet-Arrouy;0;-0.93
32086;Castex;4;-2.6
32087;Castex-d'Armagnac;0;3.91
32088;Castillon-Debats;0.8;0.35
32089;Castillon-Massas;0;-1.61
32090;Castillon-Savès;4.9;0.05
32091;Castin;0;0.39
32092;Catonvielle;2.1;1.16
32093;Caumont;0;-0.32
32094;Caupenne-d'Armagnac;0;0.57
32095;Caussens;0;-0.99
32096;Cazaubon;0.7;0.15
32097;Cazaux-d'Anglès;0;-0.87
32098;Cazaux-Savès;3.6;0.78
32099;Cazaux-Villecomtal;0;0
32100;Cazeneuve;1.4;3.29
32101;Céran;1.9;0.82
32102;Cézan;0;-1.48
32103;Chélan;1.5;-0.19
32104;Clermont-Pouyguillès;0;0.21
32105;Clermont-Savès;2.6;5.12
32106;Cologne;3;-0.14
32107;Condom;1.1;-0.26
32108;Corneillan;1.4;1.82
32109;Couloumé-Mondebat;0;0.76
32110;Courrensan;0.5;-0.5
32111;Courties;5.6;-2.64
32112;Crastes;0.8;0.52
32113;Cravencères;0;0.18
32114;Cuélas;0;0.13
32115;Dému;0;-1.21
32116;Duffort;1.7;-1.1
32117;Duran;0.8;-0.4
32118;Durban;0;-2.87
32119;Eauze;0.4;0.7
32120;Encausse;3;0.85
32121;Endoufielle;2.3;-0.66
32122;Esclassan-Labastide;0.9;-0.89
32123;Escornebœuf;1.3;0.42
32124;Espaon;0;-0.18
32125;Espas;2.1;1.32
32126;Estampes;0;0.1
32127;Estang;1.7;0.64
32128;Estipouy;0;-0.32
32129;Estramiac;0;-2.15
32130;Faget-Abbatial;2.5;-0.23
32131;Flamarens;0;-0.95
32132;Fleurance;0.9;0.08
32133;Fourcès;3.6;-0.19
32134;Frégouville;1.1;0.76
32135;Fustérouau;1.6;-0.25
32136;Galiax;2.7;2.9
32138;Garravet;1.4;-0.87
32139;Gaudonville;0;-0.77
32140;Gaujac;0;2.95
32141;Gaujan;2;0.57
32142;Gavarret-sur-Aulouste;0;-0.59
32143;Gazaupouy;1.2;-3.74
32144;Gazax-et-Baccarisse;0;-3.03
32145;Gée-Rivière;0;-0.37
32146;Gimbrède;1.5;-0.52
32147;Gimont;2.5;0.66
32148;Giscaro;2.5;-0.89
32149;Gondrin;0.7;0.03
32150;Goutz;2.2;1.31
32151;Goux;3.7;-1.74
32152;Haget;0;0.98
32153;Haulies;0;-0.54
32154;Homps;0;1.09
32155;Le Houga;0.2;-0.03
32156;Idrac-Respaillès;0;0
32157;L'Isle-Arné;3.3;0.73
32158;L'Isle-Bouzon;0.9;0.27
32159;L'Isle-de-Noé;0;0.15
32160;L'Isle-Jourdain;4.4;1.42
32161;Izotges;3.1;-4.31
32162;Jegun;0.8;0.65
32163;Jû-Belloc;0.7;-0.86
32164;Juillac;0;-1.11
32165;Juilles;3;0.59
32166;Justian;2;-1.48
32167;Laas;1.5;1.26
32169;Labarthe;1.7;-0.99
32170;Labarthète;0;0.7
32171;Labastide-Savès;2.2;1.5
32172;Labéjan;0;-1.42
32173;Labrihe;0;0.32
32174;Ladevèze-Rivière;2;0.46
32175;Ladevèze-Ville;1.6;-2.49
32176;Lagarde;6.4;0.55
32177;Lagarde-Hachan;0;0.51
32178;Lagardère;6.9;0.43
32180;Lagraulet-du-Gers;0;0.49
32181;Laguian-Mazous;0;0.62
32182;Lahas;2.5;0.19
32183;Lahitte;0;-1.36
32184;Lalanne;0;-1.09
32185;Lalanne-Arqué;0;-0.87
32186;Lamaguère;9.7;-0.21
32187;Lamazère;0;0.93
32188;Lamothe-Goas;2.6;0.64
32189;Lannemaignan;0;-0.77
32190;Lannepax;0.5;1.45
32191;Lanne-Soubiran;0;0.59
32192;Lannux;0;-1.71
32193;Larée;0;0.43
32194;Larressingle;1.1;-0.16
32195;Larroque-Engalin;5.9;-1.74
32196;Larroque-Saint-Sernin;0;-0.71
32197;Larroque-sur-l'Osse;1.9;-1.73
32198;Lartigue;0;1.43
32199;Lasserrade;1.7;-1.9
32200;Lasséran;0;-1.83
32201;Lasseube-Propre;1.1;0.2
32202;Laujuzan;0;0.95
32203;Lauraët;0;-0.46
32204;Lavardens;0.7;-1.22
32205;Laveraët;0;-0.95
32206;Laymont;0;1.61
32207;Leboulin;1.2;-0.24
32208;Lectoure;2;0.1
32209;Lelin-Lapujolle;0.9;0.06
32210;Lias;1.3;4.51
32211;Lias-d'Armagnac;0;0.42
32212;Ligardes;4;-0.94
32213;Lombez;1.9;0.61
32214;Loubédat;0;0.15
32215;Loubersan;0;0.53
32216;Lourties-Monbrun;0;0.43
32217;Louslitges;0;-2.73
32218;Loussous-Débat;0;3.32
32219;Lupiac;0;0.55
32220;Luppé-Violles;1.7;-3.65
32221;Lussan;1.1;0.15
32222;Magnan;1.2;-0.84
32223;Magnas;0;-1.37
32224;Maignaut-Tauzia;0.8;-3.9
32225;Malabat;0;-3.21
32226;Manas-Bastanous;0;0.62
32227;Manciet;0;-0.91
32228;Manent-Montané;0;-1.11
32229;Mansempuy;0;-6.53
32230;Mansencôme;0;0
32231;Marambat;0;-0.99
32232;Maravat;0;0.74
32233;Marciac;0.8;-0.37
32234;Marestaing;2.7;1.83
32235;Margouët-Meymes;0;-2.67
32236;Marguestau;4.3;-4.54
32237;Marsan;0;-0.04
32238;Marseillan;2.7;-2.4
32239;Marsolan;3.6;-0.84
32240;Mascaras;0;-1.09
32241;Mas-d'Auvignon;0;-0.39
32242;Masseube;1.5;0.15
32243;Mauléon-d'Armagnac;0;-0.73
32244;Maulichères;0;-1.22
32245;Maumusson-Laguian;0;0.24
32246;Maupas;25;-0.5
32247;Maurens;2.6;-0.59
32248;Mauroux;1.5;1.36
32249;Mauvezin;0.7;0.88
32250;Meilhan;4;-1.06
32251;Mérens;0;1.55
32252;Miélan;0.8;-0.25
32253;Miradoux;2.2;0.97
32254;Miramont-d'Astarac;0;0.05
32255;Miramont-Latour;0;-1.94
32256;Mirande;0.8;-0.2
32257;Mirannes;4;-1.01
32258;Mirepoix;1;0.37
32261;Monblanc;1.1;1.86
32262;Monbrun;3.7;0.89
32263;Moncassin;4.2;-1.65
32264;Monclar;0;3.5
32265;Monclar-sur-Losse;3.8;1.09
32266;Moncorneil-Grazan;0;-1.3
32267;Monferran-Plavès;0;-2.3
32268;Monferran-Savès;1.2;0.17
32269;Monfort;0;0.77
32270;Mongausy;0;3.32
32271;Monguilhem;0;-1.28
32272;Monlaur-Bernet;0;0.52
32273;Monlezun;0;-3.29
32274;Monlezun-d'Armagnac;1.3;-1.11
32275;Monpardiac;0;-2.78
32276;Montadet;0;-2.54
32277;Montamat;5.2;-3.38
32278;Montaut;0;0.55
32279;Montaut-les-Créneaux;0.3;0.16
32280;Mont-d'Astarac;0;-2.96
32281;Mont-de-Marrast;0;-0.77
32282;Montégut;0.8;-1.78
32283;Montégut-Arros;0.9;-1.04
32284;Montégut-Savès;4.2;1
32285;Montesquiou;2.2;-0.4
32286;Montestruc-sur-Gers;1.7;-0.21
32287;Monties;3.1;1.27
32288;Montiron;1.5;-0.12
32289;Montpezat;0;-0.07
32290;Montréal;1.3;0.07
32291;Mormès;0;-1.74
32292;Mouchan;0;-1.08
32293;Mouchès;0;1.1
32294;Mourède;0;-4.28
32295;Nizas;1.4;-1.93
32296;Nogaro;0.3;1.83
32297;Noilhan;1.6;0.65
32298;Nougaroulet;0;0.44
32299;Noulens;0;-0.48
32300;Orbessan;1.7;-0.49
32301;Ordan-Larroque;1.3;-0.88
32302;Ornézan;1;-1.75
32303;Pallanne;0;0.55
32304;Panassac;0;-0.06
32305;Panjas;1.2;1.34
32306;Pauilhac;2.5;-0.81
32307;Pavie;1.6;0.39
32308;Pébées;0;0.17
32309;Pellefigue;0;-1.48
32310;Perchède;0;-0.77
32311;Pergain-Taillac;1.4;1.47
32312;Pessan;1.1;-0.3
32313;Pessoulens;1.5;-0.48
32314;Peyrecave;0;0
32315;Peyrusse-Grande;1.6;-1.59
32316;Peyrusse-Massas;1.9;2.04
32317;Peyrusse-Vieille;0;-2.17
32318;Pis;0;-2.41
32319;Plaisance;0.4;-0.55
32320;Plieux;0;4.09
32321;Polastron;0.8;-0.06
32322;Pompiac;0;1.62
32323;Ponsampère;2.3;-5.36
32324;Ponsan-Soubiran;0;-4.3
32325;Pouydraguin;0;-1.78
32326;Pouylebon;0;1.3
32327;Pouy-Loubrin;3.6;0
32328;Pouy-Roquelaure;5.3;-1.11
32329;Préchac;1.7;-2.27
32330;Préchac-sur-Adour;0;-0.67
32331;Preignan;0.9;-0.88
32332;Préneron;1.7;-2.2
32333;Projan;0;0.18
32334;Pujaudran;1.4;2.24
32335;Puycasquier;2.8;-1.09
32336;Puylausic;0;-0.51
32337;Puységur;0;-0.67
32338;Ramouzens;1.4;2.24
32339;Razengues;4.4;0.97
32340;Réans;2.5;0.23
32341;Réjaumont;0;0.55
32342;Ricourt;0;-5.74
32343;Riguepeu;1.4;-4.63
32344;Riscle;4;-1.53
32345;La Romieu;1;-0.77
32346;Roquebrune;0;-0.4
32347;Roquefort;1.4;-1.04
32348;Roquelaure;0.8;0
32349;Roquelaure-Saint-Aubin;1.9;-4.6
32350;Roquepine;0;-1.74
32351;Roques;2.4;0.65
32352;Rozès;2.3;-1.54
32353;Sabaillan;1.8;0.55
32354;Sabazan;1.7;-1.01
32355;Sadeillan;0;-0.97
32356;Saint-André;0;0.96
32357;Sainte-Anne;0;1.11
32358;Saint-Antoine;1.2;-1.01
32359;Saint-Antonin;0;-0.32
32360;Saint-Arailles;0;0.37
32361;Saint-Arroman;0;-1.5
32362;Saint-Aunix-Lengros;0;0.57
32363;Sainte-Aurence-Cazaux;0;-2.38
32364;Saint-Avit-Frandat;0;-0.34
32365;Cap d'Astarac;6;-2.21
32366;Saint-Brès;3.1;-1.55
32367;Saint-Christaud;0;-0.26
32368;Sainte-Christie;2.2;-0.57
32369;Sainte-Christie-d'Armagnac;0;-0.17
32370;Saint-Clar;0.3;0.83
32371;Saint-Créac;5.4;0.39
32372;Saint-Cricq;1.4;-0.23
32373;Sainte-Dode;0;1.07
32374;Saint-Élix-d'Astarac;1.2;-1.05
32375;Saint-Élix-Theux;6.9;-3.39
32376;Sainte-Gemme;0;-0.14
32377;Saint-Georges;2.9;1.34
32378;Saint-Germé;0;0.47
32379;Saint-Germier;0;0.23
32380;Saint-Griède;1.4;0
32381;Saint-Jean-le-Comtal;0.5;-0.92
32382;Saint-Jean-Poutge;1.6;-0.84
32383;Saint-Justin;0;0.13
32384;Saint-Lary;0.8;-0.48
32385;Saint-Léonard;2.5;0.27
32386;Saint-Lizier-du-Planté;0;1.42
32387;Saint-Loube;0;0.87
32388;Sainte-Marie;1.7;-1.34
32389;Saint-Martin;1.7;-0.45
32390;Saint-Martin-d'Armagnac;0;-0.7
32391;Saint-Martin-de-Goyne;0;-0.39
32392;Saint-Martin-Gimois;0;-1.33
32393;Saint-Maur;0;-1.18
32394;Saint-Médard;0.6;1.05
32395;Sainte-Mère;0;-1.1
32396;Saint-Mézard;0;1.95
32397;Saint-Michel;1;-0.79
32398;Saint-Mont;0.8;-0.42
32399;Saint-Orens;0;0
32400;Saint-Orens-Pouy-Petit;0;-0.19
32401;Saint-Ost;2.5;1.55
32402;Saint-Paul-de-Baïse;0;1.12
32403;Saint-Pierre-d'Aubézies;4.5;-3.26
32404;Saint-Puy;0.8;-0.25
32405;Sainte-Radegonde;0;-0.74
32406;Saint-Sauvy;2.4;1.03
32407;Saint-Soulan;1.5;-0.63
32408;Salles-d'Armagnac;0;-0.53
32409;Samaran;3.1;-2.78
32410;Samatan;0.7;0.69
32411;Sansan;2.2;0.34
32412;Saramon;1.5;0.92
32414;Sarragachies;0;-1.91
32415;Sarraguzan;2.3;0.59
32416;Sarrant;1.3;-0.32
32417;La Sauvetat;1.9;3
32418;Sauveterre;1.4;1.37
32419;Sauviac;2.9;-0.62
32420;Sauvimont;0;0.25
32421;Savignac-Mona;0;0.83
32422;Scieurac-et-Flourès;0;0.4
32423;Séailles;0;6.35
32424;Ségos;0;0.97
32425;Ségoufielle;4.6;1.01
32426;Seissan;0.4;0.03
32427;Sembouès;5.6;-0.56
32428;Sémézies-Cachan;0;-3.29
32429;Sempesserre;2.9;0.77
32430;Sère;0;0.22
32431;Sérempuy;0;3.58
32432;Seysses-Savès;0;0.21
32433;Simorre;1.2;-0.24
32434;Sion;0;-1.64
32435;Sirac;3.6;-0.9
32436;Solomiac;2.2;0.72
32437;Sorbets;0;-1.72
32438;Tachoires;0;2.43
32439;Tarsac;0;-1.02
32440;Tasque;0;-0.73
32441;Taybosc;3.4;0.25
32442;Terraube;0.7;-0.76
32443;Termes-d'Armagnac;0;0.86
32444;Thoux;8.9;0.79
32445;Tieste-Uragnoux;1.6;-2.83
32446;Tillac;0;-0.12
32447;Tirent-Pontéjac;0;-0.99
32448;Touget;2.9;-0.46
32449;Toujouse;0;4.35
32450;Tourdun;2.3;2.14
32451;Tournan;1.3;-0.37
32452;Tournecoupe;0;-0.31
32453;Tourrenquets;0;-1.82
32454;Traversères;0;-0.23
32455;Troncens;1.4;-2.1
32456;Tudelle;4.2;-1.68
32457;Urdens;0.6;-1.25
32458;Urgosse;0;-0.21
32459;Valence-sur-Baïse;0.7;0.06
32460;Vergoignan;0.7;1.38
32461;Verlus;1.7;3.54
32462;Vic-Fezensac;0.7;0.52
32463;Viella;0.9;0.1
32464;Villecomtal-sur-Arros;1;-0.24
32465;Villefranche-d'Astarac;1.5;4.37
32466;Viozan;0;-2.59
32467;Saint-Caprais;1.6;0.58
32468;Aussos;0;-3.45
33001;Abzac;4;0.88
33002;Aillas;3.3;-0.27
33003;Ambarès-et-Lagrave;9.5;1.21
33004;Ambès;10;0.77
33005;Andernos-les-Bains;3.7;1.01
33006;Anglade;0.9;-0.85
33007;Arbanats;6.5;1.64
33008;Porte-de-Benauge;2.6;-0.33
33009;Arcachon;9.1;-0.34
33010;Arcins;2.8;1.97
33011;Arès;2.5;0.73
33012;Arsac;2.3;2.37
33013;Artigues-près-Bordeaux;9.9;-0.03
33014;Les Artigues-de-Lussac;4.9;0.29
33015;Arveyres;3.1;0.93
33016;Asques;6.5;-1.17
33017;Aubiac;3.5;1.58
33018;Val de Virvée;4.9;1.18
33019;Audenge;5.1;3.76
33020;Auriolles;0;-0.24
33021;Auros;3;0.47
33022;Avensan;2.5;1.14
33023;Ayguemorte-les-Graves;4.9;2.37
33024;Bagas;0.7;-0.17
33025;Baigneaux;0.9;0.58
33026;Balizac;0;0.62
33027;Barie;2.3;-1.27
33028;Baron;1.7;0.69
33029;Le Barp;2.3;0.74
33030;Barsac;5.5;0.02
33031;Bassanne;1.5;1.47
33032;Bassens;14.6;2.17
33033;Baurech;5.4;1.76
33034;Bayas;4.2;0.22
33035;Bayon-sur-Gironde;3.7;0.96
33036;Bazas;3.6;0.25
33037;Beautiran;11.6;1.75
33038;Bégadan;2.4;-0.33
33039;Bègles;21.5;1.87
33040;Béguey;9.9;1.04
33042;Belin-Béliet;2;2.42
33043;Bellebat;1.2;4.88
33044;Bellefond;4.4;-1.28
33045;Belvès-de-Castillon;4.1;-0.15
33046;Bernos-Beaulac;4;0.15
33047;Berson;1.9;0.39
33048;Berthez;2.1;1.57
33049;Beychac-et-Caillau;3.2;2.92
33050;Bieujac;4.7;2.61
33051;Biganos;10;1.28
33052;Les Billaux;4.3;-0.69
33053;Birac;3.6;0.5
33054;Blaignac;3.3;1.71
33055;Blaignan-Prignac;1;-0.72
33056;Blanquefort;11.6;1.21
33057;Blasimon;0.9;0.9
33058;Blaye;6.4;0.55
33059;Blésignac;3.3;0.11
33060;Bommes;1.5;-1.41
33061;Bonnetan;3;1.85
33062;Bonzac;3.8;1.12
33063;Bordeaux;27.7;0.86
33064;Bossugan;9.5;0.76
33065;Bouliac;5.6;1.16
33066;Bourdelles;2.6;0.87
33067;Bourg;3.9;0.25
33068;Bourideys;0;5.39
33069;Le Bouscat;17.4;0.27
33070;Brach;0.4;5.8
33071;Branne;2.4;0.36
33072;Brannens;3.1;1.49
33073;Braud-et-Saint-Louis;1.6;-0.78
33074;Brouqueyran;2;0.17
33075;Bruges;13;2.06
33076;Budos;2.5;0.96
33077;Cabanac-et-Villagrains;1.8;0.17
33078;Cabara;3.2;-0.1
33079;Cadarsac;2.6;-0.38
33080;Cadaujac;4.8;2.13
33081;Cadillac-sur-Garonne;8.3;-0.29
33082;Cadillac-en-Fronsadais;3.6;1.07
33083;Camarsac;3.8;0.58
33084;Cambes;3.2;3.17
33085;Camblanes-et-Meynac;4.8;1.52
33086;Camiac-et-Saint-Denis;2.1;-0.51
33087;Camiran;5.7;0.12
33088;Camps-sur-l'Isle;3.8;0.38
33089;Campugnan;0.9;0.72
33090;Canéjan;7.7;0.93
33093;Capian;2.7;1.92
33094;Caplong;0;0.92
33095;Captieux;4.9;1.35
33096;Carbon-Blanc;14.4;0.47
33097;Carcans;1.7;0.1
33098;Cardan;3;0.57
33099;Carignan-de-Bordeaux;5.6;2.04
33100;Cars;4.6;0.6
33101;Cartelègue;1.2;0.5
33102;Casseuil;1.5;-1.38
33103;Castelmoron-d'Albret;0;-0.64
33104;Castelnau-de-Médoc;1.7;0.8
33105;Castelviel;4.2;-0.95
33106;Castets et Castillon;4.5;0.92
33108;Castillon-la-Bataille;5.7;0.83
33109;Castres-Gironde;6.9;2.4
33111;Caudrot;4.7;-1.65
33112;Caumont;0;-1.97
33113;Cauvignac;0;-2.44
33114;Cavignac;5.4;3.02
33115;Cazalis;2.7;1.16
33116;Cazats;1.6;-0.69
33117;Cazaugitat;0;-2.9
33118;Cénac;4.5;2.82
33119;Cenon;26.9;1.59
33120;Cérons;9.8;0.31
33121;Cessac;1;0.51
33122;Cestas;6.2;-0.02
33123;Cézac;3.3;1.3
33124;Chamadelle;3.4;0.14
33125;Cissac-Médoc;1.8;1.59
33126;Civrac-de-Blaye;1.3;-1.19
33127;Civrac-sur-Dordogne;5.1;-0.54
33128;Civrac-en-Médoc;1.6;-1.06
33129;Cleyrac;4.8;-0.97
33130;Coimères;4.3;0.7
33131;Coirac;1.1;1.45
33132;Comps;2.7;0.09
33133;Coubeyrac;0;0
33134;Couquèques;2.4;0.06
33135;Courpiac;0;0
33136;Cours-de-Monségur;2.2;-2.33
33137;Cours-les-Bains;1.8;0.38
33138;Coutras;8.4;0.23
33139;Coutures;0;-1.05
33140;Créon;5.7;0.8
33141;Croignon;1.4;2.89
33142;Cubnezais;2.5;4.31
33143;Cubzac-les-Ponts;7.2;1.43
33144;Cudos;2.7;-0.5
33145;Cursan;3;0.54
33146;Cussac-Fort-Médoc;3.4;1.03
33147;Daignac;1.3;-0.32
33148;Dardenac;2.1;1.53
33149;Daubèze;1.7;-0.45
33150;Dieulivol;26.3;0
33151;Donnezac;1.3;0.59
33152;Donzac;6.8;0.41
33153;Doulezon;1.6;1.06
33154;Les Églisottes-et-Chalaures;6;-0.05
33155;Escaudes;3;1.47
33156;Escoussans;0;-1.97
33157;Espiet;1.8;-0.65
33158;Les Esseintes;0;0.55
33159;Étauliers;4.3;1.29
33160;Eynesse;3.4;0.14
33161;Eyrans;1;0.02
33162;Eysines;11.2;0.93
33163;Faleyras;0.5;0
33164;Fargues;5.2;0.12
33165;Fargues-Saint-Hilaire;4;3.44
33166;Le Fieu;3.3;-0.96
33167;Floirac;18.3;0.72
33168;Flaujagues;2.3;-0.08
33169;Floudès;2.6;0.48
33170;Fontet;5.6;-1.03
33171;Fossès-et-Baleyssac;3;0.23
33172;Fours;3.2;-2.94
33173;Francs;0;-1.08
33174;Fronsac;4;-0.57
33175;Frontenac;1.3;0.9
33176;Gabarnac;3.8;0.09
33177;Gaillan-en-Médoc;1.7;0.58
33178;Gajac;0.7;-0.75
33179;Galgon;3.6;0.45
33180;Gans;2.1;1.2
33181;Gardegan-et-Tourtirac;0.7;-0.53
33182;Gauriac;3.7;-0.47
33183;Gauriaguet;4.7;3.64
33184;Générac;1.8;0.21
33185;Génissac;1.9;0.86
33186;Gensac;1.1;-2.7
33187;Gironde-sur-Dropt;4.4;1.45
33188;Giscos;4.4;0.09
33189;Gornac;3.3;-0.04
33190;Goualade;2.2;1.65
33191;Gours;3;-1.07
33192;Gradignan;10.8;0.4
33193;Grayan-et-l'Hôpital;2;2.26
33194;Grézillac;1.1;-0.17
33195;Grignols;1;0.26
33196;Guillac;0;0.69
33197;Guillos;1;0.15
33198;Guîtres;3.3;0.54
33199;Gujan-Mestras;9.2;1.32
33200;Le Haillan;7.9;0.92
33201;Haux;4.2;0.32
33202;Hostens;1;2.38
33203;Hourtin;0.9;2.43
33204;Hure;4.6;1.59
33205;Illats;3.5;-0.21
33206;Isle-Saint-Georges;2.1;-0.41
33207;Izon;4.4;1.83
33208;Jau-Dignac-et-Loirac;1.5;-0.07
33209;Jugazan;0.9;-1.28
33210;Juillac;6.8;-2.26
33211;Labarde;2.5;0.75
33212;Labescau;4.3;3.19
33213;La Brède;3.3;0.9
33214;Lacanau;3.6;2.14
33215;Ladaux;1.1;-0.78
33216;Lados;1.4;0.19
33218;Lagorce;3.8;-0.79
33219;La Lande-de-Fronsac;3.5;2.58
33220;Lamarque;2.8;0.44
33221;Lamothe-Landerron;2.8;-1.21
33222;Lalande-de-Pomerol;4.2;-0.8
33223;Landerrouat;0;1.95
33224;Landerrouet-sur-Ségur;2.4;0.84
33225;Landiras;3.2;-0.08
33226;Langoiran;4.6;0.3
33227;Langon;7.9;0.33
33228;Lansac;2.9;-1.42
33229;Lanton;3.6;1.41
33230;Lapouyade;3.4;1.31
33231;Laroque;3.8;0.41
33232;Lartigue;0;0.41
33233;Laruscade;4;0.62
33234;Latresne;3.6;1.29
33235;Lavazan;2;-0.5
33236;Lège-Cap-Ferret;2.7;-0.51
33237;Léogeats;3.7;1.56
33238;Léognan;3.7;0.7
33239;Lerm-et-Musset;2.3;0.14
33240;Lesparre-Médoc;3;0.19
33241;Lestiac-sur-Garonne;5.1;0.26
33242;Les Lèves-et-Thoumeyragues;1.4;-0.21
33243;Libourne;11.1;-0.14
33244;Lignan-de-Bazas;1.7;0.29
33245;Lignan-de-Bordeaux;2.4;0.14
33246;Ligueux;0;-3.47
33247;Listrac-de-Durèze;5.3;-3.53
33248;Listrac-Médoc;2;0.39
33249;Lormont;26.9;0.98
33250;Loubens;3.2;0.71
33251;Louchats;0.9;-0.68
33252;Loupes;0.7;3.27
33253;Loupiac;2.9;-0.41
33254;Loupiac-de-la-Réole;2.9;1.79
33255;Lucmau;4.8;0.07
33256;Ludon-Médoc;5.3;2.89
33257;Lugaignac;0.5;-1.57
33258;Lugasson;0.7;1.6
33259;Lugon-et-l'Île-du-Carnay;3.3;1.58
33260;Lugos;2.2;3.84
33261;Lussac;1.7;-1.68
33262;Macau;3.3;1.71
33263;Madirac;1.3;3.98
33264;Maransin;1.9;0.61
33266;Marcenais;3.4;1.89
33268;Margaux-Cantenac;3.6;-0.62
33269;Margueron;3.8;-0.31
33270;Marimbault;2.2;0.26
33271;Marions;0;0.98
33272;Marsas;3.9;0.56
33273;Martignas-sur-Jalle;3.7;1.45
33274;Martillac;3.2;3.14
33275;Martres;1.9;-2.75
33276;Masseilles;0;-1.28
33277;Massugas;6.8;-0.68
33278;Mauriac;1.6;-1.65
33279;Mazères;3.8;0.46
33280;Mazion;0.9;0.79
33281;Mérignac;17.8;1.55
33282;Mérignas;1.7;-1.88
33283;Mesterrieux;2.5;0.3
33284;Mios;4.9;3.59
33285;Mombrier;2.7;1.87
33287;Mongauzy;3;1.55
33288;Monprimblanc;1.7;-0.82
33289;Monségur;14.6;0.46
33290;Montagne;1.6;-0.24
33291;Montagoudin;6.1;-1.21
33292;Montignac;0;-1.53
33293;Montussan;4.5;1.88
33294;Morizès;2.1;-0.43
33295;Mouillac;12.1;-0.19
33296;Mouliets-et-Villemartin;1.6;-0.84
33297;Moulis-en-Médoc;2;1
33298;Moulon;2.7;0.95
33299;Mourens;3.1;0.17
33300;Naujac-sur-Mer;1.4;0.45
33301;Naujan-et-Postiac;1.6;1.34
33302;Néac;3.7;-3.73
33303;Nérigean;1.5;0.08
33304;Neuffons;4.1;-0.88
33305;Le Nizan;3.6;-0.07
33306;Noaillac;3.1;3.76
33307;Noaillan;3.5;0.21
33308;Omet;3.9;-0.4
33309;Ordonnac;0;-0.73
33310;Origne;4.1;0.63
33311;Paillet;6.1;-0.35
33312;Parempuyre;7.9;3.52
33314;Pauillac;3.4;1.05
33315;Les Peintures;4.8;0.59
33316;Pellegrue;0.9;-3.2
33317;Périssac;2.9;0.14
33318;Pessac;17.4;1.31
33319;Pessac-sur-Dordogne;2.2;-0.66
33320;Petit-Palais-et-Cornemps;4.1;0.32
33321;Peujard;3.4;0.05
33322;Le Pian-Médoc;3.6;1.6
33323;Le Pian-sur-Garonne;5.3;2.44
33324;Pineuilh;2.9;0.34
33325;Plassac;5.5;1.53
33326;Pleine-Selve;3.9;0
33327;Podensac;6.3;0.51
33328;Pomerol;1.1;-0.27
33329;Pompéjac;2.5;1.07
33330;Pompignac;4.1;2.89
33331;Pondaurat;2;-0.61
33332;Porchères;4.2;-0.38
33333;Le Porge;1.7;2.03
33334;Portets;7.1;-0.3
33335;Le Pout;2.1;0.58
33336;Préchac;2;0.76
33337;Preignac;3.8;-0.08
33339;Prignac-et-Marcamps;6.4;0.86
33341;Pugnac;2.5;0.89
33342;Puisseguin;3;-0.88
33343;Pujols-sur-Ciron;4.6;2.67
33344;Pujols;4.3;-0.69
33345;Le Puy;3;-0.17
33346;Puybarban;6.3;-0.28
33347;Puynormand;3.5;0.38
33348;Queyrac;2.7;-0.15
33349;Quinsac;3.4;0.32
33350;Rauzan;1.1;0.58
33351;Reignac;2;0.75
33352;La Réole;8.8;0.68
33353;Rimons;2.1;0.52
33354;Riocaud;0;0.97
33355;Rions;5.5;-0.89
33356;La Rivière;3.5;-0.12
33357;Roaillan;4.7;1.22
33358;Romagne;2.7;0.79
33359;Roquebrune;0;0.42
33360;La Roquille;0.8;-1.43
33361;Ruch;2.6;-1.65
33362;Sablons;4.2;-0.53
33363;Sadirac;3.6;2.13
33364;Saillans;5.3;-1.34
33365;Saint-Aignan;4.9;-1.46
33366;Saint-André-de-Cubzac;7.9;2.34
33367;Saint-André-du-Bois;3.7;0.23
33369;Saint-André-et-Appelles;0.4;-0.68
33370;Saint-Androny;3;0.7
33372;Saint-Antoine-du-Queyret;0;-1.07
33373;Saint-Antoine-sur-l'Isle;4;-0.09
33374;Saint-Aubin-de-Blaye;1.4;0.28
33375;Saint-Aubin-de-Branne;1.1;1.38
33376;Saint-Aubin-de-Médoc;4.4;1.39
33377;Saint-Avit-de-Soulège;0;0.42
33378;Saint-Avit-Saint-Nazaire;1.9;0.07
33379;Saint-Brice;1.6;-0.11
33380;Val-de-Livenne;1.7;0.58
33381;Saint-Caprais-de-Bordeaux;3.2;1.31
33382;Saint-Christoly-de-Blaye;1.9;-0.81
33383;Saint-Christoly-Médoc;0.7;-0.12
33384;Saint-Christophe-des-Bardes;3.3;-2.1
33385;Saint-Christophe-de-Double;2;-3.08
33386;Saint-Cibard;4.5;1.26
33387;Saint-Ciers-d'Abzac;1.8;1.59
33388;Saint-Ciers-de-Canesse;2.4;-1.43
33389;Saint-Ciers-sur-Gironde;1.9;0.56
33390;Sainte-Colombe;2.7;0.16
33391;Saint-Côme;0;0.36
33392;Sainte-Croix-du-Mont;4.7;-1.14
33393;Saint-Denis-de-Pile;4.7;1.5
33394;Saint-Émilion;3;-1.73
33395;Saint-Estèphe;0.6;0.04
33396;Saint-Étienne-de-Lisse;3.3;-5.18
33397;Sainte-Eulalie;7;1.33
33398;Saint-Exupéry;0;0.4
33399;Saint-Félix-de-Foncaude;2.3;-0.06
33400;Saint-Ferme;0.7;-0.72
33401;Sainte-Florence;0;-0.23
33402;Sainte-Foy-la-Grande;5.2;0.51
33403;Sainte-Foy-la-Longue;0;2.22
33404;Sainte-Gemme;1.2;-0.09
33405;Saint-Genès-de-Blaye;1.5;0.38
33406;Saint-Genès-de-Castillon;1.2;-1.18
33407;Saint-Genès-de-Fronsac;2.9;3.66
33408;Saint-Genès-de-Lombaud;4.2;-0.21
33411;Saint-Germain-de-Grave;6;-1.4
33412;Saint-Germain-d'Esteuil;1.3;1.67
33413;Saint-Germain-du-Puch;4.1;1.04
33414;Saint-Germain-de-la-Rivière;2.9;0.86
33415;Saint-Gervais;7.2;1.19
33416;Saint-Girons-d'Aiguevives;1.8;0.1
33417;Sainte-Hélène;1.9;1.74
33418;Saint-Hilaire-de-la-Noaille;7.9;-0.04
33419;Saint-Hilaire-du-Bois;0;0.86
33420;Saint-Hippolyte;1.5;-1.77
33421;Saint-Jean-de-Blaignac;1.9;0.45
33422;Saint-Jean-d'Illac;2.8;2.94
33423;Saint-Julien-Beychevelle;3;0.94
33424;Saint-Laurent-Médoc;2.4;1.3
33425;Saint-Laurent-d'Arce;4.1;1.29
33426;Saint-Laurent-des-Combes;0.9;-2.22
33427;Saint-Laurent-du-Bois;1.6;0.2
33428;Saint-Laurent-du-Plan;2.9;-2.59
33429;Saint-Léger-de-Balson;0.8;-1.36
33431;Saint-Léon;1.4;-2.22
33432;Saint-Loubert;3.8;0.07
33433;Saint-Loubès;4.9;1.18
33434;Saint-Louis-de-Montferrand;9.1;-0.48
33435;Saint-Macaire;8;-0.72
33436;Saint-Magne;0.5;4.41
33437;Saint-Magne-de-Castillon;2.5;1.3
33438;Saint-Maixant;5.1;1.29
33439;Saint-Mariens;2.3;0.37
33440;Saint-Martial;1.5;-0.41
33441;Saint-Martin-Lacaussade;3.1;1.19
33442;Saint-Martin-de-Laye;1.1;0.15
33443;Saint-Martin-de-Lerm;1.8;2.5
33444;Saint-Martin-de-Sescas;6.1;-1.14
33445;Saint-Martin-du-Bois;1.1;-0.22
33446;Saint-Martin-du-Puy;0;-2.93
33447;Saint-Médard-de-Guizières;3.8;0.24
33448;Saint-Médard-d'Eyrans;4.9;2.23
33449;Saint-Médard-en-Jalles;6.3;0.94
33450;Saint-Michel-de-Castelnau;2;1.33
33451;Saint-Michel-de-Fronsac;3.4;-0.03
33452;Saint-Michel-de-Rieufret;4.4;2.73
33453;Saint-Michel-de-Lapujade;4.2;-0.91
33454;Saint-Morillon;3.8;1.47
33456;Saint-Palais;0.8;0.07
33457;Saint-Pardon-de-Conques;4.8;1.74
33458;Saint-Paul;1.8;2.04
33459;Saint-Pey-d'Armens;2.5;-1.54
33460;Saint-Pey-de-Castets;2.3;-0.76
33461;Saint-Philippe-d'Aiguille;1.8;0.44
33462;Saint-Philippe-du-Seignal;0.5;0.62
33463;Saint-Pierre-d'Aurillac;8.6;-0.66
33464;Saint-Pierre-de-Bat;2.8;-1.93
33465;Saint-Pierre-de-Mons;5.9;0.47
33466;Saint-Quentin-de-Baron;3.1;2.02
33467;Saint-Quentin-de-Caplong;1.5;0.73
33468;Sainte-Radegonde;0.6;-1.52
33470;Saint-Romain-la-Virvée;2.8;1.4
33471;Saint-Sauveur;2.1;-0.63
33472;Saint-Sauveur-de-Puynormand;2.7;0.28
33473;Saint-Savin;3.3;1.39
33474;Saint-Selve;4;4.2
33475;Saint-Seurin-de-Bourg;2.8;0.69
33476;Saint-Seurin-de-Cadourne;0.3;-0.28
33477;Saint-Seurin-de-Cursac;5;-0.17
33478;Saint-Seurin-sur-l'Isle;5.7;0.01
33479;Saint-Sève;5.6;-0.2
33480;Saint-Sulpice-de-Faleyrens;2.6;-0.59
33481;Saint-Sulpice-de-Guilleragues;2.7;0.51
33482;Saint-Sulpice-de-Pommiers;0.8;2.77
33483;Saint-Sulpice-et-Cameyrac;5.5;1.04
33484;Saint-Symphorien;2.1;-0.14
33485;Sainte-Terre;2.6;-0.01
33486;Saint-Trojan;4.7;1.28
33487;Saint-Vincent-de-Paul;7.6;0.08
33488;Saint-Vincent-de-Pertignas;1.2;-2.26
33489;Saint-Vivien-de-Blaye;2.2;-0.46
33490;Saint-Vivien-de-Médoc;3.2;0.52
33491;Saint-Vivien-de-Monségur;1.3;1.95
33492;Saint-Yzan-de-Soudiac;6.7;1.41
33493;Saint-Yzans-de-Médoc;0.7;-1.99
33494;Salaunes;0.9;3.78
33496;Sallebœuf;3;2.28
33498;Salles;3.4;2.71
33499;Les Salles-de-Castillon;0;-2.69
33500;Samonac;2.1;1.57
33501;Saucats;1.4;2.59
33502;Saugon;1.5;1
33503;Saumos;1.9;0.34
33504;Sauternes;4.2;0.69
33505;La Sauve;4.2;1.5
33506;Sauveterre-de-Guyenne;2;1.1
33507;Sauviac;4.6;0.46
33508;Savignac;2.2;0.23
33509;Savignac-de-l'Isle;2;2.93
33510;Semens;5.6;1.46
33511;Sendets;1.1;0.54
33512;Sigalens;1.4;-1.74
33513;Sillas;0;0
33514;Soulac-sur-Mer;2.6;1.73
33515;Soulignac;0.5;-0.78
33516;Soussac;2.1;-0.27
33517;Soussans;1.7;0.86
33518;Tabanac;5.2;-0.12
33519;Le Taillan-Médoc;5.7;1.41
33520;Taillecavat;2.2;-1.33
33521;Talais;2;0.56
33522;Talence;25.3;1.2
33523;Targon;2;-0.15
33524;Tarnès;1.6;-0.97
33525;Tauriac;3;0.52
33526;Tayac;5.9;-0.52
33527;Le Teich;9.9;2.97
33528;Le Temple;1.3;1.15
33529;La Teste-de-Buch;5.8;0.61
33530;Teuillac;1.2;-0.15
33531;Tizac-de-Curton;2.9;2.72
33532;Tizac-de-Lapouyade;0.5;-0.24
33533;Toulenne;6.7;1.94
33534;Le Tourne;4.8;0.49
33535;Tresses;5.1;2.18
33536;Le Tuzan;0;-1.94
33537;Uzeste;6.5;2.15
33538;Valeyrac;0.5;-0.24
33539;Vayres;6.3;2.26
33540;Vendays-Montalivet;1.9;2.27
33541;Vensac;2;2.78
33542;Vérac;4.1;-0.25
33543;Verdelais;3.7;0.13
33544;Le Verdon-sur-Mer;2.8;0.56
33545;Vertheuil;1.7;0.47
33546;Vignonet;3.8;-0.41
33547;Villandraut;1.9;1.8
33548;Villegouge;2.9;0.42
33549;Villenave-de-Rions;0.6;2.86
33550;Villenave-d'Ornon;12.7;4.31
33551;Villeneuve;2.9;0.63
33552;Virelade;6.2;1.08
33553;Virsac;2.1;2.26
33554;Yvrac;5;0.68
33555;Marcheprime;8.8;3.21
34001;Abeilhan;1.7;1.58
34002;Adissan;1.3;2.19
34003;Agde;4.5;1.13
34004;Agel;0;1.21
34005;Agonès;3.9;3.28
34006;Aigne;0;1.43
34007;Aigues-Vives;0;0.14
34008;Les Aires;1.1;0
34009;Alignan-du-Vent;1.8;0.31
34010;Aniane;3.1;0.05
34011;Arboras;0;-3.15
34012;Argelliers;1.4;-1.09
34013;Aspiran;1.3;0.41
34014;Assas;3.5;-0.9
34015;Assignan;6.7;0.4
34016;Aumelas;2.9;1.77
34017;Aumes;1;0.4
34018;Autignac;1.5;1.04
34019;Avène;0.9;0
34020;Azillanet;0;-0.69
34021;Babeau-Bouldoux;0;0.61
34022;Baillargues;5.4;0.82
34023;Balaruc-les-Bains;2.5;0.79
34024;Balaruc-le-Vieux;2.9;0.65
34025;Bassan;1.4;1.99
34026;Beaufort;2.6;0
34027;Beaulieu;2.7;3.37
34028;Bédarieux;2.3;-0.01
34029;Bélarga;1.6;2.05
34030;Berlou;1.3;1.84
34031;Bessan;2.4;2.31
34032;Béziers;7.5;0.92
34033;Boisseron;1.6;1.89
34034;Boisset;0;-0.4
34035;La Boissière;4;0.53
34036;Le Bosc;2.1;0.84
34037;Boujan-sur-Libron;3;0.82
34038;Le Bousquet-d'Orb;3.6;0.21
34039;Bouzigues;1.5;-0.77
34040;Brenas;0;1.54
34041;Brignac;1.1;1.95
34042;Brissac;2;-0.69
34043;Buzignargues;1.6;2.43
34044;Cabrerolles;1.3;0.3
34045;Cabrières;3.5;2.52
34046;Cambon-et-Salvergues;0;1.02
34047;Campagnan;0.3;1.49
34048;Campagne;0;-0.42
34049;Camplong;0;-1.32
34050;Candillargues;1.7;3.72
34051;Canet;1.8;0.42
34052;Capestang;2.3;1.11
34053;Carlencas-et-Levas;2.6;-1.9
34054;Cassagnoles;0;1.45
34055;Castanet-le-Haut;1.3;1.74
34056;Castelnau-de-Guers;0.8;0.11
34057;Castelnau-le-Lez;13.8;4.73
34058;Castries;4.4;1.62
34059;La Caunette;1.7;0.86
34060;Causse-de-la-Selle;1.6;2.63
34061;Causses-et-Veyran;2;0.52
34062;Caussiniojouls;0;5.92
34063;Caux;1;0.88
34064;Le Caylar;6.2;0.63
34065;Cazedarnes;2.9;1.17
34066;Cazevieille;4.3;3.64
34067;Cazilhac;1.2;0.81
34068;Cazouls-d'Hérault;3.1;0.41
34069;Cazouls-lès-Béziers;2.6;0.8
34070;Cébazan;2.6;0.72
34071;Ceilhes-et-Rocozels;1.6;-4.37
34072;Celles;0;-5.45
34073;Cers;2.5;0.22
34074;Cessenon-sur-Orb;1.9;1.02
34075;Cesseras;0.7;1.98
34076;Ceyras;2.5;-0.25
34077;Clapiers;4.6;1.57
34078;Claret;1.5;1.98
34079;Clermont-l'Hérault;4.1;1.17
34080;Colombières-sur-Orb;1.1;0.59
34081;Colombiers;1.3;2.45
34082;Combaillaux;4.3;5.31
34083;Combes;2.3;-0.81
34084;Corneilhan;1.5;-0.82
34085;Coulobres;4.7;0.32
34086;Courniou;1.9;0.52
34087;Cournonsec;1.5;1.3
34088;Cournonterral;2.7;2.79
34089;Creissan;3.4;0.41
34090;Le Crès;6.1;0.01
34091;Le Cros;0;0.91
34092;Cruzy;2;-0.75
34094;Espondeilhan;1.6;2.07
34095;Fabrègues;2.7;0.68
34096;Faugères;1.5;1.75
34097;Félines-Minervois;1;1.06
34098;Ferrals-les-Montagnes;0;-3.14
34099;Ferrières-les-Verreries;0;-2.02
34100;Ferrières-Poussarou;0;-0.25
34101;Florensac;2.9;0.53
34102;Fontanès;1.8;0.53
34103;Fontès;0.8;0.84
34104;Fos;0;5.14
34105;Fouzilhon;2.9;0.48
34106;Fozières;1.3;2.44
34107;Fraisse-sur-Agout;0;-0.05
34108;Frontignan;6.7;0.92
34109;Gabian;1.3;0.45
34110;Galargues;2.7;0.91
34111;Ganges;2.6;-0.56
34112;Garrigues;2.7;4.91
34113;Gigean;2.7;0.37
34114;Gignac;5.2;1.68
34115;Gorniès;3.7;-2.82
34116;Grabels;7.3;1.51
34117;Graissessac;2.2;-2.34
34118;Guzargues;4.9;-0.62
34119;Hérépian;1.6;0.5
34120;Jacou;7.3;0.43
34121;Joncels;2.2;-2.93
34122;Jonquières;2.1;4.99
34123;Juvignac;9;4.04
34124;Lacoste;3.3;-1.13
34125;Lagamas;6.1;-0.15
34126;Lamalou-les-Bains;1.2;-0.81
34127;Lansargues;2.3;0.05
34128;Laroque;1.6;0.43
34129;Lattes;8.1;0.88
34130;Laurens;1.7;1.23
34131;Lauret;0.7;0.72
34132;Lauroux;0;1.08
34133;Lavalette;0;-1.71
34134;Lavérune;3.8;0.55
34135;Lespignan;1.8;1.03
34136;Lézignan-la-Cèbe;1.7;0.25
34137;Liausson;0;0.9
34138;Lieuran-Cabrières;1.3;0.71
34139;Lieuran-lès-Béziers;0.9;1.07
34140;Lignan-sur-Orb;2.4;0.69
34141;La Livinière;0.5;-0.56
34142;Lodève;3.5;-0.51
34143;Loupian;1.3;0.31
34144;Lunas-les-Châteaux;1.4;0.06
34145;Lunel;6.3;0.24
34146;Lunel-Viel;3.6;2.51
34147;Magalas;1.6;1.07
34148;Maraussan;1.9;1.69
34149;Margon;0.4;2.46
34150;Marseillan;2.4;0.58
34151;Marsillargues;2.6;1.45
34152;Mas-de-Londres;1.2;0.38
34153;Les Matelles;3.1;0.43
34154;Mauguio;4.2;-0.65
34155;Maureilhan;1.8;2.83
34156;Mérifons;8.3;4.02
34157;Mèze;2.7;1.63
34158;Minerve;0;-4.93
34159;Mireval;5.1;-0.07
34160;Mons;0.5;2.34
34161;Montady;1.6;0.38
34162;Montagnac;3;0.59
34163;Montarnaud;2.8;3.25
34164;Montaud;1.7;0.62
34165;Montbazin;1.7;-0.41
34166;Montblanc;2.4;0.37
34167;Montels;3;-0.6
34168;Montesquieu;0;1.62
34169;Montferrier-sur-Lez;4.6;2.27
34170;Montouliers;1;0.59
34171;Montoulieu;0;2.16
34172;Montpellier;22.5;1.45
34173;Montpeyroux;1.8;1.02
34174;Moulès-et-Baucels;0.9;-0.54
34175;Mourèze;1.3;-0.17
34176;Mudaison;3.7;2.39
34177;Murles;1.1;2.63
34178;Murviel-lès-Béziers;2.8;-0.07
34179;Murviel-lès-Montpellier;4;0.96
34180;Nébian;1.4;2.02
34181;Neffiès;0.9;-0.7
34182;Nézignan-l'Évêque;1.2;-0.82
34183;Nissan-lez-Enserune;1.4;0.46
34184;Nizas;0.8;-0.13
34185;Notre-Dame-de-Londres;1.7;1.44
34186;Octon;2;0.13
34187;Olargues;2.7;-5.27
34188;Olmet-et-Villecun;5.1;-0.59
34189;Olonzac;0.4;-1.16
34190;Oupia;1.9;1.6
34191;Pailhès;0;1.26
34192;Palavas-les-Flots;3.4;-0.19
34193;Pardailhan;0;-1.3
34194;Paulhan;1.1;0.55
34195;Pégairolles-de-Buèges;0;3.02
34196;Pégairolles-de-l'Escalette;0;-0.54
34197;Péret;2.1;1.99
34198;Pérols;9.2;0.86
34199;Pézenas;2.7;-0.83
34200;Pézènes-les-Mines;0;-0.55
34201;Pierrerue;1;0.06
34202;Pignan;3.1;3.32
34203;Pinet;0.6;3.64
34204;Plaissan;0.9;6.44
34205;Les Plans;0.8;2.09
34206;Poilhes;1.5;-1.02
34207;Pomérols;1.3;0.07
34208;Popian;3.4;0.94
34209;Portiragnes;2.2;1.17
34210;Le Pouget;2.8;0.52
34211;Le Poujol-sur-Orb;1.9;-2.05
34212;Poujols;1.4;1.95
34213;Poussan;2;1.44
34214;Pouzolles;1.6;0.78
34215;Pouzols;1.9;-0.22
34216;Le Pradal;0;0.1
34217;Prades-le-Lez;4.5;2.19
34218;Prades-sur-Vernazobre;0.7;3
34219;Prémian;0.6;-1.13
34220;Le Puech;3.3;1.48
34221;Puéchabon;1.9;0.81
34222;Puilacher;0;2.6
34223;Puimisson;2.7;2.47
34224;Puissalicon;2;0.22
34225;Puisserguier;2.1;1.08
34226;Quarante;2.2;0.26
34227;Restinclières;2.3;6.36
34228;Rieussec;3.4;2.92
34229;Riols;0.7;-0.99
34230;Les Rives;1.5;0.91
34231;Romiguières;0;-1.38
34232;Roquebrun;2.7;-0.06
34233;Roqueredonde;0;-0.08
34234;Roquessels;4.3;0.61
34235;Rosis;2;-1.4
34236;Rouet;0;1.8
34237;Roujan;1.2;1.33
34238;Saint-André-de-Buèges;0;2.72
34239;Saint-André-de-Sangonis;3.5;1.4
34240;Saint-Aunès;3.6;4.54
34241;Saint-Bauzille-de-la-Sylve;2.2;2.31
34242;Saint-Bauzille-de-Montmel;1;3.05
34243;Saint-Bauzille-de-Putois;2.6;-1.1
34244;Saint-Brès;3.2;2.73
34245;Saint-Chinian;3.5;0.54
34246;Entre-Vignes;3.2;0.49
34247;Saint-Clément-de-Rivière;6.5;1.04
34248;Sainte-Croix-de-Quintillargues;1.9;1.62
34249;Saint-Drézéry;2.4;3.15
34250;Saint-Étienne-d'Albagnan;0;-0.65
34251;Saint-Étienne-de-Gourgas;2.8;1.63
34252;Saint-Étienne-Estréchoux;2.8;-0.63
34253;Saint-Félix-de-l'Héras;0;-1.48
34254;Saint-Félix-de-Lodez;3.5;-0.4
34255;Saint-Gély-du-Fesc;3.5;1.18
34256;Saint-Geniès-des-Mourgues;3.8;2.09
34257;Saint-Geniès-de-Varensal;2.4;0.87
34258;Saint-Geniès-de-Fontedit;1.8;1.47
34259;Saint-Georges-d'Orques;5.1;0.85
34260;Saint-Gervais-sur-Mare;8.8;-0.18
34261;Saint-Guilhem-le-Désert;1.1;-0.86
34262;Saint-Guiraud;2.2;4.72
34263;Saint-Hilaire-de-Beauvoir;0.5;2.16
34264;Saint-Jean-de-Buèges;0;1.67
34265;Saint-Jean-de-Cornies;1;2.75
34266;Saint-Jean-de-Cuculles;1.8;1.91
34267;Saint-Jean-de-Fos;2.6;0.7
34268;Saint-Jean-de-la-Blaquière;1.3;1.62
34269;Saint-Jean-de-Minervois;2.3;-1.88
34270;Saint-Jean-de-Védas;8;5.7
34271;Saint-Julien;2.4;0.45
34272;Saint-Just;3.4;0.31
34273;Saint-Martin-de-l'Arçon;0;-4.76
34274;Saint-Martin-de-Londres;2.6;0.05
34276;Saint-Mathieu-de-Tréviers;1.8;0.45
34277;Saint-Maurice-Navacelles;4.6;0.65
34278;Saint-Michel;0;5.31
34279;Saint-Nazaire-de-Ladarez;4.4;-2.16
34280;Saint-Nazaire-de-Pézan;1.5;-0.08
34281;Saint-Pargoire;1.4;1.29
34282;Saint-Paul-et-Valmalle;4.7;3.66
34283;Saint-Pierre-de-la-Fage;0;-0.79
34284;Saint-Pons-de-Thomières;2.1;-1.6
34285;Saint-Pons-de-Mauchiens;4.5;-0.71
34286;Saint-Privat;0;1.97
34287;Saint-Saturnin-de-Lucian;0.7;0.12
34288;Saint-Sériès;3.4;0.09
34289;Saint-Thibéry;2.2;2.82
34290;Saint-Vincent-de-Barbeyrargues;2.5;2.93
34291;Saint-Vincent-d'Olargues;3.2;0.14
34292;Salasc;0;1.82
34293;La Salvetat-sur-Agout;2.1;-0.24
34294;Saturargues;1.4;1.16
34295;Saussan;2.4;3.82
34296;Saussines;2.1;-0.48
34297;Sauteyrargues;3;1.2
34298;Sauvian;2.6;0.66
34299;Sérignan;3.2;3.32
34300;Servian;3;2.26
34301;Sète;9.9;0.56
34302;Siran;0.4;0.59
34303;Sorbs;0;1.82
34304;Soubès;1.3;0.26
34305;Le Soulié;0;0.77
34306;Soumont;2.1;4.37
34307;Sussargues;3.6;0.55
34308;Taussac-la-Billière;1.1;0.82
34309;Teyran;2.7;0.44
34310;Thézan-lès-Béziers;1.3;0.55
34311;Tourbes;1.5;2.91
34312;La Tour-sur-Orb;1;0.97
34313;Tressan;2;0.95
34314;Le Triadou;1.5;9.94
34315;Usclas-d'Hérault;0;1.82
34316;Usclas-du-Bosc;0;2.49
34317;La Vacquerie-et-Saint-Martin-de-Castries;0;1.38
34318;Vacquières;1.5;4.15
34319;Vailhan;0;-1.97
34320;Vailhauquès;2.7;0.69
34321;Valergues;4.7;0.92
34322;Valflaunès;1.2;0.73
34323;Valmascle;0;4.13
34324;Valras-Plage;5.1;0.42
34325;Valros;1.4;0.75
34326;Vélieux;6.5;3.5
34327;Vendargues;4.4;2.49
34328;Vendémian;2.3;1.58
34329;Vendres;1.6;-0.14
34331;Verreries-de-Moussans;0;-1.27
34332;Vias;2.9;1
34333;Vic-la-Gardiole;3.5;0.75
34334;Vieussan;0;0.31
34335;Villemagne-l'Argentière;1.9;-1.07
34336;Villeneuve-lès-Béziers;2.6;0.11
34337;Villeneuve-lès-Maguelone;5.8;0.93
34338;Villeneuvette;3.7;-1.21
34339;Villespassans;0;1.81
34340;Villetelle;1.6;2.75
34341;Villeveyrac;0.7;0.72
34342;Viols-en-Laval;3.4;1.63
34343;Viols-le-Fort;2.1;0.28
34344;La Grande-Motte;2.7;-0.71
35001;Acigné;9.8;0.66
35002;Amanlis;4.5;0.6
35003;Andouillé-Neuville;3.1;2.29
35004;Val-Couesnon;1.4;-0.52
35005;Arbrissel;0.7;-1.9
35006;Argentré-du-Plessis;3.1;0.93
35007;Aubigné;9.2;-0.49
35008;Availles-sur-Seiche;3.1;-0.95
35009;Baguer-Morvan;2.9;-0.02
35010;Baguer-Pican;3.6;1.01
35012;Bain-de-Bretagne;3.5;1.03
35013;Bains-sur-Oust;2.4;0.25
35014;Bais;0.7;0.71
35015;Balazé;2.7;-0.51
35016;Baulon;3.1;0.52
35017;La Baussaine;2.5;0.38
35018;La Bazouge-du-Désert;1.4;-0.31
35019;Bazouges-la-Pérouse;2;0.72
35021;Beaucé;1.3;-0.67
35022;Bécherel;4.9;0.29
35023;Bédée;4.8;1.22
35024;Betton;13.7;2.18
35025;Billé;0.8;-0.19
35026;Bléruais;0;-1.91
35027;Boisgervilly;7.3;1.12
35028;Boistrudan;3.8;0.63
35029;Bonnemain;3.3;-0.14
35030;La Bosse-de-Bretagne;3.3;1.08
35031;La Bouëxière;2.8;0.75
35032;Bourgbarré;7.6;2.76
35033;Bourg-des-Comptes;9.1;0.73
35034;La Boussac;4.1;1.22
35035;Bovel;1.6;-0.22
35037;Bréal-sous-Montfort;5.8;1.24
35038;Bréal-sous-Vitré;0.9;-1.05
35039;Brécé;8;0.57
35040;Breteil;11.8;0.6
35041;Brie;1.4;1.36
35042;Brielles;1.4;-0.55
35044;Broualan;3.9;1.49
35045;Bruc-sur-Aff;1.7;-0.12
35046;Les Brulais;0;-0.09
35047;Bruz;13.8;1.4
35049;Cancale;4.6;1.29
35050;Cardroc;1.9;1.04
35051;Cesson-Sévigné;12.7;0.67
35052;Champeaux;2;0.17
35054;Chanteloup;4.4;0.46
35055;Chantepie;15.8;0
35056;La Chapelle-aux-Filtzméens;4.4;0.06
35057;La Chapelle-Bouëxic;1.7;0.98
35058;La Chapelle-Chaussée;4.9;0.48
35059;La Chapelle-des-Fougeretz;8.5;-0.7
35060;La Chapelle du Lou du Lac;5.9;0.61
35061;La Chapelle-Erbrée;3.1;0.66
35062;La Chapelle-Fleurigné;0.5;-0.05
35063;La Chapelle-Saint-Aubert;1.3;1.34
35064;La Chapelle-de-Brain;3.3;2.46
35065;La Chapelle-Thouarault;13;0.83
35066;Chartres-de-Bretagne;11.6;2.28
35067;Chasné-sur-Illet;4.2;1.94
35068;Châteaubourg;9.5;1.23
35069;Châteaugiron;3;1.46
35070;Châteauneuf-d'Ille-et-Vilaine;3.7;0.04
35071;Le Châtellier;0.5;0.2
35072;Châtillon-en-Vendelais;2.2;0.47
35075;Chauvigné;1.1;-1.05
35076;Chavagne;9.1;2.61
35077;Chelun;3.2;0.29
35078;Cherrueix;4.7;-0.22
35079;Chevaigné;16.1;1.34
35080;Cintré;9.8;2.33
35081;Clayes;9.1;1.55
35082;Coësmes;3.5;-0.55
35084;Comblessac;0;-0.32
35085;Combourg;10.8;1.13
35086;Combourtillé;0.3;-0.08
35087;Cornillé;1.6;0
35088;Corps-Nuds;9.4;1.48
35089;La Couyère;3.5;-1.69
35090;Crevin;3.3;0.14
35091;Le Crouais;2;0.93
35092;Cuguen;6.3;-0.14
35093;Dinard;4.1;0.48
35094;Dingé;8;0.39
35095;Dol-de-Bretagne;6.2;0.39
35096;Domagné;4.1;1.21
35097;Domalain;0.6;0.47
35098;La Dominelais;2;0.56
35099;Domloup;3.7;2.28
35101;Dourdain;1.6;0.96
35102;Drouges;1.3;-0.68
35103;Eancé;1.8;0.96
35104;Epiniac;3.4;-0.04
35105;Erbrée;2.8;0.24
35106;Ercé-en-Lamée;2.8;0.78
35107;Ercé-près-Liffré;3.2;2
35108;Essé;1.8;-1.24
35109;Étrelles;2;0.88
35110;Feins;12.3;1.8
35111;Le Ferré;1.9;0.9
35114;Forges-la-Forêt;0.7;-0.19
35115;Fougères;4.6;0.33
35116;La Fresnais;2.5;-0.17
35117;Gaël;1.6;-0.35
35118;Gahard;1.8;0.81
35119;Gennes-sur-Seiche;0.5;-0.16
35120;Gévezé;6.6;2.44
35121;Gosné;4.1;0.85
35122;La Gouesnière;2.4;1.31
35123;Goven;7.3;-0.29
35124;Grand-Fougeray;3.4;0.46
35125;La Guerche-de-Bretagne;1.4;0.72
35126;Guichen;7.9;1.53
35127;Guignen;2.7;1.25
35128;Guipel;4.6;0.3
35130;Hédé-Bazouges;5.8;0.51
35131;L'Hermitage;14.6;1.35
35132;Hirel;2.7;0.05
35133;Iffendic;6.2;0.55
35134;Les Iffs;2.3;0.12
35135;Irodouër;3.3;0.43
35136;Janzé;4.2;0.65
35137;Javené;1.8;0.98
35138;Laignelet;1.5;0.79
35139;Laillé;5.8;0.21
35140;Lalleu;2.1;0.12
35141;Landavran;2.2;-0.17
35142;Landéan;1.3;-0.01
35143;Landujan;4.4;-0.49
35144;Langan;5.8;2.35
35145;Langon;7.3;-0.57
35146;Langouet;3.7;0.28
35148;Lanrigan;12.9;-0.79
35149;Lassy;2.4;1.38
35150;Lécousse;2.4;1.09
35151;Lieuron;2.3;0.21
35152;Liffré;4.5;3.01
35153;Lillemer;1.2;1.37
35154;Livré-sur-Changeon;2.2;0.44
35155;Lohéac;2.2;1.09
35156;Longaulnay;2.3;-0.76
35157;Le Loroux;1.1;-0.96
35159;Lourmais;5.4;0.2
35160;Loutehel;1.1;-1.98
35161;Louvigné-de-Bais;2.4;-0.26
35162;Louvigné-du-Désert;1.2;-0.25
35163;Luitré-Dompierre;1.3;-0.25
35164;Marcillé-Raoul;3.8;-0.96
35165;Marcillé-Robert;2.4;0.44
35166;Marpiré;3.8;-0.83
35167;Martigné-Ferchaud;1;0.14
35168;Val d'Anast;1.8;-0.08
35169;Maxent;2.3;-0.14
35170;Mecé;0.4;0.22
35171;Médréac;4.1;0.25
35172;Meillac;4.1;1.33
35173;Melesse;5.2;2.59
35174;Mellé;0.8;-0.1
35175;Mernel;1.9;-0.52
35176;Guipry-Messac;10.4;0.84
35177;La Mézière;3.9;0.28
35178;Mézières-sur-Couesnon;1.1;0.19
35179;Miniac-Morvan;2.4;1.94
35180;Miniac-sous-Bécherel;5.1;0.49
35181;Le Minihic-sur-Rance;1.9;0.77
35183;Mondevert;1.4;-0.27
35184;Montauban-de-Bretagne;5.5;2.27
35185;Montautour;0.8;0.38
35186;Mont-Dol;4.3;-0.5
35187;Monterfil;4.3;0.53
35188;Montfort-sur-Meu;15.8;0.38
35189;Montgermont;9.3;2.3
35190;Monthault;0;-1.46
35191;Les Portes du Coglais;0.3;-1.02
35192;Montreuil-des-Landes;1;-0.83
35193;Montreuil-le-Gast;3.8;0.98
35194;Montreuil-sous-Pérouse;3.3;0.34
35195;Montreuil-sur-Ille;25.2;0.58
35196;Mordelles;8.4;1.13
35197;Mouazé;6.9;2.5
35198;Moulins;0.8;-0.02
35199;Moussé;0;-1.04
35200;Moutiers;1.4;-0.54
35201;Muel;5.1;0.18
35202;La Noë-Blanche;3.3;0.25
35203;La Nouaye;9.9;-0.19
35204;Nouvoitou;6.7;3.61
35205;Noyal-sous-Bazouges;5.3;-0.26
35206;Noyal-Châtillon-sur-Seiche;11.6;2.45
35207;Noyal-sur-Vilaine;7.7;0.93
35208;Orgères;10.4;3.74
35210;Pacé;9.5;0.07
35211;Paimpont;3.7;0.86
35212;Pancé;4;0.11
35214;Parcé;0.6;0.03
35215;Parigné;0.9;-0.35
35216;Parthenay-de-Bretagne;7;1.23
35217;Le Pertre;0.5;-0.26
35218;Le Petit-Fougeray;2.6;-0.24
35219;Pipriac;4.3;0.6
35220;Piré-Chancé;1.6;1.77
35221;Pléchâtel;9.2;0.28
35222;Pleine-Fougères;1.7;-0.05
35223;Plélan-le-Grand;2.5;0.72
35224;Plerguer;3;1.29
35225;Plesder;0.3;-0.36
35226;Pleugueneuc;1.5;1.65
35227;Pleumeleuc;4.8;1.31
35228;Pleurtuit;2.6;0.88
35229;Pocé-les-Bois;4.5;0.44
35230;Poilley;0.5;-0.13
35231;Poligné;5.9;0.57
35232;Princé;0.6;0.95
35233;Québriac;3.7;0.06
35234;Quédillac;5.9;1.2
35235;Rannée;0.2;-0.32
35236;Redon;6;0.82
35237;Renac;2.5;0.64
35238;Rennes;28.1;0.87
35239;Retiers;4.3;0.91
35240;Le Rheu;10.6;2.3
35241;La Richardais;2.7;2.65
35242;Rimou;3.3;0.88
35243;Romagné;2.2;0.4
35244;Romazy;1.6;1.13
35245;Romillé;7;1.1
35246;Roz-Landrieux;2.8;0.46
35247;Roz-sur-Couesnon;1.6;0.41
35248;Sains;1.9;-1.32
35249;Sainte-Anne-sur-Vilaine;5;0.39
35250;Saint-Armel;10.4;3.85
35251;Saint-Aubin-d'Aubigné;5;2.3
35252;Saint-Aubin-des-Landes;2.2;-0.39
35253;Saint-Aubin-du-Cormier;3.4;1.43
35255;Saint-Benoît-des-Ondes;3.2;-0.67
35256;Saint-Briac-sur-Mer;3.9;1.76
35257;Maen Roch;1.2;1.07
35258;Saint-Brieuc-des-Iffs;1.2;-1.04
35259;Saint-Broladre;2.4;0.54
35260;Saint-Christophe-des-Bois;0.4;-0.72
35261;Saint-Christophe-de-Valains;3.8;0.74
35262;Sainte-Colombe;2.3;1.04
35263;Saint-Coulomb;3.5;1.77
35264;Saint-Didier;4.8;0.03
35265;Saint-Domineuc;2.5;0.47
35266;Saint-Erblon;8.6;3.59
35268;Saint-Ganton;2.6;-0.32
35270;Saint-Georges-de-Gréhaigne;1.9;0.22
35271;Saint-Georges-de-Reintembault;1.5;-0.03
35272;Saint-Germain-du-Pinel;1.3;1.63
35273;Saint-Germain-en-Coglès;1.8;0.33
35274;Saint-Germain-sur-Ille;10.9;1.82
35275;Saint-Gilles;9.8;2.56
35276;Saint-Gondran;3.2;2.7
35277;Saint-Gonlay;6.9;1.77
35278;Saint-Grégoire;9.6;0.81
35279;Saint-Guinoux;2.6;0.57
35280;Saint-Hilaire-des-Landes;2.1;-0.21
35281;Saint-Jacques-de-la-Lande;19.6;0.85
35282;Rives-du-Couesnon;3.3;0.43
35283;Saint-Jean-sur-Vilaine;4.6;1.68
35284;Saint-Jouan-des-Guérets;4.1;1.2
35285;Saint-Just;3.4;0.48
35286;Saint-Léger-des-Prés;1.5;2.53
35287;Saint-Lunaire;3.8;2.25
35288;Saint-Malo;9.4;0.45
35289;Saint-Malo-de-Phily;9.4;-0.23
35290;Saint-Malon-sur-Mel;3.3;0.87
35291;Saint-Marcan;1.4;-0.68
35292;Saint-Marc-le-Blanc;0.6;-1.17
35294;Sainte-Marie;3;-0.07
35295;Saint-Maugan;8.3;-1.05
35296;Saint-Médard-sur-Ille;12.7;0.54
35297;Saint-Méen-le-Grand;3.2;0.07
35299;Saint-Méloir-des-Ondes;3;2.46
35300;Saint-M'Hervé;2.1;-0.11
35302;Saint-Onen-la-Chapelle;4.4;-0.67
35304;Saint-Ouen-des-Alleux;1.1;0.14
35305;Saint-Péran;2.3;0.32
35306;Saint-Père-Marc-en-Poulet;2.8;0.85
35307;Saint-Pern;6.2;-0.36
35308;Mesnil-Roc'h;3;0.68
35309;Saint-Rémy-du-Plain;3;-0.41
35310;Saint-Sauveur-des-Landes;1.3;0.58
35311;Saint-Séglin;0.4;1.25
35312;Saint-Senoux;11.8;-0.02
35314;Saint-Suliac;4.3;1.04
35315;Saint-Sulpice-la-Forêt;7.3;3.03
35316;Saint-Sulpice-des-Landes;3.5;0.53
35317;Saint-Symphorien;3.7;-0.22
35318;Saint-Thual;1.4;1.77
35319;Saint-Thurial;3.1;0.76
35320;Saint-Uniac;4.6;-0.7
35321;Saulnières;2.3;0.95
35322;Le Sel-de-Bretagne;0.8;0.08
35324;La Selle-en-Luitré;0.7;1.39
35325;La Selle-Guerchaise;0;-0.64
35326;Sens-de-Bretagne;2.1;0.47
35327;Servon-sur-Vilaine;6.9;1.85
35328;Sixt-sur-Aff;2.3;0.84
35329;Sougeal;2.5;-1.76
35330;Taillis;2.7;0.57
35331;Talensac;4.9;0.23
35332;Teillay;3;0.57
35333;Le Theil-de-Bretagne;6.6;-0.3
35334;Thorigné-Fouillard;9.1;0.4
35335;Thourie;2.7;1.45
35336;Le Tiercent;1.1;2.33
35337;Tinténiac;4.5;1.41
35338;Torcé;1;1.16
35339;Trans-la-Forêt;3;1.43
35340;Treffendel;3.9;0.91
35342;Trémeheuc;12.3;0.39
35343;Tresbœuf;1.7;-0.4
35345;Trévérien;1.9;0.63
35346;Trimer;3.5;-0.24
35347;Val-d'Izé;0.9;0.1
35350;Vergéal;0.7;0
35351;Le Verger;8.7;-0.48
35352;Vern-sur-Seiche;11.8;0.78
35353;Vezin-le-Coquet;11.5;2.21
35354;Vieux-Viel;0.7;0.62
35355;Vieux-Vy-sur-Couesnon;1.5;1.17
35356;Vignoc;2.9;3.62
35357;Villamée;0.8;-1.42
35358;La Ville-ès-Nonais;2.7;0.58
35359;Visseiche;2;1.12
35360;Vitré;8.7;0.92
35361;Le Vivier-sur-Mer;2.6;0.27
35362;Le Tronchet;2.9;0.71
35363;Pont-Péan;10.1;0.25
36001;Aigurande;1.1;-1.27
36002;Aize;2.1;0.14
36003;Ambrault;0.7;-0.22
36004;Anjouin;1.7;-0.97
36005;Ardentes;2.1;-0.52
36006;Argenton-sur-Creuse;2.8;-0.42
36007;Argy;0.4;-0.93
36008;Arpheuilles;0;1.02
36009;Arthon;1;-0.47
36010;Azay-le-Ferron;0.9;-0.51
36011;Bagneux;5.1;-0.19
36012;Baraize;0;0.57
36013;Baudres;4.8;-1.72
36014;Bazaiges;0;0.24
36015;Beaulieu;0;-1.55
36016;Bélâbre;0.3;-0.84
36017;La Berthenoux;1.3;-2.18
36018;Le Blanc;1.7;-0.87
36019;Bommiers;1.3;1.03
36020;Bonneuil;0;-1.27
36021;Les Bordes;0.9;-1.37
36022;Bouesse;0;-1.81
36023;Bouges-le-Château;1;-0.25
36024;Bretagne;3.1;-3.91
36025;Briantes;0.8;-0.3
36026;Brion;1.2;1.14
36027;Brives;0.8;-1.52
36028;La Buxerette;2.4;0.61
36029;Buxeuil;0;-0.08
36030;Buxières-d'Aillac;0;-1.25
36031;Buzançais;2.7;-0.19
36032;Ceaulmont;1;-1.3
36033;Celon;1.2;-1.21
36034;Chabris;1.3;0.13
36035;Chaillac;0.3;-0.51
36036;Chalais;0;0.91
36037;La Champenoise;0.7;1.93
36038;Champillet;6.5;-4
36040;La Chapelle-Orthemale;0;-2.3
36041;La Chapelle-Saint-Laurian;2;-1.29
36042;Chasseneuil;1.3;0.36
36043;Chassignolles;0.9;-1.03
36044;Châteauroux;7.6;-0.39
36045;Châtillon-sur-Indre;2.8;-2.5
36046;La Châtre;1.7;-0.57
36047;La Châtre-Langlin;1.2;-1.02
36048;Chavin;1.7;-0.12
36049;Chazelet;0;0.55
36050;Chezelles;0;-0.93
36051;Chitray;0;-0.66
36052;Chouday;2.9;-0.67
36053;Ciron;0.5;-1.31
36054;Cléré-du-Bois;2.3;-1.23
36055;Clion;4.3;-0.58
36056;Cluis;2.8;-0.39
36057;Coings;1.4;0.99
36058;Concremiers;0.8;-1.46
36059;Condé;1.1;-1.2
36060;Crevant;0.8;-0.44
36061;Crozon-sur-Vauvre;1.7;-0.74
36062;Cuzion;0;1.13
36063;Déols;5.4;0.17
36064;Diors;0.8;-0.67
36065;Diou;0.9;0.59
36066;Douadic;0.5;1.02
36067;Dunet;0;0.16
36068;Dun-le-Poëlier;0.7;0.04
36069;Écueillé;0.7;-1.34
36070;Éguzon-Chantôme;2.7;-0.85
36071;Étrechet;2.4;0.08
36073;Feusines;0;0
36074;Fléré-la-Rivière;1;-0.33
36075;Fontenay;0;-2.38
36076;Fontgombault;0;0.92
36077;Fontguenand;1;1.24
36078;Fougerolles;1.8;0.34
36079;Francillon;2.7;0
36080;Frédille;0;1.14
36081;Gargilesse-Dampierre;1.1;-1.48
36082;Gehée;0;-0.26
36083;Giroux;0;0.56
36084;Gournay;0.9;-1.03
36085;Guilly;0;-0.28
36086;Heugnes;2.2;-0.51
36087;Ingrandes;1.7;-1.07
36088;Issoudun;2.4;-1.36
36089;Jeu-les-Bois;1.4;0.55
36090;Jeu-Maloches;0;-1.71
36091;Lacs;0.7;-0.05
36092;Langé;0;-1.97
36093;Levroux;1.1;-0.89
36094;Lignac;2.6;-0.14
36095;Lignerolles;0;2.02
36096;Lingé;1.2;-2.13
36097;Liniez;0.7;-0.1
36098;Lizeray;0;-0.2
36099;Lourdoueix-Saint-Michel;0;-1.06
36100;Lourouer-Saint-Laurent;0;-1.58
36101;Luant;1.2;1.06
36102;Luçay-le-Libre;0;0.48
36103;Luçay-le-Mâle;0;-0.74
36104;Lurais;0;-1.46
36105;Lureuil;6.5;0.56
36106;Luzeret;0;0.33
36107;Lye;3.7;0.04
36108;Lys-Saint-Georges;1.1;-1.87
36109;Le Magny;1.3;-1.04
36110;Maillet;0.8;-1.44
36111;Malicornay;0;-0.09
36112;Mâron;2.9;-0.79
36113;Martizay;1.2;-0.21
36114;Mauvières;2.2;-0.53
36115;Menetou-sur-Nahon;2;4
36116;Ménétréols-sous-Vatan;0;-0.14
36117;Le Menoux;2.2;-0.63
36118;Méobecq;0;-0.05
36119;Mérigny;0.5;0.28
36120;Mers-sur-Indre;0.3;0.36
36121;Meunet-Planches;0;-0.68
36122;Meunet-sur-Vatan;3.2;0.34
36123;Mézières-en-Brenne;1.3;-1.09
36124;Migné;1;-3.02
36125;Migny;1.8;-2.37
36126;Montchevrier;0;-0.22
36127;Montgivray;1;-0.59
36128;Montierchaume;0.8;0.09
36129;Montipouret;0;1.52
36130;Montlevicq;2.9;-1.35
36131;Mosnay;0;-0.5
36132;La Motte-Feuilly;0;6.4
36133;Mouhers;2.4;-1.97
36134;Mouhet;2.6;-1.39
36135;Moulins-sur-Céphons;1;-1.04
36136;Murs;0;-0.8
36137;Néons-sur-Creuse;0;-1.76
36138;Néret;1.7;-0.61
36139;Neuillay-les-Bois;1.3;-0.13
36140;Neuvy-Pailloux;2.6;-0.67
36141;Neuvy-Saint-Sépulchre;0.5;0.01
36142;Niherne;1.2;-1.46
36143;Nohant-Vic;0;-0.18
36144;Nuret-le-Ferron;2.3;-0.83
36145;Obterre;3.1;2.33
36146;Orsennes;0.9;-1.35
36147;Orville;0;0.36
36148;Oulches;0;0.48
36149;Palluau-sur-Indre;1.5;0.19
36150;Parnac;1.6;0.26
36152;Paudy;0.5;-0.99
36153;Paulnay;0;1.04
36154;Le Pêchereau;1.3;-0.71
36155;Pellevoisin;0;0.58
36156;Pérassay;3.7;2.35
36157;La Pérouille;1.5;-0.93
36158;Badecon-le-Pin;2.1;0.38
36159;Le Poinçonnet;2.5;-0.06
36160;Pommiers;0;-1.06
36161;Le Pont-Chrétien-Chabenet;2;0.22
36162;Poulaines;1.2;-1.06
36163;Pouligny-Notre-Dame;0.8;-1.83
36164;Pouligny-Saint-Martin;1;0.59
36165;Pouligny-Saint-Pierre;0.2;-0.85
36166;Préaux;1.8;1.11
36167;Preuilly-la-Ville;0;-1.37
36168;Prissac;0.4;-1.58
36169;Pruniers;0.4;-0.78
36170;Reboursin;8.3;-0.78
36171;Reuilly;3.1;-0.18
36172;Rivarennes;0;-2.46
36173;Rosnay;3.6;0.29
36174;Roussines;0.8;-0.09
36175;Rouvres-les-Bois;1;-0.76
36176;Ruffec;1.4;-0.66
36177;Sacierges-Saint-Martin;1.2;-0.37
36178;Saint-Aigny;0.8;-0.72
36179;Saint-Aoustrille;2;-0.69
36180;Saint-Août;0.9;-0.54
36181;Saint-Aubin;0;-3.15
36182;Saint-Benoît-du-Sault;2.3;-2.86
36184;Saint-Chartier;0;-1.75
36185;Saint-Christophe-en-Bazelle;0;-1.61
36186;Saint-Christophe-en-Boucherie;0;-1.49
36187;Saint-Civran;0;-0.71
36188;Saint-Cyran-du-Jambot;4;-4.11
36189;Saint-Denis-de-Jouhet;0.3;-0.05
36190;Sainte-Fauste;2.5;-0.99
36191;Saint-Florentin;0.5;-0.98
36192;Saint-Gaultier;2.3;-1.06
36193;Sainte-Gemme;5;-0.51
36194;Saint-Genou;0.3;-0.74
36195;Saint-Georges-sur-Arnon;1.4;-0.65
36196;Saint-Gilles;0;-2.79
36197;Saint-Hilaire-sur-Benaize;1.3;0.38
36198;Saint-Lactencin;0;-0.87
36199;Sainte-Lizaigne;1.3;-1.17
36200;Saint-Marcel;2.4;-0.8
36202;Saint-Maur;4.7;-0.06
36203;Saint-Médard;0;4.82
36204;Saint-Michel-en-Brenne;1.7;-0.31
36205;Saint-Pierre-de-Jards;2.9;-3.45
36207;Saint-Plantaire;3.2;0.06
36208;Sainte-Sévère-sur-Indre;0;-0.11
36209;Saint-Valentin;1.6;-1.1
36210;Sarzay;0.8;-0.7
36211;Sassierges-Saint-Germain;1.8;-1.42
36212;Saulnay;1.7;0.62
36213;Sauzelles;0;1.15
36214;Sazeray;2.8;-0.5
36215;Ségry;2.2;-0.93
36216;Selles-sur-Nahon;0;-2.46
36217;Sembleçay;0;-0.16
36218;Sougé;1.6;0.35
36219;Tendu;0.9;0.15
36220;Thenay;0.9;0.19
36221;Thevet-Saint-Julien;0.7;0.17
36222;Thizay;1.9;-0.29
36223;Tilly;0;0.24
36224;Tournon-Saint-Martin;1.1;-0.75
36225;Le Tranger;0;0.2
36226;Tranzault;0;-0.29
36227;Urciers;0;-0.48
36228;Valençay;2.6;-1.09
36229;Val-Fouzon;0.6;-1.15
36230;Vatan;1.6;-0.5
36231;Velles;0.7;-0.29
36232;Vendœuvres;0.6;0.34
36233;La Vernelle;0.6;1.08
36234;Verneuil-sur-Igneraie;1.5;1.54
36235;Veuil;2.6;0.13
36236;Vicq-Exemplet;0.7;0.1
36237;Vicq-sur-Nahon;0;-1.26
36238;Vigoulant;0;-0.82
36239;Vigoux;1;0.29
36240;Vijon;0;-0.95
36241;Villedieu-sur-Indre;1.5;-0.66
36242;Villegongis;2.2;-1.96
36243;Villegouin;0.8;-0.91
36244;Villentrois-Faverolles-en-Berry;1.2;-0.61
36246;Villiers;0;-0.75
36247;Vineuil;0.2;0.28
36248;Vouillon;0;-0.87
37001;Abilly;1;-0.38
37002;Ambillou;1.6;-0.63
37003;Amboise;7.6;0.48
37004;Anché;0.8;0.55
37005;Antogny-le-Tillac;2.3;-0.69
37006;Artannes-sur-Indre;2.5;1
37007;Assay;2.7;1
37008;Athée-sur-Cher;2.8;1.09
37009;Autrèche;2;-0.39
37010;Auzouer-en-Touraine;2.3;-0.29
37011;Avoine;3.6;2.34
37012;Avon-les-Roches;0.4;-0.28
37013;Avrillé-les-Ponceaux;6.1;-0.41
37014;Azay-le-Rideau;3.6;-0.09
37015;Azay-sur-Cher;3.4;0.29
37016;Azay-sur-Indre;4.8;-0.8
37018;Ballan-Miré;5.7;0.83
37019;Barrou;2.8;0.07
37020;Beaulieu-lès-Loches;2.7;-0.34
37021;Beaumont-Louestault;1.1;1.09
37022;Beaumont-en-Véron;2.6;0.12
37023;Beaumont-Village;1.1;-1.94
37024;Benais;2;0.3
37025;Berthenay;3.1;-0.4
37026;Betz-le-Château;1;-1.99
37027;Bléré;3.9;0.1
37028;Bossay-sur-Claise;2.1;-0.76
37029;Bossée;1.3;-0.3
37030;Le Boulay;2.2;0.46
37031;Bourgueil;6.6;-1.16
37032;Bournan;2.4;0.54
37033;Boussay;2.1;-0.58
37034;Braslou;0;0.64
37035;Braye-sous-Faye;2.3;-2.4
37036;Braye-sur-Maulne;3.5;2.34
37037;Brèches;1.6;-3.45
37038;Bréhémont;4.9;-0.99
37039;Bridoré;1;-1.24
37040;Brizay;0.9;-2.19
37041;Bueil-en-Touraine;0.8;0.36
37042;Candes-Saint-Martin;11.1;-2.51
37043;Cangey;3.6;-0.6
37044;La Celle-Guenand;0;0.26
37045;La Celle-Saint-Avant;4.3;-0.2
37046;Céré-la-Ronde;0.7;-1.02
37047;Cerelles;2.7;0.78
37048;Chambon;1.8;-0.21
37049;Chambourg-sur-Indre;2;-1.17
37050;Chambray-lès-Tours;9.1;0.47
37051;Champigny-sur-Veude;2.4;-0.99
37052;Chançay;2.1;-0.18
37053;Chanceaux-près-Loches;0;-2.8
37054;Chanceaux-sur-Choisille;4.9;0.03
37055;Channay-sur-Lathan;2.4;-0.55
37056;La Chapelle-aux-Naux;6.3;-0.38
37057;La Chapelle-Blanche-Saint-Martin;1;0.1
37058;La Chapelle-sur-Loire;3;0.22
37059;Charentilly;2.4;1.42
37060;Chargé;5.7;0.62
37061;Charnizay;1.5;-1.16
37062;Château-la-Vallière;1.4;-0.41
37063;Château-Renault;2.2;-1.59
37064;Chaumussay;2.7;-1.69
37065;Chaveignes;1.1;0.24
37066;Chédigny;1.6;-0.09
37067;Cheillé;4.3;0.5
37068;Chemillé-sur-Dême;0.3;-0.3
37069;Chemillé-sur-Indrois;0.8;1.13
37070;Chenonceaux;5.7;-0.63
37071;Chezelles;3.6;-0.63
37072;Chinon;4.8;-0.19
37073;Chisseaux;4.7;-0.58
37074;Chouzé-sur-Loire;3.2;0.55
37075;Cigogné;2.7;1.05
37076;Cinais;0.6;-1.86
37077;Cinq-Mars-la-Pile;5.6;1.96
37078;Ciran;2.2;0.43
37079;Civray-de-Touraine;5.1;-0.13
37080;Civray-sur-Esves;2.1;0.8
37081;Cléré-les-Pins;1.7;-0.21
37082;Continvoir;2.2;1.95
37083;Cormery;3.6;0.76
37084;Couesmes;1.7;2.41
37085;Courçay;2.7;-0.35
37086;Courcelles-de-Touraine;1.3;-0.48
37087;Courcoué;1.9;-1.66
37088;Couziers;0;-0.14
37089;Cravant-les-Côteaux;1.4;-0.1
37090;Crissay-sur-Manse;2.9;3.12
37091;La Croix-en-Touraine;6.6;1.73
37092;Crotelles;0.6;-1.11
37093;Crouzilles;0.9;-0.31
37094;Cussay;1.6;-0.2
37095;Dame-Marie-les-Bois;2.6;-0.81
37096;Dierre;4.7;0.95
37097;Dolus-le-Sec;1.8;-0.3
37098;Draché;2.1;-1.03
37099;Druye;1.9;0.65
37100;Épeigné-les-Bois;1.7;-1.43
37101;Épeigné-sur-Dême;1.2;-0.62
37103;Esves-le-Moutier;1.4;0.55
37104;Esvres;2.6;1.15
37105;Faye-la-Vineuse;0;1.08
37106;La Ferrière;1.9;0.22
37107;Ferrière-Larçon;2.1;-0.75
37108;Ferrière-sur-Beaulieu;0.6;-0.69
37109;Fondettes;7.2;0.72
37110;Francueil;3.7;0.96
37111;Genillé;1.2;-0.2
37112;Gizeux;1.4;-0.98
37113;Le Grand-Pressigny;1.3;-1.06
37114;La Guerche;0;-0.74
37115;Descartes;1.9;-1.36
37116;Les Hermites;1.5;0.03
37117;Hommes;2.2;-0.47
37118;Huismes;1.8;-0.72
37119;L'Île-Bouchard;3;0.09
37121;Jaulnay;0;-1.12
37122;Joué-lès-Tours;14.4;0.41
37123;Langeais;6;-0.89
37124;Larçay;4.4;0.94
37125;Lémeré;1.6;-3.48
37126;Lerné;0.8;2.57
37127;Le Liège;3.4;-1.69
37128;Lignières-de-Touraine;3.5;0.25
37129;Ligré;2.4;0.02
37130;Ligueil;2.7;-0.67
37131;Limeray;3.8;-0.33
37132;Loches;5.7;-0.13
37133;Loché-sur-Indrois;2;-2.04
37134;Louans;1.7;1.98
37136;Le Louroux;1.9;0.19
37137;Lublé;0;-0.58
37138;Lussault-sur-Loire;5.7;2.58
37139;Luynes;6.9;-0.2
37140;Luzé;0.9;1.14
37141;Luzillé;5.3;0
37142;Maillé;7.3;-0.58
37143;Manthelan;2.2;0.1
37144;Marçay;0.5;-0.83
37145;Marcé-sur-Esves;4.3;0.47
37146;Marcilly-sur-Maulne;2.4;-1.47
37147;Marcilly-sur-Vienne;5.1;0.21
37148;Marigny-Marmande;2.6;0.48
37149;Marray;2;0.91
37150;Mazières-de-Touraine;3.7;2
37151;La Membrolle-sur-Choisille;5.5;-0.34
37152;Mettray;7.3;0.46
37153;Monnaie;3.2;1.53
37154;Montbazon;3.9;2.38
37155;Monthodon;1.8;0.66
37156;Montlouis-sur-Loire;6.1;0.97
37157;Montrésor;3.8;-1.89
37158;Montreuil-en-Touraine;2;-1.77
37159;Monts;5.3;0.54
37160;Morand;1.7;-0.19
37161;Mosnes;3;0.12
37162;Mouzay;1.5;-0.53
37163;Nazelles-Négron;7.5;0.49
37165;Neuil;1.4;-0.54
37166;Neuillé-le-Lierre;1.1;-0.89
37167;Neuillé-Pont-Pierre;1.3;2.16
37168;Neuilly-le-Brignon;0.8;-1.06
37169;Neuville-sur-Brenne;2.2;-0.11
37170;Neuvy-le-Roi;1.6;-0.4
37171;Noizay;2.7;-0.06
37172;Notre-Dame-d'Oé;6;1.08
37173;Nouans-les-Fontaines;3.1;-2.08
37174;Nouâtre;2.5;-0.63
37175;Nouzilly;1.4;-0.29
37176;Noyant-de-Touraine;6.5;-0.67
37177;Orbigny;1.2;-0.84
37178;Panzoult;0.9;0.74
37179;Parçay-Meslay;5.1;1.98
37180;Parçay-sur-Vienne;4.1;-0.68
37181;Paulmy;0;0.43
37182;Pernay;1.9;2.71
37183;Perrusson;1.4;-0.99
37184;Le Petit-Pressigny;1.7;-1.35
37185;Pocé-sur-Cisse;5.5;1.23
37186;Pont-de-Ruan;2.4;0.8
37187;Ports-sur-Vienne;2;-0.09
37188;Pouzay;2.8;0.31
37189;Preuilly-sur-Claise;1.5;0.39
37190;Pussigny;5.4;-0.91
37191;Razines;3.4;-1.23
37192;Reignac-sur-Indre;1.4;1.31
37193;Restigné;3.4;-1.98
37194;Reugny;1.7;1.02
37195;La Riche;12;-0.03
37196;Richelieu;2.8;-1.33
37197;Rigny-Ussé;3.7;1.19
37198;Rillé;4.1;0.16
37199;Rilly-sur-Vienne;2.3;-0.98
37200;Rivarennes;3.8;-0.46
37201;Rivière;2.8;-0.33
37202;La Roche-Clermault;0.9;1.04
37203;Rochecorbon;6.8;0.3
37204;Rouziers-de-Touraine;2.5;0.8
37205;Saché;1;0.3
37206;Saint-Antoine-du-Rocher;1.4;0.69
37207;Saint-Aubin-le-Dépeint;0.6;2.42
37208;Saint-Avertin;8.6;0.1
37210;Saint-Benoît-la-Forêt;1.4;-0.08
37211;Saint-Branchs;1.5;0.2
37212;Sainte-Catherine-de-Fierbois;3.9;0.13
37213;Saint-Christophe-sur-le-Nais;1.9;-0.74
37214;Saint-Cyr-sur-Loire;13.4;1.03
37216;Saint-Épain;4.8;-0.77
37217;Saint-Étienne-de-Chigny;3.4;0.13
37218;Saint-Flovier;1;0.15
37219;Saint-Genouph;3.7;-0.58
37220;Saint-Germain-sur-Vienne;0.7;-1.03
37221;Saint-Hippolyte;0.4;-0.55
37222;Saint-Jean-Saint-Germain;1.3;-0.33
37223;Saint-Laurent-de-Lin;2.1;1.11
37224;Saint-Laurent-en-Gâtines;1.2;-1.42
37225;Saint-Martin-le-Beau;5.3;0.24
37226;Sainte-Maure-de-Touraine;4.2;-0.66
37228;Saint-Nicolas-de-Bourgueil;1.6;0.09
37229;Saint-Nicolas-des-Motets;1.6;-1.75
37230;Saint-Ouen-les-Vignes;3.4;-0.7
37231;Saint-Paterne-Racan;2.4;0.36
37232;Coteaux-sur-Loire;3.6;-0.4
37233;Saint-Pierre-des-Corps;18.9;-0.18
37234;Saint-Quentin-sur-Indrois;1.8;-0.66
37236;Saint-Règle;5.4;1.66
37237;Saint-Roch;2;0.89
37238;Saint-Senoch;1.7;-1.2
37240;Saunay;0.7;-1.22
37241;Savigné-sur-Lathan;2.3;-0.6
37242;Savigny-en-Véron;3.4;0.04
37243;Savonnières;3.7;1.01
37244;Sazilly;0;1.99
37245;Semblançay;1.8;-0.02
37246;Sennevières;0;0.55
37247;Sepmes;3.5;-0.8
37248;Seuilly;1.5;2.1
37249;Sonzay;1.8;0.23
37250;Sorigny;3.2;1.85
37251;Souvigné;1.1;1.67
37252;Souvigny-de-Touraine;4.2;0.09
37253;Sublaines;3.6;-1.78
37254;Tauxigny-Saint-Bauld;2.1;0.18
37255;Tavant;2.8;0.13
37256;Theneuil;0;-0.45
37257;Thilouze;2.1;1.05
37258;Thizay;1.5;1.15
37259;Tournon-Saint-Pierre;1.2;-0.67
37260;La Tour-Saint-Gelin;2.4;-0.81
37261;Tours;23.4;0.26
37262;Trogues;2.2;-1.53
37263;Truyes;2.5;0.05
37264;Vallères;2.5;1.38
37265;Varennes;1.8;0.53
37266;Veigné;3.9;1.5
37267;Véretz;4;0.88
37268;Verneuil-le-Château;2;-0.26
37269;Verneuil-sur-Indre;1.4;-0.66
37270;Vernou-sur-Brenne;3.5;1
37271;Villaines-les-Rochers;0.8;-0.27
37272;Villandry;1.7;0.49
37273;La Ville-aux-Dames;8.7;0.43
37274;Villebourg;1.5;0.45
37275;Villedômain;2.5;1.52
37276;Villedômer;3.1;-1.05
37277;Villeloin-Coulangé;2.3;-0.86
37278;Villeperdue;5.8;1.55
37279;Villiers-au-Bouin;2.5;-0.51
37280;Vou;0.9;3.27
37281;Vouvray;6;0.82
37282;Yzeures-sur-Creuse;1.3;-0.68
38001;Les Abrets en Dauphiné;4.2;1.09
38002;Les Adrets;7.6;1.1
38003;Agnin;2.1;2.02
38004;L'Albenc;9.1;0.9
38005;Allemond;5.2;-0.58
38006;Allevard;6;-0.76
38008;Ambel;11.1;4.2
38009;Anjou;4.3;0.25
38010;Annoisin-Chatelans;0.6;1.4
38011;Anthon;5.1;1.35
38012;Aoste;1.9;-0.02
38013;Apprieu;6.6;1.57
38015;Artas;3.5;0.02
38017;Assieu;3.5;3.07
38018;Auberives-en-Royans;4.6;-0.58
38019;Auberives-sur-Varèze;5.2;-0.25
38020;Auris;2.1;-0.78
38022;Les Avenières Veyrins-Thuellin;2.5;-0.03
38023;Avignonet;3.6;0.08
38026;La Balme-les-Grottes;2.3;1.78
38027;Barraux;11.1;1.01
38029;La Bâtie-Montgascon;3.5;1.03
38030;Beaucroissant;6.9;1.4
38031;Beaufin;0;0
38032;Beaufort;3.1;0.59
38033;Beaulieu;6.1;0.05
38034;Beaurepaire;2.5;0.34
38035;Beauvoir-de-Marc;1.6;-0.43
38036;Beauvoir-en-Royans;6.7;0.9
38037;Bellegarde-Poussieu;3.1;0.47
38038;Belmont;3.5;0.94
38039;Bernin;6.7;0.7
38040;Besse;5.6;2.88
38041;Bessins;3.6;-0.28
38042;Bévenais;6.2;0.69
38043;Bilieu;5.9;0.77
38044;Biol;3;1.53
38045;Biviers;5.7;0.04
38046;Bizonnes;4.1;1.36
38047;Blandin;2.5;1.34
38048;Bonnefamille;4.4;-0.2
38049;Bossieu;0.7;1.96
38050;Le Bouchage;2;0.63
38051;Bougé-Chambalud;2.8;0.91
38052;Le Bourg-d'Oisans;6.9;-2.27
38053;Bourgoin-Jallieu;11.8;1.26
38054;Bouvesse-Quirieu;1.5;-0.25
38055;Brangues;0.6;-0.03
38056;Bressieux;0;-0.18
38057;Bresson;7.8;-0.32
38058;Brézins;3.6;1.57
38059;Brié-et-Angonnes;3.1;-0.29
38060;Brion;0;0.12
38061;La Buisse;12.3;1.86
38062;La Buissière;6;2.93
38063;Burcin;5.7;0.9
38064;Cessieu;7.3;1.75
38065;Châbons;7;0.52
38066;Chalon;2.3;-0.86
38067;Chamagnieu;4.8;1.21
38068;Champagnier;4.2;3.36
38069;Champier;3.5;2.19
38070;Le Champ-près-Froges;6.5;1.44
38071;Champ-sur-Drac;5.6;1.71
38072;Chanas;4.9;0.84
38073;Chantepérier;1.4;0.08
38074;Chantesse;8.9;3.22
38075;Chapareillan;5.7;0.23
38076;La Chapelle-de-la-Tour;8.2;1.53
38077;La Chapelle-de-Surieu;2.7;0.22
38078;La Chapelle-du-Bard;6.7;-0.85
38080;Charancieu;2.9;-0.22
38081;Charantonnay;2.2;0.96
38082;Charavines;5;0.52
38083;Charette;1.7;-1.03
38084;Charnècles;8.7;-0.11
38085;Charvieu-Chavagneux;4.2;1.99
38086;Chasselay;5.8;0.72
38087;Chasse-sur-Rhône;8.6;1.39
38089;Chassignieu;3;-0.07
38090;Château-Bernard;2.9;0.84
38091;Châteauvilain;3.6;0.76
38092;Châtelus;2.5;1.3
38093;Châtenay;3.8;-0.31
38094;Châtonnay;1.9;-1.14
38095;Chatte;5.1;-0.11
38097;Chavanoz;3.4;1.67
38098;Chélieu;9.4;1.55
38099;Chevrières;5.4;0.58
38100;Le Cheylas;6.8;-1.43
38101;Cheyssieu;6;0.42
38102;Chèzeneuve;6.3;2.7
38103;Chichilianne;8.7;1.68
38104;Chimilin;3.1;-0.89
38105;Chirens;5.1;1.23
38106;Cholonge;1.2;0.8
38107;Chonas-l'Amballan;5.9;0.15
38108;Choranche;0;2.46
38109;Chozeau;3.2;-0.8
38110;Chuzelles;2.5;2.28
38111;Claix;7;-0.4
38112;Clavans-en-Haut-Oisans;0;-4.23
38113;Clelles;7.5;0.56
38114;Clonas-sur-Varèze;6.8;0.92
38115;Saint-Martin-de-la-Cluze;3.4;0.82
38116;Cognet;0;-2.92
38117;Cognin-les-Gorges;3.4;-0.48
38118;Colombe;7.4;2.66
38120;La Combe-de-Lancey;6.2;0.77
38124;Corbelin;3.9;1.04
38126;Corenc;8;0.74
38127;Cornillon-en-Trièves;3.5;0.2
38128;Corps;0.6;-2.15
38129;Corrençon-en-Vercors;2.6;0.79
38130;La Côte-Saint-André;3;-0.04
38131;Les Côtes-d'Arey;6.1;0.16
38132;Les Côtes-de-Corps;7.4;1.19
38133;Coublevie;17.1;2.49
38134;Cour-et-Buis;2.7;1.38
38135;Courtenay;1.4;0.16
38136;Crachier;7.7;2.76
38137;Cras;7.3;-0.96
38138;Crémieu;3.5;1.21
38139;Creys-Mépieu;0.9;0.57
38140;Crolles;8.8;0.33
38141;Culin;8.6;1.01
38144;Diémoz;3.4;1.34
38146;Dizimieu;1.7;-0.48
38147;Doissin;2.9;-0.13
38148;Dolomieu;5.4;0.34
38149;Domarin;7.3;0.63
38150;Domène;10;0.09
38151;Échirolles;21.1;0.39
38152;Eclose-Badinières;4.1;1.22
38153;Engins;4.9;-1.47
38154;Entraigues;1.2;-0.65
38155;Entre-deux-Guiers;2.9;1.75
38156;Les Éparres;5.1;-0.27
38157;Estrablin;4.4;1.68
38158;Eybens;12.6;-0.48
38159;Eydoche;2.8;0.31
38160;Eyzin-Pinet;5;0.54
38161;Faramans;2.6;1.74
38162;Faverges-de-la-Tour;6;1.1
38163;Le Haut-Bréda;2.8;2.19
38166;La Flachère;6.3;-1.09
38167;Flachères;2.1;1.48
38169;Fontaine;23.9;0.04
38170;Fontanil-Cornillon;17.4;3.83
38171;La Forteresse;2.7;0.71
38172;Four;4.9;1.88
38173;Le Freney-d'Oisans;0.8;0.2
38174;La Frette;2.3;-0.3
38175;Froges;9.3;0.17
38176;Frontonas;7;0.54
38177;La Garde;4.2;-0.17
38179;Gières;20;1.81
38180;Gillonnay;1.1;0.08
38181;Goncelin;12.2;0.51
38182;Le Grand-Lemps;6.9;-0.02
38183;Granieu;2.8;0.83
38184;Grenay;3.2;0.37
38185;Grenoble;27.8;-0.19
38186;Gresse-en-Vercors;3.3;-1.76
38187;Le Gua;7.7;0.79
38188;Herbeys;2.7;0.34
38189;Heyrieux;5.3;0.45
38190;Hières-sur-Amby;0.6;-0.29
38191;Huez;4.9;-0.51
38192;Hurtières;6.4;4.81
38193;L'Isle-d'Abeau;12.5;1.03
38194;Izeaux;5.2;-0.09
38195;Izeron;3.1;1.51
38197;Janneyrias;4.9;1.04
38198;Jarcieu;2.7;1.68
38199;Jardin;6.8;-0.58
38200;Jarrie;5;0.83
38203;Laffrey;2.7;0.84
38204;Lalley;4.7;-1.22
38205;Lans-en-Vercors;9.3;0.33
38206;Laval-en-Belledonne;9.5;0.39
38207;Lavaldens;2.8;0.42
38208;Lavars;1.2;1.61
38209;Lentiol;0;2.26
38210;Leyrieu;2.8;1.96
38211;Lieudieu;1.7;0.19
38212;Livet-et-Gavet;4.9;-0.6
38213;Longechenal;2.6;1.18
38214;Lumbin;8.5;0.22
38215;Luzinay;1.3;0.84
38216;Malleval-en-Vercors;4.2;0.92
38217;Marcieu;0;-1.18
38218;Marcilloles;1.4;1.71
38219;Marcollin;2.3;-1.42
38221;Marnans;1.4;-1.89
38222;Massieu;3.4;0.31
38223;Maubec;11.9;1.81
38224;Mayres-Savel;2.4;-2.64
38225;Autrans-Méaudre en Vercors;4.8;0.2
38226;Mens;2.8;0.4
38228;Merlas;1.9;-0.97
38229;Meylan;14.1;1.57
38230;Meyrié;13.4;1.31
38231;Meyrieu-les-Étangs;4.6;0.63
38232;Meyssiez;2;0.8
38235;Miribel-Lanchâtre;2.3;1.08
38236;Miribel-les-Échelles;3.2;0.19
38237;Mizoën;1;0
38238;Moidieu-Détourbe;1.8;0.95
38239;Moirans;17.2;-1
38240;Moissieu-sur-Dolon;1.5;0.69
38241;Monestier-d'Ambel;0;-7.94
38242;Monestier-de-Clermont;5.9;0.42
38243;Monestier-du-Percy;6.8;0.4
38244;Monsteroux-Milieu;2.7;-0.15
38245;Montagne;3.4;0.43
38246;Montagnieu;4.1;1.77
38247;Montalieu-Vercieu;1.2;0.63
38248;Montaud;2.4;-0.71
38249;Montbonnot-Saint-Martin;6;1.72
38250;Montcarra;4.1;2.26
38252;Montchaboud;2;-0.1
38253;Les Deux Alpes;4.5;0.13
38254;Monteynard;2.7;0.27
38255;Montfalcon;1.8;0.39
38256;Montferrat;3.6;0.71
38257;Montrevel;2.5;-0.33
38258;Mont-Saint-Martin;2.6;2.54
38259;Montseveroux;1.1;0.7
38260;Moras;3.4;0.52
38261;Morestel;1.5;-0.03
38263;Morette;8.8;-2.54
38264;La Morte;1.6;1.12
38265;La Motte-d'Aveillans;2.9;0.03
38266;La Motte-Saint-Martin;1.4;0.52
38267;Mottier;4;3.42
38268;Le Moutaret;8.7;-0.39
38269;La Mure;3.7;-0.1
38270;La Murette;8.6;-0.61
38271;Murianette;11.5;-0.49
38272;Murinais;4.9;0.84
38273;Nantes-en-Ratier;0.9;0.11
38275;Serre-Nerpol;4.5;1.33
38276;Nivolas-Vermelle;6.4;0.7
38277;Notre-Dame-de-Commiers;2.8;0.95
38278;Notre-Dame-de-l'Osier;4.3;1.27
38279;Notre-Dame-de-Mésage;4.4;-0.68
38280;Notre-Dame-de-Vaulx;1.6;0.49
38281;Noyarey;7.1;0.59
38282;Optevoz;1.6;0.72
38283;Oris-en-Rattier;2.7;-1.18
38284;Ornacieux-Balbins;2.9;0.58
38285;Ornon;4.2;0.91
38286;Oulles;0;14.77
38287;Oyeu;4;1.8
38288;Oytier-Saint-Oblas;2.4;1.08
38289;Oz;5;-2.36
38290;Pact;2.1;0.39
38291;Pajay;1.1;-1.2
38292;Villages du Lac de Paladru;5.4;1
38294;Panossas;7.2;0.07
38295;Parmilieu;1.4;0.56
38296;Le Passage;9.4;3.52
38297;Arandon-Passins;1.9;0.56
38298;Le Péage-de-Roussillon;12.6;-0.16
38299;Pellafol;4.3;-0.25
38300;Penol;0.6;1.54
38301;Le Percy;5.7;-0.2
38303;La Pierre;4.8;1.89
38304;Pierre-Châtel;4.4;-0.17
38307;Pisieu;2.5;-0.28
38308;Plan;3.7;2.32
38309;Poisat;9.2;-0.68
38310;Poliénas;7.3;-0.9
38311;Pommier-de-Beaurepaire;1.7;0.63
38313;Ponsonnas;4.8;0.06
38314;Pontcharra;12.4;0.33
38315;Le Pont-de-Beauvoisin;5.4;-0.09
38316;Pont-de-Chéruy;8.2;1.15
38317;Le Pont-de-Claix;16.9;0.23
38318;Pont-Évêque;7.6;1.92
38319;Pont-en-Royans;2.8;0.57
38320;Porcieu-Amblagnieu;2.2;0.34
38321;Prébois;0;0.59
38322;Presles;0;2.15
38323;Pressins;4.7;0.42
38324;Primarette;2.3;-0.66
38325;Proveysieux;5.3;0.46
38326;Prunières;0;0.82
38328;Quaix-en-Chartreuse;3.5;0.48
38329;Quet-en-Beaumont;9.5;2.78
38330;Quincieu;4.3;0.32
38331;Réaumont;10;-0.46
38332;Renage;7.4;-0.62
38333;Rencurel;3;1.83
38334;Revel;4.2;-0.05
38335;Revel-Tourdan;1.5;0.14
38336;Reventin-Vaugris;5.9;1.56
38337;Rives;7.6;0.63
38338;La Rivière;4.4;-0.74
38339;Roche;5.6;1.58
38340;Les Roches-de-Condrieu;16.7;0.45
38341;Rochetoirin;5.3;-0.33
38342;Roissard;7.7;1.08
38343;Romagnieu;1.5;1.64
38344;Roussillon;7.9;0.51
38345;Rovon;7.3;0.08
38346;Royas;2.3;0.71
38347;Roybon;2;-1.1
38348;Ruy-Montceau;5.2;1.09
38349;Sablons;3.7;0.04
38350;Sainte-Agnès;4.2;-0.06
38351;Saint-Agnin-sur-Bion;8.2;2.21
38352;Saint-Alban-de-Roche;7.9;1.99
38353;Saint-Alban-du-Rhône;5.3;2.21
38354;Saint-Albin-de-Vaulserre;1;0.81
38355;Saint-Andéol;5.6;-0.55
38356;Saint-André-en-Royans;2.5;1.33
38357;Saint-André-le-Gaz;7.3;-0.49
38358;Sainte-Anne-sur-Gervonde;2.1;2.06
38359;Saint Antoine l'Abbaye;5.1;1.29
38360;Saint-Appolinard;3.8;-0.04
38361;Saint-Arey;2.7;-2.12
38362;Saint-Aupre;8.2;1.05
38363;Saint-Barthélemy;2.7;-0.27
38364;Saint-Barthélemy-de-Séchilienne;2.5;-0.58
38365;Saint-Baudille-de-la-Tour;0.7;0.73
38366;Saint-Baudille-et-Pipet;0.9;0.13
38368;Saint-Blaise-du-Buis;11.4;0.36
38369;Sainte-Blandine;10.1;0.84
38370;Saint-Bonnet-de-Chavagne;3.8;0.81
38372;Saint-Bueil;2.8;-0.35
38373;Saint-Cassien;10.2;0.12
38374;Saint-Chef;2.5;1.3
38375;Saint-Christophe-en-Oisans;2.1;-0.99
38376;Saint-Christophe-sur-Guiers;3.4;-0.24
38377;Saint-Clair-de-la-Tour;9.1;0.63
38378;Saint-Clair-du-Rhône;10.9;-0.86
38379;Saint-Clair-sur-Galaure;0;-1.22
38380;Saint-Didier-de-Bizonnes;3.5;1.66
38381;Saint-Didier-de-la-Tour;7;0.85
38382;Saint-Égrève;18.5;2.02
38383;Saint-Étienne-de-Crossey;11.7;0.37
38384;Saint-Étienne-de-Saint-Geoirs;3.8;0.56
38386;Saint-Geoire-en-Valdaine;3.9;-0.14
38387;Saint-Geoirs;2.6;-1.12
38388;Saint-Georges-de-Commiers;4.5;3.85
38389;Saint-Georges-d'Espéranche;2.9;0.93
38390;Saint-Gervais;5.2;-0.73
38391;Saint-Guillaume;1.8;-1.46
38392;Saint-Hilaire-de-Brens;2.1;-0.51
38393;Saint-Hilaire-de-la-Côte;4;1.44
38394;Saint-Hilaire-du-Rosier;5.6;0.27
38395;Plateau-des-Petites-Roches;4.3;-0.19
38396;Saint-Honoré;2.2;0.18
38397;Saint-Ismier;6.6;0.43
38398;Saint-Jean-d'Avelanne;3.6;0.41
38399;Saint-Jean-de-Bournay;2.4;0.55
38400;Saint-Jean-de-Moirans;13.2;0.56
38401;Saint-Jean-de-Soudain;5.2;1.25
38402;Saint-Jean-de-Vaulx;0.4;-0.22
38403;Saint-Jean-d'Hérans;2.2;0.89
38404;Saint-Jean-le-Vieux;2.1;-0.65
38405;Saint-Joseph-de-Rivière;6.4;0.35
38406;Saint-Julien-de-l'Herms;4.2;1.74
38407;La Sure en Chartreuse;9.7;1.13
38408;Saint-Just-Chaleyssin;2.3;0.98
38409;Saint-Just-de-Claix;2.3;2.63
38410;Saint-Lattier;1.1;1.93
38412;Saint-Laurent-du-Pont;3.6;-0.14
38413;Saint-Laurent-en-Beaumont;2.1;-1.76
38414;Sainte-Luce;0;-0.79
38415;Saint-Marcel-Bel-Accueil;6.3;1.55
38416;Saint-Marcellin;10.4;-0.66
38417;Sainte-Marie-d'Alloix;7.4;0.14
38418;Sainte-Marie-du-Mont;5.6;-0.35
38419;Saint-Martin-de-Clelles;4.1;0.09
38420;Saint-Martin-de-Vaulserre;4.6;-1.63
38421;Saint-Martin-d'Hères;19.6;-0.27
38422;Saint-Martin-d'Uriage;4.5;0.29
38423;Saint-Martin-le-Vinoux;23.2;0.57
38424;Saint-Maurice-en-Trièves;2.6;2.54
38425;Saint-Maurice-l'Exil;8.1;1.65
38426;Saint-Maximin;15.6;0.61
38427;Saint-Michel-de-Saint-Geoirs;3.9;-0.89
38428;Saint-Michel-en-Beaumont;0;0.53
38429;Saint-Michel-les-Portes;5.2;0.85
38430;Saint-Mury-Monteymond;4.5;0.51
38431;Saint-Nazaire-les-Eymes;4.5;0.26
38432;Saint-Nicolas-de-Macherin;4.6;0.2
38433;Saint-Nizier-du-Moucherotte;6.7;0.4
38434;Saint-Ondras;6.1;0.78
38436;Saint-Paul-de-Varces;3.3;0.2
38437;Saint-Paul-d'Izeaux;1.4;0.39
38438;Saint-Paul-lès-Monestier;3.2;1.29
38439;Crêts en Belledonne;9.2;0.25
38440;Saint-Pierre-de-Bressieux;1.7;0.33
38442;Saint-Pierre-de-Chartreuse;4.8;-1.77
38443;Saint-Pierre-de-Chérennes;4.3;-0.04
38444;Saint-Pierre-de-Méaroz;0;-3.74
38445;Saint-Pierre-de-Mésage;5.3;0.6
38446;Saint-Pierre-d'Entremont;1.8;0.35
38448;Saint-Prim;8.6;1.18
38449;Saint-Quentin-Fallavier;9.2;0.23
38450;Saint-Quentin-sur-Isère;5.2;0.57
38451;Saint-Romain-de-Jalionas;2;0.77
38452;Saint-Romain-de-Surieu;3.8;5.1
38453;Saint-Romans;5;0.62
38454;Saint-Sauveur;5.7;0.14
38455;Saint-Savin;4.3;1.05
38456;Châtel-en-Trièves;4.9;1.39
38457;Saint-Siméon-de-Bressieux;1.9;1.26
38458;Saint-Sorlin-de-Morestel;4.2;-0.56
38459;Saint-Sorlin-de-Vienne;5.5;1.74
38460;Saint-Sulpice-des-Rivoires;3.3;-0.23
38462;Saint-Théoffrey;0.7;2.9
38463;Saint-Vérand;7.1;-0.02
38464;Saint-Victor-de-Cessieu;6;-0.32
38465;Saint-Victor-de-Morestel;1.8;0.67
38466;Saint-Vincent-de-Mercuze;7.9;0.22
38467;Salagnon;2.9;0.93
38468;Salaise-sur-Sanne;6.4;0.02
38469;La Salette-Fallavaux;15.9;4.22
38470;La Salle-en-Beaumont;3.1;1.25
38471;Le Sappey-en-Chartreuse;10.9;0.6
38472;Sarcenas;10;4.59
38473;Sardieu;2.5;1.08
38474;Sassenage;13.3;0.3
38475;Satolas-et-Bonce;2.9;0.92
38476;Savas-Mépin;1.2;-0.21
38478;Séchilienne;2.4;-0.55
38479;Porte-des-Bonnevaux;1.1;0.6
38480;Septème;2;0.71
38481;Sérézin-de-la-Tour;5.9;1.55
38483;Sermérieu;1.7;-0.15
38484;Serpaize;3.3;1.47
38485;Seyssinet-Pariset;18.2;-0.28
38486;Seyssins;12.8;1.6
38487;Seyssuel;5.5;1.39
38488;Siccieu-Saint-Julien-et-Carisieu;1.2;0.28
38489;Siévoz;0;-0.49
38490;Sillans;4.5;0.23
38492;Sinard;3.8;1.01
38494;Soleymieu;2.1;1.58
38495;La Sône;4.1;0.92
38496;Sonnay;4;0.23
38497;Sousville;3.5;0.71
38498;Succieu;7.8;0.91
38499;Susville;1.3;-1.95
38500;Têche;1.9;0.71
38501;Tencin;6.1;0.42
38503;La Terrasse;7.2;-0.6
38504;Theys;7.6;0.47
38505;Thodure;2.4;0.83
38507;Tignieu-Jameyzieu;2.6;1.78
38508;Torchefelon;3.8;2.11
38509;La Tour-du-Pin;11.1;0.21
38511;Le Touvet;8.2;-0.74
38512;Tramolé;9.2;1.96
38513;Treffort;0.8;-1.53
38514;Tréminis;2.7;1.86
38515;Trept;2.8;-0.07
38516;La Tronche;14.4;-0.5
38517;Tullins;13.4;-0.05
38518;Valbonnais;1;0.53
38519;Valencin;1.7;0.87
38520;Valencogne;1.6;0.07
38521;La Valette;0;-1.94
38522;Valjouffrey;3.8;3.23
38523;Varacieux;3.6;-0.06
38524;Varces-Allières-et-Risset;3.8;0.07
38525;Vasselin;0.9;-0.14
38526;Vatilieu;9.5;0
38527;Vaujany;1.5;1.5
38528;Vaulnaveys-le-Bas;5.6;1.45
38529;Vaulnaveys-le-Haut;3.9;1.27
38530;Vaulx-Milieu;8.7;-0.25
38531;Velanne;1.9;1.16
38532;Vénérieu;3.2;3.37
38533;Venon;6.9;2.5
38535;Vernas;0.8;0.25
38536;Vernioz;3;3.2
38537;La Verpillière;13.1;1.23
38538;Le Versoud;6.5;0.49
38539;Vertrieu;5.1;-1.26
38540;Veurey-Voroize;8.1;-0.56
38542;Veyssilieu;5.5;-0.6
38543;Vézeronce-Curtin;2;0.93
38544;Vienne;15.5;1.15
38545;Vif;6.9;0.36
38546;Vignieu;2.9;-1.29
38547;Villard-Bonnot;11.3;0.79
38548;Villard-de-Lans;4.7;0.61
38549;Villard-Notre-Dame;0;0
38550;Villard-Reculas;2.9;3.79
38551;Villard-Reymond;0;0
38552;Villard-Saint-Christophe;0.5;-0.33
38553;Villefontaine;13.9;0.32
38554;Villemoirieu;2.9;0.2
38555;Villeneuve-de-Marc;1.1;0.14
38556;Ville-sous-Anjou;5.6;-0.22
38557;Villette-d'Anthon;6.2;1.19
38558;Villette-de-Vienne;2.6;1.4
38559;Vinay;9.9;0.9
38560;Val-de-Virieu;5.2;-0.26
38561;Viriville;2.7;0.66
38562;Vizille;6.1;-0.25
38563;Voiron;16.5;1.12
38564;Voissant;2.8;1.18
38565;Voreppe;12.6;0.85
38566;Vourey;14.2;-0.16
38567;Chamrousse;3.3;-0.11
39001;Abergement-la-Ronce;1;-0.26
39002;Abergement-le-Grand;0;1.44
39003;Abergement-le-Petit;0;3.97
39004;Abergement-lès-Thésy;0;-3.78
39006;Aiglepierre;5.9;-0.08
39007;Alièze;0;-0.44
39008;Amange;2.7;0.19
39009;Andelot-en-Montagne;1.5;1.37
39010;Andelot-Morval;2.9;-0.71
39011;Annoire;1.2;1.85
39013;Arbois;7;-1.04
39014;Archelange;1;-0.38
39015;Ardon;0;-0.44
39016;Arinthod;0.5;0.35
39017;Arlay;1.1;-0.66
39018;Aromas;0.4;-1.77
39019;Les Arsures;1.6;-1.31
39020;Arsure-Arsurette;0;0
39021;La Chailleuse;0;-0.39
39022;Asnans-Beauvoisin;2;-0.05
39024;Audelange;1.7;-0.88
39025;Augea;2.7;-0.24
39026;Augerans;4.9;1.12
39027;Augisey;0;-1.84
39028;Aumont;1.1;-0.4
39029;Aumur;3.4;0.98
39030;Authume;4;1.05
39031;Auxange;1.1;-0.08
39032;Avignon-lès-Saint-Claude;0;-1.5
39034;Balaiseaux;0;-0.17
39035;Balanod;4.6;-0.92
39037;Bans;5.7;-0.81
39038;Barésia-sur-l'Ain;0;0.11
39039;La Barre;0.9;1.27
39040;Barretaine;2.3;1.36
39041;Baume-les-Messieurs;3;-1.01
39042;Baverans;2.5;-0.03
39043;Beaufort-Orbagna;1.8;1.4
39045;Beffia;0;1.48
39046;Bellecombe;0;2.45
39047;Bellefontaine;0.9;-1.62
39048;Belmont;1;-0.7
39049;Bersaillin;1.1;-0.04
39050;Besain;0;-0.73
39051;Biarne;0;1.2
39052;Bief-des-Maisons;0;0.23
39053;Bief-du-Fourg;0.9;1.71
39054;Biefmorin;0;-0.54
39055;Billecul;4.2;3.71
39056;Bletterans;1.8;1.02
39057;Blois-sur-Seille;0;-1.26
39058;Blye;0;-0.94
39059;Bois-d'Amont;1.8;0.21
39060;Bois-de-Gand;0;1.16
39061;Boissia;0;-1.26
39062;La Boissière;5.6;-0.51
39063;Bonlieu;2.2;-2.77
39065;Bonnefontaine;0;1.27
39066;Bornay;1.2;0.75
39068;Les Bouchoux;0.7;-0.26
39070;Bourg-de-Sirod;2.4;-0.37
39072;Bracon;2.8;4.67
39073;Brainans;1.3;2.16
39074;Brans;0;-1.73
39076;La Bretenière;2.7;-0.38
39077;Bretenières;0;2.03
39078;Brevans;3.8;0.57
39079;Briod;1;0.65
39080;Broissia;5;-2.41
39081;Buvilly;0.5;0.09
39083;Censeau;0;2.1
39084;Cernans;1.5;0.36
39085;Cerniébaud;2.2;0.57
39086;Cernon;0.9;-1.61
39088;Cesancey;1.2;-0.21
39090;Chaînée-des-Coupis;1.4;0.46
39091;Les Chalesmes;2.6;-1.7
39092;Chambéria;1.1;2.41
39093;Chamblay;0.6;0
39094;Chamole;1.4;-0.61
39095;Champagne-sur-Loue;14;-0.54
39096;Champagney;1;-0.88
39097;Champagnole;1.6;0.22
39099;Champdivers;0;0.46
39100;Champrougier;0;0.34
39101;Champvans;4.2;0.74
39102;Chancia;0.9;-0.38
39103;La Chapelle-sur-Furieuse;2.8;-1.02
39104;Chapelle-Voland;0.4;0.49
39105;Chapois;0;-0.31
39106;Charchilla;1.6;0.71
39107;Charcier;0;2.42
39108;Charency;0;0
39109;Charézier;0;-0.29
39110;La Charme;2.9;-0.99
39111;Charnod;0;-1.29
39112;La Chassagne;0;-2.91
39114;Château-Chalon;1.5;-0.23
39116;La Châtelaine;1.4;2.23
39117;Chatelay;0;-0.81
39118;Châtel-de-Joux;0;-0.66
39119;Le Chateley;0;-0.58
39120;Châtelneuf;0;-2.15
39121;Châtenois;2.9;1.27
39122;Châtillon;1.6;1.42
39124;Chaumergy;0.5;0.61
39126;La Chaumusse;1.4;-0.67
39127;Chaussenans;0;1.82
39128;Chaussin;1.5;-0.93
39129;Chaux-des-Crotenay;1.1;-0.21
39130;Nanchez;0.6;-0.83
39131;La Chaux-du-Dombief;2.1;1.16
39132;La Chaux-en-Bresse;0;-2.39
39133;Chaux-Champagny;0;0
39134;Chavéria;1;-1.73
39136;Chemenot;0;-1.44
39137;Saint-Hymetière-sur-Valouse;1.6;-0.74
39138;Chemin;0;-1.31
39139;Chêne-Bernard;0;3.26
39140;Chêne-Sec;0;1.82
39141;Chevigny;5.4;-0.79
39142;Chevreaux;0;0.68
39143;Chevrotaine;0;0.51
39145;Chille;3.2;0.17
39146;Chilly-le-Vignoble;1.7;-1.9
39147;Chilly-sur-Salins;0;-2.71
39149;Chissey-sur-Loue;1.7;-0.1
39150;Choisey;2.4;-1
39151;Choux;0;2.39
39153;Cize;0.6;0.34
39154;Clairvaux-les-Lacs;0.9;-0.19
39155;Clucy;0;-2.4
39156;Cogna;0;-1.16
39157;Coiserette;0;-2.33
39159;Colonne;0.9;-0.63
39160;Commenailles;1;0.59
39162;Condamine;0.8;-1.48
39163;Condes;0;0.88
39164;Conliège;3.1;-0.27
39165;Conte;0;-0.28
39166;Cornod;1;-0.46
39167;Cosges;0;-0.46
39168;Courbette;0;-2.33
39169;Courbouzon;1.7;-0.09
39170;Courlans;1;-0.14
39171;Courlaoux;0.9;1.29
39172;Courtefontaine;3.4;1.06
39173;Cousance;2.6;-0.14
39174;Coyrière;0;0.25
39175;Coyron;0;-1.16
39176;Cramans;3.4;-0.22
39177;Hauteroche;1;0.61
39178;Crans;0;2.54
39179;Crenans;0;-0.57
39180;Cressia;1.6;-0.65
39182;Crissey;3.5;1.14
39183;Crotenay;0.7;-0.91
39184;Les Crozets;1.1;-0.76
39185;Cuisia;1.3;-0.21
39187;Cuvier;0;0.94
39188;Dammartin-Marpain;2.4;0.49
39189;Damparis;3.2;-0.86
39190;Dampierre;3.9;0.65
39191;Darbonnay;0;-2.28
39192;Denezières;0;0
39193;Le Deschaux;1.4;0.13
39194;Desnes;2.3;0.52
39196;Les Deux-Fays;0;3.06
39197;Digna;4.6;0.65
39198;Dole;8.2;0.14
39199;Domblans;1.5;-0.24
39200;Dompierre-sur-Mont;0;-2
39201;Doucier;0;-1.41
39202;Dournon;1.5;0.36
39203;Doye;1.9;0.79
39204;Dramelay;0;-1.18
39205;Éclans-Nenon;1.7;-0.57
39206;Écleux;0;-0.38
39207;Écrille;2.8;0.77
39208;Entre-deux-Monts;2.3;2.18
39209;Val-d'Épy;1.2;-2.52
39210;Équevillon;0;-0.4
39211;Les Essards-Taignevaux;0;-0.98
39214;Esserval-Tartre;0;2.03
39216;Étival;0.8;0.16
39217;L'Étoile;0.4;0.41
39218;Étrepigney;2.3;0.35
39219;Évans;4.2;0.46
39220;Falletans;2.1;0.34
39221;La Favière;0;3.52
39222;Fay-en-Montagne;5;0.19
39223;La Ferté;1.1;-0.52
39225;Le Fied;2.3;-1.26
39227;Foncine-le-Bas;7.1;0.42
39228;Foncine-le-Haut;0.7;0.81
39229;Fontainebrux;1.9;0.41
39230;Fontenu;0;-0.23
39232;Fort-du-Plasne;2.2;1.31
39233;Foucherans;2.7;0.96
39234;Foulenay;0;-0.4
39235;Fraisans;3;-0.8
39236;Francheville;0;-3.97
39237;Fraroz;0;3.5
39238;Frasne-les-Meulières;1.9;-2.58
39239;La Frasnée;0;0.86
39240;Le Frasnois;2.2;1.33
39241;Frébuans;0;0.52
39244;Frontenay;2.8;-1.66
39245;Gatey;2.1;-0.63
39246;Gendrey;2.1;0.31
39247;Genod;3.6;0.94
39248;Geraise;0;0.8
39249;Germigney;0;-0.43
39250;Geruge;0;1.78
39251;Gevingey;0.9;-0.45
39252;Gevry;1.9;1.11
39253;Gigny;1.9;-1.02
39254;Gillois;0;-0.39
39255;Gizia;0;-2.71
39258;Grande-Rivière Château;0;0.08
39259;Grange-de-Vaivre;12.5;3.32
39261;Graye-et-Charnay;1.6;-0.24
39262;Gredisans;0;-0.74
39263;Grozon;0.5;-1.79
39265;Hautecour;1.5;0.6
39266;Les Hays;0;1.34
39267;Ivory;0;-1.28
39268;Ivrey;0;-0.27
39269;Jeurre;0;-2.14
39270;Jouhe;3.1;-0.61
39271;Lac-des-Rouges-Truites;0.5;-0.04
39272;Ladoye-sur-Seille;0;-1.61
39273;Montlainsia;0;-2.51
39274;Lajoux;0.6;3.03
39275;Lamoura;0.9;0.75
39277;Le Larderet;3.6;-6.74
39278;Largillay-Marsonnay;0;-3.58
39279;Larnaud;0.4;0.55
39280;Larrivoire;0;-0.15
39281;Le Latet;0;1.79
39282;La Latette;0;1.6
39283;Lavancia-Epercy;0.8;-0.96
39284;Lavangeot;1.8;0.73
39285;Lavans-lès-Dole;1.9;0.26
39286;Lavans-lès-Saint-Claude;0.5;-1.07
39288;Lavigny;0;0.35
39289;Lect;1.7;-0.92
39290;Valzin en Petite Montagne;1.1;-1.36
39291;Lemuy;0;0.14
39292;Lent;0;-1.05
39293;Leschères;0;-0.64
39295;Loisia;1.8;-2.12
39296;Lombard;3.2;0.16
39297;Longchaumois;0.9;-0.66
39298;Longcochon;0;-1.11
39299;Longwy-sur-le-Doubs;0.9;-0.66
39300;Lons-le-Saunier;3.5;-0.41
39301;Loulle;2.2;0.1
39302;Louvatange;0;1.94
39304;Le Louverot;0;1.43
39305;La Loye;2.3;-0.37
39306;Macornay;1.1;0.78
39307;Maisod;0;-0.15
39308;Malange;3.4;-0.21
39310;Mantry;0.9;0.84
39312;Marigna-sur-Valouse;0;-1.62
39313;Marigny;0;1.21
39314;Marnézia;0;-5.42
39315;Marnoz;1.3;-1.18
39317;La Marre;0;1.32
39318;Martigna;2;0.66
39319;Mathenay;0;0.59
39320;Maynal;1.6;-0.69
39321;Menétru-le-Vignoble;1.4;1.27
39322;Menétrux-en-Joux;5.4;4.75
39323;Menotey;5.7;0.17
39324;Mérona;0;-1.94
39325;Mesnay;4.1;-0.06
39326;Mesnois;0;-2.2
39327;Messia-sur-Sorne;1.2;0.95
39328;Meussia;1;0.58
39329;Mièges;1.4;1.05
39330;Miéry;3.1;-1.59
39331;Mignovillard;0.5;1.56
39333;Moirans-en-Montagne;1.1;0.23
39334;Moiron;3.3;0.13
39335;Moissey;1.3;0.24
39336;Molain;0;0.31
39337;Molamboz;2.2;-0.19
39338;Molay;1.3;0.13
39339;Chassal-Molinges;1.1;-0.25
39342;Monay;0;-0.27
39343;Monnetay;0;2.25
39344;Monnet-la-Ville;2.7;-0.73
39345;Monnières;4.4;-1.42
39346;Montagna-le-Reconduit;2;-1.31
39348;Montaigu;1;-1.14
39349;Montain;0;-1.13
39350;Montbarrey;0;-0.59
39351;Montcusel;0;-1.93
39352;Monteplain;3.6;1.42
39353;Montfleur;0;-2.42
39354;Montholier;1.1;0.69
39355;Montigny-lès-Arsures;3.5;-1.99
39356;Montigny-sur-l'Ain;0;1.56
39359;Montmarlon;0;1.05
39360;Montmirey-la-Ville;3.7;-0.86
39361;Montmirey-le-Château;3.3;0.26
39362;Montmorot;1.6;0.98
39363;Montrevel;0;-2.05
39364;Montrond;0;-0.34
39365;Mont-sous-Vaudrey;1.6;0.64
39366;Mont-sur-Monnet;0;-3.28
39367;Morbier;1.4;0.46
39368;Hauts de Bienne;1.8;-0.86
39370;Mouchard;7.1;-0.33
39372;Mournans-Charbonny;0;-1.9
39373;Les Moussières;0;-1.21
39375;Moutonne;1.6;-0.26
39376;Moutoux;6.5;1.38
39377;Mutigney;0;0.58
39378;Les Trois-Châteaux;1.8;-0.04
39379;Nance;1.2;0.86
39380;Nancuise;0;-1.54
39381;Les Nans;0;1.62
39385;Neublans-Abergement;1.7;0.62
39386;Neuvilley;0;0.76
39387;Nevy-lès-Dole;0.9;0.95
39388;Nevy-sur-Seille;0;-1.22
39389;Ney;0;0.89
39390;Nogna;0.7;0.56
39391;Nozeroy;0.7;-1.59
39392;Offlanges;1.1;-0.34
39393;Onglières;3.6;-0.26
39394;Onoz;0;-0.69
39396;Orchamps;6.5;-0.89
39397;Orgelet;0.9;-0.13
39398;Ougney;0.5;2.09
39399;Ounans;1.3;-1.76
39400;Our;3.9;1.05
39401;Oussières;0;0.5
39402;Pagney;1.8;2.24
39403;Pagnoz;7.1;-1.25
39404;Pannessières;0.5;-1.18
39405;Parcey;2.9;1.05
39406;Le Pasquier;0;1.8
39407;Passenans;0;-0.68
39408;Patornay;0;1.72
39409;Peintre;4.1;1.44
39411;Perrigny;1.5;0.1
39412;Peseux;6.3;-1.14
39413;La Pesse;0;-0.83
39415;Petit-Noir;2.2;-0.75
39418;Picarreau;0;-0.33
39419;Pillemoine;0;1.41
39420;Pimorin;0;0.93
39421;Le Pin;0.8;-0.35
39422;Plainoiseau;0.4;-0.64
39423;Plaisia;0;-1.89
39424;Les Planches-en-Montagne;0;-0.93
39425;Les Planches-près-Arbois;0;-2.48
39426;Plasne;2.4;-1.79
39427;Plénise;0;0
39428;Plénisette;0;-2.2
39429;Pleure;0.6;0.5
39430;Plumont;10;0.32
39431;Poids-de-Fiole;0.6;-0.05
39432;Pointre;0;0.13
39434;Poligny;3.2;-0.29
39435;Pont-de-Poitte;1.1;-0.7
39436;Pont-d'Héry;4.3;0.49
39437;Pont-du-Navoy;0.8;0.49
39439;Port-Lesney;2.7;0.03
39441;Prémanon;1.5;0.86
39443;Présilly;1.6;-2.17
39444;Pretin;0;-2.89
39445;Publy;1.7;-0.53
39446;Pupillin;3;0.34
39447;Quintigny;0;3.54
39448;Rahon;0.5;-2.03
39449;Rainans;1.7;-0.31
39451;Ranchot;4;0.71
39452;Rans;3.2;-0.28
39453;Ravilloles;0;-1.56
39454;Recanoz;4.7;0.73
39455;Reithouse;0;-2.84
39456;Relans;0;0.34
39457;Les Repôts;0;0.31
39458;Revigny;0;-0.89
39460;La Rixouse;0;-0.35
39461;Rix;2.6;1.13
39462;Rochefort-sur-Nenon;1.6;0.74
39463;Rogna;0;0.72
39464;Romain;0.8;2.45
39465;Romange;1.1;1.3
39466;Rosay;4.1;-0.82
39467;Rotalier;0;-1.57
39468;Rothonay;0;-0.13
39469;Rouffange;1.7;2.58
39470;Les Rousses;2;0.73
39471;Ruffey-sur-Seille;0.6;0.66
39472;Rye;0;0.08
39473;Saffloz;9.8;-3.54
39475;Saint-Amour;3.4;-0.04
39476;Saint-Aubin;2.6;0.52
39477;Saint-Baraing;2.4;-0.58
39478;Saint-Claude;3;-1.77
39479;Saint-Cyr-Montmalin;1.8;1.27
39480;Saint-Didier;0.9;0.18
39481;Saint-Germain-en-Montagne;0;-1.43
39485;Val Suran;0.4;-0.32
39486;Saint-Lamain;1.5;0.57
39487;Saint-Laurent-en-Grandvaux;1.6;-0.01
39489;Saint-Lothain;3.4;-0.43
39490;Saint-Loup;0.9;-2.83
39491;Coteaux du Lizon;0.8;-1.78
39492;Saint-Maur;2.2;-1.41
39493;Saint-Maurice-Crillat;0;0.21
39494;Saint-Pierre;0.5;1
39495;Saint-Thiébaud;2.8;3.32
39497;Saizenay;0;0.17
39498;Salans;5;2.02
39499;Saligney;2.6;0.27
39500;Salins-les-Bains;3.2;-1.45
39501;Sampans;3.8;-0.59
39502;Santans;2.6;-1.71
39503;Sapois;0.6;1.4
39504;Sarrogna;2.2;-0.43
39505;Saugeot;0;-2.45
39507;Séligney;0;0.43
39508;Sellières;2.1;-0.63
39510;Septmoncel les Molunes;0.3;-0.7
39511;Sergenaux;0;-1.25
39512;Sergenon;0;1.22
39513;Sermange;3.2;-1.41
39514;Serre-les-Moulières;6.3;-0.27
39517;Sirod;1.2;0.52
39518;Songeson;0;0.71
39519;Soucia;1.3;-1.63
39520;Souvans;0.9;1.21
39522;Supt;0;0.79
39523;Syam;1.4;-0.53
39525;Tassenières;1.7;0.08
39526;Tavaux;3;0.08
39527;Taxenne;0;3.11
39528;Thervay;3.5;0.17
39529;Thésy;0;-0.76
39530;Thoirette-Coisia;0.7;-1.06
39531;Thoiria;0;-1.3
39532;Thoissia;6.7;0.96
39533;Toulouse-le-Château;3.2;-0.93
39534;La Tour-du-Meix;1.9;2.12
39535;Tourmont;2.1;-0.94
39537;Trenal;1.4;0.36
39538;Uxelles;0;3.46
39539;Vadans;2.2;1.91
39540;Valempoulières;0;0.16
39543;Vannoz;1.1;1.43
39545;Le Vaudioux;0;-0.97
39546;Vaudrey;0;-1.66
39547;Vaux-lès-Saint-Claude;0.6;-0.58
39550;Verges;1.9;0.43
39551;Véria;0;-0.87
39552;Vernantois;3.6;-2.78
39553;Le Vernois;2.9;-1.36
39554;Vers-en-Montagne;2;-0.64
39555;Vers-sous-Sellières;0;-0.28
39556;Vertamboz;2.8;-0.93
39557;Vescles;0;-1.14
39558;Vevy;2.2;2.2
39559;La Vieille-Loye;3.5;-0.54
39560;Villard-Saint-Sauveur;1.4;-1
39561;Villards-d'Héria;0.6;-1.38
39565;Villeneuve-d'Aval;2.4;1.65
39567;Villeneuve-sous-Pymont;3.3;1.08
39568;Villerserine;0;-6.84
39569;Villers-Farlay;0.7;-0.5
39570;Villers-les-Bois;0;1.16
39571;Villers-Robert;2.2;0.64
39572;Villette-lès-Arbois;0;-0.8
39573;Villette-lès-Dole;2.2;0.62
39574;Villevieux;1;-0.14
39575;Le Villey;0;0.74
39576;Val-Sonnette;1.2;0.55
39577;Vincent-Froideville;0.5;-0.13
39579;Viry;0.5;-0.82
39581;Vitreux;0.7;-1.89
39582;Voiteur;1.3;0.79
39583;Vosbles-Valfin;0;-0.18
39584;Vriange;1.3;1.07
39585;Vulvoz;5.3;2.47
39586;Aresches;0;-3.77
40001;Aire-sur-l'Adour;0.9;0.27
40002;Amou;0.7;0.15
40003;Angoumé;0.7;-1.03
40004;Angresse;1.4;1.97
40005;Arboucave;0;1.05
40006;Arengosse;0.8;0.52
40007;Argelos;0;-0.2
40008;Argelouse;3.2;1.27
40011;Arsague;0;-0.48
40012;Artassenx;0;0.59
40013;Arthez-d'Armagnac;0;-2.93
40014;Arue;0;0.52
40015;Arx;0;-4.21
40016;Aubagnan;0.8;1.54
40017;Audignon;0.6;-0.13
40018;Audon;0.5;1.86
40019;Aureilhan;1.1;0.94
40020;Aurice;0.4;0.43
40021;Azur;2.6;2.93
40022;Bahus-Soubiran;0.6;-0.9
40023;Baigts;3.4;-1.78
40024;Banos;0.9;-1.14
40025;Bascons;2.1;0.15
40026;Bas-Mauco;1.7;1.76
40027;Bassercles;0;-0.11
40028;Bastennes;1.1;-0.86
40029;Bats;0.7;1.46
40030;Baudignan;0;-0.62
40031;Bégaar;1.5;1.15
40032;Belhade;1;2.1
40033;Bélis;0;0
40034;Bélus;1;0.3
40035;Bénesse-lès-Dax;0.4;1.67
40036;Bénesse-Maremne;0.9;3.65
40037;Benquet;0.4;2.03
40038;Bergouey;0;2.32
40039;Betbezer-d'Armagnac;1.8;-1.43
40040;Beylongue;0.7;1.35
40041;Beyries;0;-0.27
40042;Biarrotte;0.6;4.48
40043;Bias;0.6;1.54
40044;Biaudos;1.1;2.45
40046;Biscarrosse;2.4;1.36
40047;Bonnegarde;0.9;-1.13
40049;Bordères-et-Lamensans;0;0.55
40050;Bostens;0;0.41
40051;Bougue;0.8;1.91
40052;Bourdalat;0;-3.19
40053;Bourriot-Bergonce;0;0.1
40054;Brassempouy;0;0.25
40055;Bretagne-de-Marsan;0.9;0.87
40056;Brocas;0.3;-1.42
40057;Buanes;0;-1.45
40058;Cachen;0;0.37
40059;Cagnotte;1.2;0.39
40060;Callen;4.1;-0.11
40061;Campagne;0.6;0.25
40062;Campet-et-Lamolère;0;4.36
40063;Candresse;1;1.16
40064;Canenx-et-Réaut;0;1.21
40065;Capbreton;2.5;0.87
40066;Carcarès-Sainte-Croix;0.4;0.89
40067;Carcen-Ponson;1.8;-0.31
40068;Cassen;0.3;0.79
40069;Castaignos-Souslens;1.9;1.15
40070;Castandet;0;0.99
40071;Castelnau-Chalosse;1.2;-0.11
40072;Castelnau-Tursan;1.4;-0.79
40073;Castelner;0;1.62
40074;Castel-Sarrazin;0.4;1.18
40075;Castets;0.8;1.81
40076;Cauna;0;-0.8
40077;Cauneille;0.9;-0.19
40078;Caupenne;0;-0.66
40079;Cazalis;0;0.86
40080;Cazères-sur-l'Adour;0.8;1.2
40081;Cère;0.9;0.32
40082;Classun;0;-1.54
40083;Clèdes;0;-1.35
40084;Clermont;1.1;-0.7
40085;Commensacq;3;-0.15
40086;Coudures;0.5;3.35
40087;Créon-d'Armagnac;0;-1.19
40088;Dax;3.7;0.65
40089;Doazit;1.2;-0.18
40090;Donzacq;0;-1.26
40091;Duhort-Bachen;0;0.47
40092;Dumes;0;0.2
40093;Escalans;3.2;-2.07
40094;Escource;2.3;2.23
40095;Estibeaux;0.3;0.07
40096;Estigarde;0;-4.93
40097;Eugénie-les-Bains;0.5;1.22
40098;Eyres-Moncube;0;-1.11
40099;Fargues;0;-1.02
40100;Le Frêche;0;-0.13
40101;Gaas;1.4;-1.15
40102;Gabarret;1;-0.14
40103;Gaillères;0.3;0.99
40104;Gamarde-les-Bains;0.9;3.37
40105;Garein;0;-0.35
40106;Garrey;3;1.21
40108;Gastes;1.3;2.73
40109;Gaujacq;0.6;-0.08
40110;Geaune;0.4;2.04
40111;Geloux;1.2;-0.14
40112;Gibret;0;-0.66
40113;Goos;2.1;0.22
40114;Gourbera;0.6;-0.14
40115;Gousse;0;-2.64
40116;Gouts;2.6;-0.42
40117;Grenade-sur-l'Adour;1.3;-0.69
40118;Habas;1.3;-0.63
40119;Hagetmau;1.4;-0.15
40120;Hastingues;3.5;1
40121;Hauriet;0.9;-0.24
40122;Haut-Mauco;0.2;0.81
40123;Herm;0.8;0.82
40124;Herré;0;0
40125;Heugas;1.2;0.72
40126;Hinx;0.7;0.19
40127;Hontanx;1.5;0.44
40128;Horsarrieu;0;0.43
40129;Josse;1.1;2.94
40130;Labastide-Chalosse;0;2.02
40131;Labastide-d'Armagnac;1.7;-0.15
40132;Labatut;1.1;-0.42
40133;Labenne;2.6;1.86
40134;Labouheyre;4.6;0.88
40135;Labrit;1.2;-0.35
40136;Lacajunte;0;-0.55
40137;Lacquy;0;0.59
40138;Lacrabe;0.8;1.67
40139;Laglorieuse;0.3;1.64
40140;Lagrange;0;-0.6
40141;Lahosse;0;-2.21
40142;Laluque;1.2;1.15
40143;Lamothe;0.7;-0.69
40144;Larbey;0;-0.48
40145;Larrivière-Saint-Savin;0;-1.81
40146;Latrille;0;1.69
40147;Laurède;1.4;-1.22
40148;Lauret;0;-1.8
40149;Lencouacq;0;-0.52
40150;Léon;1.9;1.88
40151;Lesgor;1;-0.69
40152;Lesperon;1;-0.3
40153;Le Leuy;0.8;-1.06
40154;Lévignacq;2.3;1.47
40155;Linxe;0.7;1.01
40156;Liposthey;2.6;2.06
40157;Lit-et-Mixe;0.7;0.98
40158;Losse;0;0.6
40159;Louer;1.2;2.16
40160;Lourquen;0;1.2
40161;Lubbon;0;-5.02
40162;Lucbardez-et-Bargues;0.8;-0.21
40163;Lüe;2.9;1.46
40164;Retjons;0.8;-1.15
40165;Luglon;0.7;-0.65
40166;Lussagnet;2.7;1.13
40167;Luxey;1.4;-0.33
40168;Magescq;1.4;3.59
40169;Maillas;2;-1.01
40170;Maillères;0;-0.78
40171;Mano;0;-0.26
40172;Mant;1.9;-0.06
40173;Marpaps;0;-0.49
40174;Mauries;0;-1.31
40175;Maurrin;0.9;0.41
40176;Mauvezin-d'Armagnac;0;-0.33
40177;Maylis;3.2;-0.86
40178;Mazerolles;2.5;0.69
40179;Mées;1.6;1.65
40180;Meilhan;1;0.93
40181;Messanges;2.6;1.22
40182;Mézos;3.6;0.36
40183;Mimbaste;1;-0.43
40184;Mimizan;1.3;1.28
40185;Miramont-Sensacq;0;-0.47
40186;Misson;0.5;1.41
40187;Moliets-et-Maa;2.6;1.93
40188;Momuy;1.1;0.64
40189;Monget;0;-3.27
40190;Monségur;0.5;-0.13
40191;Montaut;1.5;-0.83
40192;Mont-de-Marsan;3.3;0.86
40193;Montégut;0;1.58
40194;Montfort-en-Chalosse;1.8;0.56
40195;Montgaillard;0.4;-1.16
40196;Montsoué;1.2;-0.35
40197;Morcenx-la-Nouvelle;5;-0.24
40198;Morganx;1.4;-0.87
40199;Mouscardès;1.8;0.44
40200;Moustey;12.2;1.54
40201;Mugron;0.8;-0.93
40202;Narrosse;2.2;0.72
40203;Nassiet;0;-1.87
40204;Nerbis;1.7;-0.73
40205;Nousse;2.7;0.48
40206;Oeyregave;0.7;-2.32
40207;Oeyreluy;2.2;-0.46
40208;Onard;1.3;0.09
40209;Ondres;3.3;2.91
40210;Onesse-Laharie;4.1;0.91
40211;Orist;1;1.82
40212;Orthevielle;0.8;2.51
40213;Orx;0;1.12
40214;Ossages;0.9;-0.27
40215;Ousse-Suzan;4;0.72
40216;Ozourt;1.1;-0.66
40217;Parentis-en-Born;4.1;3.44
40218;Parleboscq;0.6;-1.76
40219;Payros-Cazautets;0;0
40220;Pécorade;0;-0.72
40221;Perquie;0;-0.48
40222;Pey;1.2;3.78
40223;Peyre;1.8;-0.75
40224;Peyrehorade;1.9;0.09
40225;Philondenx;0;-1.26
40226;Pimbo;0;-0.98
40227;Pissos;2.9;0.6
40228;Pomarez;0.6;0.68
40229;Pontenx-les-Forges;2.3;1.82
40230;Pontonx-sur-l'Adour;0.7;1.23
40231;Port-de-Lanne;1;2.78
40232;Poudenx;2.3;-0.45
40233;Pouillon;1.2;0.45
40234;Pouydesseaux;1;-0.83
40235;Poyanne;0.3;0.36
40236;Poyartin;0.8;-1.91
40237;Préchacq-les-Bains;1.9;1.95
40238;Pujo-le-Plan;0.4;-0.19
40239;Puyol-Cazalet;4.7;-0.78
40240;Renung;0.4;-1.51
40242;Rimbez-et-Baudiets;0;0
40243;Rion-des-Landes;2.1;0.85
40244;Rivière-Saas-et-Gourby;1.9;2.51
40245;Roquefort;0.5;0.83
40246;Sabres;1.5;0.18
40247;Saint-Agnet;0;-1.23
40248;Saint-André-de-Seignanx;2.3;1.79
40249;Saint-Aubin;1.9;-0.03
40250;Saint-Avit;0.3;1.29
40251;Saint-Barthélemy;0.5;-0.08
40252;Sainte-Colombe;0.7;-1.65
40253;Saint-Cricq-Chalosse;0.4;-0.13
40254;Saint-Cricq-du-Gave;0;1.01
40255;Saint-Cricq-Villeneuve;0;-0.8
40256;Saint-Étienne-d'Orthe;0.6;0.68
40257;Sainte-Eulalie-en-Born;0.4;2.52
40258;Sainte-Foy;0;-0.78
40259;Saint-Gein;0.6;-0.55
40260;Saint-Geours-d'Auribat;0.6;-0.04
40261;Saint-Geours-de-Maremne;1.1;1.9
40262;Saint-Gor;0.7;0.32
40263;Saint-Jean-de-Lier;1.1;-0.32
40264;Saint-Jean-de-Marsacq;0.2;2.43
40265;Saint-Julien-d'Armagnac;0;0.31
40266;Saint-Julien-en-Born;1.6;1.24
40267;Saint-Justin;0;0.67
40268;Saint-Laurent-de-Gosse;0.6;3.35
40269;Saint-Lon-les-Mines;2.2;0.65
40270;Saint-Loubouer;0.5;-0.08
40271;Sainte-Marie-de-Gosse;1.3;0.87
40272;Saint-Martin-de-Hinx;1.3;3.69
40273;Saint-Martin-de-Seignanx;1.7;2.28
40274;Saint-Martin-d'Oney;0.6;-0.57
40275;Saint-Maurice-sur-Adour;0.8;1.2
40276;Saint-Michel-Escalus;1.1;1.35
40277;Saint-Pandelon;1.9;0.32
40278;Saint-Paul-en-Born;1.1;0.5
40279;Saint-Paul-lès-Dax;3.7;1.26
40280;Saint-Perdon;1;0.22
40281;Saint-Pierre-du-Mont;2.2;0.88
40282;Saint-Sever;0.7;0.27
40283;Saint-Vincent-de-Paul;1.5;1.46
40284;Saint-Vincent-de-Tyrosse;1.7;0.9
40285;Saint-Yaguen;0.7;-0.05
40286;Samadet;0.9;-0.26
40287;Sanguinet;2.9;2.55
40288;Sarbazan;1;-0.48
40289;Sarraziet;0;0.78
40290;Sarron;0;-1.22
40291;Saubion;1.4;4.57
40292;Saubrigues;1.2;2.41
40293;Saubusse;1;-0.03
40294;Saugnac-et-Cambran;1.9;0.17
40295;Saugnac-et-Muret;1.8;4.36
40296;Seignosse;2.1;0.19
40297;Le Sen;0;0.15
40298;Serres-Gaston;0;0.51
40299;Serreslous-et-Arribans;1.5;-0.17
40300;Seyresse;2.2;2.2
40301;Siest;5;-0.24
40303;Solférino;4.2;1.41
40304;Soorts-Hossegor;4.6;-0.14
40305;Sorbets;0;-0.43
40306;Sorde-l'Abbaye;1.1;-0.08
40307;Sore;1.2;0.81
40308;Sort-en-Chalosse;1.1;-1.03
40309;Souprosse;0.8;0.28
40310;Soustons;3.3;1.56
40311;Taller;0.9;1.99
40312;Tarnos;5.3;0.71
40313;Tartas;2.1;-0.37
40314;Tercis-les-Bains;2.1;1.97
40315;Téthieu;1.2;0.47
40316;Tilh;0.9;0.77
40317;Tosse;1.4;3.98
40318;Toulouzette;0;-0.58
40319;Trensacq;0;2.34
40320;Uchacq-et-Parentis;0;0.53
40321;Urgons;2;-0.93
40322;Uza;0;0.36
40323;Vert;1;-1.84
40324;Vicq-d'Auribat;2.7;-0.84
40325;Vielle-Tursan;0;1.49
40326;Vielle-Saint-Girons;0.2;2.57
40327;Vielle-Soubiran;1.1;-0.94
40328;Vieux-Boucau-les-Bains;1.5;0.77
40329;Le Vignau;0.9;0.33
40330;Villenave;2.7;-0.32
40331;Villeneuve-de-Marsan;1;0.44
40332;Ychoux;5.4;0.56
40333;Ygos-Saint-Saturnin;1.2;0.34
40334;Yzosse;1.1;1.08
41001;Ambloy;2.1;0.45
41002;Angé;0.9;-2.16
41003;Areines;2.8;-1
41004;Artins;1;0.31
41006;Autainville;1.4;-0.42
41007;Authon;2.2;0.78
41008;Avaray;2.7;-1.31
41009;Averdon;0.7;-0.58
41010;Azé;7.9;-1.07
41012;Baillou;6.1;-2.53
41013;Bauzy;0;-0.66
41014;Beauchêne;6.6;-1.62
41016;Billy;0.9;1.51
41017;Binas;1;-1.17
41018;Blois;11.4;0.51
41019;Boisseau;5.2;0.49
41020;Bonneveau;2.6;-0.64
41022;Bouffry;8.6;0
41024;Boursay;4.9;0.96
41025;Bracieux;2.1;0.44
41026;Brévainville;1.5;-0.71
41027;Briou;5.3;-0.57
41028;Busloup;0.5;2.25
41029;Candé-sur-Beuvron;3;-0.3
41030;Cellé;1.2;-0.37
41031;Cellettes;1.4;0.48
41032;Chailles;3.7;0.19
41034;Chambord;3;-0.17
41035;Champigny-en-Beauce;1.3;0.36
41036;Chaon;2.8;-0.85
41037;La Chapelle-Enchérie;2.2;-0.16
41038;La Chapelle-Montmartin;0.6;-1.1
41039;La Chapelle-Saint-Martin-en-Plaine;2.8;-0.86
41040;La Chapelle-Vendômoise;0.8;0.73
41041;La Chapelle-Vicomtesse;5.8;-1.48
41042;Châteauvieux;0;-0.56
41043;Châtillon-sur-Cher;0.6;-0.69
41044;Châtres-sur-Cher;3.1;0.55
41045;Chaumont-sur-Loire;4.3;0.09
41046;Chaumont-sur-Tharonne;2.5;-0.47
41047;La Chaussée-Saint-Victor;3.2;-0.05
41048;Chauvigny-du-Perche;1.9;0.59
41049;Chémery;1.8;-0.69
41050;Cheverny;0.2;-1.33
41051;Chissay-en-Touraine;5.3;-1.34
41052;Chitenay;1.5;1.19
41053;Choue;5.9;-0.45
41054;Choussy;1.2;0.53
41055;Valloire-sur-Cisse;2.7;-0.2
41057;Conan;1.3;-1.57
41058;Concriers;1.1;1.59
41059;Le Controis-en-Sologne;1;-0.09
41060;Cormenon;2.3;-0.1
41061;Cormeray;1.6;0.03
41062;Couddes;0;-0.25
41063;Couffy;0;-0.07
41065;Coulommiers-la-Tour;3.3;0.84
41066;Courbouzon;2.7;-0.31
41067;Cour-Cheverny;1.8;0.01
41068;Courmemin;6.1;-0.65
41069;Cour-sur-Loire;3.8;-1.39
41070;Vallée-de-Ronsard;3.9;0.06
41071;Crouy-sur-Cosson;3;-0.13
41072;Crucheray;2.8;1.76
41073;Danzé;4.4;-0.73
41074;Dhuizon;0.8;-0.48
41075;Droué;2.1;0.73
41077;Épiais;1.6;-2.32
41078;Épuisay;9.6;-1.06
41079;Les Essarts;2.6;-2.05
41080;Faverolles-sur-Cher;1.5;0.65
41081;Faye;0.9;-2.17
41083;La Ferté-Beauharnais;3.4;2.23
41084;La Ferté-Imbault;3.6;-0.45
41085;La Ferté-Saint-Cyr;1.2;0.33
41086;Fontaines-en-Sologne;0;0.75
41087;Fontaine-les-Coteaux;3.3;-0.99
41088;Fontaine-Raoul;2;1.34
41089;La Fontenelle;6.2;1
41090;Fortan;7.9;-1.44
41091;Fossé;2.9;-0.57
41093;Françay;1.5;-0.36
41094;Fresnes;0.5;0.84
41095;Fréteval;3;-0.37
41096;Le Gault-du-Perche;3.5;-0.91
41097;Gièvres;1.2;-1.29
41098;Gombergean;0;-2.94
41099;Gy-en-Sologne;0;-0.17
41100;Les Hayes;3.9;-0.66
41101;Herbault;1.5;-1.52
41102;Houssay;3.9;-0.74
41103;Huisseau-en-Beauce;2;-0.28
41104;Huisseau-sur-Cosson;1.3;0.09
41105;Josnes;4.3;-0.72
41106;Lamotte-Beuvron;5.7;-0.77
41107;Lancé;2.6;0.11
41108;Lancôme;0;-0.14
41109;Landes-le-Gaulois;2;-0.41
41110;Langon-sur-Cher;2.9;0.35
41112;Lassay-sur-Croisne;1.9;-0.54
41113;Lavardin;4.2;-0.64
41114;Lestiou;3.4;0.17
41115;Lignières;1.1;0.97
41116;Lisle;1.1;-0.87
41118;Loreux;2.1;0.53
41119;Lorges;1.7;-0.33
41120;Lunay;9.5;-0.13
41121;La Madeleine-Villefrouin;6.7;1.08
41122;Maray;0;-0.44
41123;Marchenoir;2.3;0.76
41124;Marcilly-en-Beauce;2;-1.28
41125;Marcilly-en-Gault;2;-0.02
41126;Mareuil-sur-Cher;2.2;0.35
41127;La Marolle-en-Sologne;1.6;-0.05
41128;Marolles;2.6;-0.21
41129;Maslives;1;-1.02
41130;Maves;2.4;0.6
41131;Mazangé;10.1;-1.16
41132;Méhers;0.7;-2.11
41134;Menars;1.5;-0.24
41135;Mennetou-sur-Cher;2.4;-0.9
41136;Mer;6.2;0.05
41137;Mesland;4.6;-0.54
41138;Meslay;5.9;-0.49
41139;Meusnes;1.3;-0.86
41140;Millançay;0.3;-1.17
41141;Moisy;0.6;-0.95
41142;Valencisse;2.9;-0.6
41143;Mondoubleau;1.8;-0.61
41144;Monteaux;5.1;-1.36
41145;Monthou-sur-Bièvre;2.8;-0.5
41146;Monthou-sur-Cher;1;0.39
41147;Les Montils;2.5;-0.37
41148;Montlivault;0.5;-0.79
41149;Montoire-sur-le-Loir;1.9;-0.58
41150;Mont-près-Chambord;1.9;0.45
41151;Montrichard Val de Cher;4.2;-0.78
41152;Montrieux-en-Sologne;0.7;-0.67
41153;Montrouveau;0;-1.46
41154;Morée;0.8;0.02
41155;Muides-sur-Loire;3.1;-0.45
41156;Mulsans;2.5;0.29
41157;Mur-de-Sologne;1.5;0.04
41158;Naveil;6;0.66
41159;Neung-sur-Beuvron;2.1;0.61
41160;Neuvy;1.5;-0.05
41161;Nouan-le-Fuzelier;4;-0.24
41163;Nourray;1.9;1.83
41164;Noyers-sur-Cher;2.4;-0.59
41166;Oisly;0.5;0.75
41167;Veuzain-sur-Loire;5;-1.1
41168;Orçay;3.3;-1.74
41171;Oucques La Nouvelle;0.5;-0.67
41172;Ouzouer-le-Doyen;1.1;-1.65
41173;Beauce la Romaine;1;-0.6
41174;Périgny;0;-1.14
41175;Pezou;4.3;-0.39
41176;Pierrefitte-sur-Sauldre;1.6;-1.03
41177;Le Plessis-Dorin;2.8;-2.17
41178;Le Plessis-l'Échelle;0;-3.76
41179;Le Poislay;0;1.14
41180;Pontlevoy;2.3;0.19
41181;Pouillé;1.1;-0.21
41182;Pray;2.1;-0.87
41184;Prunay-Cassereau;4.5;-0.85
41185;Pruniers-en-Sologne;1.8;-0.97
41186;Rahart;3.7;-1.17
41187;Renay;8.6;1.08
41188;Rhodon;0;-1.24
41189;Rilly-sur-Loire;3.7;-0.61
41190;Rocé;2.9;0
41191;Roches;3.6;-1.25
41192;Les Roches-l'Évêque;3.6;0.59
41193;Romilly;1.6;1
41194;Romorantin-Lanthenay;1.6;0.4
41195;Rougeou;0;-0.54
41196;Ruan-sur-Egvonne;8;-2.65
41198;Saint-Aignan;3.3;-0.16
41199;Saint-Amand-Longpré;3.3;-0.19
41200;Sainte-Anne;3;1.31
41201;Saint-Arnoult;1.9;-0.48
41203;Saint-Bohaire;1.3;0.07
41204;Saint-Claude-de-Diray;1.5;-0.01
41205;Saint-Cyr-du-Gault;1.2;-0.1
41206;Saint-Denis-sur-Loire;3.2;1.17
41207;Saint-Dyé-sur-Loire;3.8;0.17
41208;Saint-Étienne-des-Guérets;3.3;1.85
41209;Saint-Firmin-des-Prés;4.7;-1.52
41211;Saint-Georges-sur-Cher;2.7;0.27
41212;Saint-Gervais-la-Forêt;5.4;-0.18
41213;Saint-Gourgon;0;-2.82
41214;Saint-Hilaire-la-Gravelle;0.9;-1.45
41215;Saint-Jacques-des-Guérets;0;0.74
41216;Saint-Jean-Froidmentel;5.5;-1.11
41217;Saint-Julien-de-Chédon;1.6;0.46
41218;Saint-Julien-sur-Cher;1.5;-0.35
41219;Saint-Laurent-des-Bois;0.7;2.18
41220;Saint-Laurent-Nouan;2.6;-0.36
41221;Saint-Léonard-en-Beauce;0.6;-0.16
41222;Saint-Loup;2.6;-0.49
41223;Saint-Lubin-en-Vergonnois;1.5;1.28
41224;Saint-Marc-du-Cor;6.2;-0.09
41225;Saint-Martin-des-Bois;3;0.03
41226;Saint-Ouen;5.9;-1.25
41228;Saint-Rimay;4.2;0.17
41229;Saint-Romain-sur-Cher;1.9;-0.35
41230;Saint-Sulpice-de-Pommeray;1.6;-0.13
41231;Saint-Viâtre;2.2;-0.37
41232;Salbris;9.7;-1.43
41233;Sambin;2.9;-1.26
41234;Santenay;7.4;0
41235;Sargé-sur-Braye;2.7;-1.58
41236;Sasnières;8.3;-3.14
41237;Sassay;1;1.55
41238;Savigny-sur-Braye;3.5;-0.71
41239;Seigy;1.9;-1.62
41241;Selles-Saint-Denis;4.3;0
41242;Selles-sur-Cher;2;-1.37
41243;Selommes;2.6;-0.43
41245;Séris;1.1;1
41246;Seur;0.9;0.38
41247;Soings-en-Sologne;0.4;-0.46
41248;Couëtron-au-Perche;1.8;-0.19
41249;Souesmes;4.3;-1.06
41250;Sougé;5.2;0.1
41251;Souvigny-en-Sologne;1.8;-0.32
41252;Suèvres;2.3;-0.98
41253;Talcy;5.7;1.86
41254;Le Temple;3.8;-1.38
41255;Ternay;3.8;-0.4
41256;Theillay;3.7;-0.42
41258;Thésée;1.5;0.4
41259;Thoré-la-Rochette;7.5;-1.31
41260;Thoury;0;0.12
41261;Tourailles;0;-0.63
41262;Tour-en-Sologne;1.9;0.4
41265;Troo;4;-0.05
41266;Valaire;0;-0.39
41267;Vallières-les-Grandes;2;0.12
41268;Veilleins;1.5;-1.39
41269;Vendôme;10;-1.15
41271;Vernou-en-Sologne;1.6;-1.85
41273;Vievy-le-Rayé;2.2;0.18
41274;Villavard;0;-0.26
41275;La Ville-aux-Clercs;3.6;-0.83
41276;Villebarou;2.8;0.66
41277;Villebout;6.5;-2.79
41278;Villechauve;1.5;-1.78
41279;Villedieu-le-Château;2.5;-1.13
41280;Villefranche-sur-Cher;2.1;-0.26
41281;Villefrancœur;1.6;-0.16
41282;Villeherviers;1.8;-2.34
41283;Villemardy;4.5;-0.55
41284;Villeneuve-Frouville;0;1.06
41285;Villeny;1.3;-0.13
41286;Villeporcher;1.4;-0.78
41287;Villerable;2.5;-1.17
41288;Villerbon;1.3;0.8
41289;Villermain;2.9;-0.3
41290;Villeromain;2.2;-1.43
41291;Villetrun;4.1;-0.26
41292;Villexanton;1;0.17
41293;Villiersfaux;1.7;-1.04
41294;Villiers-sur-Loir;7.8;-0.19
41295;Vineuil;3.5;0.51
41296;Vouzon;4.2;-0.79
41297;Yvoy-le-Marron;1.9;1.48
42001;Aboën;0;1.76
42002;Ailleux;1.5;2.1
42003;Ambierle;2.1;-0.25
42005;Andrézieux-Bouthéon;6.1;0.79
42006;Apinac;0.6;0.2
42007;Arcinges;0.9;0.63
42008;Arcon;0;0.15
42009;Arthun;2.4;-0.83
42010;Aveizieux;1.6;0.74
42011;Balbigny;3.7;-1.01
42012;Bard;2;0.67
42013;Bellegarde-en-Forez;2.6;0.19
42014;Belleroche;2.6;0.05
42015;Belmont-de-la-Loire;2.8;-1.05
42016;La Bénisson-Dieu;2;0.32
42017;Le Bessat;3.6;2.76
42018;Bessey;2.3;0.36
42019;Boën-sur-Lignon;2.6;-1.52
42020;Boisset-lès-Montrond;1.1;0.73
42021;Boisset-Saint-Priest;3;1.02
42022;Bonson;3.9;2.69
42023;Bourg-Argental;4;0.03
42025;Boyer;0;-0.34
42026;Briennon;2.4;0.39
42027;Bully;2.6;0.87
42028;Burdignes;1.6;2.15
42029;Bussières;4.1;-0.31
42030;Bussy-Albieux;1.3;0.15
42031;Caloire;2.4;-0.31
42032;Cellieu;4.5;0.2
42033;Le Cergne;1.1;-1
42034;Cervières;0;-3.94
42035;Cezay;1;-1.23
42036;Chagnon;6.2;0.92
42037;Chalain-d'Uzore;1.3;3.64
42038;Chalain-le-Comtal;1.5;0.64
42039;Chalmazel-Jeansagnière;2.9;-0.11
42040;La Chamba;0;-2.43
42041;Chambéon;0.3;3.19
42042;Chambles;0.4;1.37
42043;Chambœuf;2.1;1.1
42044;Le Chambon-Feugerolles;9.4;-0.24
42045;La Chambonie;0;-1.61
42046;Champdieu;1.9;1.26
42047;Champoly;1.7;-0.67
42048;Chandon;0.8;-0.24
42049;Changy;1.4;1.31
42050;La Chapelle-en-Lafaye;0;3.42
42051;La Chapelle-Villars;4.9;0.13
42052;Charlieu;1.9;0.23
42053;Châteauneuf;5.9;1.24
42054;Châtelneuf;1.1;1.28
42055;Châtelus;4.4;0
42056;Chavanay;5.8;-0.01
42058;Chazelles-sur-Lavieu;0;-1.72
42059;Chazelles-sur-Lyon;3.3;0.68
42060;Chenereilles;1;0.44
42061;Cherier;0;-1.02
42062;Chevrières;0.9;0.86
42063;Chirassimont;4.7;-0.51
42064;Chuyer;5.2;-0.57
42065;Civens;1.7;0.97
42066;Cleppé;1.2;0.33
42067;Colombier;0.8;-0.72
42068;Combre;0.5;-1.05
42069;Commelle-Vernay;2.9;0.64
42070;Cordelle;0.5;0.74
42071;Le Coteau;5.3;0.12
42073;Cottance;2.6;1.03
42074;Coutouvre;0.4;-0.66
42075;Craintilleux;1.1;0.42
42076;Cremeaux;0.5;0.09
42077;Croizet-sur-Gand;0.6;0
42078;Le Crozet;1.6;-2.54
42079;Cuinzier;0.3;-0.74
42081;Cuzieu;2.3;-0.16
42083;Dargoire;6.8;0.22
42084;Solore-en-Forez;1.4;0.03
42085;Doizieux;3.5;0.73
42086;Écoche;3.4;-1.03
42087;Écotay-l'Olme;4.6;1.01
42088;Épercieux-Saint-Paul;2.4;0.41
42089;Essertines-en-Châtelneuf;1.7;-0.71
42090;Essertines-en-Donzy;1.4;-0.34
42091;Estivareilles;1.6;0.45
42092;L'Étrat;6.1;1.54
42093;Farnay;5.3;-0.66
42094;Feurs;4.2;0.56
42095;Firminy;8.9;0.13
42096;Fontanès;3.3;0.34
42097;La Fouillouse;4.3;0.74
42098;Fourneaux;3.3;-0.88
42099;Fraisses;4.2;0.4
42100;La Gimond;2.4;-0.12
42101;Graix;3.3;-1.75
42102;Grammond;1.5;-0.24
42103;La Grand-Croix;7.1;-0.39
42104;La Gresle;1.9;0.32
42105;Grézieux-le-Fromental;0.9;2.05
42106;Grézolles;0;-2.16
42107;Gumières;3.6;-0.21
42108;L'Hôpital-le-Grand;1.7;0.6
42110;L'Horme;9.6;0.19
42112;Jarnosse;0;-1.81
42113;Jas;1;1.23
42115;Jonzieux;1.4;1.22
42116;Juré;1.7;0.27
42117;Lavieu;0;-0.87
42118;Lay;2.2;0.49
42119;Leigneux;2.1;-0.85
42120;Lentigny;1.9;0.73
42121;Lérigneux;0;2.69
42122;Lézigneux;2.1;0.45
42123;Lorette;9.2;0.62
42124;Lupé;2.2;-0.32
42125;Luré;1.6;-1.05
42126;Luriecq;1.3;-0.7
42127;Mably;3.3;-0.98
42128;Machézal;3.2;0.55
42129;Maclas;1.8;0.54
42130;Magneux-Haute-Rive;2.1;0.09
42131;Maizilly;0;-0.8
42132;Malleval;5.2;1.15
42133;Marcenod;0.2;-0.9
42134;Marcilly-le-Châtel;0.9;0.06
42135;Marclopt;1.1;1.3
42136;Marcoux;2;1.01
42137;Margerie-Chantagret;1.4;0.79
42138;Maringes;2.4;0.22
42139;Marlhes;2.6;0.51
42140;Marols;1;1.77
42141;Mars;0.8;0.06
42142;Merle-Leignec;5.4;0.15
42143;Mizérieux;0.9;3.61
42145;Montagny;1.7;0.6
42146;Montarcher;5.6;-0.51
42147;Montbrison;3.9;0.56
42148;Montchal;2.4;0.33
42149;Montrond-les-Bains;3.2;1.08
42150;Montverdun;0.7;-0.06
42151;Mornand-en-Forez;0;0.97
42152;Nandax;1.1;1.76
42153;Neaux;0.4;0
42154;Néronde;0.6;0.85
42155;Nervieux;2.1;0.84
42156;Neulise;1.1;0.14
42157;Noailly;1.3;0.19
42158;Les Noës;1;0
42159;Noirétable;1.4;-0.1
42160;Nollieux;0;-1.2
42161;Notre-Dame-de-Boisset;1.4;0.23
42162;Ouches;0.6;-0.2
42163;La Pacaudière;1.8;0.31
42164;Palogneux;0;-2.23
42165;Panissières;1.8;-0.38
42166;Parigny;1.7;0.68
42167;Pavezin;3;2.06
42168;Pélussin;3.1;-0.54
42169;Périgneux;1.2;1.34
42170;Perreux;2.5;-0.18
42171;Pinay;0;0.24
42172;Planfoy;3.1;0.75
42173;Pommiers-en-Forez;0;0.46
42174;Poncins;0.6;3.15
42175;Pouilly-lès-Feurs;3.5;-0.81
42176;Pouilly-les-Nonains;1.7;0.62
42177;Pouilly-sous-Charlieu;1.4;0.66
42178;Pradines;5.9;2.15
42179;Pralong;2.8;-0.12
42180;Précieux;2.2;0.13
42181;Régny;7.4;-0.91
42182;Renaison;1.7;0.6
42183;La Ricamarie;12.7;0.5
42184;Riorges;3.1;0.56
42185;Rivas;1.5;2.09
42186;Rive-de-Gier;11.3;0.33
42187;Roanne;7;0.32
42188;Roche-en-Forez;1.1;-0.46
42189;Roche-la-Molière;9;0.25
42191;Roisey;3.5;1.56
42192;Rozier-Côtes-d'Aurec;3.3;-1.25
42193;Rozier-en-Donzy;1.5;-0.36
42194;Sail-les-Bains;0;0.24
42195;Sail-sous-Couzan;2.9;0.85
42196;Sainte-Agathe-en-Donzy;0;-1.36
42197;Sainte-Agathe-la-Bouteresse;1;0.65
42198;Saint-Alban-les-Eaux;2.1;-1.11
42199;Saint-André-d'Apchon;3.2;-0.09
42200;Saint-André-le-Puy;3.2;-0.12
42201;Saint-Appolinard;2;0.85
42202;Saint-Barthélemy-Lestra;1.6;-0.22
42203;Saint-Bonnet-des-Quarts;2.8;0.66
42204;Saint-Bonnet-le-Château;1.8;-0.88
42205;Saint-Bonnet-le-Courreau;0.9;-0.19
42206;Saint-Bonnet-les-Oules;1.6;2.13
42207;Saint-Chamond;10.5;0.12
42208;Saint-Christo-en-Jarez;0.9;0.21
42209;Sainte-Colombe-sur-Gand;0.6;-1.32
42210;Sainte-Croix-en-Jarez;6.5;0.63
42211;Saint-Cyprien;2.2;-0.36
42212;Saint-Cyr-de-Favières;1;2.39
42213;Saint-Cyr-de-Valorges;2.7;0.55
42214;Saint-Cyr-les-Vignes;0.9;0.99
42215;Saint-Denis-de-Cabanne;2.7;-0.15
42216;Saint-Denis-sur-Coise;1.5;0.65
42217;La Côte-Saint-Didier;4.7;1.24
42218;Saint-Étienne;22.4;0.06
42219;Saint-Étienne-le-Molard;2.1;0.36
42220;Saint-Forgeux-Lespinasse;1;-1.24
42221;Sainte-Foy-Saint-Sulpice;2.4;1.59
42222;Saint-Galmier;2.5;0.41
42223;Saint-Genest-Lerpt;6.1;0.17
42224;Saint-Genest-Malifaux;2.4;0.32
42225;Genilac;7;-0.26
42226;Saint-Georges-de-Baroille;3.2;1.6
42227;Saint-Georges-en-Couzan;1.2;-0.67
42228;Saint-Georges-Haute-Ville;2.1;0.43
42229;Saint-Germain-la-Montagne;5.8;-1.88
42230;Saint-Germain-Laval;5;-0.53
42231;Saint-Germain-Lespinasse;2.2;-0.19
42232;Saint-Haon-le-Châtel;3.4;-0.24
42233;Saint-Haon-le-Vieux;0.7;0.02
42234;Saint-Héand;2.9;0.42
42235;Saint-Hilaire-Cusson-la-Valmitte;0.6;0
42236;Saint-Hilaire-sous-Charlieu;1.1;-0.15
42237;Saint-Jean-Bonnefonds;7.5;-0.18
42238;Saint-Jean-la-Vêtre;0;-0.63
42239;Saint-Jean-Saint-Maurice-sur-Loire;1.2;0.19
42240;Saint-Jean-Soleymieux;1.2;-0.24
42241;Saint-Jodard;2.8;-1.38
42242;Saint-Joseph;7.3;0.73
42243;Saint-Julien-d'Oddes;3.4;1.66
42245;Vêtre-sur-Anzon;2.5;0.48
42246;Saint-Julien-Molin-Molette;3.8;-0.23
42247;Saint-Just-en-Bas;0.8;-0.23
42248;Saint-Just-en-Chevalet;2.2;0
42249;Saint-Just-la-Pendue;1;-0.06
42251;Saint-Laurent-la-Conche;2.2;-1.74
42253;Saint-Léger-sur-Roanne;2.4;0.29
42254;Saint-Marcel-de-Félines;0.8;-0.23
42255;Saint-Marcel-d'Urfé;0.9;-1.47
42256;Saint-Marcellin-en-Forez;2.6;1.12
42257;Saint-Martin-d'Estréaux;1.7;0.04
42259;Saint-Martin-la-Plaine;7.3;0.23
42260;Saint-Martin-la-Sauveté;1.4;-2.18
42261;Saint-Martin-Lestra;1.1;0.68
42262;Saint-Maurice-en-Gourgois;1.9;0.01
42264;Saint-Médard-en-Forez;1.1;-2.05
42265;Saint-Michel-sur-Rhône;5;1.22
42266;Saint-Nizier-de-Fornas;1.4;-0.38
42267;Saint-Nizier-sous-Charlieu;1.1;-0.16
42268;Vézelin-sur-Loire;1.1;0.73
42269;Saint-Paul-d'Uzore;0;2.63
42270;Saint-Paul-en-Cornillon;2.5;-0.12
42271;Saint-Paul-en-Jarez;6.3;-0.27
42272;Saint-Pierre-de-Bœuf;3.2;-0.33
42273;Saint-Pierre-la-Noaille;1.1;0
42274;Saint-Polgues;0;1
42275;Saint-Priest-en-Jarez;12.7;0.46
42276;Saint-Priest-la-Prugne;0;-0.9
42277;Saint-Priest-la-Roche;1.8;-0.39
42278;Saint-Priest-la-Vêtre;0;-1.03
42279;Saint-Just-Saint-Rambert;2.8;0.38
42280;Saint-Régis-du-Coin;0.6;1.52
42281;Saint-Rirand;0;-1.46
42282;Saint-Romain-d'Urfé;1.1;-2.29
42283;Saint-Romain-en-Jarez;3;-0.31
42284;Saint-Romain-la-Motte;3.4;-0.2
42285;Saint-Romain-le-Puy;3.5;0.73
42286;Saint-Romain-les-Atheux;1.5;-0.33
42287;Saint-Sauveur-en-Rue;1.4;-0.2
42288;Saint-Sixte;1.3;-0.81
42289;Saint-Symphorien-de-Lay;1.1;0.7
42290;Saint-Thomas-la-Garde;1.8;0.06
42293;Saint-Victor-sur-Rhins;6.9;-0.18
42294;Saint-Vincent-de-Boisset;2;0.45
42295;Les Salles;0.9;1.08
42296;Salt-en-Donzy;1.3;0.06
42297;Salvizinet;2.4;0.82
42298;Sauvain;1.8;-0.27
42299;Savigneux;3;0.27
42300;Sevelinges;0.7;0.08
42301;Soleymieux;1.2;1.65
42302;Sorbiers;5.7;0.13
42303;Souternon;2;-0.99
42304;Sury-le-Comtal;3;0.6
42305;La Talaudière;6.4;0.89
42306;Tarentaise;2.5;1.23
42307;Tartaras;3.9;2.2
42308;La Terrasse-sur-Dorlay;4.3;-0.26
42310;Thélis-la-Combe;1.5;-1.85
42311;La Tour-en-Jarez;3.3;0.16
42312;La Tourette;0.7;1.59
42313;Trelins;1;0.61
42314;La Tuilière;1;-1
42315;Unias;0.5;0.6
42316;Unieux;4.5;-0.56
42317;Urbise;3.6;-2.25
42318;Usson-en-Forez;3.1;-0.37
42319;Valeille;0.3;-1.15
42320;Valfleury;1.1;0.07
42321;La Valla-sur-Rochefort;0;-0.63
42322;La Valla-en-Gier;2.5;1.56
42323;Veauche;3.8;0.12
42324;Veauchette;1;0.37
42325;Vendranges;0.6;0.88
42326;Véranne;3.3;1.68
42327;Vérin;5.2;-0.4
42328;Verrières-en-Forez;3;0.78
42329;La Versanne;2.8;0.75
42330;Villars;8;-0.58
42331;Villemontais;2.2;0.49
42332;Villerest;3.5;1.12
42333;Villers;1.1;0.63
42334;Violay;2.9;-0.31
42335;Viricelles;1.9;-0.58
42336;Virigneux;1.5;-0.21
42337;Vivans;2.4;0
42338;Vougy;2;0.8
42339;Chausseterre;1;-1.34
43001;Agnat;1.4;-1.48
43002;Aiguilhe;1.8;-0.53
43003;Allègre;2.7;-0.68
43004;Alleyrac;0;0.29
43005;Alleyras;0;-1.15
43006;Ally;1.9;-2.57
43007;Araules;0;0.5
43008;Arlempdes;1.7;1.67
43009;Arlet;0;-0.68
43010;Arsac-en-Velay;0.4;0
43011;Aubazat;0;0.29
43012;Aurec-sur-Loire;3.7;0.06
43013;Vissac-Auteyrac;1.7;-1.97
43014;Autrac;3.8;-3.2
43015;Auvers;0;-3.1
43016;Auzon;2.6;-0.26
43017;Azérat;1.7;1.56
43018;Bains;0.3;0.49
43019;Barges;3.4;3.75
43020;Bas-en-Basset;1.6;1.04
43021;Beaulieu;1.7;0.77
43022;Beaumont;3.8;-1.62
43023;Beaune-sur-Arzon;0;-0.75
43024;Beaux;1.8;0.63
43025;Beauzac;1.7;0.23
43026;Bellevue-la-Montagne;0;1.65
43027;Berbezit;0;-1.44
43028;Bessamorel;0;0.15
43029;La Besseyre-Saint-Mary;0;0.16
43030;Blanzac;1;1.86
43031;Blassac;2.1;-1.24
43032;Blavozy;1.1;0.71
43033;Blesle;2.2;-0.45
43034;Boisset;1.1;2.31
43035;Bonneval;0;3.98
43036;Borne;0.6;-0.53
43037;Le Bouchet-Saint-Nicolas;0;-0.36
43038;Bournoncle-Saint-Pierre;2.2;0.9
43039;Le Brignon;1;0.47
43040;Brioude;2.5;-0.49
43041;Brives-Charensac;3.4;0.5
43042;Cayres;0;-0.94
43043;Céaux-d'Allègre;0.5;0.28
43044;Cerzat;2;0.4
43045;Ceyssac;0.6;0.98
43046;Chadrac;3.2;-0.31
43047;Chadron;1.4;4.19
43048;La Chaise-Dieu;0.4;-0.36
43049;Chamalières-sur-Loire;1.6;0.73
43050;Chambezon;0;2.67
43051;Le Chambon-sur-Lignon;1.6;-0.22
43052;Champagnac-le-Vieux;1.5;-2.42
43053;Champclause;2.5;0.33
43054;Chanaleilles;1.4;-1.02
43055;Chaniat;0;-0.79
43056;Chanteuges;0;-1.55
43057;La Chapelle-Bertin;0;0
43058;La Chapelle-d'Aurec;0.6;1.72
43059;La Chapelle-Geneste;0;0.15
43060;Charraix;0;-2.29
43061;Chaspinhac;0.5;0.94
43062;Chaspuzac;0.2;1.58
43063;Chassagnes;1.2;-0.11
43064;Chassignolles;0;0
43065;Chastel;2;-2.13
43066;Chaudeyrolles;5.5;4.03
43067;Chavaniac-Lafayette;1.7;-0.55
43068;Chazelles;0;-2.39
43069;Chenereilles;0.8;-1.98
43070;Chilhac;3.9;-1.29
43071;Chomelix;0;-0.97
43072;La Chomette;0;-0.77
43073;Cistrières;0;-1.94
43074;Cohade;0.8;0.29
43075;Collat;0;-1.7
43076;Connangles;0;-1.89
43077;Costaros;0;0.21
43078;Coubon;1;-0.26
43079;Couteuges;0;-0.79
43080;Craponne-sur-Arzon;1.2;0.02
43082;Cronce;0;-2
43083;Cubelles;0;0.11
43084;Cussac-sur-Loire;1.4;-0.72
43085;Desges;0;-0.87
43086;Domeyrat;1.4;-1.89
43087;Dunières;0.9;-1.35
43088;Espalem;0;1.51
43089;Espaly-Saint-Marcel;2.3;0.26
43090;Esplantas-Vazeilles;0;-0.13
43091;Les Estables;0.6;-0.62
43092;Fay-sur-Lignon;2.8;-1.12
43093;Félines;1.7;-0.49
43094;Ferrussac;0;-0.85
43095;Fix-Saint-Geneys;1.9;2.16
43096;Fontannes;0.5;-1.51
43097;Freycenet-la-Cuche;0;-0.16
43098;Freycenet-la-Tour;1.9;2.38
43099;Frugerès-les-Mines;0.5;-0.24
43100;Frugières-le-Pin;1.3;2.6
43101;Goudet;3;4.08
43102;Grazac;0.2;1.27
43103;Grenier-Montgon;2.5;-0.59
43104;Grèzes;0;-1.13
43105;Javaugues;0;-1.6
43106;Jax;4.1;-0.46
43107;Josat;0;0.41
43108;Jullianges;1.1;-0.19
43109;Lafarre;0;3.17
43110;Lamothe;0.9;-0.82
43111;Landos;0.9;-0.45
43112;Langeac;1.4;-1.43
43113;Lantriac;0.7;-0.02
43114;Lapte;1.3;0.61
43115;Laussonne;0.3;0.16
43116;Laval-sur-Doulon;0;-0.54
43117;Lavaudieu;2.1;0.55
43118;Lavoûte-Chilhac;1.3;-1.89
43119;Lavoûte-sur-Loire;0.9;-0.68
43120;Lempdes-sur-Allagnon;2;-0.42
43121;Léotoing;1.2;-2.03
43122;Lissac;0.7;1.5
43123;Lorlanges;2.4;2.16
43124;Loudes;0.2;0.7
43125;Lubilhac;0;2.69
43126;Malrevers;0;0.13
43127;Malvalette;1.9;1.06
43128;Malvières;1.9;0.72
43129;Le Mas-de-Tence;0;-1.98
43130;Mazet-Saint-Voy;1;-0.04
43131;Mazerat-Aurouze;1.2;-1.34
43132;Mazeyrat-d'Allier;0.7;-0.81
43133;Mercœur;0;0.93
43134;Mézères;0;0.72
43135;Le Monastier-sur-Gazeille;1;-0.16
43136;Monistrol-d'Allier;1.4;1.78
43137;Monistrol-sur-Loire;1.8;0.22
43138;Monlet;0.7;-0.12
43139;Montclard;3.3;-0.91
43140;Le Monteil;1.7;0.3
43141;Montfaucon-en-Velay;0.4;-1.3
43142;Montregard;0.4;0.33
43143;Montusclat;0;-2.59
43144;Moudeyres;2;0.63
43145;Ouides;0;-1.52
43147;Paulhac;1.6;-0.93
43148;Paulhaguet;0;-0.38
43149;Pébrac;0;0
43150;Le Pertuis;0.4;3.23
43151;Pinols;2.8;-1.3
43152;Polignac;1.3;0.06
43153;Pont-Salomon;1.8;-1.81
43154;Pradelles;0;-0.64
43155;Prades;0;1.72
43156;Présailles;0;-2.24
43157;Le Puy-en-Velay;6;-0.11
43158;Queyrières;2.7;2.71
43159;Raucoules;0.2;0.61
43160;Rauret;0;0.42
43162;Retournac;3;0.42
43163;Riotord;0.6;0.16
43164;Roche-en-Régnier;1.3;-0.81
43165;Rosières;1.2;0.04
43166;Saint-André-de-Chalencon;2.1;1.57
43167;Saint-Arcons-d'Allier;2.3;-0.34
43168;Saint-Arcons-de-Barges;0;-0.7
43169;Saint-Austremoine;0;3.22
43170;Saint-Beauzire;4.6;2.93
43171;Saint-Bérain;0;0.57
43172;Saint-Bonnet-le-Froid;0;-2.45
43173;Saint-Christophe-d'Allier;0;-1.12
43174;Saint-Christophe-sur-Dolaizon;0.5;-0.26
43175;Saint-Cirgues;1.5;0.52
43177;Saint-Didier-en-Velay;1.1;0.38
43178;Saint-Didier-sur-Doulon;0;0
43180;Saint-Étienne-du-Vigan;0;-1.9
43181;Saint-Étienne-Lardeyrol;0.9;-0.22
43182;Saint-Étienne-sur-Blesle;0;-0.6
43183;Sainte-Eugénie-de-Villeneuve;0;1.3
43184;Saint-Ferréol-d'Auroure;1.7;0.08
43185;Sainte-Florine;2.7;0.7
43186;Saint-Front;0.6;0.49
43187;Saint-Geneys-près-Saint-Paulien;1.3;0.32
43188;Saint-Georges-d'Aurac;0;0.14
43189;Saint-Georges-Lagricol;1.6;-0.32
43190;Saint-Germain-Laprade;1;-0.71
43191;Saint-Géron;1.7;-0.93
43192;Saint-Haon;0;-1.75
43193;Saint-Hilaire;0;-0.31
43194;Saint-Hostien;0.6;-1.17
43195;Saint-Ilpize;6.7;0.26
43196;Saint-Jean-d'Aubrigoux;0;0.37
43197;Saint-Jean-de-Nay;0;-0.86
43198;Saint-Jean-Lachalm;0.9;1.03
43199;Saint-Jeures;0.4;0.51
43200;Saint-Julien-Chapteuil;0.5;1.2
43201;Saint-Julien-d'Ance;1.1;0
43202;Saint-Julien-des-Chazes;0;-3.29
43203;Saint-Julien-du-Pinet;0.4;0.81
43204;Saint-Julien-Molhesabate;0;-0.98
43205;Saint-Just-Malmont;0.8;0.22
43206;Saint-Just-près-Brioude;0.5;-1.17
43207;Saint-Laurent-Chabreuges;1.9;-0.64
43208;Sainte-Marguerite;0;-2.85
43210;Saint-Martin-de-Fugères;0;0.75
43211;Saint-Maurice-de-Lignon;0.9;0.55
43212;Saint-Pal-de-Chalencon;2.1;0.05
43213;Saint-Pal-de-Mons;0.9;0.34
43214;Saint-Pal-de-Senouire;0;-0.15
43215;Saint-Paul-de-Tartas;0;-0.67
43216;Saint-Paulien;0.4;0.1
43217;Saint-Pierre-du-Champ;5.3;1.16
43218;Saint-Pierre-Eynac;0.4;1.77
43219;Saint-Préjet-Armandon;6.4;1.1
43220;Saint-Préjet-d'Allier;2.3;0.82
43221;Saint-Privat-d'Allier;0;-0.33
43222;Saint-Privat-du-Dragon;0;0.93
43223;Saint-Romain-Lachalm;1;0.76
43224;Sainte-Sigolène;2;0.28
43225;Saint-Vénérand;0;2.75
43226;Saint-Vert;2.8;-0.46
43227;Saint-Victor-Malescours;1;-0.45
43228;Saint-Victor-sur-Arlanc;2.5;0.95
43229;Saint-Vidal;0.3;0.33
43230;Saint-Vincent;1.3;1.13
43231;Salettes;2.4;1.85
43232;Salzuit;0;-1.52
43233;Sanssac-l'Église;0.8;-0.87
43234;Saugues;0.4;-1.04
43236;La Séauve-sur-Semène;1;0.06
43237;Sembadel;2;0.71
43238;Séneujols;0;-0.75
43239;Siaugues-Sainte-Marie;0.9;0.53
43240;Solignac-sous-Roche;6.1;1.91
43241;Solignac-sur-Loire;0.2;0.29
43242;Tailhac;3.6;-2.43
43244;Tence;3.5;0.34
43245;Thoras;0;0.07
43246;Tiranges;0;-0.75
43247;Torsiac;4.3;-1.46
43249;Valprivas;3.6;1.43
43250;Vals-le-Chastel;0;-1.99
43251;Vals-près-le-Puy;4.5;0.19
43252;Varennes-Saint-Honorat;0;1.34
43253;Les Vastres;0;-1.01
43254;Vazeilles-Limandre;0.9;0.91
43256;Venteuges;0;-0.48
43257;Vergezac;1.3;-0.93
43258;Vergongheon;2.2;-0.59
43259;Vernassal;0.7;0.56
43260;Le Vernet;0;-0.74
43261;Vézézoux;1.4;1.18
43262;Vieille-Brioude;0.9;0.57
43263;Vielprat;0;5.35
43264;Villeneuve-d'Allier;1.9;-0.52
43265;Les Villettes;1;0.63
43267;Vorey;3.3;0.37
43268;Yssingeaux;0.9;0.5
44001;Abbaretz;4.6;-0.13
44002;Aigrefeuille-sur-Maine;3;1.53
44003;Ancenis-Saint-Géréon;10.8;1.15
44005;Chaumes-en-Retz;1.8;1.43
44006;Assérac;2.2;0.76
44007;Avessac;1.9;-0.34
44009;Basse-Goulaine;7.8;1.36
44010;Batz-sur-Mer;3.6;-0.86
44012;La Bernerie-en-Retz;5.9;3.04
44013;Besné;3.2;1.69
44014;Le Bignon;2.5;1.09
44015;Blain;2.5;1.11
44016;La Boissière-du-Doré;0.8;1.15
44018;Bouaye;9.8;1.4
44019;Bouée;4.2;2.37
44020;Bouguenais;13.9;1.3
44021;Villeneuve-en-Retz;2.4;0.25
44022;Boussay;3.7;1.12
44023;Bouvron;2.6;-0.4
44024;Brains;4.9;-0.18
44025;Campbon;4.3;0.05
44026;Carquefou;8.9;0.97
44027;Casson;4.8;2.69
44028;Le Cellier;7.2;1.36
44029;Divatte-sur-Loire;3.2;1.08
44030;La Chapelle-des-Marais;3.1;1.24
44031;La Chapelle-Glain;0.9;-0.1
44032;La Chapelle-Heulin;5.8;0.89
44033;La Chapelle-Launay;9.1;1.42
44035;La Chapelle-sur-Erdre;12.3;0.95
44036;Châteaubriant;2;0.52
44037;Château-Thébaud;4.6;0.71
44038;Chauvé;1.1;1.27
44039;Cheix-en-Retz;1.2;1.9
44041;La Chevrolière;3.2;2.43
44043;Clisson;17.8;0.98
44044;Conquereuil;2.6;-0.56
44045;Cordemais;4.5;1.15
44046;Corsept;1.7;-0.43
44047;Couëron;10.3;2
44048;Couffé;2.9;-0.06
44049;Le Croisic;6.9;0.06
44050;Crossac;2.3;0.33
44051;Derval;1.1;0.43
44052;Donges;3;0.55
44053;Drefféac;2.1;0.75
44054;Erbray;1.3;0.44
44055;La Baule-Escoublac;5;1.21
44056;Fay-de-Bretagne;1.3;1.13
44057;Fégréac;1.1;-1.34
44058;Fercé;2;0.65
44061;Frossay;0.5;0.32
44062;Le Gâvre;1.3;0.91
44063;Gétigné;7.7;0.78
44064;Gorges;11.3;1.91
44065;Grand-Auverné;1;-0.04
44066;Grandchamp-des-Fontaines;4.8;2.84
44067;Guémené-Penfao;1.9;0.09
44068;Guenrouet;2.1;1.17
44069;Guérande;2.8;0.51
44070;La Haie-Fouassière;9.2;0.31
44071;Haute-Goulaine;6.4;0.67
44072;Herbignac;1.6;1.11
44073;Héric;3.7;1.61
44074;Indre;12.2;1.07
44075;Issé;3.6;-0.25
44076;Jans;3.1;0.48
44077;Joué-sur-Erdre;2.7;2.07
44078;Juigné-des-Moutiers;0.7;-1.17
44079;Le Landreau;2.2;1.28
44080;Lavau-sur-Loire;6.9;0.07
44081;Legé;0.5;1
44082;Ligné;3;1.41
44083;La Limouzinière;1.8;0.46
44084;Le Loroux-Bottereau;4.1;0.94
44085;Louisfert;1.8;-1.2
44086;Lusanger;2.1;0.46
44087;Machecoul-Saint-Même;3.6;0.6
44088;Maisdon-sur-Sèvre;2.7;0.91
44089;Malville;3.5;1.23
44090;La Marne;1.1;1.09
44091;Marsac-sur-Don;1.3;0.33
44092;Massérac;3.8;-0.51
44094;Mauves-sur-Loire;9.4;0.94
44095;La Meilleraye-de-Bretagne;2.9;0.81
44096;Mésanger;2.9;-0.02
44097;Mesquer;2.5;1.79
44098;Missillac;1.8;1.07
44099;Moisdon-la-Rivière;1.9;0.03
44100;Monnières;5.5;1.2
44101;La Montagne;9.1;0.81
44102;Montbert;2.6;1.3
44103;Montoir-de-Bretagne;6.2;0.49
44104;Montrelais;4.5;-0.31
44105;Mouais;1.2;-1.25
44106;Les Moutiers-en-Retz;6.6;2.67
44107;Mouzeil;2.5;1.12
44108;Mouzillon;3.8;0.54
44109;Nantes;28;0.97
44110;Nort-sur-Erdre;9.1;1.48
44111;Notre-Dame-des-Landes;3.2;1.43
44112;Noyal-sur-Brutz;0;-0.37
44113;Nozay;5.2;0.6
44114;Orvault;18.8;1.49
44115;Oudon;11;0.66
44116;Paimbœuf;2.7;-0.61
44117;Le Pallet;11.5;0.7
44118;Pannecé;3.5;1.34
44119;Paulx;1.5;0.53
44120;Le Pellerin;6.7;0.92
44121;Petit-Auverné;0.5;0.31
44122;Petit-Mars;3.2;1.17
44123;Pierric;1.3;0.47
44124;Le Pin;1.5;1.24
44125;Piriac-sur-Mer;2.9;2.76
44126;La Plaine-sur-Mer;2.2;1.74
44127;La Planche;1;1.19
44128;Plessé;2;0.13
44129;Pontchâteau;5.1;0.89
44130;Pont-Saint-Martin;4.7;2.81
44131;Pornic;3.9;3.79
44132;Pornichet;4.7;2.7
44133;Port-Saint-Père;4.6;0.76
44134;Pouillé-les-Côteaux;1.9;0.4
44135;Le Pouliguen;5.3;-1.58
44136;Préfailles;2.4;0.31
44137;Prinquiau;6;0.38
44138;Puceul;1.6;0.07
44139;Quilly;3.6;1.87
44140;La Regrippière;2.2;0.37
44141;La Remaudière;1.3;0.05
44142;Remouillé;2.8;0.29
44143;Rezé;21.1;1.19
44144;Riaillé;1.6;0.28
44145;Rouans;2.2;1.96
44146;Rougé;1.2;-0.64
44148;Ruffigné;1.8;-0.07
44149;Saffré;2.7;0.91
44150;Saint-Aignan-Grandlieu;6.5;0.33
44151;Saint-André-des-Eaux;2.1;1.5
44152;Sainte-Anne-sur-Brivet;2.6;0.17
44153;Saint-Aubin-des-Châteaux;0.5;-0.26
44154;Saint-Brevin-les-Pins;2.7;1.02
44155;Saint-Colomban;1;0.81
44156;Corcoué-sur-Logne;1.9;1.86
44157;Saint-Étienne-de-Mer-Morte;0.7;0.47
44158;Saint-Étienne-de-Montluc;6.7;1.8
44159;Saint-Fiacre-sur-Maine;5.1;0.83
44161;Saint-Gildas-des-Bois;2.9;0.06
44162;Saint-Herblain;18.9;1.37
44163;Vair-sur-Loire;5.2;0.94
44164;Saint-Hilaire-de-Chaléons;5;0.8
44165;Saint-Hilaire-de-Clisson;8.5;0.98
44166;Saint-Jean-de-Boiseau;8;0.95
44168;Saint-Joachim;3.2;0.59
44169;Saint-Julien-de-Concelles;4.9;2.02
44170;Saint-Julien-de-Vouvantes;1.1;-0.17
44171;Saint-Léger-les-Vignes;7.6;2.95
44172;Sainte-Luce-sur-Loire;10.1;1.04
44173;Saint-Lumine-de-Clisson;6.4;0.07
44174;Saint-Lumine-de-Coutais;1.4;1.95
44175;Saint-Lyphard;1.4;1.85
44176;Saint-Malo-de-Guersac;3;0.24
44178;Saint-Mars-de-Coutais;7.1;0.09
44179;Saint-Mars-du-Désert;2.4;2.14
44180;Vallons-de-l'Erdre;1.6;0.09
44182;Saint-Michel-Chef-Chef;1.5;2.31
44183;Saint-Molf;1.4;1.86
44184;Saint-Nazaire;10.2;0.79
44185;Saint-Nicolas-de-Redon;4;0.72
44186;Sainte-Pazanne;8.8;1.33
44187;Saint-Père-en-Retz;0.8;0.53
44188;Saint-Philbert-de-Grand-Lieu;3;0.99
44189;Sainte-Reine-de-Bretagne;2.6;0.65
44190;Saint-Sébastien-sur-Loire;16.6;0.91
44192;Saint-Viaud;1.1;2.48
44193;Saint-Vincent-des-Landes;2.5;0.07
44194;Sautron;7;1.26
44195;Savenay;9.9;1.91
44196;Sévérac;3.5;0.65
44197;Sion-les-Mines;0.8;0.62
44198;Les Sorinières;10.8;1.83
44199;Soudan;1;-0.29
44200;Soulvache;1.3;-0.58
44201;Sucé-sur-Erdre;9;1.16
44202;Teillé;2.5;0.32
44203;Le Temple-de-Bretagne;3.3;0.65
44204;Thouaré-sur-Loire;13.4;1.91
44205;Les Touches;3.6;0.86
44206;Touvois;0.9;1.28
44207;Trans-sur-Erdre;2.1;0.9
44208;Treffieux;2;2.09
44209;Treillières;6.3;2.5
44210;Trignac;4.8;0.75
44211;La Turballe;2.7;1.29
44212;Vallet;2.8;1.04
44213;Loireauxence;3;-0.07
44214;Vay;1.5;0.19
44215;Vertou;13.4;1.67
44216;Vieillevigne;2.2;0.62
44217;Vigneux-de-Bretagne;2.5;1.9
44218;Villepot;0.6;0.62
44220;Vue;0.9;0.68
44221;La Chevallerais;2.7;0.03
44222;La Roche-Blanche;4.3;0.97
44223;Geneston;2.4;0.24
44224;La Grigonnais;1.6;1.53
45001;Adon;1.2;-2.82
45002;Aillant-sur-Milleron;4.9;-1.07
45004;Amilly;8.3;0.95
45005;Andonville;3.7;1.17
45006;Ardon;2.2;0.64
45008;Artenay;3.3;1.3
45009;Aschères-le-Marché;2.7;-0.15
45010;Ascoux;3.2;-1.09
45011;Attray;0;-0.08
45012;Audeville;5.8;-0.55
45013;Augerville-la-Rivière;7;-1.25
45014;Aulnay-la-Rivière;2.4;-0.16
45015;Autruy-sur-Juine;3.4;1.02
45016;Autry-le-Châtel;0.3;-1.82
45017;Auvilliers-en-Gâtinais;2.3;-1.69
45018;Auxy;4.1;-0.4
45019;Baccon;2.2;-1.59
45020;Le Bardon;6;-1.47
45021;Barville-en-Gâtinais;4.3;-1.58
45022;Batilly-en-Gâtinais;0.5;-0.26
45023;Batilly-en-Puisaye;0;-1.49
45024;Baule;5.3;-0.66
45025;Bazoches-les-Gallerandes;1.8;-0.58
45026;Bazoches-sur-le-Betz;6.5;0.21
45027;Beauchamps-sur-Huillard;2.4;-0.45
45028;Beaugency;10.9;0.94
45029;Beaulieu-sur-Loire;1.1;-0.8
45030;Beaune-la-Rolande;1.9;-0.13
45031;Bellegarde;2.7;-2.98
45032;Le Bignon-Mirabeau;9.5;-0.89
45033;Boësses;2.9;-0.48
45034;Boigny-sur-Bionne;5.3;-0.41
45035;Boiscommun;1.3;0.06
45036;Boismorand;1.4;0.75
45037;Boisseaux;8.4;0.23
45038;Bondaroy;2;0.04
45039;Bonnée;0.7;-0.42
45040;Bonny-sur-Loire;2.2;-1.23
45041;Bordeaux-en-Gâtinais;2.1;-1.05
45042;Les Bordes;2;0.24
45043;Bou;3.7;1.43
45044;Bougy-lez-Neuville;0;-0.52
45045;Bouilly-en-Gâtinais;0.7;-0.84
45046;Boulay-les-Barres;1.6;1.91
45047;Bouzonville-aux-Bois;2.3;-0.66
45049;Bouzy-la-Forêt;1.2;0.12
45050;Boynes;2.3;-0.45
45051;Bray-Saint-Aignan;1.1;0.16
45052;Breteau;5.6;2.28
45053;Briare;4.5;-1.19
45054;Briarres-sur-Essonne;4.5;-0.53
45055;Bricy;5.1;-0.45
45056;Bromeilles;10.2;-0.46
45058;Bucy-le-Roi;0;0.77
45059;Bucy-Saint-Liphard;1.1;1
45060;La Bussière;2.5;-1.12
45061;Cepoy;5.9;-0.14
45062;Cercottes;5.2;0.42
45063;Cerdon;0.9;-1.06
45064;Cernoy-en-Berry;3.5;-1.02
45065;Césarville-Dossainville;5.5;-2.85
45066;Chailly-en-Gâtinais;3.1;-0.12
45067;Chaingy;3.9;1.88
45068;Châlette-sur-Loing;11.7;0.28
45069;Chambon-la-Forêt;0.5;0.39
45070;Champoulet;0;1.34
45072;Chanteau;4.7;1.82
45073;Chantecoq;1.9;0.66
45074;La Chapelle-Onzerain;0;-1.84
45075;La Chapelle-Saint-Mesmin;9.2;0.43
45076;La Chapelle-Saint-Sépulcre;3.3;-1.49
45077;La Chapelle-sur-Aveyron;2.9;-0.68
45078;Chapelon;1.9;-0.84
45079;Le Charme;2.3;0.11
45080;Charmont-en-Beauce;2.6;-1.44
45081;Charsonville;2.3;-0.14
45082;Châteauneuf-sur-Loire;1.6;0.79
45083;Château-Renard;2.6;-0.91
45084;Châtenoy;0.5;-2.18
45085;Châtillon-Coligny;2.4;-0.35
45086;Châtillon-le-Roi;2.7;-0.06
45087;Châtillon-sur-Loire;1.2;-0.05
45088;Chaussy;3.9;-2.95
45089;Chécy;6.2;0.48
45091;Chevannes;3.9;-0.1
45092;Chevillon-sur-Huillard;2.6;1.19
45093;Chevilly;3.3;-0.22
45094;Chevry-sous-le-Bignon;8;0.07
45095;Chilleurs-aux-Bois;2.7;0.87
45096;Les Choux;1.2;0.94
45097;Chuelles;3.7;0.55
45098;Cléry-Saint-André;2.4;0.42
45099;Coinces;0.8;-2.02
45100;Combleux;7.7;0.65
45101;Combreux;4.3;-0.43
45102;Conflans-sur-Loing;3.5;-0.32
45103;Corbeilles;4.4;0.42
45104;Corquilleroy;3.4;0.25
45105;Cortrat;15.6;1.05
45107;Coudroy;1.7;-1.63
45108;Coullons;1.1;-1.27
45109;Coulmiers;2.9;0.63
45110;Courcelles-le-Roi;3.3;0.81
45111;Courcy-aux-Loges;2;0.64
45112;La Cour-Marigny;1.8;1.08
45113;Courtemaux;5.6;-0.13
45114;Courtempierre;2.2;-1.62
45115;Courtenay;3.9;-1
45116;Cravant;4.5;-0.29
45118;Crottes-en-Pithiverais;1.7;-1.01
45119;Dadonville;4.8;-0.49
45120;Dammarie-en-Puisaye;1.3;0.1
45121;Dammarie-sur-Loing;7.2;-1.31
45122;Dampierre-en-Burly;2.4;-0.41
45123;Darvoy;1.7;0.29
45124;Desmonts;5.2;0.2
45125;Dimancheville;2.2;-1.34
45126;Donnery;1.9;0.32
45127;Dordives;15.9;-0.42
45129;Douchy-Montcorbon;3.5;-0.82
45130;Dry;2.7;0.23
45131;Échilleuses;8.5;-0.34
45132;Égry;0.6;-0.55
45133;Engenville;3.1;-0.81
45134;Épieds-en-Beauce;0.4;-0.1
45135;Erceville;7.5;-0.88
45136;Ervauville;5.7;0.42
45137;Escrennes;1.6;-0.57
45138;Escrignelles;3.7;1.54
45139;Estouy;2.8;-0.39
45141;Faverelles;0;2.26
45142;Fay-aux-Loges;1.2;0.39
45143;Feins-en-Gâtinais;0;-3.43
45144;Férolles;0.6;-0.33
45145;Ferrières-en-Gâtinais;12.2;0.57
45146;La Ferté-Saint-Aubin;5.3;-0.17
45147;Fleury-les-Aubrais;21.4;0.54
45148;Fontenay-sur-Loing;9.1;-0.38
45149;Foucherolles;4.4;0.85
45150;Fréville-du-Gâtinais;2.2;-0.37
45151;Gaubertin;2.5;-0.78
45152;Gémigny;0;0.71
45153;Germigny-des-Prés;1.5;-0.74
45154;Gidy;2.7;0.28
45155;Gien;3;-0.82
45156;Girolles;1.5;-0.76
45157;Givraines;0.5;0.08
45158;Gondreville;3.9;-0.69
45159;Grangermont;2.5;-1.52
45160;Greneville-en-Beauce;2.2;-0.39
45161;Griselles;4.9;0.41
45162;Guigneville;1.7;0.28
45164;Guilly;0.3;0.59
45165;Gy-les-Nonains;4.6;-0.86
45166;Huêtre;1.3;0.12
45167;Huisseau-sur-Mauves;3.3;0.91
45168;Ingrannes;0.8;0.5
45169;Ingré;7.8;1.7
45170;Intville-la-Guétard;5.1;5.49
45171;Isdes;1.2;-0.67
45173;Jargeau;2.1;0.21
45174;Jouy-en-Pithiverais;0.8;-0.31
45175;Jouy-le-Potier;1.8;3.16
45176;Juranville;1.5;-0.49
45177;Laas;0.8;0.49
45178;Ladon;4.4;-0.01
45179;Lailly-en-Val;2.9;0.12
45180;Langesse;5;2.08
45181;Léouville;4.3;1.39
45182;Ligny-le-Ribault;1.6;0.16
45183;Lion-en-Beauce;1.7;-2.38
45184;Lion-en-Sullias;1.1;-0.88
45185;Lombreuil;3.4;0.17
45186;Lorcy;1.2;0.88
45187;Lorris;1.3;0.59
45188;Loury;1.9;0.65
45189;Louzouer;2.7;-2.08
45191;Le Malesherbois;14.7;-0.23
45193;Marcilly-en-Villette;4.5;0.7
45194;Mardié;3.1;1.79
45195;Mareau-aux-Bois;1.1;-0.49
45196;Mareau-aux-Prés;2.4;4.63
45197;Marigny-les-Usages;4;3.73
45198;Marsainvilliers;6.3;0.94
45199;Melleroy;2;0.13
45200;Ménestreau-en-Villette;2.3;-0.99
45201;Mérinville;20.5;-1.38
45202;Messas;5.7;2.6
45203;Meung-sur-Loire;8.6;0.69
45204;Mézières-lez-Cléry;3.4;0.53
45205;Mézières-en-Gâtinais;4.3;-0.75
45206;Mignères;0.7;-0.21
45207;Mignerette;2.4;-1.59
45208;Montargis;18;0.69
45209;Montbarrois;0.9;-0.82
45210;Montbouy;2.8;-0.34
45212;Montcresson;1.1;-0.37
45213;Montereau;1.1;1.21
45214;Montigny;0.9;-0.41
45215;Montliard;5;0.07
45216;Mormant-sur-Vernisson;1.8;2.31
45217;Morville-en-Beauce;3.4;0.39
45218;Le Moulinet-sur-Solin;4.3;0.26
45219;Moulon;2.3;-1.3
45220;Nancray-sur-Rimarde;1.2;-1.1
45222;Nargis;5.8;-0.61
45223;Nesploy;0.7;-0.27
45224;Neuville-aux-Bois;2.3;1.38
45225;La Neuville-sur-Essonne;4.2;-2.48
45226;Neuvy-en-Sullias;0.6;0.21
45227;Nevoy;2.2;-0.23
45228;Nibelle;1.4;0.04
45229;Nogent-sur-Vernisson;5.2;0.21
45230;Noyers;0.9;-0.57
45231;Oison;3;-1.05
45232;Olivet;13.4;1.11
45233;Ondreville-sur-Essonne;2.8;-0.21
45234;Orléans;23.4;0.23
45235;Ormes;6.2;0.99
45237;Orville;3.6;1.64
45238;Ousson-sur-Loire;1.3;-1.1
45239;Oussoy-en-Gâtinais;3.5;0.48
45240;Outarville;5.7;-0.05
45241;Ouvrouer-les-Champs;1.9;-0.93
45242;Ouzouer-des-Champs;3.1;1.51
45243;Ouzouer-sous-Bellegarde;2.1;0.05
45244;Ouzouer-sur-Loire;2.2;-1.21
45245;Ouzouer-sur-Trézée;3.1;-0.45
45246;Pannecières;14.3;-1.63
45247;Pannes;4.3;0.07
45248;Patay;1.2;1.35
45249;Paucourt;7.4;0.33
45250;Pers-en-Gâtinais;1.8;-0.81
45251;Pierrefitte-ès-Bois;0;-1.12
45252;Pithiviers;5.9;-0.09
45253;Pithiviers-le-Vieil;0.9;-0.91
45254;Poilly-lez-Gien;1.4;0.35
45255;Préfontaines;4.7;-0.83
45256;Presnoy;5.7;0.6
45257;Pressigny-les-Pins;2.3;1.04
45258;Puiseaux;4.6;-0.32
45259;Quiers-sur-Bezonde;1.8;0.13
45260;Ramoulu;4.4;-0.47
45261;Rebréchien;1.2;0.72
45262;Rouvray-Sainte-Croix;0;-0.95
45263;Rouvres-Saint-Jean;7.7;1.59
45264;Rozières-en-Beauce;5.7;-1.57
45265;Rozoy-le-Vieil;9.2;-0.97
45266;Ruan;1.9;0.08
45268;Saint-Aignan-le-Jaillard;0.8;-0.14
45269;Saint-Ay;4.3;1.38
45270;Saint-Benoît-sur-Loire;4.6;-0.42
45271;Saint-Brisson-sur-Loire;1;-0.46
45272;Saint-Cyr-en-Val;5.7;0.69
45273;Saint-Denis-de-l'Hôtel;1.9;0
45274;Saint-Denis-en-Val;6;0.57
45275;Saint-Firmin-des-Bois;1.4;1.04
45276;Saint-Firmin-sur-Loire;4.5;-0.8
45277;Saint-Florent;0.6;-0.3
45278;Sainte-Geneviève-des-Bois;1;-0.28
45279;Saint-Germain-des-Prés;3.6;-0.46
45280;Saint-Gondon;0.9;-1.06
45281;Saint-Hilaire-les-Andrésis;4.6;1
45282;Saint-Hilaire-Saint-Mesmin;4.2;0.69
45283;Saint-Hilaire-sur-Puiseaux;6.2;-2.01
45284;Saint-Jean-de-Braye;14.1;1.35
45285;Saint-Jean-de-la-Ruelle;13.4;0.31
45286;Saint-Jean-le-Blanc;9.6;1.66
45288;Saint-Loup-des-Vignes;2.5;-0.38
45289;Saint-Lyé-la-Forêt;2.8;1.14
45290;Saint-Martin-d'Abbat;1.7;0.62
45291;Saint-Martin-sur-Ocre;1.3;-0.12
45292;Saint-Maurice-sur-Aveyron;3.9;-0.41
45293;Saint-Maurice-sur-Fessard;2.7;-0.75
45294;Saint-Michel;0;2.97
45296;Saint-Péravy-la-Colombe;2;0.35
45297;Saint-Père-sur-Loire;1;-0.3
45298;Saint-Pryvé-Saint-Mesmin;8.7;1.51
45299;Saint-Sigismond;0.8;0.25
45300;Sandillon;1.4;1.17
45301;Santeau;0.5;-0.9
45302;Saran;11;0.49
45303;Sceaux-du-Gâtinais;3.9;-0.64
45305;Seichebrières;0;1.35
45306;La Selle-en-Hermoy;4.3;-1.01
45307;La Selle-sur-le-Bied;5.3;0.21
45308;Semoy;6.4;0.25
45309;Sennely;1.2;-0.72
45310;Sermaises;7.4;0.61
45311;Sigloy;1;-0.35
45312;Solterre;2.5;-0.07
45313;Sougy;1.6;0
45314;Sully-la-Chapelle;1.3;1.23
45315;Sully-sur-Loire;0.8;-0.82
45316;Sury-aux-Bois;1.3;-0.4
45317;Tavers;7.1;-0.02
45320;Thignonville;5.5;0
45321;Thimory;3;-1.2
45322;Thorailles;1;1.61
45323;Thou;1.1;-1.48
45324;Tigy;1.5;0.99
45325;Tivernon;8.4;0.24
45326;Tournoisis;2;-1.29
45327;Traînou;2.1;0.63
45328;Treilles-en-Gâtinais;5.1;0.64
45329;Triguères;4.5;-0.52
45330;Trinay;0;-1.36
45331;Vannes-sur-Cosson;2.5;0.2
45332;Varennes-Changy;2.4;-0.04
45333;Vennecy;2.4;2.77
45334;Vieilles-Maisons-sur-Joudry;2.3;-0.55
45335;Vienne-en-Val;0.8;0.24
45336;Viglain;1.1;-0.42
45337;Villamblain;0.7;-0.24
45338;Villemandeur;5.8;0.16
45339;Villemoutiers;4.3;-0.31
45340;Villemurlin;0.5;-1.56
45341;Villeneuve-sur-Conie;2;-1.4
45342;Villereau;1.7;1.53
45343;Villevoques;0;-1.3
45344;Villorceau;6.9;-0.93
45345;Vimory;2.7;-1.37
45346;Vitry-aux-Loges;0.6;0.69
45347;Vrigny;1;-0.69
45348;Yèvre-la-Ville;2.8;-0.97
46001;Albas;2.1;0.13
46002;Albiac;0;3.16
46003;Alvignac;1.8;-0.95
46004;Anglars;0;0.7
46005;Anglars-Juillac;4.8;0.61
46006;Anglars-Nozac;0.5;1.98
46007;Arcambal;0.5;0.05
46008;Les Arques;0;1.39
46009;Assier;1.8;1.23
46010;Aujols;1.4;0.59
46011;Autoire;0;0.63
46012;Aynac;0;0
46013;Bach;5;2.26
46015;Bagnac-sur-Célé;0.7;0.05
46016;Baladou;0.6;-0.63
46017;Bannes;6;2.1
46018;Le Bastit;0;-1.57
46020;Beauregard;1;-0.36
46021;Béduer;0;0.07
46022;Bélaye;1.7;-1.98
46023;Belfort-du-Quercy;0.5;-0.1
46024;Belmont-Bretenoux;0;0.33
46026;Belmont-Sainte-Foi;0;4.16
46027;Berganty;0;3.24
46028;Bétaille;0.7;1.59
46029;Biars-sur-Cère;0.1;-1.14
46030;Bio;0;-0.48
46031;Blars;0;0
46032;Boissières;1.9;-0.3
46033;Porte-du-Quercy;0.9;-1.37
46034;Le Bourg;0;-1.27
46035;Boussac;0;-0.45
46036;Le Bouyssou;3.6;-2.84
46037;Bouziès;0;2.72
46038;Bretenoux;1.4;0.69
46039;Brengues;0;-0.9
46040;Cabrerets;2.3;-0.52
46041;Cadrieu;1.4;0.5
46042;Cahors;6.9;0.42
46043;Cahus;0;-2.01
46044;Caillac;2.3;-0.39
46045;Cajarc;1.5;0.04
46046;Calamane;0.4;0
46047;Calès;1.9;-0.3
46049;Calvignac;2.2;2.48
46050;Cambayrac;0;-2.06
46051;Cambes;0.6;-0.66
46052;Camboulit;1.9;-0.2
46053;Camburat;0.9;1.13
46054;Caniac-du-Causse;3.2;0.86
46055;Capdenac;0.5;-0.47
46056;Carayac;4.8;1.3
46057;Cardaillac;1.5;0.49
46058;Carennac;1.1;0.72
46059;Carlucet;1;0.38
46060;Carnac-Rouffiac;0;1.13
46061;Cassagnes;0;-1.37
46062;Castelfranc;0;0.36
46063;Castelnau-Montratier;0.3;-0.67
46064;Catus;0.9;0.9
46065;Cavagnac;0.6;-1.98
46066;Cazals;0.6;0.65
46068;Cénevières;0;0.96
46069;Cézac;0;0.67
46070;Cieurac;0.4;3.22
46072;Concorès;0;-1.06
46073;Concots;1.5;-0.4
46074;Condat;0;-0.37
46075;Corn;2.3;1.55
46076;Cornac;0;0.38
46078;Couzou;2.4;0.71
46079;Cras;0;-0.17
46080;Crayssac;0.5;1.14
46081;Crégols;6.5;0.62
46082;Cremps;4.1;1.21
46083;Cressensac-Sarrazac;0.4;0.34
46084;Creysse;4.2;0.83
46085;Cuzac;1.2;-0.21
46086;Cuzance;2.2;1.61
46087;Dégagnac;0.8;-0.49
46088;Douelle;1.2;0.49
46089;Duravel;4;-0.42
46090;Durbans;1.5;2.37
46091;Escamps;6.7;0.32
46092;Esclauzels;1.4;-0.38
46093;Espagnac-Sainte-Eulalie;2.4;0
46094;Espédaillac;4.2;1.11
46095;Espère;1.6;-0.69
46096;Espeyroux;0;-0.17
46097;Estal;0;-0.46
46098;Fajoles;0;1.28
46100;Faycelles;2.2;1.66
46101;Felzins;0;1.19
46102;Figeac;4.2;-0.13
46103;Saint-Paul-Flaugnac;0.5;-0.22
46104;Flaujac-Gare;0;-2.96
46105;Flaujac-Poujols;1.1;1.14
46106;Floirac;3.5;-1.76
46107;Floressas;0;1.99
46108;Fons;0;-0.12
46109;Fontanes;0.9;2.15
46111;Fourmagnac;0;1.92
46112;Francoulès;0.8;2.8
46113;Frayssinet;0;0.38
46114;Frayssinet-le-Gélat;0;0.92
46115;Frayssinhes;0;-0.4
46116;Frontenac;0;0.73
46117;Gagnac-sur-Cère;2;-0.38
46118;Gignac;1;0.55
46119;Gigouzac;2.4;2.38
46120;Gindou;0;2.16
46121;Ginouillac;0;-1.46
46122;Gintrac;2.3;-1.65
46123;Girac;0;-1.22
46124;Glanes;0;-0.44
46125;Gorses;1.3;0.91
46126;Goujounac;1.1;-0.38
46127;Gourdon;2.9;-0.49
46128;Gramat;2.1;-0.44
46129;Gréalou;0;1.45
46130;Grézels;0;0.8
46131;Grèzes;0;-1.69
46132;Issendolus;0.4;0.32
46133;Issepts;0.8;3.45
46134;Les Junies;5.6;-0.96
46135;Labastide-du-Haut-Mont;0;-1.44
46136;Labastide-du-Vert;1.6;0.94
46137;Labastide-Marnhac;1.2;1.31
46138;Cœur de Causse;0.9;-1.22
46139;Labathude;0;-0.96
46140;Laburgade;1.7;1.06
46142;Lacapelle-Cabanac;0;0.9
46143;Lacapelle-Marival;0.2;-0.01
46144;Lacave;0;-0.19
46145;Lachapelle-Auzac;0;0.04
46146;Ladirat;2.6;-1.76
46147;Lagardelle;0;0.27
46148;Lalbenque;1.3;1.96
46149;Lamagdelaine;1;0.28
46151;Lamothe-Cassel;3.8;-3.39
46152;Lamothe-Fénelon;2.6;1.78
46153;Lanzac;0.9;-0.66
46154;Laramière;0;0.33
46155;Larnagol;0;0.12
46156;Bellefont-La Rauze;0.8;-0.5
46157;Larroque-Toirac;0;-0.13
46159;Latouille-Lentillac;1;1.13
46160;Latronquière;0;-0.83
46161;Lauresses;0;-1.87
46162;Lauzès;0;2.29
46163;Laval-de-Cère;0;-0.94
46164;Lavercantière;1.3;0.21
46165;Lavergne;0;1.33
46167;Lentillac-du-Causse;0;1.46
46168;Lentillac-Saint-Blaise;0;2.26
46169;Léobard;2;0.76
46170;Leyme;0.7;-0.13
46171;Lherm;0;0.29
46172;Pern-Lhospitalet;0.7;-0.29
46173;Limogne-en-Quercy;2;1.63
46174;Linac;3.3;1.03
46175;Lissac-et-Mouret;1.3;0.43
46176;Livernon;0;0.93
46177;Loubressac;2.7;-1.12
46178;Loupiac;0.9;0.82
46179;Lugagnac;7.1;0.9
46180;Lunan;0.3;1.37
46181;Lunegarde;0;-1.03
46182;Luzech;1.6;-0.44
46183;Marcilhac-sur-Célé;1.8;-1.3
46184;Marminiac;2.3;-0.84
46185;Martel;0.2;0.41
46186;Masclat;0;-0.05
46187;Mauroux;0.9;0.97
46188;Maxou;0;-0.9
46189;Mayrinhac-Lentour;0.4;-0.67
46190;Mechmont;3.7;0.4
46191;Mercuès;1.2;0.81
46192;Meyronne;0;-1.15
46193;Miers;1.1;-0.18
46194;Milhac;0;1.22
46195;Molières;0;-0.46
46196;Montamel;5.1;-2.66
46197;Le Montat;0.8;0.97
46198;Montbrun;0;2.81
46199;Montcabrier;1.7;-0.57
46200;Montcléra;1;0
46201;Montcuq-en-Quercy-Blanc;1.7;1
46202;Montdoumerc;0.5;1.19
46203;Montet-et-Bouxal;0;-0.61
46204;Montfaucon;0;0
46205;Montgesty;1;-0.76
46206;Montlauzun;2.1;-0.54
46207;Montredon;0;0.22
46208;Montvalent;1.5;1.36
46209;Nadaillac-de-Rouge;2.9;1.02
46210;Nadillac;0;2.76
46211;Nuzéjouls;0;-1.4
46212;Orniac;3.6;0
46213;Padirac;2.2;2.37
46214;Parnac;0.7;0.4
46215;Payrac;2.2;0.98
46216;Payrignac;0.8;-0.72
46218;Pescadoires;1.6;-0.61
46219;Peyrilles;1.4;-1.11
46220;Pinsac;1.2;0.13
46221;Planioles;0.8;1.14
46222;Pomarède;0;0.91
46223;Pontcirq;0;3.74
46224;Pradines;3.2;0.86
46225;Prayssac;1.6;0.64
46226;Prendeignes;2.6;0.14
46227;Promilhanes;1.5;0.37
46228;Prudhomat;0.3;0.44
46229;Puybrun;0;0.2
46230;Puyjourdes;0;0
46231;Puy-l'Évêque;0.7;-0.98
46232;Le Vignon-en-Quercy;0.9;-1.22
46233;Quissac-en-Quercy;2.2;-1.06
46234;Rampoux;0;0.84
46235;Reilhac;0;-0.29
46236;Reilhaguet;0;2.4
46237;Reyrevignes;0;-0.49
46238;Rignac;0.8;1.57
46239;Le Roc;1.2;-0.63
46240;Rocamadour;0.8;-0.35
46241;Rouffilhac;2.3;1.06
46242;Rudelle;1.1;1.52
46243;Rueyres;1.1;-0.42
46244;Sabadel-Latronquière;0;-0.35
46245;Sabadel-Lauzès;0;2.17
46246;Saignes;2.9;-1.29
46247;Saillac;1.5;-1.39
46249;Saint-Bressou;0;0.99
46250;Saint-Caprais;0;2.01
46251;Saint-Céré;1.3;0
46252;Les Pechs du Vers;0;0.22
46253;Saint-Chamarand;0;-0.95
46254;Saint-Chels;0;0.12
46255;Saint-Cirgues;1.3;-1.38
46256;Saint-Cirq-Lapopie;0;0
46257;Saint-Cirq-Madelon;0;2.73
46258;Saint-Cirq-Souillaguet;1.9;1.43
46259;Saint-Clair;1.8;-0.8
46260;Sainte-Colombe;0;1.98
46262;Lendou-en-Quercy;0;-0.55
46263;Barguelonne-en-Quercy;1.8;0.6
46264;Saint-Denis-Catus;1.1;2.8
46265;Saint-Denis-lès-Martel;2.8;-0.05
46266;Saint-Félix;0.9;0.22
46267;Saint-Germain-du-Bel-Air;0.5;1.03
46268;Saint Géry-Vers;2.4;0.96
46269;Saint-Hilaire;0;-1.53
46270;Saint-Jean-de-Laur;1.1;1.05
46271;Saint-Jean-Lespinasse;0;1.01
46272;Saint-Jean-Mirabel;0.7;5.43
46273;Saint-Laurent-les-Tours;0.9;-1.26
46276;Saint-Martin-Labouval;2.8;1.24
46277;Saint-Martin-le-Redon;0;-1.23
46279;Saint-Maurice-en-Quercy;0;-1.32
46280;Saint-Médard;0;1.57
46281;Saint-Médard-de-Presque;1.2;0.08
46282;Saint-Médard-Nicourby;0;1.62
46283;Saint-Michel-de-Bannières;2;0.7
46284;Saint-Michel-Loubéjou;0.6;0.61
46286;Saint-Paul-de-Vern;0;-0.84
46288;Saint-Perdoux;0;-0.25
46289;Saint-Pierre-Toirac;1.6;1.61
46290;Saint-Projet;0;0.43
46292;Saint-Simon;6.8;2.13
46293;Saint-Sozy;0;0.92
46294;Saint-Sulpice;4.3;-1.31
46295;Saint-Vincent-du-Pendit;0;3.12
46296;Saint-Vincent-Rive-d'Olt;1.1;-0.46
46297;Salviac;2.8;0.05
46299;Sauliac-sur-Célé;3.1;-0.84
46301;Sauzet;0.5;0.57
46302;Sénaillac-Latronquière;0;-1.24
46303;Sénaillac-Lauzès;0;2.1
46304;Séniergues;3.2;1.85
46305;Sérignac;0;1.98
46306;Sonac;0;1.51
46307;Soturac;0.4;0.1
46308;Soucirac;4.9;0.49
46309;Souillac;2.1;-0.73
46310;Soulomès;2;2.01
46311;Sousceyrac-en-Quercy;0;-0.31
46312;Strenquels;1.6;0.06
46313;Tauriac;0.5;2
46314;Terrou;1.3;0.39
46315;Teyssieu;3.2;-1.27
46316;Thédirac;2.5;-0.22
46317;Thégra;1.5;0.66
46318;Thémines;0;1.91
46319;Théminettes;0;1.14
46320;Tour-de-Faure;2.6;-0.31
46321;Touzac;0.7;-0.63
46322;Trespoux-Rassiels;2.1;0.37
46323;Ussel;5.3;1.08
46324;Uzech;0;-1.34
46328;Varaire;0.7;2.06
46329;Vaylats;2.8;0.47
46330;Vayrac;0.9;-0.17
46332;Viazac;0;0.55
46333;Vidaillac;0;1.53
46334;Le Vigan-en-Quercy;0.7;-0.37
46335;Villesèque;0.6;0.12
46336;Vire-sur-Lot;0.7;-0.62
46337;Mayrac;1.7;0
46338;Bessonies;0;-1.5
46339;Saint-Jean-Lagineste;1.3;3.42
46340;Saint-Pierre-Lafeuille;0;1.31
47001;Agen;6.4;-0.7
47002;Agmé;0;0.32
47003;Agnac;2.2;1.95
47004;Aiguillon;1.9;-1.52
47005;Allemans-du-Dropt;0.6;-0.34
47006;Allez-et-Cazeneuve;0;0.87
47007;Allons;0;0.3
47008;Ambrus;0;-0.45
47009;Andiran;1;2.77
47010;Antagnac;2;-1.15
47011;Anthé;1.4;-0.25
47012;Anzex;3.7;0.68
47013;Argenton;0.9;0.27
47014;Armillac;0;1
47015;Astaffort;2.8;-0.45
47016;Aubiac;0.9;1.1
47017;Auradou;1.4;1.51
47018;Auriac-sur-Dropt;1.5;-0.56
47019;Bajamont;0.7;0.32
47020;Baleyssagues;1.4;1.3
47021;Barbaste;1.3;-0.11
47022;Bazens;2.8;-1.02
47023;Beaugas;0;-1.44
47024;Beaupuy;3;0.18
47025;Beauville;0.4;-0.53
47026;Beauziac;0;-0.82
47027;Bias;0.8;-0.42
47028;Birac-sur-Trec;1.4;-0.4
47029;Blanquefort-sur-Briolance;0.6;1.57
47030;Blaymont;1.1;0.47
47031;Boé;5.1;0.59
47032;Bon-Encontre;2;0.45
47033;Boudy-de-Beauregard;0.6;-0.62
47034;Bouglon;0.4;1.12
47035;Bourgougnague;0;-1.48
47036;Bourlens;0.7;-0.13
47037;Bournel;1.3;0.61
47038;Bourran;0.4;0.05
47039;Boussès;0;1.27
47040;Brax;1.5;0.34
47041;Bruch;1;-1.4
47042;Brugnac;0;-0.19
47043;Buzet-sur-Baïse;1.5;-0.67
47044;Cahuzac;0.9;0.27
47045;Calignac;0.4;-0.24
47046;Calonges;1.2;-1.35
47047;Cambes;0;-0.19
47048;Cancon;0.2;0.21
47049;Casseneuil;0.6;-0.23
47050;Cassignas;0;0.67
47051;Castelculier;1.1;0.17
47052;Casteljaloux;1.4;0.05
47053;Castella;2.1;0.68
47054;Castelmoron-sur-Lot;1.9;0.85
47055;Castelnaud-de-Gratecambe;0;0.56
47056;Castelnau-sur-Gupie;1.4;0.48
47057;Castillonnès;1;-0.99
47058;Caubeyres;0;1.34
47059;Caubon-Saint-Sauveur;1.1;0.78
47060;Caudecoste;1.7;1.21
47061;Caumont-sur-Garonne;1.6;2.52
47062;Cauzac;0.6;-0.52
47063;Cavarc;0;-0.21
47064;Cazideroque;0;1.13
47065;Clairac;2.1;-0.37
47066;Clermont-Dessous;1.8;-1.13
47067;Clermont-Soubiran;0;1.2
47068;Cocumont;2.2;0.23
47069;Colayrac-Saint-Cirq;2.3;0.35
47070;Condezaygues;0.4;-0.37
47071;Coulx;0;1.16
47072;Courbiac;2.7;-1.6
47073;Cours;0;-0.76
47074;Couthures-sur-Garonne;0.7;1.14
47075;La Croix-Blanche;2.5;1.09
47076;Cuq;3.7;1.11
47077;Cuzorn;1;0
47078;Damazan;2.2;0.15
47079;Dausse;0;1
47080;Dévillac;0;2.93
47081;Dolmayrac;0.9;0.09
47082;Dondas;0;0.16
47083;Doudrac;2.1;4.49
47084;Douzains;0;-0.25
47085;Durance;0;-1.31
47086;Duras;1.4;-1.48
47087;Engayrac;0;-0.81
47088;Escassefort;2.1;1.7
47089;Esclottes;0;0.95
47090;Espiens;0;-0.9
47091;Estillac;1.3;3.18
47092;Fals;1;1.66
47093;Fargues-sur-Ourbise;0;-0.1
47094;Fauguerolles;1.4;0.92
47095;Fauillet;1.4;0.33
47096;Ferrensac;0;-1.11
47097;Feugarolles;1;0.52
47098;Fieux;0;-1.08
47099;Fongrave;1.6;0
47100;Foulayronnes;2.8;0.34
47101;Fourques-sur-Garonne;1.3;-0.01
47102;Francescas;2.7;-0.45
47103;Fréchou;0;0.07
47104;Frégimont;0;0.75
47105;Frespech;0;-1.19
47106;Fumel;2.2;-0.52
47107;Galapian;0;0.72
47108;Gaujac;0;-1.26
47109;Gavaudun;0;1.38
47110;Gontaud-de-Nogaret;0.9;-0.4
47111;Granges-sur-Lot;2;-0.17
47112;Grateloup-Saint-Gayrand;0.5;1.49
47113;Grayssas;0;2.07
47114;Grézet-Cavagnan;0.6;0.98
47115;Guérin;1.9;-0.27
47117;Hautefage-la-Tour;0.6;0.96
47118;Hautesvignes;0;-0.69
47119;Houeillès;1.1;-0.77
47120;Jusix;0;-4.38
47121;Labastide-Castel-Amouroux;0.8;0.54
47122;Labretonie;2.6;-0.67
47123;Lacapelle-Biron;0;-1.35
47124;Lacaussade;3.4;-0.78
47125;Lacépède;2.1;-0.36
47126;Lachapelle;2.4;4.85
47127;Lafitte-sur-Lot;0.6;-0.34
47128;Lafox;0.7;-1.1
47129;Lagarrigue;4.1;-0.42
47130;Lagruère;3;-0.19
47131;Lagupie;1.4;-1.19
47132;Lalandusse;2.2;0.08
47133;Lamontjoie;0.4;0.99
47134;Lannes;2.1;-0.54
47135;Laparade;0;0.82
47136;Laperche;0;1.76
47137;Laplume;0.8;-1.09
47138;Laroque-Timbaut;7.3;-0.84
47139;Lasserre;0;4.79
47140;Laugnac;1.2;1
47141;Laussou;1;-1.44
47142;Lauzun;2.7;-0.27
47143;Lavardac;0.5;0.38
47144;Lavergne;0;-0.98
47145;Layrac;1.2;1.44
47146;Lédat;0.3;0.4
47147;Lévignac-de-Guyenne;1.6;0.32
47148;Leyritz-Moncassin;0;-0.16
47150;Longueville;0.6;0.5
47151;Loubès-Bernac;1.4;-0.12
47152;Lougratte;0.7;0.73
47154;Lusignan-Petit;1.1;0.33
47155;Madaillan;0.7;0.33
47156;Marcellus;1.7;0.15
47157;Marmande;4.1;-0.27
47158;Marmont-Pachas;0;0.41
47159;Le Mas-d'Agenais;1.9;-0.1
47160;Masquières;0;-0.65
47161;Massels;0;0.43
47162;Massoulès;1.3;-0.65
47163;Mauvezin-sur-Gupie;0.8;0.58
47164;Mazières-Naresse;0;-4.19
47165;Meilhan-sur-Garonne;3;-0.04
47167;Mézin;0.6;-1.53
47168;Miramont-de-Guyenne;0.7;-0.57
47169;Moirax;0.5;0.67
47170;Monbahus;0;0.68
47171;Monbalen;3.6;1.08
47172;Moncaut;1.9;-1.41
47173;Monclar;1.4;0.63
47174;Moncrabeau;0.6;0.32
47175;Monflanquin;0.5;0.37
47176;Montgaillard-en-Albret;4.4;-1.51
47177;Monheurt;1.5;-0.17
47178;Monségur;0;-0.04
47179;Monsempron-Libos;1;0.02
47180;Montagnac-sur-Auvignon;2;0.72
47181;Montagnac-sur-Lède;0.9;0.37
47182;Montastruc;1;-2.9
47183;Montauriol;3.2;3.95
47184;Montaut;1.1;0.6
47185;Montayral;0.8;-0.12
47186;Montesquieu;0.3;-0.72
47187;Monteton;2;-0.2
47188;Montignac-de-Lauzun;3;0.12
47189;Montignac-Toupinerie;2;-1.26
47190;Montpezat;0.9;-0.15
47191;Montpouillan;2.6;0.58
47192;Monviel;0;-0.63
47193;Moulinet;0;0.26
47194;Moustier;5.1;-0.57
47195;Nérac;1.5;0.09
47196;Nicole;3.2;0.64
47197;Nomdieu;1.8;0.2
47198;Pailloles;0;-1.17
47199;Pardaillan;1.4;1.41
47200;Parranquet;2.9;-0.29
47201;Le Passage;2.6;-0.33
47202;Paulhiac;0;0
47203;Penne-d'Agenais;1;0.99
47204;Peyrière;0;0.41
47205;Pindères;1.6;-1.89
47206;Pinel-Hauterive;1.3;0.06
47207;Pompiey;2.1;-0.84
47208;Pompogne;0;-1.61
47209;Pont-du-Casse;2;-0.21
47210;Port-Sainte-Marie;0.9;-0.86
47211;Poudenas;1.4;-3.97
47212;Poussignac;0;2.29
47213;Prayssas;2;-0.07
47214;Puch-d'Agenais;1;0.24
47215;Pujols;1.3;0.75
47216;Puymiclan;0.9;1.67
47217;Puymirol;1.7;-0.61
47218;Puysserampion;3.2;-0.13
47219;Rayet;0;-0.38
47220;Razimet;1.9;-0.76
47221;Réaup-Lisse;0.4;-0.28
47222;La Réunion;0;0.9
47223;Rives;0;-2.71
47224;Romestaing;0;-1.02
47225;Roquefort;5.2;2.11
47226;Roumagne;0.5;-0.68
47227;Ruffiac;2.9;1.26
47228;Saint-Antoine-de-Ficalba;1;-0.09
47229;Saint-Astier;0;-0.54
47230;Saint-Aubin;1.9;-1.58
47231;Saint-Avit;1.3;1.54
47232;Saint-Barthélemy-d'Agenais;1.6;0.64
47233;Sainte-Bazeille;2.6;0.24
47234;Saint-Caprais-de-Lerm;1.4;1.63
47235;Saint-Colomb-de-Lauzun;0;-0.21
47236;Sainte-Colombe-de-Duras;0;-0.65
47237;Sainte-Colombe-de-Villeneuve;0.4;0.13
47238;Sainte-Colombe-en-Bruilhois;0;-1.13
47239;Saint-Étienne-de-Fougères;0.3;0.82
47240;Saint-Étienne-de-Villeréal;1.6;-1.88
47241;Saint-Eutrope-de-Born;0.4;0.02
47242;Saint-Front-sur-Lémance;1.1;-1.12
47244;Sainte-Gemme-Martaillac;2.9;-1.64
47245;Saint-Géraud;3.1;-0.94
47246;Saint-Hilaire-de-Lusignan;1.5;0.13
47247;Saint-Jean-de-Duras;0.8;0.46
47248;Saint-Jean-de-Thurac;1.2;0.24
47249;Saint-Laurent;2.4;-2.15
47250;Saint-Léger;5;1.81
47251;Saint-Léon;0;0.41
47252;Sainte-Livrade-sur-Lot;1.2;0.36
47253;Sainte-Marthe;1.2;1.75
47254;Saint-Martin-Curton;1.9;-0.11
47255;Saint-Martin-de-Beauville;0;-2.27
47256;Saint-Martin-de-Villeréal;2.4;-0.62
47257;Saint-Martin-Petit;2.8;1.67
47258;Sainte-Maure-de-Peyriac;1.7;-1.89
47259;Saint-Maurice-de-Lestapel;0;-0.15
47260;Saint-Maurin;0.6;-2.97
47262;Saint-Nicolas-de-la-Balerme;0;0.77
47263;Saint-Pardoux-du-Breuil;0.8;0.24
47264;Saint-Pardoux-Isaac;0.9;-0.68
47265;Saint-Pastour;0;-0.73
47266;Saint-Pé-Saint-Simon;1.7;-2.17
47267;Saint-Pierre-de-Buzet;0.9;-0.71
47269;Saint-Pierre-de-Clairac;0.9;-0.11
47271;Saint-Pierre-sur-Dropt;0.7;1.62
47272;Saint-Quentin-du-Dropt;0;-1.04
47273;Saint-Robert;0;0.9
47274;Saint-Romain-le-Noble;0;-1.23
47275;Saint-Salvy;1.2;0.77
47276;Saint-Sardos;0.8;-0.06
47277;Saint-Sauveur-de-Meilhan;0.8;0.49
47278;Saint-Sernin;3;2.64
47279;Saint-Sixte;0.6;-0.23
47280;Saint-Sylvestre-sur-Lot;1.3;0.69
47281;Saint-Urcisse;0;0.99
47282;Saint-Vincent-de-Lamontjoie;0.9;-1.8
47283;Saint-Vite;0.3;0.28
47284;Salles;0.8;-0.17
47285;Samazan;1.3;-0.29
47286;Sauméjan;0;-2.62
47287;Saumont;0.9;-0.93
47288;Sauvagnas;0;-0.09
47289;La Sauvetat-de-Savères;0.4;-1.85
47290;La Sauvetat-du-Dropt;1;0.79
47291;La Sauvetat-sur-Lède;0.7;-0.28
47292;Sauveterre-la-Lémance;2.5;1.58
47293;Sauveterre-Saint-Denis;0.5;-0.88
47294;Savignac-de-Duras;2.2;-0.46
47295;Savignac-sur-Leyze;0;0.37
47296;Ségalas;0;-0.11
47297;Sembas;0;0.24
47298;Sénestis;2.4;-0.89
47299;Sérignac-Péboudou;0;0.1
47300;Sérignac-sur-Garonne;1.1;0.24
47301;Seyches;1.9;0.16
47302;Sos;0;-0.28
47303;Soumensac;0;-0.51
47304;Taillebourg;3.8;-0.99
47305;Tayrac;0.6;-0.89
47306;Le Temple-sur-Lot;0.8;1.52
47307;Thézac;0;1.16
47308;Thouars-sur-Garonne;0;0.84
47309;Tombebœuf;1.2;-0.55
47310;Tonneins;3;0.73
47311;Tourliac;0;0.61
47312;Tournon-d'Agenais;1.3;0.09
47313;Tourtrès;0;0.48
47314;Trémons;0.6;0.63
47315;Trentels;0.8;0.27
47316;Varès;3.8;-0.2
47317;Verteuil-d'Agenais;0.5;-1.48
47318;Vianne;1.4;-0.7
47319;Villebramar;0;1.45
47320;Villefranche-du-Queyran;3.6;0.58
47321;Villeneuve-de-Duras;3.8;0
47323;Villeneuve-sur-Lot;2.7;-0.31
47324;Villeréal;0.5;-0.09
47325;Villeton;1;0.65
47326;Virazeil;2.7;-0.18
47327;Xaintrailles;0.7;-1.58
47328;Saint-Georges;0;-1.25
48001;Albaret-le-Comtal;0;-3.49
48002;Albaret-Sainte-Marie;0;-0.41
48003;Allenc;0;2.03
48004;Altier;1.1;0.96
48005;Antrenas;0;-0.2
48007;Arzenc-d'Apcher;0;0.33
48008;Arzenc-de-Randon;0;-1.5
48009;Peyre en Aubrac;0;-0.13
48010;Auroux;0;-1.1
48012;Les Monts-Verts;0.7;-1.74
48013;Badaroux;0.5;-0.05
48015;Pied-de-Borne;1.1;0.6
48016;Balsièges;0;1.28
48017;Banassac-Canilhac;0.6;0.43
48018;Barjac;0.5;0.89
48019;Barre-des-Cévennes;1.1;-0.41
48020;Bassurels;7.7;0.54
48021;La Bastide-Puylaurent;0;2.22
48025;Les Bessons;0;-0.69
48026;Blavignac;1.1;-1
48027;Mont Lozère et Goulet;0.7;1.16
48028;Les Bondons;0;-0.23
48029;Le Born;1.5;0.88
48030;Brenoux;2.1;0.39
48031;Brion;0;1.21
48032;Le Buisson;0;-0.66
48034;La Canourgue;0.2;-0.48
48036;Cassagnas;6.8;0.68
48037;Chadenet;0;3.37
48038;Bel-Air-Val-d'Ance;1.5;0.73
48039;Chanac;0.8;-0.44
48041;Chastanier;0;0.22
48042;Chastel-Nouvel;0;1.39
48043;Châteauneuf-de-Randon;1;-1.32
48044;Chauchailles;0;-2.3
48045;Chaudeyrac;0;-1.43
48046;Chaulhac;0;-3.04
48048;Cheylard-l'Évêque;0;0
48050;Bédouès-Cocurès;1;-1.18
48051;Le Collet-de-Dèze;1;-2.22
48053;Cubières;0;1.68
48054;Cubiérettes;0;-2.69
48055;Cultures;0;3.97
48056;Esclanèdes;0.4;1.78
48058;La Fage-Montivernoux;0;-2.62
48059;La Fage-Saint-Julien;0;0.5
48061;Florac Trois Rivières;0;0.34
48063;Fontans;0;0.83
48064;Fournels;1.5;0.23
48065;Fraissinet-de-Fourques;0;1.73
48067;Gabriac;3.2;0.5
48068;Gabrias;0;1.2
48069;Gatuzières;6.7;-1.8
48070;Grandrieu;0.3;-0.02
48071;Grandvals;0;-3.92
48072;Grèzes;0;-0.39
48073;Les Hermaux;0;0.16
48074;Hures-la-Parade;0.9;-1.88
48075;Ispagnac;0.3;0.09
48077;Julianges;4.8;-2.82
48079;Lajo;0;2.48
48080;Langogne;0.2;-0.15
48081;Lanuéjols;0;2.77
48082;Laubert;0;0.5
48083;Les Laubies;2.8;-1.47
48085;Laval-du-Tarn;4.5;0.66
48086;Luc;0;-1.01
48087;Prinsuéjols-Malbouzon;0.8;-2.27
48088;La Malène;0;-1.45
48089;Le Malzieu-Forain;0;0.8
48090;Le Malzieu-Ville;0.7;0.18
48091;Marchastel;0;-3.58
48092;Marvejols;5.1;-0.08
48094;Massegros Causses Gorges;0.9;-0.7
48095;Mende;1.1;0.64
48096;Meyrueis;1.8;-1.13
48097;Moissac-Vallée-Française;3.4;-0.3
48098;Molezon;8.3;0.7
48099;Bourgs sur Colagne;1.2;-0.72
48100;Montbel;0;4.64
48103;Montrodat;0.2;-0.87
48104;Nasbinals;0.9;2.08
48105;Naussac-Fontanes;0.6;0.79
48106;Noalhac;2.4;-0.52
48107;Palhers;0;0.35
48108;La Panouse;0;1.43
48110;Paulhac-en-Margeride;3.3;-1.38
48111;Pelouse;0;-0.43
48112;Pierrefiche;0;-0.41
48115;Le Pompidou;1.5;2.06
48116;Pont de Montvert - Sud Mont Lozère;0.3;-1.67
48117;Pourcharesses;4.8;1.36
48119;Prévenchères;0;0.89
48121;Prunières;0;-2.25
48123;Recoules-d'Aubrac;0;-2.59
48124;Recoules-de-Fumas;0;-0.66
48126;Lachamp-Ribennes;1.7;1.65
48127;Monts-de-Randon;0.4;-1.29
48128;Rimeize;0;0.92
48129;Rocles;0;0.56
48130;Rousses;2.7;0.87
48131;Le Rozier;0;-1.01
48132;Saint-Alban-sur-Limagnole;0;0.52
48135;Saint-André-Capcèze;0;2.1
48136;Saint-André-de-Lancize;0;4.38
48137;Saint-Bauzile;0;-0.93
48138;Saint-Bonnet-de-Chirac;0;0.47
48139;Saint Bonnet-Laval;0;0
48140;Saint-Chély-d'Apcher;0.8;-0.55
48141;Mas-Saint-Chély;0;-2.12
48144;Sainte-Croix-Vallée-Française;1;1.5
48145;Saint-Denis-en-Margeride;0;-3.79
48146;Gorges du Tarn Causses;1;-1.24
48147;Saint-Étienne-du-Valdonnez;0;-0.16
48148;Saint-Étienne-Vallée-Française;1.8;-0.59
48149;Sainte-Eulalie;0;-0.46
48150;Saint-Flour-de-Mercoire;1.1;-0.62
48151;Saint-Frézal-d'Albuges;4;-2.03
48152;Ventalon en Cévennes;4.2;2.61
48153;Saint-Gal;0;-0.19
48155;Saint-Germain-de-Calberte;0.6;1.32
48156;Saint-Germain-du-Teil;2.2;-0.34
48157;Sainte-Hélène;0;-0.17
48158;Saint-Hilaire-de-Lavit;2;-2.14
48160;Saint-Jean-la-Fouillouse;1.9;-3.8
48161;Saint-Juéry;0;-3.29
48163;Saint-Julien-des-Points;0;1.17
48165;Saint-Laurent-de-Muret;1.1;0.35
48166;Cans et Cévennes;0.8;0.47
48167;Saint-Laurent-de-Veyrès;0;-1.84
48168;Saint-Léger-de-Peyre;1.2;0.36
48169;Saint-Léger-du-Malzieu;0;-0.16
48170;Saint-Martin-de-Boubaux;0;1.64
48171;Saint-Martin-de-Lansuscle;0;0.35
48173;Saint-Michel-de-Dèze;1.2;-1.46
48174;Saint-Paul-le-Froid;0;-0.85
48175;Saint-Pierre-de-Nogaret;0;-0.56
48176;Saint-Pierre-des-Tripiers;0;2.25
48177;Saint-Pierre-le-Vieux;0.9;-0.05
48178;Saint-Privat-de-Vallongue;1.7;1.05
48179;Saint-Privat-du-Fau;0;-2.31
48181;Saint-Saturnin;0;-1.63
48182;Saint-Sauveur-de-Ginestoux;0;0.86
48185;Les Salelles;1.3;0
48187;Les Salces;0;-1.58
48188;Serverette;0;-0.97
48190;Termes;0;0.94
48191;La Tieule;0;0.91
48192;Trélans;0;-0.73
48193;Vebron;0;2.07
48194;Vialas;2.1;0.49
48198;Villefort;0.9;1.97
49002;Allonnes;1.6;-0.56
49003;Tuffalun;0.5;-0.38
49007;Angers;17;0.69
49008;Angrie;1;-0.54
49009;Antoigné;0.8;-0.62
49010;Armaillé;2;0.21
49011;Artannes-sur-Thouet;1.1;-0.64
49012;Aubigné-sur-Layon;0.7;-0.79
49015;Avrillé;15.5;1.78
49017;Baracé;1.7;1.6
49018;Baugé-en-Anjou;1;-0.17
49020;Beaucouzé;5.5;1.95
49021;Beaufort-en-Anjou;2.6;-0.65
49022;Beaulieu-sur-Layon;1.3;-0.81
49023;Beaupréau-en-Mauges;0.4;0.53
49026;Bécon-les-Granits;1.5;-0.17
49027;Bégrolles-en-Mauges;0.7;0.6
49028;Béhuard;12.5;-0.55
49029;Blaison-Saint-Sulpice;1.3;1.17
49030;Blou;1.2;-1.03
49035;Bouchemaine;6.2;-0.18
49036;Bouillé-Ménard;0.3;0.66
49038;Bourg-l'Évêque;0;-1.02
49041;Brain-sur-Allonnes;1.3;0.87
49045;La Breille-les-Pins;3.2;0.49
49048;Briollay;4.1;1.63
49050;Brissac Loire Aubance;1.9;0.3
49053;Brossay;1.9;-1.06
49054;Candé;2.4;-0.18
49055;Cantenay-Épinard;3.5;1.33
49056;Carbay;0;1.53
49057;Cernusson;0;-1.58
49058;Les Cerqueux;0.3;0.23
49060;Bellevigne-les-Châteaux;2.1;-0.48
49061;Challain-la-Potherie;1.7;-0.1
49063;Chalonnes-sur-Loire;5;-0.04
49064;Chambellay;0.6;0.71
49067;Chenillé-Champteussé;0.6;-0.62
49068;Champtocé-sur-Loire;5.1;-0.3
49070;Chanteloup-les-Bois;1.8;0.05
49076;La Chapelle-Saint-Laud;1.6;1.66
49080;Les Hauts-d'Anjou;2.9;-0.12
49082;Chaudefonds-sur-Layon;5.1;-0.32
49086;Terranjou;0.7;-0.31
49089;Chazé-sur-Argos;0.2;0.13
49090;Cheffes;1.7;0.98
49092;Chemillé-en-Anjou;2.2;-0.04
49099;Cholet;5.2;0.11
49100;Cizay-la-Madeleine;2.8;0.07
49102;Cléré-sur-Layon;0;0.1
49107;Cornillé-les-Caves;2.2;0.32
49109;Coron;1.3;-0.24
49110;Corzé;2;1.44
49112;Le Coudray-Macouard;1.7;0.32
49113;Courchamps;0;1.08
49114;Courléon;0;-0.81
49120;Denée;3;0.54
49121;Dénezé-sous-Doué;0;-0.81
49123;Distré;3.7;1.34
49125;Doué-en-Anjou;1.6;0.37
49126;Orée d'Anjou;3.8;0.65
49127;Durtal;1.2;0.02
49129;Écouflant;6.6;2.11
49130;Écuillé;1.9;0.78
49131;Épieds;1.5;-0.63
49132;Étriché;3.7;0.21
49135;Feneu;4.5;0
49138;Les Bois d'Anjou;0.4;-0.68
49140;Fontevraud-l'Abbaye;4;-0.61
49155;Grez-Neuville;2.8;-0.14
49160;Ingrandes-le-Fresne-sur-Loire;4.1;0.51
49161;La Jaille-Yvon;0.6;1.16
49163;Jarzé Villages;0.9;0.28
49167;Les Garennes sur Loire;2.3;0.64
49170;Juvardeil;2;0.12
49171;La Lande-Chasles;1.9;-0.41
49174;Huillé-Lézigné;2;-0.22
49176;Le Lion-d'Angers;1.6;1.56
49178;Loiré;0.3;0.44
49180;Longué-Jumelles;1.6;-0.57
49182;Louresse-Rochemenier;0.7;0.98
49183;Val d'Erdre-Auxence;1.4;0.38
49188;Marcé;0.7;0.08
49192;Maulévrier;1.1;0.24
49193;Le May-sur-Èvre;0.9;0.24
49194;Mazé-Milon;1.5;-0.05
49195;Mazières-en-Mauges;1.3;1.44
49200;Longuenée-en-Anjou;2.7;0.27
49201;La Ménitré;12.8;-0.26
49205;Miré;2.2;1
49209;Montigné-lès-Rairies;0.5;0.75
49211;Montilliers;0.2;0.05
49214;Montreuil-Juigné;7.6;0.65
49215;Montreuil-Bellay;2.1;-0.81
49216;Montreuil-sur-Loir;2.5;-0.15
49217;Montreuil-sur-Maine;0.5;1.05
49218;Montrevault-sur-Èvre;0.9;-0.3
49219;Montsoreau;4;-0.97
49220;Morannes sur Sarthe-Daumeray;4.1;0.24
49221;Mouliherne;1.6;-1.27
49222;Mozé-sur-Louet;2.3;0.22
49223;Mûrs-Erigné;5.2;2.09
49224;Neuillé;1.5;0.33
49228;Noyant-Villages;0.7;-0.62
49231;Nuaillé;1.1;-0.4
49235;Parnay;4.8;-2.36
49236;Passavant-sur-Layon;0;0.26
49237;La Pellerine;0;-0.94
49240;La Plaine;1.5;-0.24
49241;Le Plessis-Grammoire;1.8;2.19
49244;Mauges-sur-Loire;2.2;0.13
49246;Les Ponts-de-Cé;8.4;0.2
49247;La Possonnière;15.2;0.33
49248;Ombrée d'Anjou;0.7;-0.38
49253;Le Puy-Notre-Dame;0.9;-1.51
49257;Les Rairies;0.6;0.6
49259;Rochefort-sur-Loire;4;-0.08
49260;La Romagne;0.5;1.55
49261;Gennes-Val-de-Loire;3.6;-0.44
49262;Rou-Marson;2.2;-0.51
49266;Saint-Augustin-des-Bois;1.2;0.93
49267;Saint-Barthélemy-d'Anjou;9.6;0.51
49269;Saint-Christophe-du-Bois;1.1;0.87
49271;Saint-Clément-de-la-Place;3.9;-0.17
49272;Saint-Clément-des-Levées;2.7;0.13
49278;Sainte-Gemmes-sur-Loire;7.8;0.96
49283;Saint-Georges-sur-Loire;2.9;0.99
49284;Saint-Germain-des-Prés;2.7;-0.04
49288;Saint-Jean-de-la-Croix;2.4;-0.37
49291;Saint-Just-sur-Dive;1.2;-0.43
49292;Val-du-Layon;0.8;0.54
49294;Saint-Lambert-la-Potherie;2.8;1.36
49298;Saint-Léger-de-Linières;3.1;1.51
49299;Saint-Léger-sous-Cholet;1.2;1.6
49301;Sèvremoine;1.2;0.05
49302;Saint-Macaire-du-Bois;0;-0.55
49306;Saint-Martin-du-Fouilloux;1.9;0.21
49307;Loire-Authion;2.7;0.79
49308;Saint-Melaine-sur-Aubance;3.4;1.34
49310;Saint-Paul-du-Bois;0;0.03
49311;Saint-Philbert-du-Peuple;1.2;0.28
49323;Verrières-en-Anjou;4.3;1.99
49326;Sarrigné;3;1.5
49328;Saumur;5.8;-0.66
49329;Savennières;6.2;0.16
49330;Sceaux-d'Anjou;1.1;-0.31
49331;Segré-en-Anjou Bleu;1.3;0.04
49332;La Séguinière;0.9;0.43
49333;Seiches-sur-le-Loir;1.4;-0.72
49334;Sermaise;0;1.12
49336;Somloire;0;-0.41
49338;Soulaines-sur-Aubance;1.6;-0.89
49339;Soulaire-et-Bourg;2.6;-0.08
49341;Souzay-Champigny;2;-1.57
49343;La Tessoualle;0.7;0.08
49344;Thorigné-d'Anjou;1.4;0.22
49345;Bellevigne-en-Layon;1.5;0.34
49347;Tiercé;4.8;0.56
49352;Toutlemonde;1.5;-0.25
49353;Trélazé;8.5;1.36
49355;Trémentines;0.9;0.68
49358;Turquant;2.1;-0.46
49359;Les Ulmes;1.1;-0.82
49361;Varennes-sur-Loire;2.3;0.85
49362;Varrains;3.3;0.77
49364;Vaudelnay;0.2;-0.54
49367;Erdre-en-Anjou;1.5;0.1
49368;Vernantes;0.4;0.13
49369;Vernoil-le-Fourrier;0.8;0.79
49370;Verrie;0;-0.67
49371;Vezins;1.1;0.44
49373;Lys-Haut-Layon;0.6;-0.34
49374;Villebernier;2.4;-0.86
49377;Rives-du-Loir-en-Anjou;2.9;0.42
49378;Vivy;1.5;0.06
49381;Yzernay;0.4;-0.23
50002;Agneaux;4.5;1.04
50003;Agon-Coutainville;2.9;1.26
50004;Airel;1.2;-0.44
50006;Amigny;0;1.13
50008;Anctoville-sur-Boscq;1.4;-0.71
50013;Anneville-en-Saire;3;-0.78
50016;Appeville;0;1.45
50019;Aucey-la-Plaine;0;-0.79
50021;Audouville-la-Hubert;0;-1.26
50022;Aumeville-Lestre;0;0.68
50023;Auvers;1.1;0.34
50024;Auxais;1.4;0
50025;Avranches;1.6;0.26
50026;Azeville;0;-2.57
50027;Bacilly;1.4;0.05
50028;La Baleine;0;2.39
50029;Barenton;0.8;-0.21
50030;Barfleur;5.7;-0.95
50031;Barneville-Carteret;3.6;-0.35
50032;La Barre-de-Semilly;1.1;0.75
50033;Baubigny;1.9;-1.42
50034;Baudre;0.7;1.57
50036;Baupte;1.1;-0.15
50038;Beauchamps;4.2;1.36
50039;Beaucoudray;0;0.12
50040;Beauficel;1.8;-3.13
50041;La Hague;2;-0.49
50042;Beauvoir;3;0.87
50044;Belval;0;1.03
50045;Benoîtville;2.9;-0.27
50046;Bérigny;0.5;0.73
50048;Beslon;0;-0.36
50049;Besneville;0;-0.1
50050;Beuvrigny;0;-0.99
50052;Beuzeville-la-Bastille;0;0.23
50054;Biéville;1.1;0.61
50055;Biniville;0;0.14
50058;Blainville-sur-Mer;2.6;-0.3
50059;Blosville;0.7;0.69
50060;La Bloutière;0;0.2
50062;Boisyvon;0;-2.02
50064;La Bonneville;0;-1.61
50066;Jullouville;1.6;0.71
50069;Bourguenolles;0.6;0
50070;Boutteville;4.3;-3.26
50072;Brainville;1.8;-0.61
50074;Brécey;1;0.52
50076;Bréhal;1.3;0.56
50077;Bretteville;2;-1.36
50078;Bretteville-sur-Ay;0.6;2.14
50079;Breuville;2.8;-0.64
50081;Bréville-sur-Mer;0.4;0.09
50082;Bricquebec-en-Cotentin;3.3;-0.14
50083;Bricquebosq;0.6;1.46
50084;Bricqueville-la-Blouette;1.5;-0.76
50085;Bricqueville-sur-Mer;1.2;0.8
50086;Brillevast;0;-0.26
50087;Brix;1.9;0.15
50088;Brouains;6.7;-0.12
50090;Buais-Les-Monts;1.4;-0.46
50092;Cambernon;0.6;-0.68
50093;Cametours;0;0.19
50094;Camprond;0.6;-1.32
50095;Canisy;0.8;-0.52
50096;Canteloup;2.1;0.08
50097;Canville-la-Rocque;0;-1.71
50098;Carantilly;2.5;-0.68
50099;Carentan-les-Marais;2.2;0.12
50101;Carneville;3.1;0.28
50102;Carolles;3.2;0.42
50105;Catteville;3.8;0
50106;Cavigny;2.5;0.7
50108;Céaux;0.5;-0.63
50109;Cérences;0.7;-0.36
50110;Cerisy-la-Forêt;1.5;0.13
50111;Cerisy-la-Salle;0.5;-0.57
50112;La Chaise-Baudouin;0.6;-1.33
50115;Le Grippon;1.2;1.16
50117;Champeaux;2;-1.08
50118;Champrepus;0.7;-0.71
50120;Chanteloup;0.7;1.71
50121;La Chapelle-Cécelin;1.8;0.07
50124;La Chapelle-Urée;0;1.98
50126;Chavoy;3;0.39
50129;Cherbourg-en-Cotentin;7.8;-0.43
50130;Chérencé-le-Héron;0.5;1.61
50135;Clitourps;1.1;2.21
50137;La Colombe;2.8;0.03
50138;Colomby;1.8;1.17
50139;Condé-sur-Vire;0.3;0.32
50142;Vicq-sur-Mer;1.3;0.89
50143;Coudeville-sur-Mer;0.8;0.31
50144;Coulouvray-Boisbenâtre;3.6;-0.89
50145;Courcy;1.4;0.43
50146;Courtils;1.1;-0.45
50147;Coutances;4.4;-0.49
50148;Couvains;1.2;2.83
50149;Couville;3.1;1.47
50150;Crasville;2.1;-2.15
50151;Créances;1;-0.7
50152;Les Cresnays;0;-0.14
50155;Crollon;0;-0.17
50156;Crosville-sur-Douve;0;-0.27
50158;Cuves;0;-1.27
50159;Dangy;0.4;0.03
50161;Le Dézert;1.6;0.53
50162;Digosville;2.9;1.53
50164;Domjean;0.7;-1.03
50165;Donville-les-Bains;3;-0.16
50166;Doville;0;0.41
50167;Dragey-Ronthon;1;-0.56
50168;Ducey-Les Chéris;0.7;0.43
50169;Écausseville;0;1.91
50172;Émondeville;0;-0.67
50174;Équilly;0;0
50175;Éroudeville;0;-4.41
50176;L'Étang-Bertrand;2.8;0.29
50177;Étienville;0;0.13
50178;Fermanville;1.3;0.06
50181;Feugères;0.7;0.63
50182;La Feuillie;0;1.71
50183;Fierville-les-Mines;1.3;0.68
50184;Flamanville;3.1;-0.58
50185;Fleury;0.8;0.66
50186;Flottemanville;2.9;3.47
50188;Folligny;1.1;0.37
50190;Fontenay-sur-Mer;1.3;-1.54
50192;Fourneaux;1.7;-2.55
50193;Le Fresne-Poret;0;0.61
50194;Fresville;1.4;0.54
50195;Gathemo;0;1.86
50196;Gatteville-le-Phare;3.2;-0.83
50197;Gavray-sur-Sienne;1.7;0.4
50198;Geffosses;1.1;2.32
50199;Genêts;0;0.91
50200;Ger;0.7;0.08
50205;La Godefroy;0;1.42
50207;Golleville;0;-0.88
50208;Gonfreville;2.5;1.4
50209;Gonneville-Le Theil;2.1;-0.76
50210;Gorges;0.6;-0.05
50214;Gouvets;0.8;1.57
50215;Gouville-sur-Mer;1.4;0.58
50216;Graignes-Mesnil-Angot;0.6;0.15
50217;Le Grand-Celland;0.7;0.46
50218;Granville;6;-0.13
50219;Gratot;1.7;0.58
50221;Grimesnil;0;2.04
50222;Grosville;4.6;0.34
50225;Le Guislain;1.7;0.86
50227;Le Ham;0.7;0.16
50228;Hambye;1.4;-1.12
50229;Hamelin;0;2.5
50230;Hardinvast;1.8;0.93
50231;Hauteville-sur-Mer;1.4;0.12
50232;Hauteville-la-Guichard;0.5;-0.61
50233;Hautteville-Bocage;0;0.22
50234;La Haye-Bellefond;0;-3.51
50235;La Haye-d'Ectot;0.8;2.41
50236;La Haye;0.9;-0.14
50237;La Haye-Pesnel;0.7;-1.32
50238;Héauville;2.7;-0.43
50239;Thèreval;0.6;-0.1
50240;Helleville;3.1;1.56
50241;Hémevez;1;0.46
50243;Heugueville-sur-Sienne;0.5;-2.6
50246;Hiesville;0;2.52
50247;Hocquigny;1.2;0.89
50251;Huberville;2.3;-0.36
50252;Hudimesnil;1;0.85
50253;Huisnes-sur-Mer;0;-2.12
50256;Isigny-le-Buat;0.6;-0.65
50258;Joganville;0;-3.61
50259;Juilley;0;-0.2
50260;Juvigny les Vallées;1.1;-0.3
50261;Lamberville;0;-0.68
50262;La Lande-d'Airou;2.5;0.67
50263;Lapenty;0.6;0.35
50265;Laulne;0;0
50266;Lengronne;0;1.24
50267;Lessay;0.9;0.07
50268;Lestre;0.9;-0.2
50269;Liesville-sur-Douve;0;0.8
50270;Lieusaint;0.6;-1.08
50271;Lingeard;10.7;1.81
50272;Tourneville-sur-Mer;0.5;0.01
50273;Montsenelle;0.2;0.47
50274;Les Loges-Marchis;0;0.38
50275;Les Loges-sur-Brécey;0;-2.83
50276;Lolif;0.4;1.47
50277;Longueville;1.8;0.03
50278;Le Loreur;0.7;-0.98
50279;Le Lorey;1.2;-1.1
50281;La Lucerne-d'Outremer;1;0.77
50282;Le Luot;0;1.22
50283;La Luzerne;0;0.85
50285;Magneville;3;-1.43
50288;Marcey-les-Grèves;1.7;0.12
50289;Marchésieux;0.3;-0.85
50290;Marcilly;0;1.03
50291;Margueray;0;-2.11
50292;Marigny-Le-Lozon;1.8;0.75
50294;Martinvast;2.2;1.1
50295;Maupertuis;0;1.43
50296;Maupertus-sur-Mer;4.2;0.67
50297;La Meauffe;1;-0.92
50298;Méautis;1.4;0.03
50299;Le Mesnil;1.4;-1.1
50300;Le Mesnil-Adelée;0;-1.31
50302;Le Mesnil-Amey;0;0.9
50304;Le Mesnil-Aubert;0;1.06
50305;Le Mesnil-au-Val;4.1;-0.02
50310;Le Mesnil-Eury;3.7;0.38
50311;Le Mesnil-Garnier;1;-0.59
50312;Le Mesnil-Gilbert;0;0.36
50315;Le Mesnillard;1.7;-1.27
50317;Le Mesnil-Ozenne;0;0.31
50321;Le Mesnil-Rouxelin;1.6;-1.51
50324;Le Mesnil-Véneron;0;-2.92
50326;Le Mesnil-Villeman;1.1;0
50327;La Meurdraquière;0;2.41
50328;Millières;1.5;-0.6
50332;Les Moitiers-d'Allonne;0.6;1.31
50334;Montabot;0;-0.3
50335;Montaigu-la-Brisette;0.4;-0.33
50336;Montaigu-les-Bois;0;-1.37
50338;Montbray;0;-0.25
50340;Montcuit;1.3;0.18
50341;Montebourg;2;-1.1
50342;Montfarville;3;-0.27
50345;Monthuchon;1.9;0.98
50347;Montjoie-Saint-Martin;1.7;0.13
50349;Montmartin-sur-Mer;0.7;0.85
50350;Montpinchon;1.2;0.19
50351;Montrabot;0;0
50352;Montreuil-sur-Lozon;0.7;0.85
50353;Le Mont-Saint-Michel;0;-4.33
50356;Moon-sur-Elle;3.7;-1.31
50357;Morigny;0;-3.92
50359;Mortain-Bocage;1.1;-0.01
50360;Morville;0.8;0.8
50361;La Mouche;3.9;0.07
50362;Moulines;0;-0.75
50363;Moyon Villages;0.9;-0.43
50364;Muneville-le-Bingard;0.9;0.99
50365;Muneville-sur-Mer;0.8;0.87
50368;Nay;0;-0.95
50369;Négreville;1.1;0.83
50370;Néhou;0.8;-0.27
50371;Le Neufbourg;0.7;-0.77
50372;Neufmesnil;1.2;-2.29
50373;Neuville-au-Plain;0;-1.33
50374;Neuville-en-Beaumont;0;-7.14
50376;Nicorps;1.2;-2.3
50378;Notre-Dame-de-Cenilly;0.4;-0.77
50379;Notre-Dame-de-Livoye;1.4;2.76
50382;Nouainville;0.8;1.21
50384;Octeville-l'Avenel;1.9;1.27
50387;Orglandes;0;-0.79
50388;Orval sur Sienne;2.1;0.86
50389;Ouville;0.5;-0.07
50390;Ozeville;0;0
50391;Grandparigny;0.8;-0.48
50393;Percy-en-Normandie;1.2;0.2
50394;Périers;1.3;0.39
50395;La Pernelle;0;2.06
50397;Perriers-en-Beauficel;0;-0.55
50398;Le Perron;0;-1.48
50399;Le Petit-Celland;0;-2.12
50400;Picauville;1.1;-0.4
50401;Pierreville;1.9;0.7
50402;Les Pieux;5.2;0.21
50403;Pirou;1.2;0.28
50405;Le Plessis-Lastelle;0;-0.21
50407;Poilley;0.2;1.45
50408;Pontaubault;0.4;1.02
50409;Pont-Hébert;1.6;-1.18
50410;Pontorson;1.3;-0.12
50411;Ponts;0.3;1.22
50412;Port-Bail-sur-Mer;2.5;-0.76
50413;Précey;0;0.66
50417;Quettehou;3;0.11
50419;Quettreville-sur-Sienne;1.7;-0.09
50420;Quibou;0.3;-1.78
50421;Quinéville;3;-1.17
50422;Raids;0;1.79
50423;Rampan;0;1.63
50425;Rauville-la-Bigot;0.4;-0.86
50426;Rauville-la-Place;1.1;0.3
50428;Reffuveille;0.5;1.03
50429;Regnéville-sur-Mer;1.9;-0.05
50430;Reigneville-Bocage;0;-0.43
50431;Remilly Les Marais;1.4;-0.52
50433;Réville;2.3;-0.21
50435;Rocheville;2.9;-0.22
50436;Romagny Fontenay;0.6;-1.17
50437;Roncey;1.1;-0.61
50442;Le Rozel;4.5;-0.6
50443;Sacey;0;-0.32
50444;Saint-Amand-Villages;0.6;-0.22
50445;Saint-André-de-Bohon;0;1.52
50446;Saint-André-de-l'Épine;1.2;-0.03
50447;Saint-Aubin-des-Préaux;1.2;1.63
50448;Saint-Aubin-de-Terregatte;1.3;-0.87
50450;Saint-Barthélemy;1.6;0.4
50451;Saint-Brice;2.9;0.12
50452;Saint-Brice-de-Landelles;0.4;-1.18
50453;Sainte-Cécile;0.4;-0.94
50454;Saint-Christophe-du-Foc;1;-0.75
50455;Saint-Clair-sur-l'Elle;0.6;0.42
50456;Saint-Clément-Rancoudray;2.1;0
50457;Sainte-Colombe;1;-2.9
50461;Saint-Cyr;2.2;2.22
50462;Saint-Cyr-du-Bailleul;0;-2
50463;Saint-Denis-le-Gast;0.8;-0.44
50464;Saint-Denis-le-Vêtu;1.1;-0.38
50467;Saint-Floxel;0.5;-0.03
50468;Saint-Fromond;1.8;-0.42
50469;Sainte-Geneviève;0.7;-0.58
50471;Saint-Georges-de-la-Rivière;1.9;-1.26
50472;Saint-Georges-de-Livoye;0;0.41
50473;Saint-Georges-d'Elle;0.5;-1.02
50474;Saint-Georges-de-Rouelley;1.5;-0.86
50475;Saint-Georges-Montcocq;2.8;1.2
50476;Saint-Germain-d'Elle;1.2;-0.93
50478;Saint-Germain-de-Tournebut;1.5;-0.39
50479;Saint-Germain-de-Varreville;0;-0.89
50480;Saint-Germain-le-Gaillard;4.1;1.16
50481;Saint-Germain-sur-Ay;0;0.18
50482;Saint-Germain-sur-Sèves;0;-0.56
50483;Saint-Gilles;1.1;1.47
50484;Saint-Hilaire-du-Harcouët;0.7;-1.08
50486;Saint-Jacques-de-Néhou;1.1;0.79
50487;Saint-James;1;-0.13
50488;Saint-Jean-de-Daye;2.6;0.58
50489;Saint-Jean-de-la-Haize;0.4;0.89
50490;Saint-Jean-de-la-Rivière;5.1;0.89
50491;Saint-Jean-de-Savigny;1.5;-0.62
50492;Saint-Jean-d'Elle;0.4;0.64
50493;Saint-Jean-des-Champs;0.6;1.38
50495;Saint-Jean-du-Corail-des-Bois;0;1.4
50496;Saint-Jean-le-Thomas;3.1;-0.54
50498;Saint-Joseph;3.1;0.5
50499;Saint-Laurent-de-Cuves;0.4;0.54
50500;Saint-Laurent-de-Terregatte;0.7;0
50502;Saint-Lô;4.4;0.34
50504;Saint-Louet-sur-Vire;0;0.24
50505;Saint-Loup;0.6;-1.07
50506;Saint-Malo-de-la-Lande;1;-0.63
50507;Saint-Marcouf;0;0.53
50509;Sainte-Marie-du-Mont;1.8;-0.75
50510;Saint-Martin-d'Aubigny;1.1;0.31
50511;Saint-Martin-d'Audouville;0;2.36
50512;Saint-Martin-de-Bonfossé;0;0.16
50513;Saint-Martin-de-Cenilly;0;1.81
50514;Chaulieu;0.7;-0.68
50517;Saint-Martin-de-Varreville;2.8;-1.66
50518;Saint-Martin-le-Bouillant;2;-0.26
50519;Saint-Martin-le-Gréard;2.8;3.98
50521;Saint-Maur-des-Bois;0;0.76
50522;Saint-Maurice-en-Cotentin;3.7;-0.66
50523;Sainte-Mère-Église;1.6;-1.09
50525;Saint-Michel-de-Montjoie;3.5;1.91
50528;Saint-Nicolas-de-Pierrepont;0.7;-0.22
50529;Saint-Nicolas-des-Bois;0;0
50531;Saint-Ovin;0.5;-0.11
50532;Saint-Pair-sur-Mer;3.1;1.3
50533;Saint-Patrice-de-Claids;1.2;0.48
50535;Le Parc;1.2;0.02
50536;Saint-Pierre-d'Arthéglise;1.5;4.34
50537;Saint-Pierre-de-Coutances;0.7;-0.78
50538;Saint-Pierre-de-Semilly;0;-0.54
50539;Saint-Pierre-Église;3.9;-0.02
50540;Saint-Pierre-Langers;0.7;1.06
50541;Saint-Planchers;0.3;1.17
50542;Saint-Pois;0.8;-1.6
50543;Saint-Quentin-sur-le-Homme;1.4;0.87
50546;Bourgvallées;0.9;0.65
50548;Saint-Sauveur-de-Pierrepont;1.7;-1.43
50549;Saint-Sauveur-la-Pommeraye;0.5;1.77
50550;Saint-Sauveur-Villages;0.2;-1.54
50551;Saint-Sauveur-le-Vicomte;1.2;-0.61
50552;Saint-Sébastien-de-Raids;1.7;-0.75
50553;Saint-Senier-de-Beuvron;0;-1.63
50554;Saint-Senier-sous-Avranches;0.8;0.33
50556;Sainte-Suzanne-sur-Vire;1.3;0.34
50562;Saint-Vaast-la-Hougue;8.6;-1.09
50563;Saint-Vigor-des-Monts;0.9;-0.18
50564;Terre-et-Marais;2.5;0.08
50565;Sartilly-Baie-Bocage;0.9;0.21
50567;Saussemesnil;1.4;0.28
50568;Saussey;0.5;-0.47
50569;Savigny;0;-0.49
50570;Savigny-le-Vieux;0;-1.68
50571;Sébeville;0;1.02
50572;Sénoville;1;-1.33
50574;Servon;0;-1.3
50575;Sideville;3.5;3.01
50576;Siouville-Hague;2.6;-2.25
50577;Sortosville-en-Beaumont;2.2;-0.75
50578;Sortosville;3;-2.89
50579;Sottevast;2.6;1.23
50580;Sotteville;1.2;0.56
50582;Sourdeval;1.4;-0.65
50584;Subligny;0;0.09
50585;Surtainville;2;-0.32
50587;Taillepied;12.5;-4.91
50588;Tamerville;0.6;1.02
50589;Tanis;0;-1.61
50590;Le Tanu;1.4;1.46
50591;Le Teilleul;2.4;-0.22
50592;Tessy-Bocage;0.4;-0.99
50593;Teurthéville-Bocage;1.2;0.03
50594;Teurthéville-Hague;2.5;-0.29
50596;Théville;0;-0.42
50597;Tirepied-sur-Sée;0.4;0.3
50598;Tocqueville;0;-1.54
50599;Tollevast;2.3;1.49
50601;Torigny-les-Villes;0.7;0.34
50603;Tourville-sur-Sienne;0.3;-0.34
50604;Tréauville;1.8;0.02
50606;Tribehou;1.5;-0.92
50607;La Trinité;1.2;0.17
50609;Turqueville;0;-2.41
50610;Urville;1.1;-0.91
50612;Vains;2.1;0.81
50613;Valcanville;1.6;-0.79
50615;Valognes;5.6;0.29
50616;Le Val-Saint-Père;0.9;-0.96
50617;Varenguebec;2.2;0.41
50618;Varouville;0;-2.97
50619;Le Vast;3.3;0.26
50621;Vaudreville;9.1;0
50624;La Vendelée;0;0.4
50626;Ver;0.6;0.4
50628;Vernix;0;-0.53
50629;Vesly;0.9;0.28
50633;Le Vicel;5.8;-0.95
50634;Videcosville;2.5;1.6
50637;Villebaudon;2.1;0.42
50639;Villedieu-les-Poêles-Rouffigny;1.6;-0.21
50641;Villiers-Fossard;1;0.13
50643;Virandeville;2.8;-0.55
50647;Yquelon;1;1.75
50648;Yvetot-Bocage;2.1;0.9
51001;Ablancourt;0;0.31
51002;Saint-Martin-d'Ablois;1.5;-0.99
51003;Aigny;0;0.78
51004;Allemanche-Launay-et-Soyer;0;1.64
51005;Allemant;1.3;2.46
51006;Alliancelles;1.8;1.27
51007;Ambonnay;0.2;-0.24
51008;Ambrières;1;-1.13
51009;Anglure;1.2;-1.6
51010;Angluzelles-et-Courcelles;1.6;-1.01
51012;Anthenay;2.5;0
51013;Aougny;0;0
51014;Arcis-le-Ponsart;0.6;-1.49
51015;Argers;0;-0.89
51016;Arrigny;1;-1.23
51017;Arzillières-Neuville;0.7;-0.1
51018;Athis;0.3;0.04
51019;Aubérive;0.8;1.05
51020;Aubilly;0;0
51022;Aulnay-l'Aître;0;0.58
51023;Aulnay-sur-Marne;0;1.39
51025;Auménancourt;0.9;1.41
51027;Auve;1.5;0.77
51028;Avenay-Val-d'Or;3.2;-0.97
51029;Avize;1.3;-0.11
51030;Aÿ-Champagne;2.3;-1.8
51031;Baconnes;0;1.31
51032;Bagneux;4.4;-1.87
51033;Le Baizil;0;0.89
51034;Bannay;0;3.24
51035;Bannes;0;-2.35
51036;Barbonne-Fayel;1.5;-0.64
51037;Baslieux-lès-Fismes;3.8;1.22
51038;Baslieux-sous-Châtillon;1.1;-1.45
51039;Bassu;0;-2.73
51040;Bassuet;0;-1.07
51041;Baudement;2.2;-2.04
51042;Baye;2.6;-1.31
51043;Bazancourt;7.6;2.33
51044;Beaumont-sur-Vesle;0.3;-0.63
51045;Beaunay;2;-1.09
51046;Beine-Nauroy;0.4;-0.48
51047;Belval-en-Argonne;0;-1.78
51048;Belval-sous-Châtillon;0;2.09
51049;Bergères-lès-Vertus;0.4;-1.55
51050;Bergères-sous-Montmirail;6;3.64
51051;Berméricourt;5;4.85
51052;Berru;2.7;1.84
51053;Berzieux;0;-0.46
51054;Bétheniville;1.9;-0.1
51055;Bétheny;7;0.51
51056;Bethon;4.3;-3.48
51057;Bettancourt-la-Longue;3.8;-0.86
51058;Bezannes;7.8;17.51
51059;Bignicourt-sur-Marne;0.8;1.26
51060;Bignicourt-sur-Saulx;0;-3.32
51061;Billy-le-Grand;0;2.06
51062;Binarville;0;-2.62
51065;Blacy;2.3;-1.34
51066;Blaise-sous-Arzillières;0;-1.21
51068;Blesme;0;-1.82
51069;Bligny;0;-1.38
51070;Boissy-le-Repos;0;0.81
51071;Bouchy-Saint-Genest;4.9;1.07
51072;Bouilly;3.5;2.71
51073;Bouleuse;0;1.56
51074;Boult-sur-Suippe;3.7;0.82
51075;Bourgogne-Fresne;1.3;0.84
51076;Boursault;1.6;-1.66
51077;Bouvancourt;1.1;-1.7
51078;Bouy;3.6;-0.82
51079;Bouzy;0.7;-2.13
51080;Brandonvillers;0;1.34
51081;Branscourt;2.2;0.87
51082;Braux-Sainte-Cohière;0;-0.35
51083;Braux-Saint-Remy;0;-0.99
51084;Bréban;0;0.4
51085;Le Breuil;1.2;-0.61
51086;Breuil-sur-Vesle;6.4;-0.99
51087;Breuvery-sur-Coole;6;-0.62
51088;Brimont;1.8;0.79
51089;Brouillet;0;-4.68
51090;Broussy-le-Grand;0;-0.11
51091;Broussy-le-Petit;1.8;1.4
51092;Broyes;0;-0.99
51093;Brugny-Vaudancourt;2.6;-0.56
51094;Brusson;0;-0.18
51095;Le Buisson;2.8;-0.58
51097;Bussy-le-Château;0;1.43
51098;Bussy-le-Repos;3.4;0.25
51099;Bussy-Lettrée;0.7;-1.74
51100;La Caure;0;0
51101;Caurel;0.7;1.46
51102;Cauroy-lès-Hermonville;3;0.03
51103;La Celle-sous-Chantemerle;8.3;-0.94
51104;Cernay-en-Dormois;0;-2.5
51105;Cernay-lès-Reims;2.5;1.97
51106;Cernon;3.8;-0.39
51107;Chaintrix-Bierges;0;0.9
51108;Châlons-en-Champagne;7.6;-0.66
51109;Châlons-sur-Vesle;2.7;0.5
51110;Chaltrait;0;0
51111;Chambrecy;1.1;0.11
51112;Chamery;1.3;1.71
51113;Champaubert;0;-0.13
51115;Champfleury;9;1.86
51116;Champguyon;0.9;1.48
51117;Champigneul-Champagne;0;0.58
51118;Champigny;3;1.99
51119;Champillon;1.3;0.3
51120;Champlat-et-Boujacourt;0;-2.39
51121;Champvoisy;4.7;0.2
51122;Changy;2.3;-0.42
51124;Chantemerle;8.7;1.43
51125;Chapelaine;0;0.68
51126;La Chapelle-Felcourt;5.6;-2.06
51127;La Chapelle-Lasson;0;0
51128;La Chapelle-sous-Orbais;0;0.91
51129;Charleville;0.9;1.06
51130;Charmont;0;1.02
51132;Les Charmontois;0;0
51133;Le Châtelier;0;1.68
51134;Châtelraould-Saint-Louvent;2.9;1.9
51135;Châtillon-sur-Broué;0;2.11
51136;Châtillon-sur-Marne;0.7;-1.76
51137;Châtillon-sur-Morin;1.1;-0.4
51138;Châtrices;6.7;0.96
51139;Chaudefontaine;0;-0.63
51140;Chaumuzy;0;-1.24
51141;La Chaussée-sur-Marne;1.7;-0.68
51142;Chavot-Courcourt;0.6;-0.58
51143;Le Chemin;0;2.97
51144;Cheminon;0.4;-0.44
51145;Chenay;1.1;-0.73
51146;Cheniers;0;1.62
51147;La Cheppe;0;-0.4
51148;Cheppes-la-Prairie;1.3;-3.72
51149;Chepy;0.4;1.06
51150;Cherville;0;0.82
51151;Chichey;1.4;-0.48
51152;Chigny-les-Roses;2.8;-1.07
51153;Chouilly;0.7;0.79
51154;Clamanges;0;1.4
51155;Clesles;3.3;0.08
51156;Cloyes-sur-Marne;4.7;-1.16
51157;Coizard-Joches;0;3.05
51158;Val-des-Marais;0;-0.15
51160;Compertrix;7.9;-2.77
51161;Condé-sur-Marne;0.5;-1.56
51162;Conflans-sur-Seine;3.2;-0.81
51163;Congy;0;-0.19
51164;Connantray-Vaurefroy;0;-3.34
51165;Connantre;0.8;-1.6
51166;Contault;0;0.25
51167;Coole;0;1.34
51168;Coolus;3;0.74
51169;Corbeil;0;1.05
51170;Corfélix;1.9;-0.3
51171;Cormicy;2.3;0.42
51172;Cormontreuil;5.5;-0.19
51173;Cormoyeux;1.5;1.22
51174;Corribert;0;1.65
51175;Corrobert;0;0.41
51176;Corroy;0;-1.38
51177;Coulommes-la-Montagne;2.1;-0.32
51178;Coupetz;2.1;1.68
51179;Coupéville;1.1;0.4
51181;Courcelles-Sapicourt;0.5;1.33
51182;Courcemain;2.4;-3.83
51183;Courcy;6;4.39
51184;Courdemanges;1.4;-0.17
51185;Courgivaux;1.8;-2.33
51186;Courjeonnet;0;0.7
51187;Courlandon;2.5;0.51
51188;Courmas;0.9;1.4
51190;Courtagnon;0;2.45
51191;Courtémont;0;0
51192;Courthiézy;2;-1.07
51193;Courtisols;0.9;-0.67
51194;Courville;3.4;-0.22
51195;Couvrot;1.6;-1.39
51196;Cramant;0.5;-0.45
51197;La Croix-en-Champagne;0;1.64
51198;Crugny;2.6;1
51199;Cuchery;3;0.28
51200;Cuis;1.2;-1.17
51201;Cuisles;2.8;-1.26
51202;Cumières;2.3;-1.16
51203;Cuperly;3.9;-0.96
51204;Damery;0.7;-1.37
51206;Dampierre-le-Château;0;2.31
51208;Dampierre-sur-Moivre;1.6;-0.3
51210;Dizy;2.7;-0.6
51211;Dommartin-Dampierre;0;0.68
51212;Dommartin-Lettrée;0;1.17
51213;Dommartin-sous-Hans;0;-3.58
51214;Dommartin-Varimont;0;-0.48
51215;Dompremy;0;-4.72
51216;Dontrien;1.7;-0.26
51217;Dormans;1.9;-0.14
51218;Val-de-Vière;0;0.26
51219;Drosnay;0;-1.38
51220;Drouilly;0;0.83
51222;Éclaires;6.3;-1.47
51223;Écollemont;0;2.6
51224;Écriennes;1.3;-0.4
51225;Écueil;0.6;2.38
51226;Écury-le-Repos;0;0.55
51227;Écury-sur-Coole;2.4;-0.24
51228;Élise-Daucourt;0;-3.77
51229;Épense;0;-0.4
51230;Épernay;6.3;-0.78
51231;L'Épine;0.7;1.4
51232;Époye;0.5;-0.78
51233;Escardes;0;-4.81
51234;Esclavolles-Lurey;3;1.33
51235;Les Essarts-lès-Sézanne;1.6;-1.13
51236;Les Essarts-le-Vicomte;3.4;-0.84
51237;Esternay;1.4;-1.2
51238;Étoges;0.5;-1.55
51239;Étréchy;0;-0.79
51240;Étrepy;1.8;-3.11
51241;Euvy;0;-1.02
51242;Fagnières;5.4;0.19
51243;Faux-Fresnay;0.7;0.05
51244;Faux-Vésigneul;1.9;-0.41
51245;Faverolles-et-Coëmy;1;0.98
51246;Favresse;0;-0.38
51247;Fèrebrianges;1.5;-2.47
51248;Fère-Champenoise;1.1;0.06
51249;Festigny;0.6;-0.5
51250;Fismes;4.3;1.15
51251;Flavigny;1.2;1.38
51252;Fleury-la-Rivière;0.7;0
51253;Florent-en-Argonne;0;-1.87
51254;Fontaine-Denis-Nuisy;0;0.07
51255;Fontaine-en-Dormois;0;-2.06
51256;Fontaine-sur-Ay;5.6;-1.31
51258;La Forestière;3.7;-1.24
51259;Francheville;0;-1.48
51260;Le Fresne;0;0
51262;Frignicourt;1.5;-1.02
51263;Fromentières;1.5;0.18
51264;Le Gault-Soigny;2.3;-1.18
51265;Gaye;0;-0.28
51266;Germaine;5.4;0.55
51267;Germigny;4.8;0
51268;Germinon;1;1.3
51269;Giffaumont-Champaubert;1.1;0.96
51270;Gigny-Bussy;0;0
51272;Givry-en-Argonne;0;0.04
51273;Givry-lès-Loisy;0;0
51274;Gizaucourt;1.9;0.29
51275;Glannes;1.4;-0.53
51276;Gourgançon;1.4;-0.89
51277;Sainte-Marie-du-Lac-Nuisement;1;0.31
51278;Les Grandes-Loges;0.7;0.78
51279;Granges-sur-Aube;0;-0.18
51280;Gratreuil;0;-5.77
51281;Grauves;1.4;-0.21
51282;Gueux;3.1;2.11
51283;Hans;0;-2.84
51284;Haussignémont;1.4;1.95
51285;Haussimont;0;-0.24
51286;Hauteville;1;-0.7
51287;Hautvillers;2.4;-2.18
51288;Heiltz-le-Hutier;0.7;0
51289;Heiltz-le-Maurupt;1;0.87
51290;Heiltz-l'Évêque;0;-1.37
51291;Hermonville;1.4;-0.44
51292;Herpont;0;-1.67
51293;Heutrégiville;3.1;2.8
51294;Hourges;0;0.4
51295;Huiron;0;0
51296;Humbauville;0;-0.86
51298;Igny-Comblizy;0.4;1.32
51299;Isles-sur-Suippe;2.3;1.66
51300;Isle-sur-Marne;2.4;-0.84
51301;Isse;0;-1.31
51302;Les Istres-et-Bury;2.1;-1.41
51303;Jâlons;1.2;-0.56
51304;Janvilliers;4.2;-0.91
51305;Janvry;1.3;1.44
51306;Joiselle;6.7;1.3
51307;Jonchery-sur-Suippe;1;0.3
51308;Jonchery-sur-Vesle;3.7;-0.42
51309;Jonquery;0;-0.71
51310;Jouy-lès-Reims;2.3;-0.55
51311;Jussecourt-Minecourt;0;-0.89
51312;Juvigny;0.9;0.66
51313;Lachy;0;0.89
51314;Lagery;2.6;1.82
51315;Landricourt;0;-2.17
51316;Larzicourt;2.8;-0.6
51317;Laval-sur-Tourbe;0;-3.32
51318;Lavannes;3;-0.96
51319;Lenharrée;2.4;2.87
51320;Leuvrigny;0;-2.52
51321;Lhéry;0;0.97
51322;Lignon;1.7;-1.34
51323;Linthelles;0;-0.47
51324;Linthes;0;-1.01
51325;Lisse-en-Champagne;3.4;-2.16
51326;Livry-Louvercy;4.6;-0.44
51327;Loisy-en-Brie;1.1;-3.18
51328;Loisy-sur-Marne;0.7;0.29
51329;Loivre;3.6;1.92
51333;Ludes;1.8;1.42
51334;Luxémont-et-Villotte;1.2;-0.04
51336;Maffrécourt;7.1;0
51337;Magneux;2.3;-1.03
51338;Mailly-Champagne;1.6;-1.28
51339;Mairy-sur-Marne;0;0.51
51340;Maisons-en-Champagne;0.5;0.71
51341;Malmy;0;1.42
51342;Mancy;1.8;-1.15
51343;Marcilly-sur-Seine;3.6;-0.42
51344;Mardeuil;1.8;-0.56
51345;Mareuil-en-Brie;1.5;1.14
51346;Mareuil-le-Port;1;-0.4
51348;Marfaux;4.1;-2.72
51349;Margerie-Hancourt;0;-0.81
51350;Margny;1.9;0.84
51351;Marigny;0;1.21
51352;Marolles;2.4;-1.88
51353;Marsangis;0;-0.71
51354;Marson;0;-0.93
51355;Massiges;0;-1.82
51356;Matignicourt-Goncourt;1.3;1.34
51357;Matougues;2.7;0.43
51358;Maurupt-le-Montois;0;-1.37
51359;Mécringes;4.3;0.74
51360;Le Meix-Saint-Epoing;0;1.36
51361;Le Meix-Tiercelin;0;-1.15
51362;Merfy;1.4;-0.11
51363;Merlaut;0;1.97
51364;Méry-Prémecy;2.9;1.58
51365;Les Mesneux;2.6;2.06
51367;Le Mesnil-sur-Oger;0.4;-1.8
51368;Minaucourt-le-Mesnil-lès-Hurlus;0;-1.38
51369;Mœurs-Verdey;2.4;-0.05
51370;Moiremont;0;-1.35
51371;Moivre;0;-2.28
51372;Moncetz-Longevas;2.4;0.84
51373;Moncetz-l'Abbaye;0;-1.27
51374;Mondement-Montgivroux;10;-2.7
51375;Montbré;0;6.67
51376;Montgenost;0;0.21
51377;Montépreux;0;1.13
51378;Monthelon;0.6;-0.47
51379;Montigny-sur-Vesle;3.8;0.51
51380;Montmirail;2.2;-0.28
51381;Montmort-Lucy;1;1.26
51382;Mont-sur-Courville;0;-1.74
51384;Morangis;0;-0.67
51386;Morsains;6.6;2.04
51387;Moslins;0.7;-1.5
51388;Mourmelon-le-Grand;7.6;-0.65
51389;Mourmelon-le-Petit;5.8;0.02
51390;Moussy;6;-0.09
51391;Muizon;4.3;-0.9
51392;Mutigny;3.2;1.27
51393;Nanteuil-la-Forêt;0.7;1.96
51395;Nesle-la-Reposte;0;-2.04
51396;Nesle-le-Repons;2.8;-1.71
51397;La Neuville-aux-Bois;0;-1.16
51398;La Neuville-aux-Larris;1.1;2.87
51399;La Neuville-au-Pont;0.5;-1.91
51402;Neuvy;0;1.83
51403;Nogent-l'Abbesse;0.7;-0.03
51404;Noirlieu;0;0.78
51406;Norrois;1.9;0.45
51407;La Noue;2.8;-1.06
51409;Nuisement-sur-Coole;0.5;1.5
51410;Œuilly;10.2;-1.08
51412;Ognes;0;-1.33
51413;Oiry;1.3;0.99
51414;Olizy;0;-2.37
51415;Omey;1.3;-1.19
51416;Orbais-l'Abbaye;1.3;-1.48
51417;Orconte;0;-1.47
51418;Ormes;2.2;3.34
51419;Outines;0;-0.38
51420;Outrepont;0;-2.04
51421;Oyes;2;5.02
51422;Pargny-lès-Reims;1.4;1.41
51423;Pargny-sur-Saulx;1.7;-1.8
51424;Passavant-en-Argonne;0;-2.89
51425;Passy-Grigny;1.1;-0.22
51426;Péas;0;-0.5
51428;Les Petites-Loges;0.4;-0.24
51429;Pévy;2.6;1.15
51430;Pierre-Morains;0;-0.53
51431;Pierry;3.7;0.72
51432;Pleurs;0.7;-0.86
51433;Plichancourt;0;0.61
51434;Plivot;1.3;-0.04
51435;Pocancy;1.3;0.87
51436;Pogny;1.5;-0.26
51437;Poilly;0;0
51438;Poix;0;-0.23
51439;Pomacle;0.7;3.23
51440;Pontfaverger-Moronvilliers;0.6;-0.11
51441;Ponthion;0;-1.24
51442;Possesse;0;-4.94
51443;Potangis;1.7;-1.64
51444;Pouillon;11.5;0.86
51445;Pourcy;1.1;0.17
51446;Pringy;0.6;0.92
51447;Prosnes;2.4;-0.34
51448;Prouilly;1.4;-0.42
51449;Prunay;2;-0.11
51450;Puisieulx;2.5;1.52
51451;Queudes;0;-3.09
51452;Rapsécourt;0;-0.5
51453;Recy;1.8;0.65
51454;Reims;16.6;-0.43
51455;Reims-la-Brûlée;2.7;-1.11
51456;Remicourt;0;0.3
51457;Cœur-de-la-Vallée;1.4;-0.63
51458;Reuves;0;-3.65
51459;Réveillon;2.4;0
51460;Rieux;2.6;-0.51
51461;Rilly-la-Montagne;5.5;0.15
51463;Les Rivières-Henruel;1.5;-1.97
51464;Romain;4.8;0.15
51465;Romery;1.3;0.64
51466;Romigny;1.1;-0.08
51468;Rosnay;2.8;2.57
51469;Rouffy;0;-0.59
51470;Rouvroy-Ripont;N/A - division par 0;-18.18
51471;Sacy;0.6;-0.22
51472;Saint-Amand-sur-Fion;0.6;-0.11
51473;Saint-Bon;8.2;-2.88
51474;Saint-Brice-Courcelles;8.7;0.44
51475;Saint-Chéron;6.9;0.27
51476;Saint-Étienne-au-Temple;1.1;-0.56
51477;Saint-Étienne-sur-Suippe;2.9;1.83
51478;Saint-Eulien;1.3;-1.26
51479;Saint-Euphraise-et-Clairizet;2.5;0.84
51480;Sainte-Gemme;0;-0.61
51482;Saint-Germain-la-Ville;0.8;0
51483;Saint-Gibrien;1.3;0.81
51484;Saint-Gilles;4.6;-0.83
51485;La Neuville-au-Temple;1.1;-1.04
51486;Saint-Hilaire-le-Grand;2.5;0.33
51487;Saint-Hilaire-le-Petit;0;0.53
51488;Saint-Imoges;0;0.67
51489;Saint-Jean-devant-Possesse;0;-1.11
51490;Saint-Jean-sur-Moivre;0;-0.49
51491;Saint-Jean-sur-Tourbe;0;-1.07
51492;Saint-Just-Sauvage;4.2;-0.7
51493;Saint-Léonard;6.3;-1.27
51495;Saint-Loup;3.4;-1.87
51496;Saint-Lumier-en-Champagne;0.9;0.38
51497;Saint-Lumier-la-Populeuse;0;-2.59
51498;Saint-Mard-sur-Auve;0;0
51499;Saint-Mard-lès-Rouffy;0;-1.26
51500;Saint-Mard-sur-le-Mont;0;-0.85
51501;Sainte-Marie-à-Py;0;-0.25
51502;Saint-Martin-aux-Champs;0;0.98
51503;Saint-Martin-l'Heureux;0;1.34
51504;Saint-Martin-sur-le-Pré;3.5;0
51505;Saint-Masmes;1.3;2.4
51506;Saint-Memmie;4.8;-0.33
51507;Sainte-Menehould;0.7;0.23
51508;Saint-Ouen-Domprot;0;-0.41
51509;Saint-Pierre;1.7;0.28
51510;Saint-Quentin-les-Marais;0;-2.58
51511;Saint-Quentin-le-Verger;0;-1.42
51512;Saint-Quentin-sur-Coole;1.9;0.32
51513;Saint-Remy-en-Bouzemont-Saint-Genest-et-Isson;1.6;-1.5
51514;Saint-Remy-sous-Broyes;2.2;1.09
51515;Saint-Remy-sur-Bussy;1.5;-0.69
51516;Saint-Saturnin;0;-3.1
51517;Saint-Souplet-sur-Py;1.6;0.13
51518;Saint-Thierry;4.1;-0.88
51519;Saint-Thomas-en-Argonne;0;-0.44
51520;Saint-Utin;0;-2.34
51521;Saint-Vrain;0;0.07
51522;Sapignicourt;0;-0.67
51523;Sarcy;2.2;1.23
51524;Saron-sur-Aube;3.3;-1.9
51525;Sarry;3.8;-0.21
51526;Saudoy;0.6;1.43
51527;Savigny-sur-Ardres;0.8;-0.7
51528;Scrupt;1.9;-1.28
51529;Selles;1.8;1.75
51530;Sept-Saulx;3.8;2.19
51531;Sermaize-les-Bains;1.1;-1.91
51532;Sermiers;1.6;0.36
51533;Servon-Melzicourt;0;-3.32
51534;Serzy-et-Prin;1;1.32
51535;Sézanne;0.5;-0.81
51536;Sillery;2.8;0.88
51537;Sivry-Ante;0;-0.19
51538;Sogny-aux-Moulins;0;-0.59
51539;Sogny-en-l'Angle;0;4.91
51542;Soizy-aux-Bois;0;0.72
51543;Somme-Bionne;0;-3.46
51544;Sommepy-Tahure;0.4;0.78
51545;Sommesous;0;-1.94
51546;Somme-Suippe;0.5;1.48
51547;Somme-Tourbe;1.6;-0.35
51548;Somme-Vesle;1;-3.48
51549;Somme-Yèvre;0;-0.15
51550;Sompuis;0;-2.22
51551;Somsois;0;-0.43
51552;Songy;0;0.13
51553;Souain-Perthes-lès-Hurlus;1.5;1.63
51555;Soudé;0;-3.22
51556;Soudron;1.3;-0.33
51557;Soulanges;2.1;-0.75
51558;Soulières;0;0
51559;Suippes;7.5;-0.14
51560;Suizy-le-Franc;0;-0.31
51562;Taissy;3.9;-0.05
51563;Talus-Saint-Prix;0;-0.77
51564;Val de Livre;0.7;-1.47
51565;Thaas;0;0.84
51566;Thibie;0;0.17
51567;Thiéblemont-Farémont;0.6;-1.16
51568;Thil;2.3;1.15
51569;Thillois;2.6;3.35
51570;Le Thoult-Trosnay;6.4;0.65
51571;Val-de-Vesle;3.6;1.34
51572;Tilloy-et-Bellay;0;1.66
51573;Tinqueux;9.7;0.91
51574;Togny-aux-Bœufs;3.4;0.12
51576;Tours-sur-Marne;0.8;-0.1
51577;Tramery;0;0
51578;Trécon;0;1.62
51579;Tréfols;9.2;1.3
51580;Trépail;1.5;0.12
51581;Treslon;0;1.54
51582;Trigny;5;2.1
51583;Trois-Fontaines-l'Abbaye;1;-0.91
51584;Trois-Puits;4.1;0.43
51585;Troissy;1.5;-1.16
51586;Unchair;1.3;2.2
51587;Vadenay;0;-0.69
51588;Valmy;0;-3.22
51589;Vanault-le-Châtel;0;-1.36
51590;Vanault-les-Dames;0;0.14
51591;Vandeuil;3.2;-2.9
51592;Vandières;0;-0.54
51594;Vassimont-et-Chapelaine;0;0.55
51595;Vatry;0;-0.23
51596;Vauchamps;1.3;-0.71
51597;Vauciennes;0;-0.45
51598;Vauclerc;1.5;-0.07
51599;Vaudemange;0;2.05
51600;Vaudesincourt;0;3.15
51601;Vavray-le-Grand;0;0.4
51602;Vavray-le-Petit;0;-1.3
51603;Vélye;0;3.28
51604;Ventelay;0.7;-0.26
51605;Venteuil;0;-1.63
51607;Verdon;5.3;-1.05
51608;Vernancourt;0;-1.54
51609;Verneuil;2;0
51610;Verrières;0;-0.24
51611;Vert-Toulon;0.7;-0.57
51612;Blancs-Coteaux;0.7;-1.08
51613;Verzenay;0.9;-1.01
51614;Verzy;1.3;-0.58
51616;Vésigneul-sur-Marne;0;-0.28
51617;La Veuve;0.4;-0.46
51618;Le Vézier;2.5;-0.79
51619;Le Vieil-Dampierre;0;-1.91
51620;Vienne-la-Ville;1.4;-1.09
51621;Vienne-le-Château;0;-0.29
51622;Ville-Dommange;3.5;0.17
51623;Ville-en-Selve;1.6;1.3
51624;Ville-en-Tardenois;0.6;-0.33
51625;Villeneuve-la-Lionne;6.5;-0.77
51626;La Villeneuve-lès-Charleville;2.9;0.72
51627;Villeneuve-Renneville-Chevigny;0;0.58
51628;Villeneuve-Saint-Vistre-et-Villevotte;1.7;-0.41
51629;Villers-Allerand;2.4;1.07
51630;Villers-aux-Bois;0;-0.21
51631;Villers-aux-Nœuds;5.7;10.65
51632;Villers-en-Argonne;0;-1.05
51633;Villers-Franqueux;2;0.06
51634;Villers-le-Château;0;2.91
51635;Villers-le-Sec;0;-1.73
51636;Villers-Marmery;0.7;0.67
51638;Villeseneux;0;-2.36
51639;La Ville-sous-Orbais;0;-4.28
51640;Ville-sur-Tourbe;0;-1.34
51641;Villevenard;0;-1.62
51642;Villiers-aux-Corneilles;0;0.76
51643;Vinay;0.8;-2.14
51644;Vincelles;1.3;1.56
51645;Vindey;2.3;-2.18
51646;Virginy;0;-0.59
51647;Vitry-en-Perthois;1.9;0.14
51648;Vitry-la-Ville;1.1;0.05
51649;Vitry-le-François;2.3;-1.67
51650;Voilemont;0;1.49
51652;Vouarces;0;-1.05
51654;Vouillers;0.9;0.26
51655;Vouzy;0;0.17
51656;Vraux;0.8;0.07
51657;Vrigny;2.6;1.23
51658;Vroil;2.9;0
51659;Wargemoulin-Hurlus;0;0
51660;Warmeriville;2.6;1.86
51662;Witry-lès-Reims;2.2;-0.2
51663;Magenta;6.3;-0.3
52001;Ageville;0;-0.38
52002;Aigremont;0;6.32
52003;Aillianville;0;-3.14
52004;Aingoulaincourt;0;-2.75
52005;Aizanville;0;-3.29
52006;Allichamps;0.7;0.9
52007;Ambonville;2.4;1.23
52008;Andelot-Blancheville;0.7;-0.84
52009;Andilly-en-Bassigny;0;-0.46
52011;Annéville-la-Prairie;0;2.3
52012;Annonville;0;-2.13
52013;Anrosey;0;0.27
52014;Aprey;0;-0.09
52015;Arbigny-sous-Varennes;0;-1.12
52016;Arbot;9.5;-1.94
52017;Arc-en-Barrois;1.2;-1.77
52019;Arnancourt;7.1;-1.72
52021;Attancourt;1;1.33
52022;Aubepierre-sur-Aube;1.5;-0.36
52023;Auberive;2.5;-2.45
52025;Audeloncourt;0;-1.39
52027;Aujeurres;0;-4.44
52028;Aulnoy-sur-Aube;3.8;2.5
52029;Autigny-le-Grand;2.3;-2.36
52030;Autigny-le-Petit;0;-1.98
52031;Autreville-sur-la-Renne;1.1;-0.56
52033;Avrecourt;1.9;-1.13
52034;Bailly-aux-Forges;0;-0.85
52035;Baissey;1.5;-1.9
52037;Bannes;2.5;-0.54
52038;Bassoncourt;0;-1.26
52039;Baudrecourt;0;-1.66
52040;Bay-sur-Aube;0;-1.71
52042;Beauchemin;1.9;1.25
52043;Belmont;0;-2.82
52044;Roches-Bettaincourt;1;-1.44
52045;Bettancourt-la-Ferrée;3;0.95
52047;Beurville;3;-0.32
52050;Biesles;0.5;-0.27
52051;Bize;4.8;-2.12
52053;Blaisy;3;-2.08
52055;Blécourt;2.6;0.59
52056;Blessonville;0;-2.11
52057;Blumeray;2.2;-1.43
52058;Bologne;1.6;-0.65
52059;Bonnecourt;0;0.13
52060;Bourbonne-les-Bains;0.9;-1.32
52061;Bourdons-sur-Rognon;0;0.82
52062;Bourg;0;1.67
52063;Bourg-Sainte-Marie;0;-2.99
52064;Bourmont-entre-Meuse-et-Mouzon;0;-1.33
52065;Bouzancourt;0;1.48
52066;Brachay;0;1.12
52067;Brainville-sur-Meuse;2.9;-2.64
52069;Braux-le-Châtel;0;-2.2
52070;Brennes;1.8;-2
52072;Brethenay;1.1;1.34
52074;Breuvannes-en-Bassigny;0;-0.75
52075;Briaucourt;0;-1.4
52076;Bricon;1.6;-1.49
52079;Brousseval;0.9;-1.49
52082;Bugnières;0;0.54
52083;Champsevraine;0;-0.27
52084;Busson;0;3.24
52085;Buxières-lès-Clefmont;0;0
52087;Buxières-lès-Villiers;0.9;2.4
52088;Ceffonds;1.2;0.52
52089;Celles-en-Bassigny;0;-2.14
52090;Celsoy;3;-2.64
52091;Cerisières;0;0.81
52092;Chalancey;5.4;1.67
52093;Chalindrey;1.3;-0.62
52094;Vals-des-Tilles;1.5;2.06
52095;Chalvraines;1.3;0.88
52097;Chambroncourt;0;-0.34
52099;Chamouilley;0.3;-1.77
52101;Champigneulles-en-Bassigny;0;-2.71
52102;Champigny-lès-Langres;0.5;-0.8
52103;Champigny-sous-Varennes;2.1;2.03
52104;Chancenay;1.1;-1.27
52105;Changey;0;-0.67
52106;Chanoy;1.5;-0.88
52107;Chantraines;0;-1.34
52108;Charmes;0;0.34
52109;Charmes-en-l'Angle;0;-8.16
52110;Charmes-la-Grande;3.2;0.32
52113;Chassigny;0;-0.13
52114;Châteauvillain;0.9;-0.9
52115;Chatenay-Mâcheron;0;-2.09
52116;Chatenay-Vaudin;0;-2.33
52118;Chatonrupt-Sommermont;0.8;-2.31
52119;Chaudenay;0;0
52120;Chauffourt;0;-1.97
52121;Chaumont;3.9;-0.72
52122;Chaumont-la-Ville;0;-0.15
52123;Chevillon;0.5;-0.73
52124;Chézeaux;0;1.82
52125;Chamarandes-Choignes;1;-0.02
52126;Choilley-Dardenay;2.6;-0.52
52127;Choiseul;0;0
52128;Cirey-lès-Mareilles;0;1.87
52129;Cirey-sur-Blaise;3.2;-1.17
52130;Cirfontaines-en-Azois;1.3;-0.54
52131;Cirfontaines-en-Ornois;0;2.47
52132;Clefmont;0;-2.37
52133;Clinchamp;3.2;-1.55
52134;Cohons;0.9;-2.22
52135;Coiffy-le-Bas;0;-1.31
52136;Coiffy-le-Haut;2.6;-2.2
52137;Colmier-le-Bas;22.2;0
52138;Colmier-le-Haut;0;2.02
52140;Colombey les Deux Églises;0;-1.36
52141;Condes;1.4;-0.77
52142;Consigny;0;2.09
52145;Coublanc;1.9;0.43
52146;Coupray;0;2.24
52147;Courcelles-en-Montagne;0;0.36
52149;Courcelles-sur-Blaise;2.9;-2.46
52151;Cour-l'Évêque;0;-2.09
52155;Culmont;1.5;-0.77
52156;Curel;2.3;-0.32
52157;Curmont;0;0
52158;Cusey;2;0.29
52159;Cuves;0;0.68
52160;Daillancourt;0;-2.03
52161;Daillecourt;0;-0.68
52162;Dammartin-sur-Meuse;1.2;0.25
52163;Dampierre;0;-0.17
52164;Damrémont;1.1;-0.82
52165;Dancevoir;0;0.43
52167;Darmannes;1.7;-0.93
52168;Dinteville;0;3.4
52169;Domblain;0;0.2
52170;Dommarien;1.5;1.71
52171;Dommartin-le-Franc;0;-0.2
52172;Dommartin-le-Saint-Père;0;-0.18
52173;Domremy-Landéville;0;-0.86
52174;Doncourt-sur-Meuse;0;-0.83
52175;Donjeux;0.7;-0.09
52177;Doulaincourt-Saucourt;0.4;-1.73
52178;Doulevant-le-Château;0;0
52179;Doulevant-le-Petit;0;-9.44
52181;Échenay;0;0
52182;Éclaron-Braucourt-Sainte-Livière;1.5;-0.24
52183;Ecot-la-Combe;0;1.34
52184;Effincourt;0;-1.68
52185;Enfonvelle;0;0.24
52187;Épizon;1.7;-2.17
52189;Le Val-d'Esnoms;0.7;-0.67
52190;Esnouveaux;0;0.28
52193;Euffigneix;1.5;-0.33
52194;Eurville-Bienville;0.7;-0.75
52195;Farincourt;0;-1.79
52196;Faverolles;2.4;-1.17
52197;Fayl-Billot;0.9;-0.46
52198;Fays;0;-3.12
52199;Ferrière-et-Lafolie;0;0
52200;Flagey;0;-2.6
52201;Flammerécourt;0;0.72
52203;Fontaines-sur-Marne;1.7;-0.34
52204;Forcey;0;-1.58
52205;Foulain;1.2;-0.48
52206;Frampas;0;-0.84
52207;Frécourt;0;-1.09
52208;Fresnes-sur-Apance;0;1.07
52211;Froncles;2.4;-2.06
52212;Fronville;0.8;-1.82
52213;Genevrières;2;-1.16
52214;La Genevroye;8.3;-1.11
52216;Germaines;0;5.63
52217;Germainvilliers;0;-1.33
52218;Germay;0;1.06
52219;Germisay;0;-1.84
52220;Giey-sur-Aujon;0;2.78
52221;Gillancourt;1.9;1.1
52222;Gillaumé;0;-3.34
52223;Gilley;0;-0.25
52227;Graffigny-Chemin;0;-2.54
52228;Grandchamp;4.5;-0.24
52229;Grenant;0;0.11
52230;Gudmont-Villiers;1.6;-1.04
52231;Guindrecourt-aux-Ormes;0;-0.18
52232;Guindrecourt-sur-Blaise;0;0.31
52233;Guyonvelle;0;-2.84
52234;Hâcourt;0;1.27
52235;Hallignicourt;0;-2.7
52237;Harréville-les-Chanteurs;0;-1.87
52240;Heuilley-le-Grand;0;-2.19
52242;Haute-Amance;0.5;0.16
52243;Huilliécourt;0;-0.43
52244;Humbécourt;2.4;-0.84
52245;Humberville;5.6;-3.09
52246;Humes-Jorquenay;0;0.72
52247;Illoud;0;-2.17
52248;Is-en-Bassigny;1.5;-0.37
52249;Isômes;1.5;-0.56
52250;Joinville;5.7;-1.26
52251;Jonchery;0.8;-1.04
52253;Juzennecourt;0;-0.89
52254;Lachapelle-en-Blaisy;0;1.24
52256;Lafauche;0;-0.66
52257;Laferté-sur-Amance;0;0
52258;Laferté-sur-Aube;0;-1.58
52260;Lamancine;0;0
52264;Laneuvelle;0;-1.25
52265;Bayard-sur-Marne;1.3;-0.92
52266;Laneuville-à-Rémy;0;0.25
52267;Laneuville-au-Pont;1.1;2.07
52269;Langres;3.2;-0.17
52271;Lanques-sur-Rognon;0;2.02
52272;Lanty-sur-Aube;0;-1.52
52273;Larivière-Arnoncourt;3.7;1.14
52274;Latrecey-Ormoy-sur-Aube;0;-0.88
52275;Lavernoy;4.2;-0.22
52276;Laville-aux-Bois;0;2.52
52277;Lavilleneuve;0;-1.39
52278;Lavilleneuve-au-Roi;0;-2.87
52280;Lecey;1.4;-1.78
52282;Leffonds;0.8;-0.05
52284;Leschères-sur-le-Blaiseron;0;-2.27
52285;Leuchey;0;-2.73
52286;Leurville;0;-2.01
52287;Levécourt;0;0.75
52288;Lezéville;1.8;-1.88
52289;Liffol-le-Petit;1.5;-0.16
52290;Les Loges;0;-1.78
52291;Longchamp;0;-3.92
52292;Longeau-Percey;0.4;-1.08
52294;Louvemont;0.7;-0.19
52295;Louvières;0;-1.58
52297;Luzy-sur-Marne;0;1.31
52298;Maâtz;0;-1.13
52300;Magneux;2.1;-1.83
52301;Maisoncelles;0;0.59
52302;Maizières;0;-1.05
52303;Maizières-sur-Amance;0;-0.51
52304;Malaincourt-sur-Meuse;0;-3.05
52305;Mandres-la-Côte;0;0.99
52306;Manois;0.6;0.22
52307;Marac;1;-0.24
52308;Maranville;0;-0.57
52310;Marbéville;0;0.51
52311;Marcilly-en-Bassigny;1.1;0.85
52312;Mardor;0;2.55
52313;Mareilles;0;-2.87
52315;Marnay-sur-Marne;1.4;0.82
52316;Mathons;0;0.24
52318;Melay;0;-1.37
52319;Mennouveaux;3.6;-1.23
52320;Merrey;0;-2.18
52321;Mertrud;0;0.56
52322;Meures;1.8;-0.62
52325;Millières;2;0.59
52326;Mirbel;0;-2.09
52327;Moëslains;0.6;1.17
52328;Montcharvot;0;2.75
52330;Montheries;0;2.28
52331;La Porte du Der;3.8;-1.3
52332;Val-de-Meuse;0.8;-0.61
52335;Montot-sur-Rognon;2.3;-2.35
52336;Montreuil-sur-Blaise;1.8;-3.45
52337;Montreuil-sur-Thonnance;0;0.52
52341;Morancourt;0;-0.5
52342;Morionvilliers;0;-2.44
52344;Mouilleron;0;-3.86
52346;Mussey-sur-Marne;0;0.05
52347;Narcy;0;-2.85
52348;Neuilly-l'Évêque;0;-0.31
52349;Neuilly-sur-Suize;0.9;-1.2
52350;Neuvelle-lès-Voisey;0;-1.64
52352;Ninville;0;-5.9
52353;Nogent;1.2;-1.22
52354;Noidant-Chatenoy;0;-0.2
52355;Noidant-le-Rocheux;0;0.1
52356;Nomécourt;0;0.45
52357;Noncourt-sur-le-Rongeant;0;-0.19
52358;Noyers;0;2.69
52359;Nully;1.6;-1.75
52360;Occey;0;1.97
52362;Orbigny-au-Mont;0;0
52363;Orbigny-au-Val;0;0
52364;Orcevaux;1.9;-0.34
52365;Orges;0.7;-0.47
52366;Ormancey;0;-1.07
52367;Ormoy-lès-Sexfontaines;0;-1.94
52369;Orquevaux;0;-3.6
52370;Osne-le-Val;3.1;-0.13
52371;Oudincourt;1.4;-0.58
52372;Outremécourt;0;-3.23
52373;Ozières;5.9;-3.94
52374;Le Pailly;1.9;-0.78
52375;Palaiseul;0;-2.94
52376;Pansey;0;0
52377;Parnoy-en-Bassigny;0;-0.8
52378;Paroy-sur-Saulx;0;-1.09
52380;Peigney;0.5;0.62
52383;Perrancey-les-Vieux-Moulins;0.8;0.17
52384;Perrogney-les-Fontaines;2.3;-1.31
52385;Perrusse;0;-1.11
52386;Perthes;1.1;-0.41
52388;Pierremont-sur-Amance;0;0.68
52390;Pisseloup;5.3;3.37
52391;Planrupt;1.5;0.48
52392;Plesnoy;0;-0.45
52393;Poinsenot;0;1.94
52394;Poinson-lès-Fayl;0;-1.53
52395;Poinson-lès-Grancey;0;5.95
52396;Poinson-lès-Nogent;0;-0.58
52397;Poiseul;0;-0.46
52398;Poissons;0.5;-1.89
52399;Pont-la-Ville;1.9;-3.29
52400;Le Châtelet-sur-Meuse;0;0.22
52401;Poulangy;0.7;-1.83
52403;Praslay;0;2.19
52405;Le Montsaugeonnais;1.6;-1.87
52406;Pressigny;0;-0.08
52407;Prez-sous-Lafauche;0.8;-1.71
52411;Rives Dervoises;0.5;-0.97
52413;Rachecourt-Suzémont;0;0.32
52414;Rachecourt-sur-Marne;1;-0.92
52415;Rançonnières;0;2.33
52416;Rangecourt;0;-0.53
52419;Rennepont;0;-2.44
52420;Reynel;4.8;1.21
52421;Riaucourt;2;-2.32
52422;Richebourg;0.9;-2.06
52423;Rimaucourt;0.4;-1.44
52424;Rivières-le-Bois;0;-1.38
52425;Rivière-les-Fosses;1.2;-1.38
52426;Rizaucourt-Buchey;0;0.66
52428;Rochefort-sur-la-Côte;0;1.06
52429;Roches-sur-Marne;0.9;0.85
52431;Rochetaillée;1.6;-0.93
52432;Rolampont;0.5;-1.7
52433;Romain-sur-Meuse;0;-4.22
52436;Rouécourt;0;0.34
52437;Rouelles;0;-0.65
52438;Rougeux;0;0.15
52439;Rouvres-sur-Aube;0;-6.91
52440;Rouvroy-sur-Marne;0.7;-0.84
52442;Rupt;0.7;0.88
52443;Sailly;0;0
52444;Saint-Blin;0.7;-2.71
52445;Saint-Broingt-le-Bois;0;-2.57
52446;Saint-Broingt-les-Fosses;1;0.43
52447;Saint-Ciergues;0;-0.9
52448;Saint-Dizier;5.5;-1.47
52449;Saints-Geosmes;0.8;-0.6
52450;Saint-Loup-sur-Aujon;1.7;-2.37
52452;Saint-Martin-lès-Langres;3.6;-0.46
52453;Saint-Maurice;0;-1.26
52455;Saint-Thiébault;0;0.82
52456;Saint-Urbain-Maconcourt;1.2;-1.16
52457;Saint-Vallier-sur-Marne;0;-0.38
52459;Sarcey;0;-2.18
52461;Sarrey;0.6;-0.4
52463;Saudron;0;-1.86
52464;Saulles;0;2.44
52465;Saulxures;0;0.77
52467;Savigny;0;-0.56
52468;Semilly;2.5;-1.13
52469;Semoutiers-Montsaon;0.8;-1.32
52470;Serqueux;0.7;-2.79
52472;Sexfontaines;0;2.53
52473;Signéville;0;-0.92
52474;Silvarouvres;0;-2.32
52475;Sommancourt;0;-3.24
52476;Sommerécourt;2.7;-0.84
52479;Sommevoire;0;-1.44
52480;Soncourt-sur-Marne;0.6;-2.02
52482;Soulaucourt-sur-Mouzon;0;0
52483;Soyers;0;2.39
52484;Suzannecourt;1.3;-0.63
52486;Ternat;3.6;-0.55
52487;Thilleux;0;-3.96
52488;Thivet;2.4;0.18
52489;Thol-lès-Millières;0;-2.54
52490;Thonnance-lès-Joinville;2.8;-1.03
52491;Thonnance-les-Moulins;0;-1.05
52492;Torcenay;0.9;0.09
52493;Tornay;0;-2.13
52494;Treix;1.9;-1.18
52495;Trémilly;0;0.62
52497;Troisfontaines-la-Ville;0;-0.12
52499;Vaillant;0;0.74
52500;Valcourt;0.5;-0.24
52502;Valleret;0;1.68
52503;Valleroy;0;1.46
52504;Varennes-sur-Amance;0;-1
52505;Vaudrecourt;0;-1.94
52506;Vaudrémont;0;-3.69
52507;Vauxbons;3.7;-2.58
52510;Vaux-sur-Blaise;0;-1.29
52511;Vaux-sur-Saint-Urbain;0;-0.29
52512;Vecqueville;0.6;-1.11
52513;Velles;0;-1.77
52514;Verbiesles;0.8;-0.26
52515;Verseilles-le-Bas;0;1.25
52516;Verseilles-le-Haut;0;0.35
52517;Vesaignes-sous-Lafauche;0;-0.54
52518;Vesaignes-sur-Marne;0;-0.48
52519;Vesvres-sous-Chalancey;0;0
52520;Vicq;0;0.96
52522;Viéville;1.2;0
52523;Vignes-la-Côte;0;1.05
52524;Vignory;1.1;-2.05
52525;Villars-en-Azois;0;-1.53
52526;Villars-Santenoge;2.2;-1.97
52528;Ville-en-Blaisois;1.7;-0.77
52529;Villegusien-le-Lac;0.5;-0.13
52534;Villiers-en-Lieu;0.9;-0.66
52535;Villiers-le-Sec;0;0.67
52536;Villiers-lès-Aprey;0;0.36
52538;Villiers-sur-Suize;0;-0.63
52539;Violot;0;-1.72
52540;Vitry-en-Montagne;7.7;3.2
52541;Vitry-lès-Nogent;1.1;3.55
52542;Vivey;0;-1.25
52543;Voillecomte;0.4;-0.79
52544;Voisey;0;-1.05
52545;Voisines;0;1.19
52546;Voncourt;0;0
52547;Vouécourt;2.1;-0.08
52548;Vraincourt;2.6;-1.14
52549;Vroncourt-la-Côte;0;1.98
52550;Wassy;1.2;-0.67
53001;Ahuillé;0.5;0.47
53002;Alexain;0.8;0.36
53003;Ambrières-les-Vallées;0.6;-1.28
53005;Andouillé;0.4;0.31
53007;Argentré;2;0.74
53008;Aron;0.4;0.39
53009;Arquenay;0.6;0.82
53010;Assé-le-Bérenger;2.5;-0.89
53011;Astillé;0.9;0.4
53012;Athée;0.4;-1.53
53013;Averton;0.4;-1.18
53015;La Baconnière;1.2;0.35
53016;Bais;0.7;-0.32
53017;Val-du-Maine;0.7;1.01
53018;Ballots;1.4;0.3
53019;Bannes;3.2;-0.55
53021;La Bazoge-Montpinçon;1;-0.56
53022;La Bazouge-de-Chemeré;0;-0.63
53023;La Bazouge-des-Alleux;1.6;0.31
53025;Bazougers;0.2;-0.5
53026;Beaulieu-sur-Oudon;2.5;-0.13
53027;Beaumont-Pied-de-Bœuf;1.1;1.65
53028;Belgeard;1.3;-1.52
53029;Bierné-les-Villages;0.7;0.34
53030;Le Bignon-du-Maine;0.6;-0.76
53031;La Bigottière;0.8;-0.3
53033;La Boissière;3.8;0.29
53034;Bonchamp-lès-Laval;3.1;0.95
53035;Bouchamps-lès-Craon;0.4;1.68
53036;Bouère;0.6;-0.55
53037;Bouessay;4.2;-0.55
53038;Boulay-les-Ifs;0;-3.07
53039;Le Bourgneuf-la-Forêt;0.6;-0.69
53040;Bourgon;1;-0.79
53041;Brains-sur-les-Marches;0;0.68
53042;Brecé;1.9;0.39
53043;Brée;0.8;1.47
53045;La Brûlatte;1.2;-0.72
53046;Le Buret;1.3;0.21
53047;Carelles;0;-0.7
53048;Chailland;1.1;-0.34
53049;Châlons-du-Maine;0.9;-0.4
53051;Champéon;0.4;1.23
53052;Champfrémont;1.6;-1.3
53053;Champgenéteux;0.9;-0.85
53054;Changé;3.9;1.44
53055;Chantrigné;0.4;-0.36
53056;La Chapelle-Anthenaise;2.8;-0.77
53057;La Chapelle-au-Riboul;0.9;0.07
53058;La Chapelle-Craonnaise;1.6;-1.55
53059;La Chapelle-Rainsouin;2.2;-0.08
53061;Charchigné;0.4;-1.39
53062;Château-Gontier-sur-Mayenne;1.2;-0.32
53063;Châtelain;0.8;-0.53
53064;Châtillon-sur-Colmont;0.5;-1.42
53066;Chemazé;0.5;-0.01
53067;Chémeré-le-Roi;1.4;1.08
53068;Chérancé;0;-0.63
53069;Chevaigné-du-Maine;0;-2.32
53071;Colombiers-du-Plessis;1.5;-0.17
53072;Commer;1.5;1.14
53073;Congrier;0;0.27
53074;Contest;1.2;-0.22
53075;Cosmes;0;0.63
53076;Cossé-en-Champagne;0;-0.43
53077;Cossé-le-Vivien;1.3;0.58
53078;Coudray;0.7;0
53079;Couesmes-Vaucé;0;0.49
53080;Couptrain;4.9;-1.78
53082;Courbeveille;1;-0.18
53083;Courcité;0.3;-1.82
53084;Craon;5.5;-0.37
53085;Crennes-sur-Fraubée;0;0.34
53086;La Croixille;1;-1.47
53087;La Cropte;1.8;0.76
53088;Cuillé;0.7;-0.71
53089;Daon;2.4;1.41
53090;Denazé;0;2.57
53091;Désertines;1.9;-0.81
53093;La Dorée;2.7;0.17
53094;Entrammes;1;0.21
53096;Ernée;1.4;-0.65
53097;Évron;3.6;-0.73
53098;Fontaine-Couverte;0;-0.62
53099;Forcé;1.4;0.45
53100;Fougerolles-du-Plessis;0.2;-0.58
53101;Fromentières;0;0.18
53102;Gastines;0;0.41
53103;Le Genest-Saint-Isle;1.6;-0.03
53104;Gennes-Longuefuye;0.3;0.29
53105;Gesnes;0.6;0.64
53106;Gesvres;0.4;0.47
53107;Gorron;1.2;-0.77
53108;La Gravelle;0.3;1.16
53109;Grazay;1.4;0.08
53110;Grez-en-Bouère;1.1;-0.67
53111;La Haie-Traversaine;0.5;-0.46
53112;Le Ham;0;-2.45
53113;Hambers;0;0.46
53114;Hardanges;2.9;-2.64
53115;Hercé;0;-0.32
53116;Le Horps;0.9;-0.79
53117;Houssay;0.4;0.34
53118;Le Housseau-Brétignolles;0;-1.98
53119;L'Huisserie;3.7;1.31
53120;Izé;0.6;-0.5
53121;Javron-les-Chapelles;0.4;-0.58
53122;Jublains;1.4;0.65
53123;Juvigné;0.3;-1.47
53124;Prée-d'Anjou;0.7;-0.51
53125;Landivy;0.7;-0.69
53126;Larchamp;0.7;-1.48
53127;Lassay-les-Châteaux;0.3;-0.37
53128;Laubrières;1.5;-1.38
53129;Launay-Villiers;3.3;-1.25
53130;Laval;9.4;-0.01
53131;Lesbois;1.2;-0.88
53132;Levaré;0;-1.66
53133;Lignières-Orgères;0.4;-1.15
53134;Livet;1.3;3.98
53135;Livré-la-Touche;0.3;-0.49
53136;La Roche-Neuville;0.3;0.87
53137;Loiron-Ruillé;0.5;0.52
53139;Loupfougères;0.5;0.25
53140;Louverné;3;0.46
53141;Louvigné;0.5;0.65
53142;Madré;0;-1.45
53143;Maisoncelles-du-Maine;0.4;-0.42
53144;Marcillé-la-Ville;0;-1.4
53145;Marigné-Peuton;0;-0.18
53146;Martigné-sur-Mayenne;1.2;0.49
53147;Mayenne;1;-0.05
53148;Mée;0;0.67
53150;Ménil;0.9;-0.99
53151;Méral;0.2;-0.25
53152;Meslay-du-Maine;0.9;-0.72
53153;Mézangers;3.5;-1.2
53154;Montaudin;1.1;-0.43
53155;Montenay;0.2;-0.7
53156;Montflours;0.8;-0.33
53157;Montigné-le-Brillant;0.9;1.12
53158;Montjean;0.4;0.08
53160;Montreuil-Poulay;1.7;-0.13
53161;Montsûrs;2;-0.41
53162;Moulay;0.2;0.31
53163;Neau;2;-0.24
53164;Neuilly-le-Vendin;0.6;-0.1
53165;Niafles;3.5;0.1
53168;Nuillé-sur-Vicoin;3;0.45
53169;Olivet;0.5;-0.44
53170;Oisseau;0.6;-0.99
53172;Origné;0.5;-1.14
53173;La Pallu;3.6;-1.93
53174;Parigné-sur-Braye;0.5;-0.1
53175;Parné-sur-Roc;1.3;0.6
53176;Le Pas;0.5;-0.75
53177;La Pellerine;0;-2.98
53178;Peuton;1.6;0
53179;Placé;0;0.97
53180;Pommerieux;0.9;-0.05
53181;Pontmain;1.8;-0.8
53182;Port-Brillet;3.8;-0.01
53184;Préaux;0;-0.61
53185;Pré-en-Pail-Saint-Samson;0.5;-0.31
53186;Quelaines-Saint-Gault;1.2;-0.26
53187;Ravigny;2.8;-0.22
53188;Renazé;1.6;-0.15
53189;Rennes-en-Grenouilles;0;0.3
53190;Le Ribay;0.5;0.22
53191;La Roë;0;0.41
53192;La Rouaudière;0;-1.13
53193;Ruillé-Froid-Fonds;0;0.32
53195;Sacé;0.4;-0.44
53196;Saint-Aignan-de-Couptrain;0;-1.1
53197;Saint-Aignan-sur-Roë;0;0.75
53198;Saint-Aubin-du-Désert;0;-1.56
53199;Saint-Aubin-Fosse-Louvain;1.2;-0.46
53200;Saint-Baudelle;0.3;0.74
53201;Saint-Berthevin;4.8;0.09
53202;Saint-Berthevin-la-Tannière;0;-2.58
53203;Saint-Brice;2.9;-0.16
53204;Saint-Calais-du-Désert;1.8;0.55
53206;Saint-Charles-la-Forêt;0.9;0.78
53208;Saint-Cyr-en-Pail;1;0.47
53209;Saint-Cyr-le-Gravelais;1.1;0.7
53210;Saint-Denis-d'Anjou;2.7;-0.49
53211;Saint-Denis-de-Gastines;0.6;-1.2
53212;Saint-Denis-du-Maine;0.4;1.06
53213;Saint-Ellier-du-Maine;0.9;-0.91
53214;Saint-Erblon;0;-2.01
53216;Saint-Fraimbault-de-Prières;0.9;-0.94
53218;Sainte-Gemmes-le-Robert;2.4;-2.15
53219;Saint-Georges-Buttavent;0.6;-0.6
53220;Saint-Georges-le-Fléchard;1.7;-1.66
53221;Saint-Georges-sur-Erve;1.9;0.52
53222;Saint-Germain-d'Anxure;0;-1.51
53223;Saint-Germain-de-Coulamer;0.7;-1.58
53224;Saint-Germain-le-Fouilloux;2.1;0.3
53225;Saint-Germain-le-Guillaume;0.4;0.84
53226;Saint-Hilaire-du-Maine;0.5;-0.86
53228;Blandouet-Saint Jean;1.2;-1.69
53229;Saint-Jean-sur-Mayenne;1.9;0.36
53230;Saint-Julien-du-Terroux;1.7;1.29
53232;Saint-Léger;0;1.02
53233;Saint-Loup-du-Dorat;2;-1.91
53234;Saint-Loup-du-Gast;0;-1.98
53235;Sainte-Marie-du-Bois;0;1.22
53236;Saint-Mars-du-Désert;3.1;0.51
53237;Saint-Mars-sur-Colmont;0.6;-1.16
53238;Saint-Mars-sur-la-Futaie;0.9;-0.99
53240;Saint-Martin-du-Limet;0.5;-0.69
53242;Saint-Michel-de-la-Roë;0.9;-0.51
53243;Saint-Ouën-des-Toits;1.4;0.34
53245;Saint-Pierre-des-Landes;0.4;-0.27
53246;Saint-Pierre-des-Nids;0.7;-2.04
53247;Saint-Pierre-la-Cour;4;1.2
53248;Saint-Pierre-sur-Erve;4.4;-1.09
53249;Vimartin-sur-Orthe;2.2;-0.16
53250;Saint-Poix;1;-0.54
53251;Saint-Quentin-les-Anges;0.5;2.07
53253;Saint-Saturnin-du-Limet;1;0.33
53255;Sainte-Suzanne-et-Chammes;2.2;-1.54
53256;Saint-Thomas-de-Courceriers;0;-2.71
53257;Saulges;3.3;0.78
53258;La Selle-Craonnaise;0.5;-0.98
53259;Senonnes;0;1.25
53260;Simplé;0.5;-2.27
53261;Soucé;0;-1.69
53262;Soulgé-sur-Ouette;1;-0.42
53263;Thubœuf;0;-1.3
53264;Thorigné-en-Charnie;0;-0.52
53265;Torcé-Viviers-en-Charnie;3.1;0.31
53266;Trans;0;-0.58
53267;Vaiges;0.8;0.06
53269;Vautorte;0.7;0.56
53270;Vieuvy;0;-2.37
53271;Villaines-la-Juhel;0.6;-1.04
53272;Villepail;1.5;1.75
53273;Villiers-Charlemagne;1.1;-0.82
53276;Voutré;2.6;-0.11
54001;Abaucourt;2.7;1.45
54002;Abbéville-lès-Conflans;4.8;1.02
54003;Aboncourt;2.7;-2.06
54004;Affléville;0;-0.28
54005;Affracourt;0;0.6
54006;Agincourt;0.5;-0.08
54007;Aingeray;2.6;-0.49
54008;Allain;0.4;0.55
54009;Allamont;0;0.11
54010;Allamps;1.7;-0.49
54011;Allondrelle-la-Malmaison;2.5;-0.26
54012;Amance;1.3;1.15
54013;Amenoncourt;2.9;1.41
54014;Ancerviller;3;-1.83
54015;Anderny;0.9;0.07
54016;Andilly;1.4;-0.18
54017;Angomont;0;-1.07
54018;Anoux;1.7;0.69
54019;Ansauville;3;-1.65
54020;Anthelupt;4.7;-0.59
54021;Armaucourt;3.3;1.4
54022;Arnaville;7.1;-0.09
54023;Arracourt;1;0.33
54024;Arraye-et-Han;0.7;0.6
54025;Art-sur-Meurthe;5.1;3.21
54026;Athienville;0;-1.06
54027;Atton;4.3;1.69
54028;Auboué;2.4;0.88
54029;Audun-le-Roman;3.4;0.1
54030;Autrepierre;3;-0.84
54031;Autreville-sur-Moselle;2.2;-0.8
54032;Autrey;1;1.35
54033;Avillers;0;2.09
54034;Avrainville;2.6;-0.46
54035;Avricourt;6.1;0.22
54036;Avril;1.4;1.51
54037;Azelot;2.8;-0.24
54038;Azerailles;3.9;-0.26
54039;Baccarat;5.5;-1.27
54040;Badonviller;2.2;-0.23
54041;Bagneux;1.7;-3.4
54042;Bainville-aux-Miroirs;3.9;-1.68
54043;Bainville-sur-Madon;4.6;0.51
54044;Barbas;0;1.11
54045;Barbonville;2.9;-0.31
54046;Barisey-au-Plain;1.7;-0.34
54047;Barisey-la-Côte;2.4;3.24
54048;Les Baroches;1.8;-1.21
54049;Baslieux;0.9;-2.44
54050;Bathelémont;4.8;1.26
54051;Batilly;1.6;0.7
54052;Battigny;0;0.95
54053;Bauzemont;3.6;0.33
54054;Bayon;6.9;-0.48
54055;Bayonville-sur-Mad;7;1.49
54056;Bazailles;0;0.81
54057;Beaumont;0;-0.48
54058;Béchamps;0;-0.79
54059;Belleau;2.7;0.25
54060;Belleville;7.7;0.81
54061;Bénaménil;3.8;0.29
54062;Benney;1;-0.05
54063;Bernécourt;0;-0.74
54064;Bertrambois;1.6;0.05
54065;Bertrichamps;2;-0.37
54066;Bettainvillers;1.1;0.53
54067;Beuveille;3.2;0.3
54068;Beuvezin;0;-1.61
54069;Beuvillers;4.6;4.26
54070;Bey-sur-Seille;1.1;2.29
54071;Bezange-la-Grande;0;0.62
54072;Bezaumont;1.7;0.13
54073;Bicqueley;3;0.61
54074;Bienville-la-Petite;5.6;1.93
54075;Bionville;2.3;-0.43
54076;Blainville-sur-l'Eau;9.7;-0.42
54077;Blâmont;5.3;-0.55
54078;Blémerey;3.4;-3.77
54079;Blénod-lès-Pont-à-Mousson;8.2;0.17
54080;Blénod-lès-Toul;2.6;-1.05
54081;Boismont;2.7;0.12
54082;Boncourt;2.7;-0.56
54083;Bonviller;2.4;-0.46
54084;Mont-Bonvillers;1.5;-0.16
54085;Borville;4.7;-2.8
54086;Boucq;2.4;0
54087;Bouillonville;1.7;-0.56
54088;Bouvron;2.2;-2.59
54089;Bouxières-aux-Chênes;1.2;-0.13
54090;Bouxières-aux-Dames;3.3;-0.4
54091;Bouxières-sous-Froidmont;3.4;3.09
54092;Bouzanville;0;0.53
54093;Brainville;2.6;1.34
54094;Bralleville;2.3;-0.78
54095;Bratte;0;1.49
54096;Bréhain-la-Ville;4.8;2.76
54097;Bréménil;0;-2.44
54098;Brémoncourt;5.7;0.2
54099;Val de Briey;2.9;-0.92
54100;Brin-sur-Seille;2.8;-0.38
54101;Brouville;0;-1.44
54102;Bruley;2.9;0
54103;Bruville;0;-0.53
54104;Buissoncourt;2.2;-0.69
54105;Bulligny;2.4;0.57
54106;Bures;0;0.52
54107;Buriville;0;-0.46
54108;Burthecourt-aux-Chênes;1.6;6.48
54109;Ceintrey;1.5;-0.16
54110;Cerville;2.7;-0.9
54111;Chaligny;4.2;-0.66
54112;Chambley-Bussières;1.2;0.99
54113;Champenoux;4.5;2.37
54114;Champey-sur-Moselle;5;-1.64
54115;Champigneulles;10.7;-0.48
54116;Chanteheux;7.3;-0.03
54117;Chaouilley;2;-0.15
54118;Charency-Vezin;1.1;-0.48
54119;Charey;2.5;2.01
54120;Charmes-la-Côte;6.4;-0.91
54121;Charmois;10.3;0.78
54122;Chaudeney-sur-Moselle;3.6;0.61
54123;Chavigny;5.5;-1.93
54124;Chazelles-sur-Albe;0;4.33
54125;Chenevières;7.3;-0.72
54126;Chenicourt;3.8;-1.05
54127;Chenières;6;-0.91
54128;Choloy-Ménillot;4.7;-0.56
54129;Cirey-sur-Vezouze;2.5;-0.84
54130;Clayeures;6.6;-1.36
54131;Clémery;1.7;-0.17
54132;Clérey-sur-Brenon;3.2;-3.37
54133;Coincourt;1.6;-1.56
54134;Colmey;0.8;-0.67
54135;Colombey-les-Belles;2.7;-0.39
54136;Conflans-en-Jarnisy;3.5;0.14
54137;Cons-la-Grandville;9.6;-0.06
54138;Cosnes-et-Romain;8;0.86
54139;Courbesseaux;1.6;2.53
54140;Courcelles;0;-2.77
54141;Coyviller;1.4;1.58
54142;Crantenoy;1.5;-0.11
54143;Crépey;1.5;-0.26
54144;Crévéchamps;0.6;-2.01
54145;Crévic;4.6;0.78
54146;Crézilles;2.3;1.46
54147;Crion;2;3.18
54148;Croismare;4.9;0.03
54149;Crusnes;3.1;-0.16
54150;Custines;3.7;0.5
54151;Cutry;7.7;0.23
54152;Damelevières;9.9;-0.44
54153;Dampvitoux;0;-0.57
54154;Deneuvre;2.7;-2.36
54155;Deuxville;3.9;-1.66
54156;Diarville;3.3;-2.13
54157;Dieulouard;6.9;-0.55
54158;Dolcourt;1.4;2.47
54159;Dombasle-sur-Meurthe;8.6;-0.44
54160;Domèvre-en-Haye;1.7;1.37
54161;Domèvre-sur-Vezouze;4.5;1.55
54162;Domgermain;2.3;-0.91
54163;Domjevin;1.7;0.65
54164;Dommarie-Eulmont;2.8;-1.21
54165;Dommartemont;4.9;-0.77
54166;Dommartin-la-Chaussée;0;-4.68
54167;Dommartin-lès-Toul;6.1;-0.13
54168;Dommartin-sous-Amance;1.4;2.32
54169;Domprix;0;2.78
54170;Domptail-en-l'Air;0;-0.24
54171;Doncourt-lès-Conflans;1.7;-1.12
54172;Doncourt-lès-Longuyon;3;-0.5
54173;Drouville;2.4;0.24
54174;Écrouves;5.8;0.31
54175;Einvaux;4;-0.09
54176;Einville-au-Jard;3.4;-2.23
54177;Emberménil;3.9;-1.45
54178;Épiez-sur-Chiers;2.2;1.24
54179;Éply;2;-0.33
54180;Erbéviller-sur-Amezule;0;-2.05
54181;Errouville;4;-1.42
54182;Essey-et-Maizerais;2.3;-2.42
54183;Essey-la-Côte;0;-1.48
54184;Essey-lès-Nancy;19.1;0.06
54185;Étreval;0;-0.82
54186;Eulmont;3.4;1.12
54187;Euvezin;0;-0.15
54188;Faulx;2.3;0.72
54189;Favières;1.3;-0.42
54190;Fécocourt;0;-0.16
54191;Fenneviller;0;2.23
54192;Ferrières;0.5;2.31
54193;Fey-en-Haye;0;-4.75
54194;Fillières;2.6;0.49
54195;Flainval;4.2;-3.87
54196;Flavigny-sur-Moselle;2.8;-0.67
54197;Fléville-devant-Nancy;5;-0.75
54198;Fléville-Lixières;1.5;-0.6
54199;Flin;3;0.4
54200;Flirey;0;1.51
54201;Fontenoy-la-Joûte;0.8;0.22
54202;Fontenoy-sur-Moselle;1.6;-0.18
54203;Forcelles-Saint-Gorgon;0;0.86
54204;Forcelles-sous-Gugney;0;-0.91
54205;Foug;4.2;-0.41
54206;Fraimbois;2.6;-1.02
54207;Fraisnes-en-Saintois;0;-3.8
54208;Francheville;0;0.93
54209;Franconville;7.1;-4.1
54210;Fréménil;2.9;0
54211;Frémonville;3.5;1.96
54212;Fresnois-la-Montagne;5;0.12
54213;Friauville;4;0.09
54214;Frolois;1.7;0.12
54215;Frouard;9.1;-0.22
54216;Froville;3.8;-0.27
54217;Gélacourt;3.1;1.53
54218;Gélaucourt;4;-4.84
54219;Gellenoncourt;2.6;1.27
54220;Gémonville;0;0.67
54221;Gerbécourt-et-Haplemont;0.8;1.22
54222;Gerbéviller;2.7;-0.37
54223;Germiny;0;-1.67
54224;Germonville;3;1.63
54225;Gézoncourt;1.2;0.65
54226;Gibeaumeix;1.3;0.99
54227;Giraumont;1;0.29
54228;Giriviller;0;0
54229;Glonville;2.4;1.06
54230;Gogney;5;2.96
54231;Gondrecourt-Aix;4;0.19
54232;Gondreville;4.6;-1.09
54233;Gondrexon;0;-3.65
54234;Gorcy;5.3;1.53
54235;Goviller;1.4;-0.31
54236;Grand-Failly;3.5;2.08
54237;Grimonviller;5.1;3.67
54238;Gripport;1.4;-1.29
54239;Griscourt;2.8;1.13
54240;Grosrouvres;0;-3.15
54241;Gugney;0;-1.14
54242;Gye;2.3;2.81
54243;Hablainville;3.7;0.07
54244;Hagéville;1.8;-0.59
54245;Haigneville;5.6;0.87
54246;Halloville;0;-1.92
54247;Hammeville;0;1.19
54248;Hamonville;2.4;0.7
54249;Hannonville-Suzémont;1.5;-0.32
54250;Haraucourt;4;0.18
54251;Harbouey;0;2.43
54252;Haroué;0.5;0.06
54253;Hatrize;2.4;0.76
54254;Haucourt-Moulaine;8.5;1.61
54255;Haudonville;4;-1.17
54256;Haussonville;6.3;0.81
54257;Heillecourt;7.9;-0.52
54258;Hénaménil;6.2;-0.11
54259;Herbéviller;2.5;-1.62
54260;Hériménil;4.4;-1.01
54261;Herserange;15.8;-0.75
54262;Hoéville;0;0.58
54263;Homécourt;3.7;0.22
54264;Houdelmont;0;8.21
54265;Houdemont;7.4;-0.59
54266;Houdreville;2.9;-1.62
54268;Housséville;0;-3.87
54269;Hudiviller;1.4;-1.78
54270;Hussigny-Godbrange;7.8;1.86
54271;Igney;2.3;-1.8
54272;Jaillon;1.3;-0.07
54273;Jarny;3.9;-0.42
54274;Jarville-la-Malgrange;20.6;0.23
54275;Jaulny;4.8;-0.89
54276;Jeandelaincourt;2.8;-0.29
54277;Jeandelize;1.3;-0.18
54278;Jevoncourt;2;0.33
54279;Jezainville;8;1.14
54280;Jœuf;4;0.03
54281;Jolivet;6.8;-0.3
54282;Joppécourt;1.2;-0.43
54283;Jouaville;2.1;-1.36
54284;Joudreville;2.5;-0.83
54285;Juvrecourt;0;-6.03
54286;Labry;2.6;0.15
54287;Lachapelle;0.9;-0.57
54288;Lagney;3;-0.2
54289;Laître-sous-Amance;2.2;-2.54
54290;Laix;5.2;0.4
54291;Lalœuf;0.7;0.51
54292;Lamath;7.6;-1.74
54293;Landécourt;0;-1.31
54294;Landremont;1.6;-1.05
54295;Landres;3.9;0.03
54296;Laneuvelotte;3.1;-0.42
54297;Laneuveville-aux-Bois;2.3;-0.81
54298;Laneuveville-derrière-Foug;3.4;0.89
54299;Laneuveville-devant-Bayon;6.5;0.07
54300;Laneuveville-devant-Nancy;13.2;0.13
54301;Lanfroicourt;0;0
54302;Lantéfontaine;1;-0.58
54303;Laronxe;4.2;-0.36
54304;Laxou;16.3;0.92
54305;Lay-Saint-Christophe;3.9;-0.69
54306;Lay-Saint-Remy;1.3;-0.81
54307;Lebeuville;2.5;-2.65
54308;Leintrey;2.9;1.16
54309;Lemainville;1.3;1.8
54310;Leménil-Mitry;0;-6.53
54311;Lenoncourt;3.2;-0.06
54312;Lesménils;3.6;0.2
54313;Létricourt;1.7;-1.13
54314;Lexy;7.6;1.32
54315;Leyr;0.5;-0.27
54316;Limey-Remenauville;2.5;2
54317;Lironville;0;0.39
54318;Liverdun;8.9;-1.1
54320;Loisy;1.6;-0.15
54321;Longlaville;13.7;-0.79
54322;Longuyon;3.9;-0.77
54323;Longwy;15.7;0.85
54324;Lorey;4.5;-3.39
54325;Loromontzey;3;-1.99
54326;Lubey;1;-1.19
54327;Lucey;0.7;0.03
54328;Ludres;8.9;-1.08
54329;Lunéville;9.2;-0.59
54330;Lupcourt;3.3;-1.59
54331;Magnières;4.9;-0.35
54332;Maidières;10.5;-0.44
54333;Mailly-sur-Seille;0;-0.14
54334;Mairy-Mainville;1.1;-0.36
54335;Maixe;2.5;-0.33
54336;Maizières;3.7;-1.1
54337;Malavillers;3.6;-1.4
54338;Malleloy;2.2;0.08
54339;Malzéville;9;-0.32
54340;Mamey;3.2;-0.25
54343;Mandres-aux-Quatre-Tours;5.4;1.58
54344;Mangonville;8.7;-1.65
54345;Manoncourt-en-Vermois;3;-0.1
54346;Manoncourt-en-Woëvre;3.5;0.74
54348;Manonville;0;-0.21
54349;Manonviller;1.6;0.4
54350;Marainviller;3.9;0.73
54351;Marbache;6.9;-0.42
54352;Maron;4.3;-0.04
54353;Mars-la-Tour;1;-1.4
54354;Marthemont;3.4;3.29
54355;Martincourt;0;-1.06
54356;Mattexey;7.7;-0.51
54357;Maxéville;19.4;0.21
54358;Mazerulles;1.6;0.97
54359;Méhoncourt;1.7;0.42
54360;Ménil-la-Tour;1.3;0.15
54362;Mercy-le-Bas;1.6;0.03
54363;Mercy-le-Haut;0;-0.37
54364;Méréville;1.6;-1.06
54365;Merviller;3.8;-0.74
54366;Messein;4.4;1.05
54367;Mexy;8.2;0.38
54368;Mignéville;1.6;-1.81
54369;Millery;3.2;-0.73
54370;Minorville;1.9;-0.65
54371;Moineville;1;0.18
54372;Moivrons;1.3;1.41
54373;Moncel-lès-Lunéville;8.3;-0.48
54374;Moncel-sur-Seille;3.4;0.19
54375;Montauville;8.6;0.31
54376;Montenoy;2.2;-0.61
54377;Montigny;3;0.22
54378;Montigny-sur-Chiers;2.9;-0.41
54379;Mont-l'Étroit;9.7;1.09
54380;Mont-le-Vignoble;4.3;-0.28
54381;Montreux;0;-3.65
54382;Mont-Saint-Martin;11.5;1.28
54383;Mont-sur-Meurthe;9.1;0.28
54385;Morfontaine;1.2;-0.29
54386;Moriviller;2.4;-0.18
54387;Morville-sur-Seille;2.7;2.03
54388;Mouacourt;4.5;0.92
54389;Mouaville;0;1
54390;Mousson;0;-0.64
54391;Moutiers;2.2;0.23
54392;Moutrot;1.1;1.19
54393;Moyen;3.5;-0.9
54394;Murville;1;-0.55
54395;Nancy;20.4;-0.03
54396;Neufmaisons;8.5;-1.56
54397;Neuves-Maisons;8.5;-0.62
54398;Neuviller-lès-Badonviller;0;0
54399;Neuviller-sur-Moselle;5.6;1.84
54400;Nomeny;1.9;-0.76
54401;Nonhigny;1.6;1.03
54402;Norroy-le-Sec;3.3;-0.04
54403;Norroy-lès-Pont-à-Mousson;9;-0.75
54404;Noviant-aux-Prés;4.2;-1.94
54405;Ochey;1.2;0.1
54406;Ogéviller;5.3;-0.35
54407;Ognéville;2.6;-1.88
54408;Olley;2.1;-1.69
54409;Omelmont;2.6;0.53
54410;Onville;7.6;-0.83
54411;Ormes-et-Ville;0;-0.73
54412;Othe;0;3.35
54413;Ozerailles;3;-0.11
54414;Pagney-derrière-Barine;7.7;0.39
54415;Pagny-sur-Moselle;14.8;-0.84
54416;Pannes;2.2;0.39
54417;Parey-Saint-Césaire;0;0.07
54418;Parroy;1.3;1.47
54419;Parux;4.5;0.47
54420;Petit-Failly;4.4;1.49
54421;Petitmont;1;-0.79
54422;Pettonville;3.6;0
54423;Pexonne;2.9;-1.84
54424;Phlin;0;0
54425;Piennes;4.7;-0.23
54426;Pierre-la-Treiche;1.4;-0.89
54427;Pierre-Percée;6.5;1.08
54428;Pierrepont;1.2;-0.84
54429;Pierreville;0.7;-0.71
54430;Pompey;9;-0.29
54431;Pont-à-Mousson;12.3;-0.02
54432;Pont-Saint-Vincent;5.5;-1.05
54433;Port-sur-Seille;4.3;0.67
54434;Praye;0;-1.51
54435;Prény;9;0.69
54436;Preutin-Higny;0;2.64
54437;Pulligny;1.7;-0.33
54438;Pulney;0;-1.16
54439;Pulnoy;11.1;1.4
54440;Puxe;2.1;-0.29
54441;Puxieux;0.8;-2.55
54442;Quevilloncourt;2.4;0.35
54443;Raon-lès-Leau;0;-0.42
54444;Raucourt;1.9;1.12
54445;Raville-sur-Sânon;1.9;0.16
54446;Réchicourt-la-Petite;0;0.82
54447;Réclonville;7.7;-0.92
54449;Rehainviller;5.3;0.14
54450;Reherrey;0;4.61
54451;Réhon;8.5;-0.14
54452;Reillon;3;-2.69
54453;Rembercourt-sur-Mad;3.9;-0.32
54455;Remenoville;3;-0.83
54456;Réméréville;1.8;3.05
54457;Remoncourt;0;-1.9
54458;Repaix;2;2.5
54459;Richardménil;3.7;0.03
54460;Rogéville;0;-3.31
54461;Romain;2.9;0
54462;Rosières-aux-Salines;5.2;-0.28
54463;Rosières-en-Haye;4.2;0.76
54464;Rouves;0;-0.32
54465;Roville-devant-Bayon;3.8;-0.97
54466;Royaumeix;0.8;1.89
54467;Rozelieures;1.4;-0.71
54468;Saffais;0;-1.63
54469;Saint-Ail;1.8;0.04
54470;Saint-Baussant;0;-2.14
54471;Saint-Boingt;0;0.46
54472;Saint-Clément;6;-0.25
54473;Saint-Firmin;2.8;1.01
54474;Sainte-Geneviève;4.7;-0.18
54475;Saint-Germain;4.3;-0.31
54476;Saint-Jean-lès-Longuyon;0;-0.52
54477;Saint-Julien-lès-Gorze;1.3;-0.1
54478;Saint-Marcel;1.4;-0.33
54479;Saint-Mard;4.2;2.49
54480;Saint-Martin;0;-1.18
54481;Saint-Maurice-aux-Forges;0;-0.49
54482;Saint-Max;18;0.38
54483;Saint-Nicolas-de-Port;8.3;-0.47
54484;Sainte-Pôle;0;-1.08
54485;Saint-Pancré;0.8;-0.63
54486;Saint-Remimont;2.7;-1.37
54487;Saint-Rémy-aux-Bois;3.8;-1.46
54488;Saint-Sauveur;0;-1.94
54489;Saint-Supplet;2.8;0.68
54490;Saizerais;4;-0.77
54491;Sancy;0.6;2.07
54492;Sanzey;1.8;1.3
54493;Saulnes;8.1;-1.06
54494;Saulxerotte;0;-1.41
54495;Saulxures-lès-Nancy;9.7;0.94
54496;Saulxures-lès-Vannes;0;-0.22
54497;Saxon-Sion;12;-5.72
54498;Seichamps;9.3;0.94
54499;Seicheprey;2;-0.6
54500;Selaincourt;0;0.92
54501;Seranville;0;0.5
54502;Serres;0.9;0.41
54504;Serrouville;2.3;-0.49
54505;Sexey-aux-Forges;2.2;0.66
54507;Sionviller;2;-0.66
54508;Sivry;0.8;-1.33
54509;Sommerviller;5.4;0.27
54510;Sornéville;0.5;-0.5
54511;Sponville;2;-2.54
54512;Tanconville;0;-1.63
54513;Tantonville;0.8;0.41
54514;Tellancourt;2.6;2.23
54515;Thélod;3.4;0.07
54516;They-sous-Vaudemont;0;6.99
54517;Thézey-Saint-Martin;0;-0.16
54518;Thiaucourt-Regniéville;3.7;-0.16
54519;Thiaville-sur-Meurthe;2.7;0.87
54520;Thiébauménil;3.4;0.09
54521;Thil;6.3;2.09
54522;Thorey-Lyautey;2.3;-2.27
54523;Thuilley-aux-Groseilles;9.7;-1.14
54524;Thumeréville;0;4.15
54525;Tiercelet;1.9;-0.52
54526;Tomblaine;12.9;0.26
54527;Tonnoy;0.3;-1.48
54528;Toul;7.1;-0.15
54529;Tramont-Émy;0;-1.68
54530;Tramont-Lassus;0;0.56
54531;Tramont-Saint-André;3.2;0.83
54532;Tremblecourt;5.3;-2.15
54533;Trieux;2.4;0.96
54534;Trondes;2.3;-0.81
54535;Tronville;1.1;-0.25
54536;Tucquegnieux;1.9;-0.37
54537;Ugny;6.7;-0.77
54538;Uruffe;0.7;-1.34
54539;Vacqueville;3.6;-1.36
54540;Val-et-Châtillon;1.6;-1.26
54541;Valhey;1.4;-1.39
54542;Valleroy;2;0.06
54543;Vallois;4.2;-3.55
54544;Vandelainville;11.1;0.48
54545;Vandeléville;2;0.08
54546;Vandières;9.5;0.16
54547;Vandœuvre-lès-Nancy;18.2;-0.27
54548;Vannes-le-Châtel;2.8;-1.89
54549;Varangéville;10;-0.52
54550;Vathiménil;4.5;-2.11
54551;Vaucourt;0;-1.04
54552;Vaudémont;0;1.5
54553;Vaudeville;0;-0.62
54554;Vaudigny;2;1.5
54555;Vaxainville;2.7;-3.5
54556;Vého;2;2.45
54557;Bois-de-Haye;2.9;0.79
54558;Velaine-sous-Amance;3.7;0.48
54559;Velle-sur-Moselle;0.7;1.95
54560;Veney;5.3;0.98
54561;Vennezey;5;-4.79
54562;Verdenal;3.4;-3.65
54563;Vézelise;2.5;-1.03
54564;Viéville-en-Haye;6.3;-1.14
54565;Vigneulles;8.7;-0.83
54566;Vilcey-sur-Trey;2.4;-1.61
54567;Villacourt;7.9;-2.22
54568;Ville-au-Montois;2.4;-1.42
54569;Ville-au-Val;6;-1.47
54570;Villecey-sur-Mad;6.9;0.44
54571;Ville-en-Vermois;3.1;-0.17
54572;Ville-Houdlémont;4.5;1.31
54573;Villers-en-Haye;4.7;-1.96
54574;Villers-la-Chèvre;6.4;-0.26
54575;Villers-la-Montagne;8.2;0.69
54576;Villers-le-Rond;1.9;2
54577;Villers-lès-Moivrons;1.6;-0.46
54578;Villers-lès-Nancy;12.4;0.55
54579;Villers-sous-Prény;6.8;-0.88
54580;Villerupt;16;0.75
54581;Ville-sur-Yron;4.5;-0.06
54582;Villette;3.5;0.45
54583;Villey-le-Sec;5.1;0.32
54584;Villey-Saint-Étienne;1.7;-0.99
54585;Virecourt;8.7;1.4
54586;Viterne;4.3;0.25
54587;Vitrey;1;-1.4
54588;Vitrimont;2.2;-0.63
54589;Vittonville;4.8;0.4
54590;Viviers-sur-Chiers;5.4;0.18
54591;Voinémont;2.4;0.05
54592;Vroncourt;0.7;-0.25
54593;Waville;3.7;0.23
54594;Xammes;1.6;3.01
54595;Xermaménil;2;0.03
54596;Xeuilley;2.1;1.34
54597;Xirocourt;0.9;0.15
54598;Xivry-Circourt;1.7;-0.49
54599;Xonville;0;-4.14
54600;Xousse;4;-1.54
54601;Xures;5.1;-3.08
54602;Han-devant-Pierrepont;1.4;-0.89
55001;Abainville;0;-1.3
55002;Abaucourt-Hautecourt;0;-1.72
55004;Aincreville;0;2.22
55005;Amanty;0;-2.99
55007;Ambly-sur-Meuse;0;-0.94
55008;Amel-sur-l'Étang;0;-0.97
55009;Ancemont;0.4;-1.13
55010;Ancerville;0.6;-1.13
55011;Andernay;0;-0.74
55012;Apremont-la-Forêt;1.2;1.1
55013;Arrancy-sur-Crusnes;1.8;-1.15
55014;Aubréville;0;-0.67
55015;Aulnois-en-Perthois;1.8;-1.38
55017;Autrécourt-sur-Aire;0;-0.15
55018;Autréville-Saint-Lambert;7.1;-2.6
55021;Avillers-Sainte-Croix;3;4.91
55022;Avioth;0;-2.77
55023;Avocourt;0;1.6
55024;Azannes-et-Soumazannes;0;-0.61
55025;Baâlon;0;-1.86
55026;Badonvilliers-Gérauvilliers;0;-1.49
55027;Bannoncourt;1.5;0.85
55028;Bantheville;2.1;-2.78
55029;Bar-le-Duc;8.3;-0.67
55031;Baudonvilliers;2.6;-0.26
55032;Baudrémont;0;-3.88
55033;Baulny;0;4.91
55034;Bazeilles-sur-Othain;0;-1.17
55035;Bazincourt-sur-Saulx;0;-0.58
55036;Beauclair;0;-0.18
55037;Beaufort-en-Argonne;0;-2.07
55038;Beaulieu-en-Argonne;0;1.82
55039;Beaumont-en-Verdunois;N/A - division par 0;N/A - division par 0
55040;Beausite;2.9;0.46
55041;Behonne;3.4;-0.41
55042;Belleray;0.5;-0.34
55043;Belleville-sur-Meuse;1.9;-0.38
55044;Belrain;0;0.45
55045;Belrupt-en-Verdunois;1.3;-1.04
55046;Beney-en-Woëvre;0;0.37
55047;Béthelainville;0;-1.99
55048;Béthincourt;0;4.54
55049;Beurey-sur-Saulx;1.6;0.24
55050;Bezonvaux;N/A - division par 0;N/A - division par 0
55051;Biencourt-sur-Orge;0;-1.42
55053;Billy-sous-Mangiennes;1.3;-0.73
55054;Bislée;0;0.27
55055;Blanzée;0;-4.37
55057;Boinville-en-Woëvre;0;1.6
55058;Boncourt-sur-Meuse;2.3;-0.51
55059;Bonnet;0;-2.05
55060;Bonzée;0.6;0.65
55061;Le Bouchon-sur-Saulx;0;-1.04
55062;Bouconville-sur-Madt;2.4;-1.72
55063;Bouligny;1.7;-1.17
55064;Bouquemont;0;0.72
55065;Boureuilles;0;-0.28
55066;Bovée-sur-Barboure;0;-2.36
55067;Boviolles;6.7;0.35
55068;Brabant-en-Argonne;0;-0.81
55069;Brabant-le-Roi;0;-0.73
55070;Brabant-sur-Meuse;1.4;-1.1
55071;Brandeville;0;-1.3
55072;Braquis;0;-2.89
55073;Bras-sur-Meuse;0.4;-0.87
55075;Brauvilliers;0;-0.2
55076;Bréhéville;0;1.21
55077;Breux;2.3;0.26
55078;Brieulles-sur-Meuse;0.9;-0.73
55079;Brillon-en-Barrois;2.3;1.32
55080;Brixey-aux-Chanoines;2.9;-1.42
55081;Brizeaux;0;1.12
55082;Brocourt-en-Argonne;0;-0.36
55083;Brouennes;1.5;1.41
55084;Broussey-en-Blois;7.1;0
55085;Broussey-Raulecourt;0.7;0.42
55087;Bure;0;0.98
55088;Burey-en-Vaux;0;0.21
55089;Burey-la-Côte;0;-0.38
55093;Buxières-sous-les-Côtes;1.9;-1.26
55094;Buzy-Darmont;0;-1.22
55095;Cesse;0;-0.86
55096;Chaillon;0;-0.15
55097;Chalaines;0.8;-1.01
55099;Champneuville;0;-0.14
55100;Champougny;2.1;-1.3
55101;Chardogne;3.6;-0.33
55102;Charny-sur-Meuse;0.4;-0.03
55103;Charpentry;0;0.74
55104;Chassey-Beaupré;5.1;-1.11
55105;Châtillon-sous-les-Côtes;0;0
55106;Chattancourt;0;-0.56
55107;Chaumont-devant-Damvillers;0;-0.71
55108;Chaumont-sur-Aire;0;-1.7
55109;Chauvency-le-Château;2.1;-1.68
55110;Chauvency-Saint-Hubert;0;-2.34
55111;Chauvoncourt;0;-0.79
55113;Cheppy;0;1
55114;Chonville-Malaumont;3.2;-0.87
55115;Cierges-sous-Montfaucon;0;-3.29
55116;Le Claon;0;-3.65
55117;Clermont-en-Argonne;0.9;-0.72
55118;Cléry-le-Grand;3.1;-0.19
55119;Cléry-le-Petit;0;0.36
55120;Combles-en-Barrois;1.9;-0.86
55121;Combres-sous-les-Côtes;0;-1.47
55122;Commercy;6.3;-1.03
55123;Les Hauts-de-Chée;1;-0.85
55124;Consenvoye;0.9;-0.89
55125;Contrisson;1.2;-0.88
55127;Courcelles-en-Barrois;0;5.49
55128;Courcelles-sur-Aire;0;0.82
55129;Courouvre;0;3.68
55132;Cousances-les-Forges;1.1;-0.56
55133;Couvertpuis;0;-1.17
55134;Couvonges;1.2;-0.53
55137;Cuisy;0;0
55138;Culey;0;-2.69
55139;Cumières-le-Mort-Homme;N/A - division par 0;N/A - division par 0
55140;Cunel;0;9.16
55141;Dagonville;0;0.39
55142;Dainville-Bertheléville;0;0.28
55143;Damloup;3.5;-0.9
55144;Dammarie-sur-Saulx;0;-2.89
55145;Damvillers;0;-0.97
55146;Dannevoux;0;-2.75
55148;Delouze-Rosières;1.8;0.14
55149;Delut;0;-0.26
55150;Demange-Baudignécourt;0.9;-1.87
55153;Dieppe-sous-Douaumont;1.2;0.62
55154;Dieue-sur-Meuse;0.3;0.06
55155;Dombasle-en-Argonne;0.6;-1.72
55156;Dombras;0;0.36
55157;Dommartin-la-Montagne;0;0
55158;Dommary-Baroncourt;2.6;-0.13
55159;Dompcevrin;0;2.67
55160;Dompierre-aux-Bois;0;-1.29
55162;Domremy-la-Canne;0;-4.1
55163;Doncourt-aux-Templiers;0;0
55165;Doulcon;0.7;-1.25
55166;Dugny-sur-Meuse;0.5;-0.42
55167;Dun-sur-Meuse;3.1;-1.97
55168;Duzey;0;1.53
55169;Écouviez;1.6;0.9
55170;Écurey-en-Verdunois;5.4;-1.93
55171;Eix;0;0.52
55172;Les Éparges;0;-2.03
55173;Épiez-sur-Meuse;0;-1.26
55174;Épinonville;0;-0.24
55175;Érize-la-Brûlée;1.2;-1.37
55177;Érize-la-Petite;0;-5.14
55178;Érize-Saint-Dizier;2.4;0.17
55179;Erneville-aux-Bois;1.4;-1.92
55180;Esnes-en-Argonne;0;-0.12
55181;Étain;1.3;-0.67
55182;Éton;1.2;-0.57
55183;Étraye;0;-1.29
55184;Euville;4.2;-0.38
55185;Èvres;0;-3.32
55186;Fains-Véel;2.9;-0.58
55188;Flassigny;0;-1.07
55189;Fleury-devant-Douaumont;N/A - division par 0;N/A - division par 0
55191;Foameix-Ornel;0;-0.92
55192;Fontaines-Saint-Clair;0;-6.53
55193;Forges-sur-Meuse;0;0.14
55194;Foucaucourt-sur-Thabas;0;1.14
55195;Fouchères-aux-Bois;0;-0.85
55196;Frémeréville-sous-les-Côtes;3;-2.18
55197;Fresnes-au-Mont;0;-0.79
55198;Fresnes-en-Woëvre;6.6;-0.32
55199;Froidos;2.4;-1.88
55200;Fromeréville-les-Vallons;0;0.16
55201;Fromezey;0;4.13
55202;Futeau;2.1;-3.01
55204;Génicourt-sur-Meuse;0.8;0.46
55206;Gercourt-et-Drillancourt;0;1.88
55207;Géry;0;-0.6
55208;Gesnes-en-Argonne;0;-2.08
55210;Gimécourt;5.6;-0.43
55211;Gincrey;0;-0.54
55212;Girauvoisin;4;0.89
55214;Givrauval;3.3;-0.51
55215;Gondrecourt-le-Château;1.7;-0.72
55216;Gouraincourt;0;3.79
55217;Goussaincourt;0;-0.28
55218;Gremilly;0;1.18
55219;Grimaucourt-en-Woëvre;2.1;-1.31
55220;Grimaucourt-près-Sampigny;0;1.31
55221;Guerpont;0;-0.96
55222;Gussainville;6.7;0.5
55224;Haironville;2.2;-0.8
55225;Halles-sous-les-Côtes;0;-1.92
55226;Han-lès-Juvigny;0;0.27
55228;Hannonville-sous-les-Côtes;1.5;-1.17
55229;Han-sur-Meuse;0;-0.67
55232;Harville;1.9;-0.87
55236;Haudainville;0.7;-0.47
55237;Haudiomont;0;0.89
55239;Haumont-près-Samogneux;N/A - division par 0;N/A - division par 0
55241;Heippes;0;1.7
55242;Hennemont;2;0
55243;Herbeuville;5;-0.18
55244;Herméville-en-Woëvre;1.2;-1.37
55245;Heudicourt-sous-les-Côtes;2.7;0.1
55246;Hévilliers;2.8;1.7
55247;Horville-en-Ornois;0;-3.79
55248;Houdelaincourt;0.9;-1.65
55250;Inor;0;-0.73
55251;Ippécourt;0;-0.18
55252;Iré-le-Sec;0;-0.43
55253;Les Islettes;0.3;-1.37
55254;Les Trois-Domaines;0;-0.8
55255;Jametz;0;-0.33
55256;Jonville-en-Woëvre;1.8;-0.57
55257;Jouy-en-Argonne;0;1.94
55258;Geville;1.4;0.11
55260;Julvécourt;0;-0.28
55261;Juvigny-en-Perthois;0;0
55262;Juvigny-sur-Loison;6.3;-1.04
55263;Kœur-la-Grande;1.4;-0.4
55264;Kœur-la-Petite;1;-2.46
55265;Labeuville;0;0.86
55266;Lachalade;8.7;-2.01
55267;Lachaussée;1.5;0.61
55268;Lacroix-sur-Meuse;3.3;-1.72
55269;Lahaymeix;0;-0.22
55270;Lahayville;0;1.84
55271;Laheycourt;0;-2.22
55272;Laimont;1.1;-1.38
55274;Lamorville;0;-0.59
55275;Lamouilly;3.1;-1.5
55276;Landrecourt-Lempire;0;1.17
55278;Laneuville-au-Rupt;1.1;-0.34
55279;Laneuville-sur-Meuse;0.6;0.53
55280;Lanhères;0;-2.75
55281;Latour-en-Woëvre;2.5;-1.46
55282;Lavallée;4.7;-1.11
55284;Lavincourt;0;0.48
55285;Lavoye;0;-0.56
55286;Lemmes;1;-0.55
55288;Lérouville;5.2;-0.81
55289;Levoncourt;0;-0.29
55290;Lignières-sur-Aire;0;-0.32
55291;Ligny-en-Barrois;3.3;-1.55
55292;Liny-devant-Dun;0;-0.18
55293;Lion-devant-Dun;0;0.87
55295;Lisle-en-Barrois;0;-5.37
55296;L'Isle-en-Rigault;0.5;-0.67
55297;Lissey;4.2;-1.22
55298;Loisey;0.8;-1.42
55299;Loison;0;-0.28
55300;Longeaux;3;-0.67
55301;Longchamps-sur-Aire;2;-0.41
55302;Longeville-en-Barrois;2.4;-1.06
55303;Loupmont;0;-0.89
55304;Louppy-le-Château;0;0.63
55306;Louppy-sur-Loison;0;-2.46
55307;Louvemont-Côte-du-Poivre;N/A - division par 0;N/A - division par 0
55310;Luzy-Saint-Martin;0;0
55311;Maizeray;0;-6.09
55312;Maizey;1.7;-0.72
55313;Malancourt;0;1.8
55315;Mandres-en-Barrois;2.2;-1.28
55316;Mangiennes;0;0.21
55317;Manheulles;0;1.5
55320;Marchéville-en-Woëvre;5.7;-0.24
55321;Marre;0;1.87
55322;Marson-sur-Barboure;0;3.2
55323;Martincourt-sur-Meuse;2.8;0.5
55324;Marville;0;0.56
55325;Maucourt-sur-Orne;0;-3.32
55326;Maulan;0;-1.34
55327;Mauvages;2.8;-1.82
55328;Maxey-sur-Vaise;0;-1.19
55329;Mécrin;2.4;-2.73
55330;Méligny-le-Grand;0;-1.92
55331;Méligny-le-Petit;0;-1.5
55332;Menaucourt;2.7;-0.57
55333;Ménil-aux-Bois;0;1.89
55334;Ménil-la-Horgne;0;0.39
55335;Ménil-sur-Saulx;0;-1.17
55336;Merles-sur-Loison;0;-0.78
55338;Milly-sur-Bradon;0;-2.57
55339;Mogeville;0;-1.89
55340;Mognéville;0;-0.77
55341;Moirey-Flabas-Crépion;1.6;-2.58
55343;Montblainville;0;-1.39
55344;Montbras;0;3.58
55345;Mont-devant-Sassey;0;1.23
55346;Montfaucon-d'Argonne;0;-2.18
55347;Les Monthairons;0;-2.94
55348;Montiers-sur-Saulx;0;-1.63
55349;Montigny-devant-Sassey;0;1.47
55350;Montigny-lès-Vaucouleurs;0;2.86
55351;Montmédy;2.9;-1.26
55352;Montplonne;0;-0.36
55353;Montsec;3.7;-1.65
55355;Montzéville;0;-0.21
55356;Moranville;0;-0.94
55357;Morgemoulin;2;-0.46
55358;Chanteraine;0;0.27
55359;Morley;0;0.16
55360;Mouilly;0;-0.77
55361;Moulainville;0;1.94
55362;Moulins-Saint-Hubert;0;1.12
55363;Moulotte;0;-3.09
55364;Mouzay;0;-1.34
55365;Murvaux;0;-0.36
55366;Val-d'Ornain;0.3;-0.24
55367;Muzeray;3;-0.13
55368;Naives-en-Blois;1.3;0.11
55369;Naives-Rosières;2.3;0.08
55370;Naix-aux-Forges;0;-1.61
55371;Nançois-le-Grand;0;0.46
55372;Nançois-sur-Ornain;2.8;-1.06
55373;Nant-le-Grand;3.1;1.05
55374;Nant-le-Petit;0;-0.63
55375;Nantillois;0;0
55376;Nantois;0;-1.24
55377;Nepvant;0;1.14
55378;Nettancourt;0;-0.8
55379;Le Neufour;0;-4.9
55380;Neuville-en-Verdunois;0;-3.32
55381;Neuville-lès-Vaucouleurs;0;-3.05
55382;Neuville-sur-Ornain;0;0.28
55383;Neuvilly-en-Argonne;2.2;0.68
55384;Nicey-sur-Aire;4.8;0.8
55385;Nixéville-Blercourt;0.4;0.44
55386;Nonsard-Lamarche;1.9;1
55387;Nouillonpont;0;0.7
55388;Noyers-Auzécourt;0;-0.54
55389;Nubécourt;0;0.2
55391;Olizy-sur-Chiers;0;0.52
55394;Ornes;0;4.91
55395;Osches;0;1.49
55396;Ourches-sur-Meuse;2.2;0.23
55397;Pagny-la-Blanche-Côte;1.1;-1
55398;Pagny-sur-Meuse;2;0
55399;Pareid;0;-1.29
55400;Parfondrupt;0;-1.5
55401;Les Paroches;0;-0.12
55403;Peuvillers;0;1.77
55404;Pierrefitte-sur-Aire;1.6;-0.38
55405;Pillon;0;-1.34
55406;Pintheville;0;-0.93
55407;Pont-sur-Meuse;3.5;-0.5
55408;Pouilly-sur-Meuse;0;-0.75
55409;Pretz-en-Argonne;0;-3.6
55410;Quincy-Landzécourt;1.2;-0.71
55411;Rambluzin-et-Benoite-Vaux;0;-2.48
55412;Rambucourt;0;-0.09
55414;Rancourt-sur-Ornain;7.1;-1.49
55415;Ranzières;2.3;1.98
55416;Rarécourt;1.4;-0.79
55419;Récicourt;2.8;-2.06
55420;Récourt-le-Creux;3.4;-2.26
55421;Reffroy;6.5;0.23
55422;Regnéville-sur-Meuse;0;0
55423;Rembercourt-Sommaisne;0;-1.81
55424;Remennecourt;0;-3.29
55425;Remoiville;0;-0.5
55426;Resson;1.6;-0.91
55427;Revigny-sur-Ornain;4;-1.58
55428;Réville-aux-Bois;1.9;1.63
55429;Riaville;4.5;2.55
55430;Ribeaucourt;3.7;-1.13
55431;Richecourt;0;-1.14
55433;Rigny-la-Salle;1.2;0.09
55434;Rigny-Saint-Martin;3.8;-1.27
55435;Robert-Espagne;1.7;-1.76
55436;Les Roises;0;-1.74
55437;Romagne-sous-les-Côtes;1.7;1.27
55438;Romagne-sous-Montfaucon;0;-1.1
55439;Ronvaux;0;2.99
55442;Raival;7.2;-1
55443;Rouvres-en-Woëvre;0.3;-0.58
55444;Rouvrois-sur-Meuse;2.2;-0.67
55445;Rouvrois-sur-Othain;0;-0.34
55446;Rumont;0;-0.58
55447;Rupt-aux-Nonains;1.2;0.09
55448;Rupt-devant-Saint-Mihiel;0;-5.45
55449;Rupt-en-Woëvre;3.1;-1.14
55450;Rupt-sur-Othain;0;0.7
55452;Saint-Amand-sur-Ornain;5;1.46
55453;Saint-André-en-Barrois;0;-1.55
55454;Saint-Aubin-sur-Aire;1.2;0.67
55456;Saint-Germain-sur-Meuse;3.1;-3.73
55457;Saint-Hilaire-en-Woëvre;1.3;0.56
55458;Saint-Jean-lès-Buzy;0.7;0.27
55459;Saint-Joire;3.2;-0.21
55460;Saint-Julien-sous-les-Côtes;0;-0.47
55461;Saint-Laurent-sur-Othain;2.2;-2.16
55462;Saint-Maurice-sous-les-Côtes;0;-0.5
55463;Saint-Mihiel;1.8;-1.25
55464;Saint-Pierrevillers;0;-0.65
55465;Saint-Remy-la-Calonne;0;-1.13
55466;Salmagne;0.8;-1.02
55467;Sampigny;1.4;-0.68
55468;Samogneux;0;0.87
55469;Sassey-sur-Meuse;0;-3.32
55470;Saudrupt;4.7;-0.85
55471;Saulmory-Villefranche;0;-1.72
55472;Saulvaux;0;-0.15
55473;Saulx-lès-Champlon;1.5;-1.13
55474;Sauvigny;0;-0.73
55475;Sauvoy;0;1.77
55476;Savonnières-devant-Bar;2.7;-1
55477;Savonnières-en-Perthois;0.6;-0.49
55479;Seigneulles;1.3;-2.38
55481;Senon;0.8;-1.88
55482;Senoncourt-les-Maujouy;0;1.77
55484;Septsarges;0;-0.35
55485;Sepvigny;2.6;-0.22
55487;Seuzey;0;-3.76
55488;Silmont;1.9;-1.96
55489;Sivry-la-Perche;0;0.42
55490;Sivry-sur-Meuse;0.9;-0.2
55492;Sommedieue;0.3;-0.1
55493;Sommeilles;0;-2.05
55494;Sommelonne;0;-2.58
55495;Sorbey;0;-2.43
55496;Sorcy-Saint-Martin;0.5;-0.88
55497;Les Souhesmes-Rampont;2.2;-1.24
55498;Souilly;1;-0.5
55500;Spincourt;0.8;-0.62
55501;Stainville;1.3;-2.41
55502;Stenay;2;-1.59
55503;Taillancourt;0;-0.79
55504;Tannois;5.6;-0.34
55505;Thierville-sur-Meuse;12.8;0.49
55506;Thillombois;0;0
55507;Thillot;0;-2.31
55508;Thonne-la-Long;0;1.53
55509;Thonne-le-Thil;0.9;0.49
55510;Thonne-les-Près;0;-1.75
55511;Thonnelle;0;-3.9
55512;Tilly-sur-Meuse;0.9;-0.93
55514;Trémont-sur-Saulx;2.1;-1.15
55515;Trésauvaux;0;0
55516;Tréveray;2.3;-0.97
55517;Seuil-d'Argonne;0.5;0.16
55518;Cousances-lès-Triconville;0;0.46
55519;Tronville-en-Barrois;5.3;-1.9
55520;Troussey;1.9;0.58
55521;Troyon;1.1;-2.32
55522;Ugny-sur-Meuse;2.2;-0.31
55523;Vacherauville;0;1.47
55525;Vadelaincourt;2.6;-1.24
55526;Vadonville;4.4;-0.65
55527;Varennes-en-Argonne;1.5;-0.87
55528;Varnéville;0;-1.61
55530;Valbois;2.5;0.72
55531;Vassincourt;0;0.43
55532;Vaubecourt;0;-0.11
55533;Vaucouleurs;1.2;-0.24
55534;Vaudeville-le-Haut;4.2;-2.2
55535;Vaudoncourt;0;-1.41
55536;Vauquois;0;4.17
55537;Douaumont-Vaux;0;0
55540;Vaux-lès-Palameix;0;1.18
55541;Vavincourt;2.3;0.81
55543;Velaines;3.6;-1.35
55544;Velosnes;0;-3.49
55545;Verdun;3.6;-1.25
55546;Verneuil-Grand;1;0.25
55547;Verneuil-Petit;4.8;-2.39
55549;Véry;3.8;-2.25
55551;Vigneulles-lès-Hattonchâtel;0.7;0.1
55552;Vigneul-sous-Montmédy;0;-1.52
55553;Vignot;2.6;-0.34
55554;Villécloye;0.8;-1.03
55555;Ville-devant-Belrain;0;-0.5
55556;Ville-devant-Chaumont;0;-0.34
55557;Ville-en-Woëvre;0;0.79
55559;Villeroy-sur-Méholle;0;9.78
55560;Villers-aux-Vents;0;-0.64
55561;Villers-devant-Dun;0;-1.25
55562;Villers-le-Sec;0;0.4
55563;Villers-lès-Mangiennes;0;-2.17
55565;Villers-sous-Pareid;0;-1.08
55566;Villers-sur-Meuse;0;-1.13
55567;Ville-sur-Cousances;0;0
55568;Ville-sur-Saulx;1.7;-0.64
55569;Villotte-devant-Louppy;4.5;-0.2
55570;Villotte-sur-Aire;2.2;1.4
55571;Vilosnes-Haraumont;1.4;2.58
55572;Vittarville;2;3.51
55573;Void-Vacon;2;-0.36
55574;Vouthon-Bas;0;-3.97
55575;Vouthon-Haut;0;-0.63
55577;Waly;0;-1.12
55578;Warcq;1.1;-1.96
55579;Watronville;0;-0.95
55580;Wavrille;0;0
55581;Willeroncourt;0;0
55582;Wiseppe;0;-1.71
55583;Woël;0;0.57
55584;Woimbey;1.9;0.93
55586;Xivray-et-Marvoisin;0;2.85
56001;Allaire;3.2;0.28
56002;Ambon;0.9;2.32
56003;Arradon;4.6;1.35
56004;Arzal;0.5;1.6
56005;Arzon;3.8;1.44
56006;Augan;0.6;-0.19
56007;Auray;5.9;0.89
56008;Baden;3.2;1.78
56009;Bangor;1.8;0.2
56010;Baud;1.1;-0.05
56011;Béganne;3.4;0.69
56012;Beignon;2.5;0.89
56013;Belz;2.2;0.63
56014;Berné;0.8;0.43
56015;Berric;1;2.35
56017;Bignan;0.1;-0.22
56018;Billiers;1.3;1.85
56019;Billio;1.3;-1.79
56020;Bohal;1.6;0.92
56021;Brandérion;1.8;0.82
56022;Brandivy;1.3;1.77
56023;Brech;3.3;1.03
56024;Bréhan;6.5;-0.12
56025;Brignac;0;1.23
56026;Bubry;0.9;-0.86
56027;Buléon;0.4;0.59
56028;Caden;2;-0.82
56029;Calan;0.5;1.09
56030;Camoël;1.9;2.41
56031;Camors;1.7;0.91
56032;Campénéac;1.3;0.13
56033;Carentoir;3.9;-0.48
56034;Carnac;4.1;-0.18
56035;Caro;0;-0.46
56036;Caudan;3.3;0.79
56039;La Chapelle-Neuve;1.3;0.37
56040;Cléguer;2.1;0.39
56041;Cléguérec;0.6;-0.55
56042;Colpo;1.5;0.23
56043;Concoret;1.6;0.81
56044;Cournon;0.6;0.81
56045;Le Cours;0.9;0.1
56046;Crach;2.5;0.7
56047;Crédin;0.5;-0.55
56048;Le Croisty;1.2;0.78
56050;La Croix-Helléan;1.1;-0.28
56051;Cruguel;1.1;0.38
56052;Damgan;1.6;2.14
56053;Elven;2;1.83
56054;Erdeven;1.8;1.66
56055;Étel;2;0.97
56056;Évriguet;1.5;3.48
56057;Le Faouët;0.6;0.03
56058;Férel;1.2;1.35
56060;Les Fougerêts;3.4;0.4
56061;La Gacilly;1.9;0.15
56062;Gâvres;4.9;0.29
56063;Gestel;1.9;-1.13
56065;Gourhel;0.7;0.76
56066;Gourin;1.1;0.02
56067;Grand-Champ;2.4;1.53
56068;La Grée-Saint-Laurent;0.8;-1.48
56069;Groix;5.9;0.23
56070;Guégon;1.1;0.12
56071;Guéhenno;0.9;0.21
56072;Gueltas;0;0.64
56073;Guémené-sur-Scorff;2.6;0.82
56074;Guénin;0.7;1.44
56075;Guer;1.7;-0.55
56076;Guern;1.1;0.67
56077;Le Guerno;0;0.26
56078;Guidel;2.5;1.2
56079;Guillac;0.3;0.55
56080;Guilliers;1.2;0.31
56081;Guiscriff;0.5;-0.59
56082;Helléan;2.6;0.85
56083;Hennebont;4.6;0.22
56084;Le Hézo;3.7;1.99
56085;Hœdic;0;0.33
56086;Île-d'Houat;3.4;-2.1
56087;Île-aux-Moines;5.9;0.76
56088;Île-d'Arz;19;5.8
56089;Inguiniel;0.9;0.44
56090;Inzinzac-Lochrist;3.6;0.34
56091;Josselin;2.1;0.36
56092;Kerfourn;0.2;-0.12
56093;Kergrist;0.3;-0.21
56094;Kervignac;1.8;1.25
56096;Landaul;2.5;1.46
56097;Landévant;3.5;1.46
56098;Lanester;8.8;0.58
56099;Langoëlan;0.8;1.03
56100;Langonnet;1.3;0.39
56101;Languidic;1.8;0.3
56102;Forges de Lanouée;0.9;-0.42
56103;Lantillac;0.9;-0.94
56104;Lanvaudan;3;0.12
56105;Lanvénégen;1;-0.6
56106;Larmor-Baden;5.7;-0.09
56107;Larmor-Plage;5;0.26
56108;Larré;0.6;1.15
56109;Lauzach;0.4;1.47
56110;Lignol;1.1;-0.27
56111;Limerzel;1.2;-0.53
56112;Lizio;0.3;1.55
56113;Locmalo;0;-0.22
56114;Locmaria;4.1;1.88
56115;Locmaria-Grand-Champ;0.7;1.13
56116;Locmariaquer;3.6;0.01
56117;Locminé;1.4;1.81
56118;Locmiquélic;13.4;0.09
56119;Locoal-Mendon;2;0.58
56120;Locqueltas;0.8;2.62
56121;Lorient;10.3;0.27
56122;Loyat;2.1;1.02
56123;Malansac;4.1;0.81
56124;Malestroit;1.8;0.5
56125;Malguénac;0.5;0.13
56126;Marzan;0.8;2.24
56127;Mauron;1.3;0.41
56128;Melrand;0.6;0.53
56129;Ménéac;0.9;-1.06
56130;Merlevenez;0.9;-0.11
56131;Meslan;0.9;0.56
56132;Meucon;3.2;0.21
56133;Missiriac;1.2;0.75
56134;Mohon;0.9;-0.07
56135;Molac;1.9;0.91
56136;Monteneuf;2.6;-0.09
56137;Monterblanc;1.6;0.38
56139;Montertelot;0.6;0.46
56140;Moréac;0.4;-0.32
56141;Moustoir-Ac;0.4;-1.18
56143;Muzillac;0.6;0.08
56144;Évellys;0.7;-0.43
56145;Néant-sur-Yvel;1.6;0.19
56146;Neulliac;0.2;0.68
56147;Nivillac;1.3;1.15
56148;Nostang;1.3;1.28
56149;Noyal-Muzillac;0.8;0.15
56151;Noyal-Pontivy;0.5;-0.25
56152;Le Palais;1.2;0.14
56153;Péaule;2.2;1.25
56154;Peillac;2.7;0.04
56155;Pénestin;3.1;1.53
56156;Persquen;2.8;0.86
56157;Plaudren;1.7;0.46
56158;Plescop;2.7;1.39
56159;Pleucadeuc;1;0.66
56160;Pleugriffet;0.2;0.34
56161;Ploemel;1.6;1.51
56162;Ploemeur;3.6;0.88
56163;Ploërdut;0.7;0.58
56164;Ploeren;2.7;0.47
56165;Ploërmel;1.5;0.22
56166;Plouay;1.5;0.51
56167;Plougoumelen;1.9;0.91
56168;Plouharnel;1.8;0.94
56169;Plouhinec;3.4;0.09
56170;Plouray;1;-1.83
56171;Pluherlin;1.3;-0.12
56172;Plumelec;1.1;0.28
56173;Pluméliau-Bieuzy;1;0.52
56174;Plumelin;0.6;0.67
56175;Plumergat;1.2;0.45
56176;Pluneret;2.4;1.91
56177;Pluvigner;1.2;0.36
56178;Pontivy;3.5;0.06
56179;Pont-Scorff;2.4;1.36
56180;Porcaro;0.6;0.61
56181;Port-Louis;12.5;0.4
56182;Priziac;2;0.72
56184;Questembert;2.5;1.36
56185;Quéven;6.4;0.64
56186;Quiberon;2.6;-0.21
56188;Quistinic;0.7;-0.17
56189;Radenac;1.1;0.22
56190;Réguiny;0.2;-0.47
56191;Réminiac;1.1;1.9
56193;Riantec;8;0.67
56194;Rieux;2.7;0.06
56195;La Roche-Bernard;3.4;0.83
56196;Rochefort-en-Terre;2.2;0.24
56197;Val d'Oust;0.4;0.79
56198;Rohan;0.8;-0.98
56199;Roudouallec;1;-0.09
56200;Ruffiac;0.9;-0.38
56201;Le Saint;0.8;0.56
56202;Saint-Abraham;0.7;-0.03
56203;Saint-Aignan;2.2;1.12
56204;Saint-Allouestre;0.7;0.79
56205;Saint-Armel;1.8;-0.15
56206;Saint-Avé;4.5;1.19
56207;Saint-Barthélemy;0.8;0.06
56208;Saint-Brieuc-de-Mauron;0;-2.63
56209;Sainte-Brigitte;1.8;0.09
56210;Saint-Caradec-Trégomel;0.5;-0.28
56211;Saint-Congard;0.3;1.46
56212;Saint-Dolay;1.9;1.12
56213;Saint-Gérand-Croixanvec;1;0.44
56214;Saint-Gildas-de-Rhuys;4.4;1.47
56215;Saint-Gonnery;0;-0.02
56216;Saint-Gorgon;1.6;1.74
56218;Saint-Gravé;3.5;0.04
56219;Saint-Guyomard;1.2;1.05
56220;Sainte-Hélène;0.6;0.76
56221;Saint-Jacut-les-Pins;1.4;-0.03
56222;Saint-Jean-Brévelay;1.1;0.52
56223;Saint-Jean-la-Poterie;3.1;-0.83
56224;Saint-Laurent-sur-Oust;0.7;1.24
56225;Saint-Léry;1.3;1.27
56226;Saint-Malo-de-Beignon;1.8;0.92
56227;Saint-Malo-des-Trois-Fontaines;0;0
56228;Saint-Marcel;0;1.09
56229;Saint-Martin-sur-Oust;1.4;-0.18
56230;Saint-Nicolas-du-Tertre;0;-0.43
56231;Saint-Nolff;3.6;1.02
56232;Saint-Perreux;2.6;-1.97
56233;Saint-Philibert;3.3;0.9
56234;Saint-Pierre-Quiberon;3.4;1.99
56236;Saint-Servant;0.6;-0.42
56237;Saint-Thuriau;0.2;0.2
56238;Saint-Tugdual;1.5;0.22
56239;Saint-Vincent-sur-Oust;1.9;1.81
56240;Sarzeau;3.1;2.45
56241;Sauzon;1.2;1.03
56242;Séglien;1;-0.6
56243;Séné;6.8;0.58
56244;Sérent;0.7;1.77
56245;Silfiac;1.6;1.86
56246;Le Sourn;0.6;0.13
56247;Sulniac;1.5;1.15
56248;Surzur;2;2.81
56249;Taupont;0.9;1.43
56250;Théhillac;2.7;0.76
56251;Theix-Noyalo;3;1.38
56252;Le Tour-du-Parc;0.5;0.24
56253;Tréal;0;0.83
56254;Trédion;1.1;1.5
56255;Treffléan;1.7;1.91
56256;Tréhorenteuc;0;-1.01
56257;La Trinité-Porhoët;0.9;-0.35
56258;La Trinité-sur-Mer;5.7;2.19
56259;La Trinité-Surzur;1.4;1.4
56260;Vannes;9.5;0.54
56261;La Vraie-Croix;3.7;0.34
56262;Le Bono;3.2;1.68
56263;Sainte-Anne-d'Auray;2.4;1.08
56264;Kernascléden;1.1;0.57
57001;Aboncourt;3.8;-2.09
57002;Aboncourt-sur-Seille;0;-1.44
57003;Abreschviller;7.9;-0.17
57004;Achain;2.9;-0.82
57006;Achen;3.1;-0.62
57007;Adaincourt;3.4;0.9
57008;Adelange;4.5;0.47
57009;Ajoncourt;0;0
57010;Alaincourt-la-Côte;1;2.72
57011;Albestroff;14.7;-0.54
57012;Algrange;7.3;-0.59
57013;Alsting;1.1;-0.53
57014;Altrippe;1.3;-0.84
57015;Altviller;3.2;-1.63
57016;Alzing;0;0.17
57017;Amanvillers;5.9;-0.17
57018;Amelécourt;1.6;-5.7
57019;Amnéville;6.6;0.64
57020;Ancerville;5.5;-0.11
57021;Ancy-Dornot;8.9;-1.16
57022;Angevillers;5.3;1.36
57024;Antilly;3.3;2.62
57025;Anzeling;0.9;-1.1
57026;Apach;7.3;0.65
57027;Arraincourt;3;-0.66
57028;Argancy;5.1;-0.21
57029;Arriance;4.8;0.47
57030;Arry;4;-0.4
57031;Ars-Laquenexy;10.3;0.16
57032;Ars-sur-Moselle;9.2;-0.14
57033;Arzviller;4;-0.5
57034;Aspach;0;1.93
57035;Assenoncourt;3.6;-0.15
57036;Attilloncourt;0;-1.13
57037;Aube;3.1;-0.06
57038;Audun-le-Tiche;19.3;1.12
57039;Augny;4.6;2.12
57040;Aulnois-sur-Seille;1.5;1.72
57041;Aumetz;4.7;0.64
57042;Avricourt;4.8;-1.19
57043;Ay-sur-Moselle;4.9;1.24
57044;Azoudange;0;-2.14
57045;Bacourt;1.9;0.45
57046;Baerenthal;2.4;-0.77
57047;Bambiderstroff;1.8;-0.37
57048;Bannay;4.3;0.68
57049;Le Ban-Saint-Martin;14.2;1.11
57050;Barchain;0;-1.41
57051;Baronville;3.1;0.05
57052;Barst;1.9;-0.32
57053;Bassing;0;-2.03
57054;Baudrecourt;6.3;-0.92
57055;Bazoncourt;5.5;0
57056;Bébing;7.1;-0.69
57057;Béchy;5.1;-0.71
57058;Behren-lès-Forbach;3.3;-0.72
57059;Bellange;0;0.6
57060;Bénestroff;1.4;-0.99
57061;Béning-lès-Saint-Avold;1.7;-0.04
57062;Berg-sur-Moselle;5.4;1.02
57063;Bérig-Vintrange;1;-0.69
57064;Berling;3.4;0.87
57065;Bermering;1.4;-2.08
57066;Berthelming;4.1;0
57067;Bertrange;10.4;1.03
57069;Berviller-en-Moselle;0;-0.57
57070;Bettange;0.9;0.35
57071;Bettborn;6.8;-0.5
57072;Bettelainville;2.7;-0.11
57073;Betting;1.8;-0.04
57074;Bettviller;1.3;-0.42
57075;Beux;0;1.92
57076;Beyren-lès-Sierck;5.8;0.03
57077;Bezange-la-Petite;6.5;0.36
57079;Bibiche;0;-0.68
57080;Bickenholtz;0;1.02
57081;Bidestroff;0;-0.8
57082;Biding;0.7;0.71
57083;Bining;1.6;0.1
57084;Bioncourt;1.9;-0.86
57085;Bionville-sur-Nied;1.6;0.47
57086;Belles-Forêts;3.2;-1.31
57087;Bisten-en-Lorraine;0.9;0.34
57088;Bistroff;2.6;0.11
57089;Bitche;2.8;-0.92
57090;Blanche-Église;2.1;-1.5
57091;Bliesbruck;2.7;-0.57
57092;Blies-Ébersing;2.2;-1.58
57093;Blies-Guersviller;2.2;0.55
57095;Boucheporn;1.1;-0.43
57096;Boulange;4.3;-0.43
57097;Boulay-Moselle;1.7;-0.38
57098;Bourgaltroff;1.9;-1.67
57099;Bourdonnay;0;1.13
57100;Bourscheid;0.9;-0.56
57101;Bousbach;0.7;-0.4
57102;Bousse;6;0.5
57103;Bousseviller;0;-1.38
57104;Boust;10.1;-0.81
57105;Boustroff;0;0.33
57106;Bouzonville;1.5;-0.62
57107;Bréhain;0;-1.12
57108;Breidenbach;0;-1.09
57109;Breistroff-la-Grande;9.7;3.5
57110;Brettnach;0;-0.64
57111;Bronvaux;3.1;-1.65
57112;Brouck;0;-0.6
57113;Brouderdorff;5.3;0.02
57114;Brouviller;3.4;-0.28
57115;Brulange;2.5;-0.5
57116;Buchy;1.7;-1.61
57117;Buding;2.7;-0.69
57118;Budling;3.5;-2.03
57119;Buhl-Lorraine;7.1;-0.47
57120;Burlioncourt;1.5;-3.04
57121;Burtoncourt;2.9;2.58
57122;Cappel;0.7;-0.51
57123;Carling;2.2;-0.53
57124;Cattenom;7;-0.63
57125;Chailly-lès-Ennery;2.7;1.75
57126;Chambrey;2;-1.31
57127;Chanville;5.6;2.83
57128;Charleville-sous-Bois;0.9;-1.86
57129;Charly-Oradour;4;2.6
57130;Château-Bréhain;0;-1.36
57131;Château-Rouge;0;0.17
57132;Château-Salins;2.1;-1.11
57133;Château-Voué;0;-0.31
57134;Châtel-Saint-Germain;7.5;0.14
57136;Chémery-les-Deux;3.8;1.02
57137;Cheminot;0.8;1.07
57138;Chenois;2.6;0.86
57139;Chérisey;1.5;-1.27
57140;Chesny;3.5;-1.31
57141;Chicourt;5.3;-1.08
57142;Chieulles;5.4;-0.16
57143;Clouange;5.2;-0.05
57144;Cocheren;1.9;-0.85
57145;Coincy;3.1;1.01
57146;Coin-lès-Cuvry;4.1;2.37
57147;Coin-sur-Seille;2;-0.2
57148;Colligny-Maizery;2.6;-0.44
57149;Colmen;0;0.58
57150;Condé-Northen;1.7;1.28
57151;Conthil;2.8;-3.65
57152;Contz-les-Bains;6.8;0.49
57153;Corny-sur-Moselle;3.5;-0.5
57154;Coume;0.7;-1.65
57155;Courcelles-Chaussy;2.2;-0.47
57156;Courcelles-sur-Nied;6.3;-0.14
57158;Craincourt;3.5;-2.04
57159;Créhange;2.9;-0.75
57160;Creutzwald;1.1;-1.04
57161;Cutting;4.8;-5.07
57162;Cuvry;2.2;3.64
57163;Dabo;2.9;-1.08
57165;Dalem;0.6;1.89
57166;Dalhain;0;-2.2
57167;Dalstein;3.4;1.1
57168;Danne-et-Quatre-Vents;5;-0.25
57169;Dannelbourg;5.8;0.37
57171;Delme;0.8;0.46
57172;Denting;0;0.18
57173;Desseling;0;-1.29
57174;Destry;1.8;3.21
57175;Diane-Capelle;2.3;1.51
57176;Diebling;1;0.14
57177;Dieuze;1.2;-0.87
57178;Diffembach-lès-Hellimer;3.2;0.19
57179;Distroff;7;1.01
57180;Dolving;3.7;-0.76
57181;Domnom-lès-Dieuze;6.3;2.84
57182;Donjeux;0;0.93
57183;Donnelay;0;0
57186;Ébersviller;0.5;0.39
57187;Éblange;0.6;-0.54
57188;Éguelshardt;2.6;0.58
57189;Eincheville;1.2;0.23
57190;Elvange;3.3;1.55
57191;Elzange;4.4;-1.39
57192;Enchenberg;1.1;-0.57
57193;Ennery;5;2.37
57194;Entrange;4.1;-0.61
57195;Epping;1.7;-0.03
57196;Erching;0.5;0.45
57197;Ernestviller;0.4;0.17
57198;Erstroff;1.4;-0.86
57199;Escherange;5.6;2.42
57200;Les Étangs;1.3;0.49
57201;Etting;1.7;-0.95
57202;Etzling;1;-0.85
57203;Évrange;16.2;-0.85
57204;Failly;4.7;1.32
57205;Falck;0.7;0.24
57206;Fameck;8.1;0.87
57207;Farébersviller;2.5;-0.91
57208;Farschviller;2.8;-0.85
57209;Faulquemont;5.1;-0.76
57210;Fénétrange;13.6;-1.7
57211;Fèves;4.6;1.81
57212;Féy;4.7;-0.04
57213;Filstroff;1.3;-0.13
57214;Fixem;4.9;-0.97
57215;Flastroff;0.6;2.39
57216;Fleisheim;0;-1.6
57217;Flétrange;3.5;-1.29
57218;Fleury;2.8;1.43
57219;Flévy;7;0.61
57220;Flocourt;0;1.5
57221;Florange;9.5;-0.01
57222;Folkling;2.7;1.21
57224;Folschviller;3.3;-0.43
57225;Fonteny;1.5;-0.35
57226;Fontoy;3.4;0.76
57227;Forbach;5;-0.4
57228;Fossieux;1.2;-2.54
57229;Foulcrey;1.5;-2.25
57230;Fouligny;6;-0.26
57231;Foville;0;0.16
57232;Francaltroff;1.1;-0.07
57233;Fraquelfing;2.6;0.82
57234;Frauenberg;1.5;0.77
57235;Freistroff;1.4;-1.02
57236;Frémery;0;2.03
57237;Frémestroff;1.6;0.28
57238;Fresnes-en-Saulnois;1;1.61
57239;Freybouse;0;-0.23
57240;Freyming-Merlebach;4.4;0.08
57241;Fribourg;1.3;-0.1
57242;Gandrange;6.5;0.92
57244;Garrebourg;5.1;-0.44
57245;Gavisse;3.8;0.72
57246;Gelucourt;1.2;-0.54
57247;Gerbécourt;2.4;-2.65
57248;Givrycourt;0;0.18
57249;Glatigny;4.4;0.52
57250;Goetzenbruck;2.3;-0.96
57251;Goin;0;0.93
57252;Gomelange;0;-1.19
57253;Gondrexange;0.5;0.71
57254;Gorze;7.1;-0.62
57255;Gosselming;4.9;-0.66
57256;Gravelotte;4.7;-0.34
57257;Grémecey;2;-0.81
57258;Gréning;2.3;-3.3
57259;Grindorff-Bizing;0.7;-0.37
57260;Grosbliederstroff;5.2;-0.02
57261;Gros-Réderching;1.7;-0.83
57262;Grostenquin;1.7;0.08
57263;Grundviller;0.9;-0.23
57264;Guebenhouse;1.7;-0.47
57265;Guébestroff;0;5.31
57266;Guéblange-lès-Dieuze;2.4;-1.6
57267;Le Val-de-Guéblange;4.1;-1.24
57268;Guébling;0;-0.13
57269;Guénange;8;1.63
57270;Val-de-Bride;0;-2.17
57271;Guenviller;1.1;0.75
57272;Guermange;0;0
57273;Guerstling;1.5;-2.11
57274;Guerting;0.8;0.19
57275;Guessling-Hémering;2.7;0.15
57276;Guinglange;1.2;-0.2
57277;Guinkirchen;1.4;-1.23
57278;Guinzeling;0;-1.77
57280;Guntzviller;6;-1.42
57281;Haboudange;11.5;-2.57
57282;Hagen;9.4;0.18
57283;Hagondange;17.1;0.04
57284;Hallering;0;-0.78
57286;Halstroff;1.6;-1.29
57287;Basse-Ham;9.3;0.48
57288;Ham-sous-Varsberg;0.9;0.4
57289;Hambach;2.3;-0.53
57290;Hampont;1.4;-1.69
57291;Hangviller;0.8;-0.44
57292;Hannocourt;0;-5.45
57293;Han-sur-Nied;4.4;-0.52
57294;Hanviller;1;-1.82
57295;Haraucourt-sur-Seille;0;0.47
57296;Hargarten-aux-Mines;1.5;-0.54
57297;Harprich;1.3;1.81
57298;Harreberg;4;-1.6
57299;Hartzviller;3.6;0.52
57300;Haselbourg;3;-0.87
57301;Haspelschiedt;1;-0.72
57302;Hattigny;0;2.29
57303;Hauconcourt;5.4;-1.25
57304;Haut-Clocher;6.6;0.39
57305;Havange;3.4;0.11
57306;Hayange;9.9;0.25
57307;Hayes;1.7;2.39
57308;Hazembourg;0;2.58
57309;Heining-lès-Bouzonville;0.9;-0.1
57310;Hellering-lès-Fénétrange;4.4;-0.35
57311;Hellimer;0.9;-1.32
57312;Helstroff;0.4;-1.66
57313;Hémilly;3.7;-0.12
57314;Héming;3.6;-0.17
57315;Henridorff;4.2;0.24
57316;Henriville;1.8;-0.09
57317;Hérange;1.9;-0.32
57318;Hermelange;3;-1.05
57319;Herny;5.1;0.52
57320;Hertzing;2.2;-1.34
57321;Hesse;3.2;-0.71
57322;Hestroff;2.1;0.9
57323;Hettange-Grande;19.2;0.29
57324;Hilbesheim;4.1;0.11
57325;Hilsprich;1.1;-0.64
57326;Hinckange;0.7;0.62
57328;Holacourt;3;0.75
57329;Holling;1.5;0.15
57330;Holving;2;-0.5
57331;Hombourg-Budange;1.5;-0.57
57332;Hombourg-Haut;2.8;-1.23
57333;Hommarting;7.9;-0.59
57334;Hommert;4.8;-1.58
57335;Honskirch;0;-0.98
57336;L'Hôpital;2.7;-0.73
57337;Hoste;1.5;-1.33
57338;Hottviller;2.3;-0.77
57339;Hultehouse;8.4;-0.18
57340;Hundling;1.9;-0.01
57341;Hunting;3.1;-1
57342;Ibigny;0;-1.74
57343;Illange;8.8;-0.97
57344;Imling;2.7;-0.26
57345;Inglange;2.9;-1.48
57346;Insming;1.2;0.65
57347;Insviller;1.4;-0.76
57348;Ippling;0.3;0.63
57349;Jallaucourt;2.7;-2.52
57350;Jouy-aux-Arches;5.6;-0.64
57351;Jury;6.4;4.97
57352;Jussy;4.7;0.15
57353;Juvelize;0;0
57354;Juville;0;2.5
57355;Kalhausen;4.7;-1.5
57356;Kanfen;7.8;1.12
57357;Kappelkinger;1.7;0.81
57358;Kédange-sur-Canner;5.5;-0.46
57359;Kemplich;2.2;0.97
57360;Kerbach;1.3;0.36
57361;Kerling-lès-Sierck;5;1.23
57362;Kerprich-aux-Bois;1;3.63
57364;Kirsch-lès-Sierck;2;1
57365;Kirschnaumen;1.4;0.35
57366;Kirviller;1.2;-0.35
57367;Klang;2.7;-1.9
57368;Knutange;10.2;0.04
57370;Kœnigsmacker;4.5;0.07
57371;Haute-Kontz;3.9;-1.05
57372;Kuntzig;8.2;0.69
57373;Lachambre;3.8;0.28
57374;Lafrimbolle;0;0.16
57375;Lagarde;4.5;-0.81
57376;Lambach;2.9;-1.24
57377;Landange;4.1;0.49
57379;Landroff;1.9;-0.25
57380;Laneuveville-lès-Lorquin;1.9;0
57381;Laneuveville-en-Saulnois;0;-0.96
57382;Langatte;3.1;2.02
57383;Languimberg;3.9;-1.21
57384;Laning;2.2;0.2
57385;Laquenexy;5.3;1.62
57386;Laudrefang;4.2;0.05
57387;Laumesfeld;0.9;0.54
57388;Launstroff;2.6;-1.38
57389;Lelling;0.9;-0.46
57390;Lemberg;3.8;-0.47
57391;Lemoncourt;3.1;-3.26
57392;Lemud;4.6;2.31
57393;Lengelsheim;1.4;-2.28
57394;Léning;0.7;0.15
57395;Lesse;2.3;-0.24
57396;Lessy;3.9;0.98
57397;Ley;0;0.97
57398;Leyviller;1.4;0.57
57399;Lezey;0;-1.58
57401;Lidrezing;11.1;-0.59
57402;Liederschiedt;1.7;-1.1
57403;Liéhon;5.2;2.95
57404;Lindre-Basse;1;-0.07
57405;Lindre-Haute;0;0.7
57406;Liocourt;7.1;0.84
57407;Lixheim;4;-0.83
57408;Lixing-lès-Rouhling;2.1;-2.22
57409;Lixing-lès-Saint-Avold;1.3;-0.46
57410;Lhor;0;1.45
57411;Lommerange;3.6;5.05
57412;Longeville-lès-Metz;12.7;-0.21
57413;Longeville-lès-Saint-Avold;1.8;-0.47
57414;Lorquin;10.9;-0.28
57415;Lorry-lès-Metz;9.2;-0.39
57416;Lorry-Mardigny;2.7;0.97
57417;Lostroff;3.2;0.48
57418;Loudrefing;1.5;-1.12
57419;Loupershouse;0.7;-0.76
57421;Loutzviller;1.5;0.33
57422;Louvigny;2.5;-0.56
57423;Lubécourt;0;-1.19
57424;Lucy;1;0.45
57425;Luppy;1.3;0.55
57426;Luttange;4.6;0.94
57427;Lutzelbourg;6.1;-1.12
57428;Macheren;3.4;0.27
57430;Mainvillers;2.2;-0.71
57431;Maizeroy;3.4;1.46
57433;Maizières-lès-Metz;9.9;0.72
57434;Maizières-lès-Vic;0.5;-1.35
57436;Malaucourt-sur-Seille;3.1;0.52
57437;Malling;3.2;1.47
57438;Malroy;3.1;-0.33
57439;Manderen-Ritzing;3.6;0.42
57440;Manhoué;1.5;-0.12
57441;Manom;11.3;1.83
57442;Many;6.4;-1.33
57443;Marange-Silvange;4.6;1.41
57444;Marange-Zondrange;1.2;1.56
57445;Marieulles;2.6;0.05
57446;Marimont-lès-Bénestroff;8.3;5.25
57447;Marly;9.8;-0.19
57448;Marsal;0;-2.77
57449;Marsilly;2.4;1.37
57451;Marthille;0;-0.59
57452;La Maxe;9.5;3.1
57453;Maxstadt;1.4;-1.55
57454;Mécleuves;2.7;0.52
57455;Mégange;3;-2.7
57456;Meisenthal;3.4;-1.5
57457;Menskirch;0;-0.12
57459;Merschweiller;3.4;3.49
57460;Merten;0.5;-0.75
57461;Métairies-Saint-Quirin;3.8;0.25
57462;Metting;1.5;1.66
57463;Metz;23.1;0.53
57464;Metzeresche;5.6;0.83
57465;Metzervisse;8.3;0.01
57466;Metzing;1;1.39
57467;Mey;7.9;1.97
57468;Mittelbronn;5.8;-1.15
57469;Mittersheim;1.7;-0.4
57470;Molring;0;4.28
57471;Momerstroff;0;1.05
57472;Moncheux;3.1;-0.45
57473;Moncourt;0;-2.2
57474;Mondelange;11;0
57475;Mondorff;19;1.35
57476;Monneren;1.5;-0.89
57477;Montbronn;2.6;-0.5
57478;Montdidier;0;2.06
57479;Montenach;1.8;1.14
57480;Montigny-lès-Metz;18;0.12
57481;Montois-la-Montagne;3.2;0.51
57482;Ogy-Montoy-Flanville;3.2;0.97
57483;Morhange;4.1;-0.58
57484;Morsbach;1.8;-0.14
57485;Morville-lès-Vic;2.2;-2.35
57486;Morville-sur-Nied;0;-0.55
57487;Moulins-lès-Metz;12.2;0.22
57488;Moussey;1.5;0.18
57489;Mouterhouse;2.5;-2.04
57490;Moyenvic;2.2;-2.11
57491;Moyeuvre-Grande;4.6;-1.03
57492;Moyeuvre-Petite;5.1;-0.91
57493;Mulcey;1.2;-0.08
57494;Munster;3.2;-1.35
57495;Narbéfontaine;1.9;-0.43
57496;Nébing;0.9;-0.88
57497;Nelling;0.9;-0.13
57498;Neufchef;3.6;0.44
57499;Neufgrange;2.3;-0.76
57500;Neufmoulins;0;-2.09
57501;Neufvillage;0;4.43
57502;Neunkirchen-lès-Bouzonville;0.6;-0.54
57504;Niderhoff;2.4;-0.24
57505;Niderviller;4.4;-0.98
57506;Niederstinzel;1.2;-1.6
57507;Niedervisse;1.6;1.07
57508;Nilvange;8.9;-1.39
57509;Nitting;6.2;1.83
57510;Noisseville;5.2;1.33
57511;Norroy-le-Veneur;4.2;-0.3
57512;Nouilly;4.9;0.3
57513;Nousseviller-lès-Bitche;1.5;2.2
57514;Nousseviller-Saint-Nabor;1.2;-0.08
57515;Novéant-sur-Moselle;7.5;0.34
57516;Oberdorff;2.8;-0.73
57517;Obergailbach;0.8;-2.64
57518;Oberstinzel;3.2;-1.39
57519;Obervisse;0;-0.21
57520;Obreck;13.6;-0.44
57521;Œting;1.5;-0.09
57524;Ommeray;0;0.8
57525;Oriocourt;0;-0.58
57526;Ormersviller;0.5;-0.51
57527;Orny;1.8;2.29
57528;Oron;0;2.93
57529;Ottange;12.8;0.16
57530;Ottonville;1.3;0.68
57531;Oudrenne;2.3;-0.14
57532;Pagny-lès-Goin;4.8;-0.77
57533;Pange;3.2;-0.13
57534;Peltre;8.7;-0.53
57535;Petit-Réderching;2.8;-1.09
57536;Petit-Tenquin;2.4;-1.18
57537;Petite-Rosselle;4.2;-0.48
57538;Pettoncourt;0;0.57
57539;Pévange;5.3;-4.88
57540;Phalsbourg;4.5;-0.24
57541;Philippsbourg;2.5;-0.03
57542;Piblange;1.8;-1.08
57543;Pierrevillers;5.4;-0.59
57544;Plaine-de-Walsch;3;-0.88
57545;Plappeville;12.3;0.13
57546;Plesnois;6.5;-0.89
57547;Pommérieux;0.3;0.73
57548;Pontoy;3.9;5.82
57549;Pontpierre;4.6;0.73
57550;Porcelette;1.4;-0.37
57551;Postroff;4.1;-0.98
57552;Pouilly;5.2;6.93
57553;Pournoy-la-Chétive;1.8;-0.77
57554;Pournoy-la-Grasse;3;3.64
57555;Prévocourt;3.6;0.15
57556;Puttelange-aux-Lacs;2.1;0.35
57557;Puttelange-lès-Thionville;6.1;1.28
57558;Puttigny;0;-2.47
57559;Puzieux;0;-1.77
57560;Racrange;2.7;0.69
57561;Rahling;5.1;-1.07
57562;Ranguevaux;6.2;1.26
57563;Raville;2.3;0.88
57564;Réchicourt-le-Château;1.9;0.24
57565;Rédange;13.5;0.18
57566;Réding;8.3;-0.7
57567;Rémelfang;0;-3.01
57568;Rémelfing;1.8;-1.2
57569;Rémeling;4.3;1.84
57570;Rémering;0;-0.66
57571;Rémering-lès-Puttelange;2.2;-1.26
57572;Rémilly;9.2;-0.07
57573;Réning;2;0.53
57574;Basse-Rentgen;10.7;1.83
57575;Retonfey;1.4;-0.65
57576;Rettel;2.3;2.64
57577;Reyersviller;1.8;0.77
57578;Rezonville-Vionville;3;-0.03
57579;Rhodes;0;0.69
57580;Riche;0;-0.45
57581;Richeling;1.4;0.34
57582;Richemont;7;1.06
57583;Richeval;1.8;-2.64
57584;Rimling;1.2;-0.03
57586;Rochonvillers;1.9;1.01
57587;Rodalbe;2;0
57588;Rodemack;6.4;1.05
57589;Rohrbach-lès-Bitche;2.6;0.13
57590;Rolbing;0.9;0.79
57591;Rombas;6.3;-0.55
57592;Romelfing;3.5;-1.1
57593;Roncourt;3.2;0.83
57594;Roppeviller;2.3;-2.09
57595;Rorbach-lès-Dieuze;0;-1.94
57596;Rosbruck;3.5;-1.03
57597;Rosselange;4.6;-2
57598;Rouhling;1.2;-1.01
57599;Roupeldange;0;-1.76
57600;Roussy-le-Village;6.6;2.43
57601;Rozérieulles;10.2;-0.58
57602;Rurange-lès-Thionville;6.1;-0.99
57603;Russange;11.4;-0.21
57604;Rustroff;3.9;1.2
57605;Sailly-Achâtel;0.7;1.56
57606;Saint-Avold;3.5;-0.68
57607;Sainte-Barbe;2.1;1.01
57609;Saint-Epvre;6.5;-0.09
57610;Saint-François-Lacroix;2.1;1.07
57611;Saint-Georges;0;-0.76
57612;Saint-Hubert;1.8;-0.07
57613;Saint-Jean-de-Bassel;3;-1.3
57614;Saint-Jean-Kourtzerode;33.4;-1.14
57615;Saint-Jean-Rohrbach;2;-0.27
57616;Saint-Julien-lès-Metz;10.9;0.95
57617;Saint-Jure;1.2;-1.19
57618;Saint-Louis;3.4;-0.98
57619;Saint-Louis-lès-Bitche;4.3;-1.24
57620;Sainte-Marie-aux-Chênes;3;1.43
57621;Saint-Médard;0;1.84
57622;Saint-Privat-la-Montagne;5.3;0.27
57623;Saint-Quirin;3.2;-0.8
57624;Sainte-Ruffine;10.3;1.51
57625;Salonnes;4.2;-2
57626;Sanry-lès-Vigy;3.6;-0.77
57627;Sanry-sur-Nied;2.5;6.09
57628;Sarralbe;2.3;-0.63
57629;Sarraltroff;8;1.25
57630;Sarrebourg;8.3;0.4
57631;Sarreguemines;5;-0.5
57633;Sarreinsming;0.6;-0.94
57634;Saulny;5.9;2.08
57635;Schalbach;2.3;2.19
57636;Schmittviller;5.6;0.45
57637;Schneckenbusch;5.1;0.65
57638;Schœneck;2.4;-1.18
57639;Schorbach;1.4;0
57640;Schwerdorff;0.9;0
57641;Schweyen;0;0.1
57642;Scy-Chazelles;12.9;-0.03
57643;Secourt;1;0.25
57644;Seingbouse;2.1;-1.5
57645;Semécourt;6.5;0.82
57647;Serémange-Erzange;9.2;-0.55
57648;Servigny-lès-Raville;2.5;0.31
57649;Servigny-lès-Sainte-Barbe;2.4;0.29
57650;Sierck-les-Bains;5.3;0.34
57651;Siersthal;2.6;-0.63
57652;Sillegny;1.5;5.12
57653;Silly-en-Saulnois;10;1.55
57654;Silly-sur-Nied;2.3;0.45
57655;Solgne;1.2;0.49
57656;Sorbey;3.1;1.02
57657;Sotzeling;0;2.95
57658;Soucht;3.3;-0.45
57659;Spicheren;2.2;-0.23
57660;Stiring-Wendel;3.4;-1.36
57661;Sturzelbronn;4.3;-0.96
57662;Suisse;7.1;-1.65
57663;Talange;8.1;0.73
57664;Tarquimpol;0;-0.81
57665;Tenteling;0.6;-0.55
57666;Terville;13.2;1.57
57667;Téterchen;1.4;-0.72
57668;Teting-sur-Nied;2.7;-1.24
57669;Théding;1.3;-0.61
57670;Thicourt;3.6;-1.2
57671;Thimonville;4.6;-1.79
57672;Thionville;20.2;0.88
57673;Thonville;0;1.37
57674;Tincry;0;-0.1
57675;Torcheville;0;0.43
57676;Tragny;0;-2.11
57677;Trémery;5.8;-1.32
57678;Tressange;3.6;2.64
57679;Tritteling-Redlach;0.4;-0.7
57680;Troisfontaines;3.7;-0.26
57681;Tromborn;0.6;-1.83
57682;Turquestein-Blancrupt;0;-6.05
57683;Uckange;14.5;0.5
57684;Vahl-Ebersing;4.5;-0.62
57685;Vahl-lès-Bénestroff;1.4;0.23
57686;Vahl-lès-Faulquemont;3.2;-0.47
57687;Vallerange;3.2;0.32
57689;Valmestroff;2.3;3.34
57690;Valmont;8.9;-1.26
57691;Valmunster;0;-2.93
57692;Vannecourt;9.8;-2.64
57693;Vantoux;7.1;-0.98
57694;Vany;4.2;3.27
57695;Varize-Vaudoncourt;0.8;-1.45
57696;Varsberg;0.7;0.56
57697;Vasperviller;4.8;0.16
57698;Vatimont;5.8;-0.95
57700;Vaudreching;0.6;-1.92
57701;Vaux;4.7;-0.36
57702;Vaxy;0;1.45
57703;Veckersviller;1.7;-0.5
57704;Veckring;3.6;-0.8
57705;Velving;1.2;-0.08
57706;Vergaville;2.7;-1.61
57707;Vernéville;3.7;1.51
57708;Verny;1;0.97
57709;Vescheim;8.5;-1.1
57711;Vibersviller;0;-3
57712;Vic-sur-Seille;2;0.43
57713;Vieux-Lixheim;5.7;-0.65
57714;Haute-Vigneulles;1.6;1.65
57715;Vigny;0.5;1.69
57716;Vigy;1.7;-1.72
57717;Viller;2.6;-3.02
57718;Villers-Stoncourt;0.9;-0.73
57719;Villers-sur-Nied;6.9;0.85
57720;Villing;0.4;0.66
57721;Vilsberg;4.4;-0.66
57723;Virming;2.2;-0.06
57724;Vitry-sur-Orne;7.6;-0.48
57725;Vittersbourg;0.7;-1.37
57726;Vittoncourt;4.1;0.48
57727;Viviers;0;-0.27
57728;Voimhaut;5.9;-0.07
57730;Volmerange-lès-Boulay;2.7;-0.3
57731;Volmerange-les-Mines;11.5;0.86
57732;Volmunster;0.3;-0.59
57733;Volstroff;6.7;0.87
57734;Voyer;2.5;0.11
57736;Vry;1.6;1.07
57737;Vulmont;0;0
57738;Waldhouse;0.6;-2.2
57739;Waldweistroff;0.4;0.92
57740;Waldwisse;2.8;-0.59
57741;Walschbronn;0.4;-3.91
57742;Walscheid;4.5;-1
57743;Waltembourg;2.8;-0.84
57745;Wiesviller;2.1;-1.38
57746;Willerwald;1.8;-0.27
57747;Wintersbourg;2.2;-0.44
57748;Wittring;2.7;-1.12
57749;Vœlfling-lès-Bouzonville;0;0.53
57750;Wœlfling-lès-Sarreguemines;2.2;-1.21
57751;Woippy;14.9;0.34
57752;Woustviller;1.4;-2.04
57753;Wuisse;17.4;-0.27
57754;Xanrey;0;-1.02
57755;Xocourt;0;1.6
57756;Xouaxange;0.6;0.76
57757;Yutz;16.4;1.15
57759;Zarbeling;0;2.43
57760;Zetting;1.6;0.45
57761;Zilling;1.4;0.24
57762;Zimming;0.7;0
57763;Zommange;0;0.78
57764;Zoufftgen;4.1;0.85
57765;Diesen;0.8;-0.56
57767;Stuckange;8.9;5.57
58001;Achun;4.2;0.1
58002;Alligny-Cosne;2.4;0.8
58003;Alligny-en-Morvan;3.3;-0.33
58004;Alluy;2.1;-0.92
58005;Amazy;0;-1.19
58006;Anlezy;3.5;-0.94
58007;Annay;2;0.29
58008;Anthien;1.4;-1.33
58009;Arbourse;0;-0.27
58010;Arleuf;0;-2.61
58011;Armes;0.9;-1.12
58012;Arquian;1.5;-1.05
58013;Arthel;13.5;-0.9
58014;Arzembouy;0;0
58015;Asnan;2.4;-1.08
58016;Asnois;3.7;-1.25
58017;Aunay-en-Bazois;3.6;-0.07
58018;Authiou;20;-1.2
58019;Avrée;0;0.4
58020;Avril-sur-Loire;0;-1.23
58021;Azy-le-Vif;1.3;-0.99
58023;Bazoches;1.7;-1.07
58024;Bazolles;3.2;0.12
58025;Béard;1.5;-1.57
58026;Beaulieu;0;-2.65
58027;Beaumont-la-Ferrière;0;-0.55
58028;Beaumont-Sardolles;1.7;-0.28
58029;Beuvron;6.5;1.64
58030;Biches;1.1;-2.41
58031;Billy-Chevannes;0;-0.42
58032;Billy-sur-Oisy;0.5;-0.31
58033;Bitry;3.8;0.22
58034;Blismes;0;0.73
58035;Bona;1.7;-0.82
58036;Bouhy;1.3;-1.02
58037;Brassy;0;-0.74
58038;Breugnon;0;-2.23
58039;Brèves;0;-0.4
58040;Brinay;2;-0.23
58041;Brinon-sur-Beuvron;0;-1.88
58042;Bulcy;4.2;1.46
58043;Bussy-la-Pesle;0;-1.21
58044;La Celle-sur-Loire;1.3;-1.02
58045;La Celle-sur-Nièvre;0;-0.63
58046;Cercy-la-Tour;3.2;-0.77
58047;Cervon;0;-1.47
58048;Cessy-les-Bois;0;2.73
58049;Chalaux;8;-0.78
58050;Challement;0;-3.58
58051;Challuy;1.5;-0.83
58052;Champallement;3.7;1.27
58053;Champlemy;0.8;-0.45
58054;Champlin;0;1.24
58055;Champvert;2.2;-1.59
58056;Champvoux;0;-1.5
58057;Chantenay-Saint-Imbert;1.1;-1.52
58058;La Chapelle-Saint-André;3.5;-1.25
58059;La Charité-sur-Loire;3.3;-0.91
58060;Charrin;2.3;0
58061;Chasnay;0;1.8
58062;Château-Chinon (Ville);1.5;-1.24
58063;Château-Chinon (Campagne);0.5;0
58064;Châteauneuf-Val-de-Bargis;2;-2.16
58065;Châtillon-en-Bazois;2.2;-1.31
58066;Châtin;0;-1.52
58067;Chaulgnes;0.7;0.09
58068;Chaumard;0;-0.91
58069;Chaumot;0;0.31
58070;Chazeuil;4.8;0
58071;Chevannes-Changy;2.3;0.88
58072;Chevenon;0.6;1.56
58073;Chevroches;0;-1.52
58074;Chiddes;2.9;0.98
58075;Chitry-les-Mines;0;0.87
58076;Chougny;0;1.68
58077;Ciez;4;0.18
58078;Cizely;0;-3.65
58079;Clamecy;1;-1.01
58080;La Collancelle;0;-1.66
58081;Colméry;1.1;-4.02
58082;Corancy;4.3;-1.57
58083;Corbigny;1.7;-1.96
58084;Corvol-d'Embernard;6.4;4.71
58085;Corvol-l'Orgueilleux;1.2;-1.69
58086;Cosne-Cours-sur-Loire;4.6;-0.53
58087;Cossaye;0;-1.63
58088;Coulanges-lès-Nevers;2.8;0.3
58089;Couloutre;3.3;1.6
58090;Courcelles;4.3;1.06
58092;Crux-la-Ville;2.6;-0.37
58093;Cuncy-lès-Varzy;3.9;-1.05
58094;Dampierre-sous-Bouhy;1.7;-0.07
58095;Decize;4.7;-1.55
58096;Devay;1.5;-0.99
58097;Diennes-Aubigny;3.9;-0.71
58098;Dirol;2.5;-1.63
58099;Dommartin;0;-1.61
58101;Dompierre-sur-Nièvre;0;-1.05
58102;Donzy;2.2;-0.5
58103;Dornecy;1.8;-1.12
58104;Dornes;1.5;0.55
58105;Druy-Parigny;0;-1.16
58106;Dun-les-Places;2.2;0.56
58107;Dun-sur-Grandry;1.8;-2.19
58108;Empury;4.3;-0.63
58109;Entrains-sur-Nohain;2.8;-1.6
58110;Epiry;0;-0.43
58111;Fâchin;0;-0.92
58112;La Fermeté;0.8;-1.35
58113;Fertrève;0;-1.86
58114;Fléty;2.9;-2.84
58115;Fleury-sur-Loire;2.1;-0.36
58116;Flez-Cuzy;0;0
58117;Fourchambault;4.7;-0.94
58118;Fours;1.6;-1.32
58119;Frasnay-Reugny;0;-1.76
58120;Gâcogne;3.1;-3.32
58121;Garchizy;2.7;-0.26
58122;Garchy;1.8;-0.04
58123;Germenay;0;-2.77
58124;Germigny-sur-Loire;0.9;-0.48
58125;Gien-sur-Cure;2.9;-0.9
58126;Gimouille;1.1;-1.85
58127;Giry;1.5;-0.94
58128;Glux-en-Glenne;2.6;-1.28
58129;Gouloux;0;-2.11
58130;Grenois;0;-1.04
58131;Guérigny;1.4;0.09
58132;Guipy;2.4;-1.2
58133;Héry;0;0
58134;Imphy;3.2;-1.21
58135;Isenay;0;1.02
58136;Jailly;0;2.14
58137;Lamenay-sur-Loire;0;2.98
58138;Langeron;1.2;-1.21
58139;Lanty;0;-0.14
58140;Larochemillay;2.7;-0.22
58141;Lavault-de-Frétoy;0;1.53
58142;Limanton;1.1;-0.07
58143;Limon;1.5;-0.67
58144;Livry;1.4;-1.38
58145;Lormes;2.2;-0.48
58146;Lucenay-lès-Aix;1;-0.58
58147;Lurcy-le-Bourg;5.3;-1.17
58148;Luthenay-Uxeloup;1.4;-0.7
58149;Luzy;1.2;0.06
58150;Lys;4.5;-0.47
58151;La Machine;3.4;-0.87
58152;Magny-Cours;1.2;0.17
58153;Magny-Lormes;4;-1.4
58154;La Maison-Dieu;2.2;-1.4
58155;La Marche;1.7;-1.04
58156;Marcy;0;-2.11
58157;Marigny-l'Église;0;-1.33
58158;Mars-sur-Allier;0;0
58159;Marigny-sur-Yonne;2.9;-1.09
58160;Marzy;1.4;-0.07
58161;Maux;0;0.7
58162;Menestreau;3.1;-2.82
58163;Menou;0;0
58164;Mesves-sur-Loire;1.5;-1.24
58165;Metz-le-Comte;0;1.48
58166;Mhère;6.8;-0.07
58168;Millay;0;-0.3
58169;Moissy-Moulinot;0;-6.93
58170;Monceaux-le-Comte;6.9;0.4
58171;Montapas;2.8;-0.71
58172;Montambert;0;-1.75
58173;Montaron;4;-0.21
58174;Montenoison;0;0.27
58175;Mont-et-Marré;2.1;-1.36
58176;Montigny-aux-Amognes;3.4;0.79
58177;Montigny-en-Morvan;0;-0.39
58178;Montigny-sur-Canne;3.6;0.33
58179;Montreuillon;6.3;-1.28
58180;Montsauche-les-Settons;2.3;-1.1
58181;Moraches;2.3;-1.11
58182;Moulins-Engilbert;1;-1.19
58183;Mouron-sur-Yonne;3.1;-1.44
58184;Moussy;3.7;0.16
58185;Moux-en-Morvan;4;-0.34
58186;Murlin;0;-7.67
58187;Myennes;0.9;0.09
58188;Nannay;5.6;-1.01
58189;Narcy;0;-2.12
58190;Neuffontaines;0;-2.16
58191;Neuilly;4.8;-1.73
58192;Neuville-lès-Decize;0;-1.99
58193;Neuvy-sur-Loire;1.4;-0.43
58194;Nevers;9.4;-0.03
58195;La Nocle-Maulaix;2.8;-0.6
58196;Nolay;0;-0.7
58197;Nuars;3.4;1.45
58198;Oisy;0;-0.16
58199;Onlay;1.8;1.29
58200;Ouagne;0;-0.77
58201;Oudan;0;-0.82
58202;Ougny;0;1.29
58203;Oulon;0;-0.51
58204;Vaux d'Amognes;0.4;-0.56
58205;Ouroux-en-Morvan;3.6;-0.97
58206;Parigny-la-Rose;0;-3.16
58207;Parigny-les-Vaux;1.4;0.09
58208;Pazy;0;-0.94
58209;Perroy;3.3;-1.99
58210;Planchez;1.9;0.38
58211;Poil;5.6;1.27
58212;Poiseux;1.2;-0.4
58213;Pougny;0.5;0.36
58214;Pougues-les-Eaux;1.9;-0.12
58215;Pouilly-sur-Loire;0.7;-0.49
58216;Pouques-Lormes;11.4;-2.07
58217;Pousseaux;1.1;-0.52
58218;Prémery;1.8;-0.65
58219;Préporché;0;0.49
58220;Raveau;3;-1.91
58221;Rémilly;1.6;0.11
58222;Rix;0;-0.43
58223;Rouy;1.6;1.13
58224;Ruages;11.6;-1.66
58225;Saincaize-Meauce;3;-0.84
58226;Saint-Agnan;1.9;-0.47
58227;Saint-Amand-en-Puisaye;2.5;-0.95
58228;Saint-Andelain;1.6;3.76
58229;Saint-André-en-Morvan;1.7;0
58230;Saint-Aubin-des-Chaumes;0;-0.72
58231;Saint-Aubin-les-Forges;0;-1.1
58232;Saint-Benin-d'Azy;1.4;-0.41
58233;Saint-Benin-des-Bois;1.2;2.24
58234;Saint-Bonnot;0;2.04
58235;Saint-Brisson;2.3;-0.9
58236;Sainte-Colombe-des-Bois;3.8;1.65
58237;Saint-Didier;0;1.16
58238;Saint-Éloi;1.6;0.71
58239;Saint-Firmin;0;-3.05
58240;Saint-Franchy;5;1.31
58241;Saint-Germain-Chassenay;1.7;-0.99
58242;Saint-Germain-des-Bois;0;0.29
58243;Saint-Gratien-Savigny;0;0.44
58244;Saint-Hilaire-en-Morvan;1.1;0.15
58245;Saint-Hilaire-Fontaine;7.3;-0.67
58246;Saint-Honoré-les-Bains;3.6;-1.47
58247;Saint-Jean-aux-Amognes;0;0.81
58248;Saint-Laurent-l'Abbaye;1.3;0
58249;Saint-Léger-de-Fougeret;6.9;-1.67
58250;Saint-Léger-des-Vignes;3.4;-2.15
58251;Saint-Loup-des-Bois;1.1;-0.53
58252;Saint-Malo-en-Donziois;2;1.61
58253;Sainte-Marie;9.4;1
58254;Saint-Martin-d'Heuille;0.8;-1.51
58255;Saint-Martin-du-Puy;1;0.83
58256;Saint-Martin-sur-Nohain;1.2;0.18
58257;Saint-Maurice;0;-1.47
58258;Saint-Ouen-sur-Loire;0;-2.5
58259;Saint-Parize-en-Viry;1.9;-1.69
58260;Saint-Parize-le-Châtel;0.5;-1.47
58261;Saint-Père;2.1;-1.06
58262;Saint-Péreuse;0;-1.93
58263;Saint-Pierre-du-Mont;0;-3.43
58264;Saint-Pierre-le-Moûtier;1.3;-1.13
58265;Saint-Quentin-sur-Nohain;0;-1.14
58266;Saint-Révérien;1.6;2.78
58267;Saint-Saulge;1;-1.58
58268;Saint-Seine;0;-1.85
58269;Saint-Sulpice;1.1;0.36
58270;Saint-Vérain;4.2;1.67
58271;Saizy;4;-0.44
58272;Sardy-lès-Épiry;0;-0.29
58273;Sauvigny-les-Bois;1;-0.52
58274;Savigny-Poil-Fol;0;-2.92
58275;Saxi-Bourdon;1;-1.63
58276;Sémelay;3;-1.22
58277;Sermages;1.2;0.18
58278;Sermoise-sur-Loire;2;-0.55
58279;Sichamps;1.5;-1.7
58280;Sougy-sur-Loire;1.2;-1.45
58281;Suilly-la-Tour;1.9;-0.71
58282;Surgy;0;0
58283;Taconnay;0;-1.53
58284;Talon;0;-0.81
58285;Tamnay-en-Bazois;3.6;-0.69
58286;Tannay;1.8;-1.23
58287;Tazilly;0;-1.54
58288;Teigny;0;1.85
58289;Ternant;0;-2.47
58290;Thaix;0;-3.73
58291;Thianges;0;0.29
58292;Tintury;1.8;-2.38
58293;Toury-Lurcy;0;-0.6
58294;Toury-sur-Jour;0;0.55
58295;Tracy-sur-Loire;0.7;0.6
58296;Tresnay;0;-2.43
58297;Trois-Vèvres;1;0.28
58298;Tronsanges;0.5;0.21
58299;Trucy-l'Orgueilleux;0;-0.23
58300;Urzy;1.2;-0.63
58301;Vandenesse;0;-1.56
58302;Varennes-lès-Narcy;2.3;-1.18
58303;Varennes-Vauzelles;3.8;-0.4
58304;Varzy;2.1;-2.21
58305;Vauclaix;1.5;0.38
58306;Verneuil;0.8;-1.21
58307;Vielmanay;0;-0.56
58308;Vignol;0;-0.27
58309;Villapourçon;0.8;-0.28
58310;Villiers-le-Sec;0;0
58311;Ville-Langy;0;-1.78
58312;Villiers-sur-Yonne;0.9;-0.24
58313;Vitry-Laché;7.4;3.33
59001;Abancourt;2;-0.4
59002;Abscon;3.3;-1.08
59003;Aibes;1.4;-0.77
59004;Aix-en-Pévèle;6.8;2.17
59005;Allennes-les-Marais;5.9;0.41
59006;L'Orée de Mormal;2.5;0.17
59007;Anhiers;4;-0.17
59008;Aniche;6.8;-0.49
59009;Villeneuve-d'Ascq;23.7;0
59010;Anneux;0.9;-1.42
59011;Annœullin;8.4;0.62
59012;Anor;2.1;-0.6
59013;Anstaing;3.9;2.32
59014;Anzin;11.3;-0.01
59015;Arleux;4.3;0.1
59016;Armbouts-Cappel;3.2;-1.5
59017;Armentières;16.9;0.71
59018;Arnèke;9;-0.87
59019;Artres;2.7;0.31
59021;Assevent;2.7;-0.51
59022;Attiches;5.7;-0.2
59023;Aubencheul-au-Bac;0.9;0.16
59024;Auberchicourt;4.9;0.82
59025;Aubers;2.2;1.36
59026;Aubigny-au-Bac;5.6;-0.24
59027;Aubry-du-Hainaut;5.4;0.64
59028;Auby;6.4;-0.26
59029;Auchy-lez-Orchies;5;0.11
59031;Audignies;2.4;0.32
59032;Aulnoy-lez-Valenciennes;13.5;-0.44
59033;Aulnoye-Aymeries;7.7;-0.35
59034;Avelin;3.8;-0.81
59035;Avesnelles;3.3;-1.69
59036;Avesnes-sur-Helpe;7;-2.14
59037;Avesnes-les-Aubert;1.9;-0.23
59038;Avesnes-le-Sec;1.3;-0.19
59039;Awoingt;0.9;-1.45
59041;Bachant;7.1;-0.64
59042;Bachy;3.1;1.88
59043;Bailleul;11.1;0.31
59044;Baisieux;7.2;2.04
59045;Baives;0;-0.41
59046;Bambecque;1.6;2.15
59047;Banteux;1.9;0.1
59048;Bantigny;1.6;-0.26
59049;Bantouzelle;1;0.89
59050;Bas-Lieu;2.6;-0.43
59051;La Bassée;12.3;0.66
59052;Bauvin;10.1;-0.34
59053;Bavay;2.7;-0.55
59054;Bavinchove;7.7;1.44
59055;Bazuel;2.2;0.49
59056;Beaucamps-Ligny;2.7;-0.23
59057;Beaudignies;4.8;0.26
59058;Beaufort;1.7;0.35
59059;Beaumont-en-Cambrésis;4.6;0.33
59060;Beaurain;1;0.14
59061;Beaurepaire-sur-Sambre;0.9;1.26
59062;Beaurieux;1.6;0.2
59063;Beauvois-en-Cambrésis;2.3;-1.08
59064;Bellaing;4.3;1.19
59065;Bellignies;1.7;-0.47
59066;Bérelles;1.2;1.4
59067;Bergues;4.5;-0.85
59068;Berlaimont;5;0.34
59069;Bermerain;1.9;1.37
59071;Bersée;5.2;0.56
59072;Bersillies;5.7;-0.74
59073;Berthen;4.9;1.93
59074;Bertry;2.3;-0.33
59075;Béthencourt;0.7;-1.19
59076;Bettignies;4.3;2.28
59077;Bettrechies;2.8;0.07
59078;Beugnies;0;-0.59
59079;Beuvrages;7;0.33
59080;Beuvry-la-Forêt;7.7;0.65
59081;Bévillers;1.7;-0.58
59082;Bierne;3.2;-0.68
59083;Bissezeele;2.6;-0.07
59084;Blaringhem;3.2;-0.24
59085;Blécourt;0.7;0.22
59086;Boeschepe;4.4;0.2
59087;Boëseghem;2.1;-0.2
59088;Bois-Grenier;4.7;1.8
59089;Bollezeele;3.3;-0.19
59090;Bondues;4.4;-0.64
59091;Borre;8.3;-1.11
59092;Bouchain;2.1;0.23
59093;Boulogne-sur-Helpe;0.9;-2.39
59094;Bourbourg;2.9;-0.36
59096;Bourghelles;3.6;0.02
59097;Boursies;0.6;-0.44
59098;Bousbecque;4.7;0.42
59099;Bousies;2.8;0.34
59100;Bousignies;3.7;0.85
59101;Bousignies-sur-Roc;1.1;-1.32
59102;Boussières-en-Cambrésis;0.6;1.4
59103;Boussières-sur-Sambre;0.9;-0.19
59104;Boussois;3.4;-0.55
59105;Bouvignies;7.3;0.26
59106;Bouvines;7;1.73
59107;Bray-Dunes;5;-0.97
59108;Briastre;2.1;-1.11
59109;Brillon;3.5;0.97
59110;Brouckerque;2;1.17
59111;Broxeele;3.4;1.1
59112;Bruay-sur-l'Escaut;8.3;-0.08
59113;Bruille-lez-Marchiennes;3.7;0.25
59114;Bruille-Saint-Amand;3.5;0.2
59115;Brunémont;3.9;-0.02
59116;Bry;2.2;-0.61
59117;Bugnicourt;2.7;1.47
59118;Busigny;4;-0.34
59119;Buysscheure;3.1;0
59120;Caëstre;4.2;0.19
59121;Cagnoncles;2.2;1.46
59122;Cambrai;5;-0.57
59123;Camphin-en-Carembault;6.3;0.78
59124;Camphin-en-Pévèle;3.2;0.98
59125;Cantaing-sur-Escaut;3.1;0.46
59126;Cantin;3.8;2.1
59127;Capelle;2.9;-2.26
59128;Capinghem;21.7;1.18
59129;Cappelle-en-Pévèle;8.8;0.19
59130;Cappelle-Brouck;2.2;-0.24
59131;Cappelle-la-Grande;5.8;-0.05
59132;Carnières;2;-1.79
59133;Carnin;3.8;1.76
59134;Cartignies;1.3;-0.37
59135;Cassel;7.8;-0.66
59136;Le Cateau-Cambrésis;3.6;-0.33
59137;Catillon-sur-Sambre;3.1;-1.05
59138;Cattenières;3;0.34
59139;Caudry;4.7;-0.54
59140;Caullery;0;0.59
59141;Cauroir;0.8;-0.09
59142;Cerfontaine;1;-0.05
59143;La Chapelle-d'Armentières;10.1;0.68
59144;Château-l'Abbaye;6.1;0.04
59145;Chemy;8.1;0.09
59146;Chéreng;7.5;0.28
59147;Choisies;0;-3.05
59148;Clairfayts;3.4;-0.68
59149;Clary;1.9;-0.27
59150;Cobrieux;4.1;0.87
59151;Colleret;1.9;-0.72
59152;Comines;5;0.37
59153;Condé-sur-l'Escaut;5.8;-0.67
59155;Coudekerque-Branche;8.5;-0.29
59156;Courchelettes;5.4;0.38
59157;Cousolre;1.5;-0.96
59158;Coutiches;4.7;1.8
59159;Craywick;3.1;1.34
59160;Crespin;3.6;-0.04
59161;Crèvecœur-sur-l'Escaut;1.3;-0.52
59162;Crochte;1.6;-0.28
59163;Croix;21;-0.25
59164;Croix-Caluyau;0;-1.66
59165;Cuincy;6.6;0.12
59166;Curgies;1.9;2.59
59167;Cuvillers;2.7;-0.95
59168;Cysoing;5.1;-1.07
59169;Damousies;2.5;0.67
59170;Dechy;7.9;0.11
59171;Dehéries;0;0.82
59172;Denain;9.1;0.75
59173;Deûlémont;3.7;1.17
59174;Dimechaux;1.3;-1.17
59175;Dimont;0;-1.19
59176;Doignies;0;-0.7
59177;Dompierre-sur-Helpe;4.7;-0.55
59178;Douai;14;0.07
59179;Douchy-les-Mines;3.9;-0.96
59180;Le Doulieu;6.6;-0.19
59181;Dourlers;2.5;-1.42
59182;Drincham;0;2.03
59183;Dunkerque;13.6;-0.21
59184;Ebblinghem;5.5;-0.57
59185;Écaillon;3.5;-0.51
59186;Eccles;0;1.13
59187;Éclaibes;0.9;-2.26
59188;Écuélin;1.3;0
59189;Eecke;4.6;-0.08
59190;Élesmes;1.6;0.32
59191;Élincourt;2.4;-0.24
59192;Émerchicourt;2.2;-1.29
59193;Emmerin;8.3;-0.79
59194;Englefontaine;4.8;-0.22
59195;Englos;6.9;0.27
59196;Ennetières-en-Weppes;3.6;-0.36
59197;Ennevelin;5.5;1.69
59198;Eppe-Sauvage;3.7;-3
59199;Erchin;3.1;-0.51
59200;Eringhem;0.9;-0.14
59201;Erquinghem-le-Sec;4.1;0.94
59202;Erquinghem-Lys;9.4;0.86
59203;Erre;4.8;-0.19
59204;Escarmain;0.9;0.32
59205;Escaudain;4.6;-0.94
59206;Escaudœuvres;4.5;-0.5
59207;Escautpont;7.1;-0.15
59208;Escobecques;4.9;0.22
59209;Esnes;2.3;-0.2
59210;Esquelbecq;4.6;0.15
59211;Esquerchin;3.7;0.09
59212;Estaires;3.9;0.37
59213;Estourmel;1.9;0.36
59214;Estrées;3.6;0.03
59215;Estreux;3.7;-0.04
59216;Eswars;0.6;0.47
59217;Eth;3.5;-0.05
59218;Étrœungt;2;-0.85
59219;Estrun;0.6;0.23
59220;Faches-Thumesnil;14.4;0.67
59221;Famars;8.5;-0.31
59222;Faumont;2.7;0.81
59223;Le Favril;1.5;-0.39
59224;Féchain;2;-0.9
59225;Feignies;3.1;-0.53
59226;Felleries;14;0.65
59227;Fenain;5;0.65
59228;Férin;3.1;-0.35
59229;Féron;1.4;-1.81
59230;Ferrière-la-Grande;3.1;-0.46
59231;Ferrière-la-Petite;2.6;-0.41
59232;La Flamengrie;1.9;0.91
59233;Flaumont-Waudrechies;2.5;-1.68
59234;Flers-en-Escrebieux;4.8;-1
59236;Flesquières;3.1;0.44
59237;Flêtre;4.4;-0.48
59238;Flines-lès-Mortagne;2.3;0.12
59239;Flines-lez-Raches;4.8;0.4
59240;Floursies;0;-0.13
59241;Floyon;2.8;-0.58
59242;Fontaine-au-Bois;2.5;0
59243;Fontaine-au-Pire;0.8;-0.06
59244;Fontaine-Notre-Dame;1.9;-0.22
59246;Forest-en-Cambrésis;1.7;0.09
59247;Forest-sur-Marque;7.1;2.32
59249;Fourmies;4;-0.83
59250;Fournes-en-Weppes;3.6;-0.37
59251;Frasnoy;5.4;0.22
59252;Frelinghien;5.1;1.44
59253;Fresnes-sur-Escaut;4.3;-0.28
59254;Fressain;2.3;0.41
59255;Fressies;2.4;0.21
59256;Fretin;12.2;-0.79
59257;Fromelles;4.5;3.59
59258;Genech;7.7;0.77
59259;Ghissignies;4.2;-0.78
59260;Ghyvelde;2.8;-0.26
59261;Glageon;2;-0.92
59262;Godewaersvelde;4.2;-0.15
59263;Gœulzin;4.8;0.42
59264;Gognies-Chaussée;3.9;-0.89
59265;Gommegnies;3.8;-0.12
59266;Gondecourt;5.9;0.39
59267;Gonnelieu;1.7;-1.67
59268;La Gorgue;2.2;-0.36
59269;Gouzeaucourt;1.7;-1.22
59270;Grand-Fayt;1;-1.25
59271;Grande-Synthe;11.4;-2.23
59272;Grand-Fort-Philippe;5.4;-0.6
59273;Gravelines;4.8;-0.01
59274;La Groise;1.4;-0.66
59275;Gruson;4.8;0.26
59276;Guesnain;7.8;-0.02
59277;Gussignies;2.1;0.82
59278;Hallennes-lez-Haubourdin;5.8;1.84
59279;Halluin;5.7;-0.02
59280;Hamel;4.9;0.17
59281;Hantay;10.5;-0.7
59282;Hardifort;2;0.26
59283;Hargnies;2.3;0.19
59284;Hasnon;4.5;-0.07
59285;Haspres;1.1;-0.77
59286;Haubourdin;15.3;-0.01
59287;Haucourt-en-Cambrésis;1.1;-0.84
59288;Haulchin;4.1;0.28
59289;Haussy;2.6;-0.73
59290;Haut-Lieu;1.9;-0.86
59291;Hautmont;5.7;-0.41
59292;Haveluy;4.1;0.5
59293;Haverskerque;3.2;-0.66
59294;Haynecourt;0.7;-1.05
59295;Hazebrouck;12;0.08
59296;Hecq;1.2;-0.23
59297;Hélesmes;2.7;-0.6
59299;Hem;7.3;-0.3
59300;Hem-Lenglet;1.4;-0.65
59301;Hergnies;2.6;0.21
59302;Hérin;7.5;0.5
59303;Herlies;4.1;-0.85
59304;Herrin;4.2;0.12
59305;Herzeele;0.9;-0.02
59306;Hestrud;0.9;0.22
59307;Holque;1.8;-0.83
59308;Hondeghem;5.8;-0.97
59309;Hondschoote;2.4;-0.36
59310;Hon-Hergies;1.3;0.5
59311;Honnechy;2.1;0.39
59312;Honnecourt-sur-Escaut;1.1;-1.49
59313;Hordain;1.1;0.47
59314;Hornaing;1.9;-0.15
59315;Houdain-lez-Bavay;1.6;0.49
59316;Houplin-Ancoisne;8.2;-0.68
59317;Houplines;8.8;0.14
59318;Houtkerque;1.5;-0.39
59319;Hoymille;2.3;-0.09
59320;Illies;3.6;1.48
59321;Inchy;0.9;-2.68
59322;Iwuy;2.2;0
59323;Jenlain;2.2;0.04
59324;Jeumont;4.2;0.14
59325;Jolimetz;2;-0.25
59326;Killem;1.6;1.31
59327;Lallaing;5.1;0.13
59328;Lambersart;19.1;-0.31
59329;Lambres-lez-Douai;7.7;-0.83
59330;Landas;8.5;0.55
59331;Landrecies;6.3;-0.37
59332;Lannoy;10.4;0.37
59333;Larouillies;0.9;-1.2
59334;Lauwin-Planque;5.5;-1.22
59335;Lecelles;6.9;1.48
59336;Lécluse;4;-0.17
59337;Lederzeele;2.4;0.93
59338;Ledringhem;4.4;-1.19
59339;Leers;4.5;0.02
59340;Leffrinckoucke;10.9;-0.7
59341;Lesdain;0.5;1.57
59342;Lez-Fontaine;0;0
59343;Lesquin;9;2.83
59344;Leval;5;0.12
59345;Lewarde;5.6;-0.24
59346;Lezennes;15.4;-0.96
59347;Liessies;2.6;-0.06
59348;Lieu-Saint-Amand;2;1.68
59349;Ligny-en-Cambrésis;1.5;-0.22
59350;Lille;36;0.44
59351;Limont-Fontaine;0.5;-0.88
59352;Linselles;4.7;-0.36
59353;Locquignol;1.6;-3.6
59354;Loffre;6.3;-0.46
59356;Lompret;8.4;-0.97
59357;La Longueville;1.6;-0.45
59358;Looberghe;1.8;0.47
59359;Loon-Plage;4.4;-0.58
59360;Loos;20.1;0.65
59361;Lourches;8.8;-0.8
59363;Louvignies-Quesnoy;3.9;-0.6
59364;Louvil;6.9;1.44
59365;Louvroil;10.1;-0.58
59366;Lynde;8.2;0.7
59367;Lys-lez-Lannoy;5.4;0.79
59368;La Madeleine;24.7;0.7
59369;Maing;4.2;-0.43
59370;Mairieux;1.1;-0.97
59371;Le Maisnil;5.7;-0.39
59372;Malincourt;0;-0.83
59374;Marbaix;1.9;-0.66
59375;Marchiennes;5.6;-0.32
59377;Marcoing;1.4;-0.14
59378;Marcq-en-Barœul;17.2;0.48
59379;Marcq-en-Ostrevent;2;0.54
59381;Maresches;0.3;-0.45
59382;Maretz;1.3;-0.68
59383;Marly;4.9;0.69
59384;Maroilles;2.5;0.64
59385;Marpent;5.1;-0.67
59386;Marquette-lez-Lille;10.5;1.96
59387;Marquette-en-Ostrevant;1.7;0.81
59388;Marquillies;10.6;-0.13
59389;Masnières;2.6;0.17
59390;Masny;6.6;-0.42
59391;Mastaing;2.4;0.9
59392;Maubeuge;5.9;-0.45
59393;Maulde;3.3;-1.03
59394;Maurois;4.5;0.59
59395;Mazinghien;2.5;-1.53
59396;Mecquignies;0.6;0.12
59397;Merckeghem;2.2;0.64
59398;Mérignies;6.3;2.5
59399;Merris;3.9;0.84
59400;Merville;3.7;-0.19
59401;Méteren;6.2;-0.36
59402;Millam;1.6;0.69
59403;Millonfosse;6.4;0
59405;Mœuvres;0.9;1.2
59406;Monceau-Saint-Waast;3.6;-2.59
59407;Monchaux-sur-Écaillon;3.1;1.22
59408;Moncheaux;4.1;1.81
59409;Monchecourt;2.8;-0.03
59410;Mons-en-Barœul;32;0.41
59411;Mons-en-Pévèle;4.8;-0.38
59412;Montay;0;-1.76
59413;Montigny-en-Cambrésis;0.9;-0.36
59414;Montigny-en-Ostrevent;7.5;-0.7
59415;Montrécourt;1;-0.07
59416;Morbecque;9.3;-0.12
59418;Mortagne-du-Nord;4.5;-0.63
59419;Mouchin;5;0.81
59420;Moustier-en-Fagne;0;0
59421;Mouvaux;11.5;-0.11
59422;Naves;3.7;-0.37
59423;Neuf-Berquin;3.3;2.6
59424;Neuf-Mesnil;2.6;-0.52
59425;Neuville-en-Avesnois;0.8;-0.11
59426;Neuville-en-Ferrain;4.7;-0.4
59427;La Neuville;4.8;-1.26
59428;Neuville-Saint-Rémy;2.6;0.44
59429;Neuville-sur-Escaut;2.9;0.35
59430;Neuvilly;1.4;-0.51
59431;Nieppe;8.4;0.52
59432;Niergnies;4.2;0.03
59433;Nieurlet;1;-0.8
59434;Nivelle;4;1.15
59435;Nomain;7;0.79
59436;Noordpeene;3.7;0.48
59437;Noyelles-lès-Seclin;7.4;-0.77
59438;Noyelles-sur-Escaut;1.7;0.65
59439;Noyelles-sur-Sambre;2.7;-0.35
59440;Noyelles-sur-Selle;2.2;-1.21
59441;Obies;1.5;-1.33
59442;Obrechies;0.8;0.31
59443;Ochtezeele;5.5;-0.89
59444;Odomez;2.2;0.07
59445;Ohain;0.9;-0.26
59446;Oisy;5.2;2.59
59447;Onnaing;5.2;-0.41
59448;Oost-Cappel;0;-0.11
59449;Orchies;13.3;-0.48
59450;Ors;1.4;-0.31
59451;Orsinval;4.3;0.45
59452;Ostricourt;9;1.89
59453;Oudezeele;2.3;0.12
59454;Oxelaëre;9;0.16
59455;Paillencourt;0.7;0.5
59456;Pecquencourt;5.9;0.52
59457;Pérenchies;16.1;0.24
59458;Péronne-en-Mélantois;6.5;1.73
59459;Petite-Forêt;5.8;0.55
59461;Petit-Fayt;3.1;-1.07
59462;Phalempin;10.9;0.37
59463;Pitgam;1.8;0.58
59464;Poix-du-Nord;4.5;-0.33
59465;Pommereuil;1.6;0.11
59466;Pont-à-Marcq;5.1;0.9
59467;Pont-sur-Sambre;3.9;-1.04
59468;Potelle;2.7;2.52
59469;Pradelles;7.8;0.81
59470;Prémesques;9.4;-0.87
59471;Préseau;3;1.37
59472;Preux-au-Bois;3.8;-0.12
59473;Preux-au-Sart;2.1;-0.38
59474;Prisches;0.5;-0.55
59475;Prouvy;3.4;-0.65
59476;Proville;3.3;0.01
59477;Provin;8.7;0.82
59478;Quaëdypre;1.3;0.67
59479;Quarouble;3.9;0.68
59480;Quérénaing;3.8;-0.79
59481;Le Quesnoy;6.3;-0.52
59482;Quesnoy-sur-Deûle;6.8;0.2
59483;Quiévelon;0;1.13
59484;Quiévrechain;5.7;-0.75
59485;Quiévy;1.4;0.33
59486;Râches;4.1;-0.58
59487;Radinghem-en-Weppes;2.2;0.47
59488;Raillencourt-Sainte-Olle;3.7;-1.24
59489;Raimbeaucourt;4.5;-0.18
59490;Rainsars;0;0.89
59491;Raismes;6.2;-0.67
59492;Ramillies;0.4;-0.25
59493;Ramousies;0;-0.37
59494;Raucourt-au-Bois;0;-2.13
59495;Recquignies;4;-0.15
59496;Rejet-de-Beaulieu;2.1;-2.85
59497;Renescure;4.6;0.32
59498;Reumont;0.7;-1.26
59499;Rexpoëde;1.3;-0.36
59500;Ribécourt-la-Tour;0.6;0.13
59501;Rieulay;4;-1.71
59502;Rieux-en-Cambrésis;2.3;-0.32
59503;Robersart;5.4;2.73
59504;Rœulx;4.3;-0.28
59505;Rombies-et-Marchipont;2.3;-0.33
59506;Romeries;1;1.46
59507;Ronchin;16.5;0.31
59508;Roncq;6.9;0.49
59509;Roost-Warendin;5;-0.62
59511;Rosult;8.4;0.76
59512;Roubaix;23.5;0.53
59513;Roucourt;1.5;0.22
59514;Rousies;2.5;0
59515;Rouvignies;1.1;-0.05
59516;Rubrouck;2;-0.52
59517;Les Rues-des-Vignes;0.9;-1.17
59518;Ruesnes;5;0.49
59519;Rumegies;5.5;-0.24
59520;Rumilly-en-Cambrésis;1.5;-0.46
59521;Sailly-lez-Cambrai;1;-1.94
59522;Sailly-lez-Lannoy;4.2;1.48
59523;Sainghin-en-Mélantois;7.1;0.95
59524;Sainghin-en-Weppes;11.4;0.07
59525;Sains-du-Nord;4.9;-1.01
59526;Saint-Amand-les-Eaux;9.7;-0.11
59527;Saint-André-lez-Lille;13.4;0.82
59528;Saint-Aubert;1.6;-0.06
59529;Saint-Aubin;1.3;-1.36
59530;Saint-Aybert;2.1;-1.97
59531;Saint-Benin;2.2;0.15
59532;Saint-Georges-sur-l'Aa;3.6;-1.11
59533;Saint-Hilaire-lez-Cambrai;0.9;-0.76
59534;Saint-Hilaire-sur-Helpe;3.4;-0.88
59535;Saint-Jans-Cappel;7.3;-1.2
59536;Sainte-Marie-Cappel;4.3;-0.83
59537;Saint-Martin-sur-Écaillon;3.5;-0.92
59538;Saint-Momelin;5.6;-2.2
59539;Saint-Pierre-Brouck;1.6;-0.17
59541;Saint-Python;1.3;-0.45
59542;Saint-Remy-Chaussée;1.8;-1.25
59543;Saint-Remy-du-Nord;2.9;-0.97
59544;Saint-Saulve;5.9;-0.06
59545;Saint-Souplet;2.3;-0.49
59546;Saint-Sylvestre-Cappel;5.9;-0.29
59547;Saint-Vaast-en-Cambrésis;2.8;-0.96
59548;Saint-Waast;0.6;1.08
59549;Salesches;2.8;2.01
59550;Salomé;8.5;0.81
59551;Saméon;9;0.81
59552;Sancourt;2.2;-0.08
59553;Santes;9.4;-0.33
59554;Sars-et-Rosières;5.5;1.1
59555;Sars-Poteries;2.6;-0.6
59556;Sassegnies;6;-1.06
59557;Saultain;2.9;1.29
59558;Saulzoir;2;-0.97
59559;Sebourg;2.5;0.05
59560;Seclin;14.2;0.72
59562;Sémeries;1.7;-0.59
59563;Semousies;3;-1.19
59564;La Sentinelle;7.8;-0.04
59565;Sepmeries;2.5;-0.68
59566;Sequedin;10.7;0.08
59567;Séranvillers-Forenville;0.6;0.53
59568;Sercus;3.1;1.39
59569;Sin-le-Noble;8.5;0.5
59570;Socx;2.4;-1.12
59571;Solesmes;3.2;-0.75
59572;Solre-le-Château;1.8;-0.39
59573;Solrinnes;1.5;0.84
59574;Somain;6.1;-0.8
59575;Sommaing;2;-0.93
59576;Spycker;1.5;-0.77
59577;Staple;3.5;1.22
59578;Steenbecque;4.3;-0.81
59579;Steene;1.8;0.61
59580;Steenvoorde;2.5;-0.14
59581;Steenwerck;6.2;-0.7
59582;Strazeele;9.4;-0.12
59583;Taisnières-en-Thiérache;0.5;0.43
59584;Taisnières-sur-Hon;1;-0.31
59585;Templemars;11.5;1.32
59586;Templeuve-en-Pévèle;13.8;2.75
59587;Terdeghem;4;-0.93
59588;Téteghem-Coudekerque-Village;5.7;0.32
59589;Thiant;2.4;0.73
59590;Thiennes;4.1;0.15
59591;Thivencelle;2.1;-0.64
59592;Thumeries;4.9;0.78
59593;Thun-l'Évêque;0.9;0.59
59594;Thun-Saint-Amand;4.2;-0.43
59595;Thun-Saint-Martin;2.7;0.66
59596;Tilloy-lez-Marchiennes;3.1;0.34
59597;Tilloy-lez-Cambrai;1;3.39
59598;Toufflers;4.5;0.17
59599;Tourcoing;17.9;0.29
59600;Tourmignies;2.4;1.07
59601;Trélon;3.1;-1.63
59602;Tressin;6;-0.2
59603;Trith-Saint-Léger;5.1;-0.54
59604;Troisvilles;2.8;-0.57
59605;Uxem;2;1.29
59606;Valenciennes;13.4;-0.27
59607;Vendegies-au-Bois;3.6;-0.45
59608;Vendegies-sur-Écaillon;3;0.73
59609;Vendeville;4.3;-0.12
59610;Verchain-Maugré;2.1;2.16
59611;Verlinghem;6.7;1.53
59612;Vertain;3.5;0.03
59613;Vicq;3.1;-0.38
59614;Viesly;2.2;-2.13
59615;Vieux-Berquin;6.2;0.84
59616;Vieux-Condé;3.9;0.1
59617;Vieux-Mesnil;2.2;0
59618;Vieux-Reng;0.5;1.32
59619;Villereau;4.3;1.5
59620;Villers-au-Tertre;4.1;1.33
59622;Villers-en-Cauchies;0.6;-1.77
59623;Villers-Guislain;2.1;-0.29
59624;Villers-Outréaux;2.3;0.36
59625;Villers-Plouich;1.1;-0.83
59626;Villers-Pol;2;-0.4
59627;Villers-Sire-Nicole;2.2;0.47
59628;Volckerinckhove;0.7;-0.29
59629;Vred;3.9;-0.86
59630;Wahagnies;7.4;-0.06
59631;Walincourt-Selvigny;2.1;-0.35
59632;Wallers;5.5;0.37
59633;Wallers-en-Fagne;0;-0.83
59634;Wallon-Cappel;6.6;-0.55
59635;Wambaix;0.7;-0.53
59636;Wambrechies;8.2;0.69
59637;Wandignies-Hamage;3.3;0.28
59638;Wannehain;3.4;1.93
59639;Wargnies-le-Grand;3.6;0.33
59640;Wargnies-le-Petit;2.4;0.42
59641;Warhem;2.4;-0.13
59642;Warlaing;4.3;0.83
59643;Warneton;1.9;-0.42
59645;Wasnes-au-Bac;1;-0.66
59646;Wasquehal;17.9;-0.04
59647;Watten;4.8;0.04
59648;Wattignies;18.2;1.41
59649;Wattignies-la-Victoire;0.9;-0.28
59650;Wattrelos;9;-0.19
59651;Wavrechain-sous-Denain;4.6;-0.49
59652;Wavrechain-sous-Faulx;0.9;2.52
59653;Wavrin;12.1;0.32
59654;Waziers;7.8;-0.37
59655;Wemaers-Cappel;3.4;-1.58
59656;Wervicq-Sud;3.6;0.1
59657;West-Cappel;2.3;0.91
59658;Wicres;4.4;2.84
59659;Wignehies;2.2;-0.71
59660;Willems;5.1;-0.25
59661;Willies;0;-3.04
59662;Winnezeele;3.5;0.01
59663;Wormhout;2.5;0.14
59664;Wulverdinghe;1.3;1.15
59665;Wylder;2;0.34
59666;Zegerscappel;4.6;0.08
59667;Zermezeele;1.6;2.52
59668;Zuydcoote;8.8;-1.29
59669;Zuytpeene;4.1;0.5
59670;Don;14.5;1.16
60001;Abancourt;2.7;-1.8
60002;Abbecourt;3.9;1.92
60003;Abbeville-Saint-Lucien;2.8;0.91
60004;Achy;4.6;0.25
60005;Acy-en-Multien;5.3;0.04
60006;Les Ageux;17.1;-0.5
60007;Agnetz;8.7;0.05
60008;Airion;6.8;-1.11
60009;Allonne;4.9;1.94
60010;Amblainville;6.4;0.5
60011;Amy;1.1;1.33
60012;Andeville;10.1;1.12
60013;Angicourt;9.1;-0.75
60014;Angivillers;8.4;-2.32
60015;Angy;4.3;-0.79
60016;Ansacq;7.6;-0.18
60017;Ansauvillers;5;-0.88
60019;Antheuil-Portes;3.1;-0.08
60020;Antilly;11.8;0.19
60021;Appilly;7.9;-1.02
60022;Apremont;12.7;-0.89
60023;Armancourt;2;-0.85
60024;Arsy;3.5;0.95
60025;Attichy;5.8;-0.1
60026;Auchy-la-Montagne;1.6;-0.44
60027;Auger-Saint-Vincent;7.8;0.46
60028;Aumont-en-Halatte;6.7;2.72
60029;Auneuil;4.5;-0.18
60030;Auteuil;4.3;-0.3
60031;Autheuil-en-Valois;5.3;-0.87
60032;Autrêches;0.6;-0.43
60033;Avilly-Saint-Léonard;22;-0.38
60034;Avrechy;6;0.06
60035;Avricourt;0;-1.15
60036;Avrigny;4.7;1.44
60037;Babœuf;2.4;-0.38
60039;Bacouël;10.9;-0.21
60040;Bailleul-le-Soc;2.4;0.05
60041;Bailleul-sur-Thérain;3;1.72
60042;Bailleval;7.1;-0.09
60043;Bailly;2.2;-1.01
60044;Balagny-sur-Thérain;5.6;-0.68
60045;Barbery;3.4;-0.97
60046;Bargny;4.1;0.05
60047;Baron;6.7;-0.6
60048;Baugy;9.4;2.35
60049;Bazancourt;0;-3.68
60050;Bazicourt;6.1;1.93
60051;Beaudéduit;2.3;-3.91
60052;Beaugies-sous-Bois;2.1;0
60053;Beaulieu-les-Fontaines;6.2;-1.12
60054;Beaumont-les-Nonains;5.8;-0.34
60055;Beaurains-lès-Noyon;7.1;0.15
60056;Beaurepaire;6.7;-0.76
60057;Beauvais;11.4;-0.03
60058;Beauvoir;1.8;-1.94
60059;Béhéricourt;4.2;-1.39
60060;Belle-Église;10.9;2.86
60061;Belloy;5.4;-4.79
60062;Berlancourt;1.3;-1.07
60063;Berneuil-en-Bray;5.6;0.77
60064;Berneuil-sur-Aisne;2;-1.19
60065;Berthecourt;4;-0.63
60066;Béthancourt-en-Valois;13.8;-1.68
60067;Béthisy-Saint-Martin;3.8;-1.72
60068;Béthisy-Saint-Pierre;2.8;0.11
60069;Betz;8.9;-0.91
60070;Bienville;5.2;1.21
60071;Biermont;0;-0.29
60072;Bitry;0.7;-0.53
60073;Blacourt;0.7;-1.48
60074;Blaincourt-lès-Précy;8.9;-0.07
60075;Blancfossé;5.1;-0.23
60076;Blargies;1.8;-1.05
60077;Blicourt;3;0.62
60078;Blincourt;3.5;3.9
60079;Boissy-Fresnoy;7.3;-1.08
60081;Bonlier;5;0.47
60082;Bonneuil-les-Eaux;3.1;-0.69
60083;Bonneuil-en-Valois;8.7;-1.1
60084;Bonnières;2.3;3.26
60085;Bonvillers;6.9;-1.24
60086;Boran-sur-Oise;9.7;-0.28
60087;Borest;8.3;1.27
60088;Bornel;14.1;-0.11
60089;Boubiers;9.2;-1.12
60090;Bouconvillers;17.6;1.9
60091;Bouillancy;9.1;1.79
60092;Boullarre;6.4;-1.79
60093;Boulogne-la-Grasse;3.7;-0.32
60094;Boursonne;5.2;0.22
60095;Boury-en-Vexin;2;0.15
60097;Boutencourt;4.2;-0.9
60098;Bouvresse;1.1;0.91
60099;Braisnes-sur-Aronde;4.7;0.48
60100;Brasseuse;0;1.38
60101;Brégy;5.4;0.45
60102;Brenouille;11.4;0.63
60103;Bresles;3;-0.4
60104;Breteuil;4.6;-0.95
60105;Brétigny;5.3;1
60106;Breuil-le-Sec;7.2;-0.58
60107;Breuil-le-Vert;6.9;0.42
60108;Briot;0.8;1.05
60109;Brombos;0;-1.04
60110;Broquiers;1;-0.07
60111;Broyes;0;-3.85
60112;Brunvillers-la-Motte;6.4;0.2
60113;Bucamps;6.7;1.71
60114;Buicourt;0;0.57
60115;Bulles;2.8;-1.04
60116;Bury;4.8;-0.6
60117;Bussy;2.1;-0.89
60118;Caisnes;0.9;-0.23
60119;Cambronne-lès-Ribécourt;4.4;-0.68
60120;Cambronne-lès-Clermont;4.2;0.83
60121;Campagne;0;-0.61
60122;Campeaux;3.5;-1.15
60123;Campremy;1;-0.72
60124;Candor;2.2;1.26
60125;Canly;3.2;-1.12
60126;Cannectancourt;3.1;0.1
60127;Canny-sur-Matz;2.2;0.83
60128;Canny-sur-Thérain;4.4;-0.44
60129;Carlepont;1.8;-1.15
60130;Catenoy;4.3;0.57
60131;Catheux;5.8;-1.41
60132;Catigny;3.6;-1.08
60133;Catillon-Fumechon;1.6;0.44
60134;Cauffry;12.5;1.1
60135;Cauvigny;5.9;0.47
60136;Cempuis;3.1;-1.58
60137;Cernoy;0.7;-0.22
60138;Chamant;4.7;2.22
60139;Chambly;18.6;-0.31
60140;Chambors;5.9;-0.7
60141;Chantilly;33.2;-0.08
60142;La Chapelle-en-Serval;16.9;0.45
60143;Chaumont-en-Vexin;16.1;0.62
60144;Chavençon;6.3;-0.99
60145;Chelles;4.1;-1.62
60146;Chepoix;6.3;1.58
60147;Chevincourt;3.2;-1.71
60148;Chèvreville;7.5;-0.92
60149;Chevrières;6.2;0.44
60150;Chiry-Ourscamp;3.1;-0.96
60151;Choisy-au-Bac;6.7;0.43
60152;Choisy-la-Victoire;10.6;0.91
60153;Choqueuse-les-Bénards;5;-0.66
60154;Cinqueux;8.5;1.02
60155;Cires-lès-Mello;8.1;0.1
60156;Clairoix;7.5;0.52
60157;Clermont;12.2;0.82
60158;Coivrel;1.7;-0.66
60159;Compiègne;18.9;0.23
60160;Conchy-les-Pots;2.8;1.22
60161;Conteville;0;-1.34
60162;Corbeil-Cerf;8.3;-0.59
60163;Cormeilles;1.6;-1.72
60164;Le Coudray-Saint-Germer;4.3;-1.32
60165;Le Coudray-sur-Thelle;7.4;0.4
60166;Coudun;4.9;0.26
60167;Couloisy;1.8;1.93
60168;Courcelles-Epayelles;3.2;0.64
60169;Courcelles-lès-Gisors;6.6;-0.33
60170;Courteuil;12.2;-1.14
60171;Courtieux;4.1;-0.47
60172;Coye-la-Forêt;34.2;-0.07
60173;Cramoisy;16.4;0.02
60174;Crapeaumesnil;0;1.52
60175;Creil;33.8;0.35
60176;Crépy-en-Valois;19.6;-1.11
60177;Cressonsacq;0.4;-0.52
60178;Crèvecœur-le-Grand;3.3;-0.45
60179;Crèvecœur-le-Petit;4.3;1.81
60180;Crillon;4;0.1
60181;Crisolles;5.3;-0.64
60182;Le Crocq;1.1;-0.46
60183;Croissy-sur-Celle;4.1;-2.17
60184;Croutoy;2.9;-0.32
60185;Crouy-en-Thelle;8.8;-0.06
60186;Cuignières;6.1;1.11
60187;Cuigy-en-Bray;2.2;0.53
60188;Cuise-la-Motte;3.2;-0.53
60189;Cuts;2.2;-0.24
60190;Cuvergnon;8.2;1.5
60191;Cuvilly;1;-0.29
60192;Cuy;1;-0.08
60193;Daméraucourt;3.5;-1.65
60194;Dargies;1.9;-0.87
60195;Delincourt;12.6;1.83
60196;La Drenne;7.9;1.5
60197;Dieudonné;9.1;2.77
60198;Dives;1.9;-0.98
60199;Doméliers;1.6;0.74
60200;Domfront;3.6;0.48
60201;Dompierre;1.9;0.21
60203;Duvy;10.1;-1.41
60204;Écuvilly;1.4;-0.87
60205;Élencourt;5;-1.61
60206;Élincourt-Sainte-Marguerite;2.7;1
60207;Éméville;10.3;-0.12
60208;Énencourt-Léage;10.4;-3.31
60209;La Corne-en-Vexin;6.6;0.5
60210;Épineuse;2.6;2.37
60211;Éragny-sur-Epte;11;-0.55
60212;Ercuis;7.2;0.16
60213;Ermenonville;6.9;-1.4
60214;Ernemont-Boutavent;0;-2.35
60215;Erquery;7.5;-0.71
60216;Erquinvillers;5.3;0.64
60217;Escames;4.2;0.53
60218;Esches;15.9;1.03
60219;Escles-Saint-Pierre;1.5;1.71
60220;Espaubourg;1.7;-0.16
60221;Esquennoy;1.8;0.27
60222;Essuiles;3;-1.23
60223;Estrées-Saint-Denis;3.9;-0.44
60224;Étavigny;6.8;2.02
60225;Étouy;6.8;1.29
60226;Ève;8.5;-0.2
60227;Évricourt;8.8;-0.23
60228;Fay-les-Étangs;8.6;0.04
60229;Le Fayel;0.9;0.73
60230;Le Fay-Saint-Quentin;3.1;-0.03
60231;Feigneux;8.2;0.53
60232;Ferrières;4.9;-1.69
60233;Feuquières;3.7;-0.41
60234;Fitz-James;13.1;0.51
60235;Flavacourt;7.5;0.35
60236;Flavy-le-Meldeux;3;1.16
60237;Fléchy;5.4;-1.96
60238;Fleurines;4.7;0.16
60239;Fleury;5.1;1.03
60240;Fontaine-Bonneleau;2;-1.09
60241;Fontaine-Chaalis;3.4;-1.32
60242;Fontaine-Lavaganne;1.6;0.07
60243;Fontaine-Saint-Lucien;2.7;1.29
60244;Fontenay-Torcy;1.6;2.52
60245;Formerie;1.4;-0.34
60247;Fouilleuse;2.4;0.59
60248;Fouilloy;1.2;1.97
60249;Foulangues;11.1;-0.34
60250;Fouquenies;3.3;-0.84
60251;Fouquerolles;3.6;0.81
60252;Fournival;2;0.32
60253;Francastel;1.3;0.65
60254;Francières;2.6;-0.06
60255;Fréniches;4.2;-1.13
60256;Montchevreuil;5.2;0.85
60257;Fresne-Léguillon;3.7;-0.23
60258;Fresnières;1.4;-0.72
60259;Fresnoy-en-Thelle;10.1;-0.99
60260;Fresnoy-la-Rivière;7.7;1.12
60261;Fresnoy-le-Luat;5.7;1.17
60262;Le Frestoy-Vaux;4.3;-1.7
60263;Frétoy-le-Château;4.4;0.45
60264;Frocourt;2.5;0
60265;Froissy;1.5;1.38
60267;Le Gallet;2.5;-1.59
60268;Gannes;6;0.33
60269;Gaudechart;1.2;-1.29
60270;Genvry;8.6;0.62
60271;Gerberoy;0;-1.3
60272;Gilocourt;10.5;-0.92
60273;Giraumont;3.1;-0.59
60274;Glaignes;14.2;-0.05
60275;Glatigny;0.9;-0.75
60276;Godenvillers;1.9;-1.94
60277;Goincourt;2.9;3.27
60278;Golancourt;5.4;0.84
60279;Gondreville;4.3;0.63
60280;Gourchelles;2.3;-3.28
60281;Gournay-sur-Aronde;3.7;-1.22
60282;Gouvieux;21;-0.42
60283;Gouy-les-Groseillers;14.3;-9.88
60284;Grandfresnoy;5.1;0.63
60285;Grandvillers-aux-Bois;1.9;-0.86
60286;Grandvilliers;2.7;-1.39
60287;Grandrû;2.7;1.18
60288;Grémévillers;3.1;0.93
60289;Grez;1.3;-0.5
60290;Guignecourt;1.2;0.09
60291;Guiscard;4.7;-0.35
60292;Gury;1.7;-0.7
60293;Hadancourt-le-Haut-Clocher;7.1;0.81
60294;Hainvillers;4.9;2.06
60295;Halloy;2.2;-0.56
60296;Hannaches;3.1;-1.58
60297;Le Hamel;0;0.55
60298;Hanvoile;1.5;0.87
60299;Hardivillers;0.9;0.03
60301;Haucourt;3.4;-0.62
60302;Haudivillers;1.4;-1.17
60303;Hautbos;1.2;0.35
60304;Haute-Épine;1.7;-0.5
60305;Hautefontaine;0.7;0.74
60306;Hécourt;1.4;-0.87
60307;Heilles;3.7;0.68
60308;Hémévillers;3.3;0.36
60309;Hénonville;7.4;1.53
60310;Herchies;1.9;-1.35
60311;La Hérelle;4.5;0
60312;Héricourt-sur-Thérain;3.2;-3.29
60313;Hermes;5.7;0.11
60314;Hétomesnil;5;0.75
60315;Hodenc-en-Bray;1.2;-0.27
60316;Hodenc-l'Évêque;5.8;-1.52
60317;Hondainville;5.5;0.38
60318;Houdancourt;10.1;0.3
60319;La Houssoye;6.2;-0.25
60320;Ivors;8.2;0
60321;Ivry-le-Temple;9.6;2.64
60322;Jaméricourt;9.5;-0.58
60323;Janville;7.3;-1.4
60324;Jaulzy;3.8;-1.08
60325;Jaux;6.4;-2.19
60326;Jonquières;1.8;-0.33
60327;Jouy-sous-Thelle;4.9;0.59
60328;Juvignies;1.4;-1.34
60329;Laberlière;5.3;0.42
60330;Laboissière-en-Thelle;8.2;0
60331;Labosse;8;0.48
60332;Labruyère;5.4;0.36
60333;Lachapelle-aux-Pots;2.3;-0.89
60334;Lachapelle-Saint-Pierre;3.8;-1.65
60335;Lachapelle-sous-Gerberoy;0;1.2
60336;Lachaussée-du-Bois-d'Écu;0;-2.26
60337;Lachelle;3.4;3.81
60338;Lacroix-Saint-Ouen;3.6;2.28
60339;Lafraye;1.1;-0.83
60340;Lagny;2.9;-0.19
60341;Lagny-le-Sec;13.3;-0.17
60342;Laigneville;14.4;0.98
60343;Lalande-en-Son;7.6;-1.8
60344;Lalandelle;2.1;1.77
60345;Lamécourt;2.1;-0.26
60346;Lamorlaye;19.4;0.33
60347;Lannoy-Cuillère;1.7;0
60348;Larbroye;5;0.13
60350;Lassigny;2;0.44
60351;Lataule;0;0.43
60352;Lattainville;5.1;2.39
60353;Lavacquerie;3.3;-1.93
60354;Laverrière;0;-5.37
60355;Laversines;2.1;-0.26
60356;Lavilletertre;13.8;3.54
60357;Léglantiers;7.8;0.09
60358;Lévignen;9.7;1.2
60359;Lhéraule;1.1;0.94
60360;Liancourt;8.3;-0.24
60361;Liancourt-Saint-Pierre;8.6;-0.45
60362;Libermont;2.5;-1.08
60363;Lierville;13.2;-0.87
60364;Lieuvillers;4.2;-0.12
60365;Lihus;1;0.81
60366;Litz;5.1;0.79
60367;Loconville;8.8;-0.45
60368;Longueil-Annel;5.8;-0.08
60369;Longueil-Sainte-Marie;3.8;0.27
60370;Lormaison;8.2;-0.24
60371;Loueuse;1.5;0.22
60372;Luchy;2.8;0.87
60373;Machemont;4.9;2.74
60374;Maignelay-Montigny;6.1;-1.31
60375;Maimbeville;4.9;-1.48
60376;Maisoncelle-Saint-Pierre;0;2.01
60377;Maisoncelle-Tuilerie;0.7;-0.85
60378;Marest-sur-Matz;2.9;-1.39
60379;Mareuil-la-Motte;3.1;-1.26
60380;Mareuil-sur-Ourcq;11.4;-0.28
60381;Margny-aux-Cerises;5.3;-0.07
60382;Margny-lès-Compiègne;18.8;0.95
60383;Margny-sur-Matz;4.1;-0.03
60385;Marolles;6;-0.97
60386;Marquéglise;4.4;-0.78
60387;Marseille-en-Beauvaisis;4.8;-0.55
60388;Martincourt;0;1.14
60389;Maucourt;1;-1.3
60390;Maulers;0.6;1.55
60391;Maysel;5.8;-2.49
60392;Mélicocq;3.8;1.49
60393;Mello;14.3;-0.86
60394;Ménévillers;0;-0.48
60395;Méru;19.9;-0.63
60396;Méry-la-Bataille;0.7;-0.53
60397;Le Mesnil-Conteville;0;-4.33
60398;Le Mesnil-en-Thelle;11.2;1.12
60399;Le Mesnil-Saint-Firmin;11;3.98
60400;Le Mesnil-sur-Bulles;4.9;0.13
60401;Le Mesnil-Théribus;6.3;-0.42
60402;Le Meux;5.4;0.41
60403;Milly-sur-Thérain;2.7;2.09
60404;Mogneville;8.8;-0.75
60405;Moliens;2.2;-0.31
60406;Monceaux;6.9;2.53
60407;Monceaux-l'Abbaye;2.2;-0.89
60408;Monchy-Humières;3.2;0.59
60409;Monchy-Saint-Éloi;11.7;0.06
60410;Mondescourt;2.8;0
60411;Monneville;4.9;-1.12
60412;Montagny-en-Vexin;6.8;0.15
60413;Montagny-Sainte-Félicité;5.8;0.43
60414;Montataire;20.4;0.73
60415;Montépilloy;5.5;0.68
60416;Montgérain;0;-1.5
60418;Montiers;4.4;-1.13
60420;Montjavoult;5.2;1.43
60421;Mont-l'Évêque;8.7;0.04
60422;Montlognon;2;1.09
60423;Montmacq;3.6;1.5
60424;Montmartin;2.2;1.78
60425;Montreuil-sur-Brêche;1.2;0.03
60426;Montreuil-sur-Thérain;5.4;-0.2
60427;Monts;7.5;1.6
60428;Le Mont-Saint-Adrien;3.2;-0.03
60429;Morangles;11.1;0.08
60430;Morienval;10.3;-0.25
60431;Morlincourt;9.2;-0.38
60432;Mortefontaine;9;0.25
60433;Mortefontaine-en-Thelle;7.5;1.38
60434;Mortemer;1.7;-0.3
60435;Morvillers;3.1;1.03
60436;Mory-Montcrux;7.5;-1.58
60437;Mouchy-le-Châtel;0;-1.27
60438;Moulin-sous-Touvent;2.2;-2.65
60439;Mouy;7.3;0.06
60440;Moyenneville;3.8;-1.36
60441;Moyvillers;3;0.28
60442;Muidorge;0;-0.6
60443;Muirancourt;1.7;0.61
60444;Mureaumont;0;-1.36
60445;Nampcel;1.8;-1.08
60446;Nanteuil-le-Haudouin;12.7;0.2
60447;Néry;3.6;-0.43
60448;Neufchelles;12.5;0.75
60449;Neufvy-sur-Aronde;3.4;-0.18
60450;Neuilly-en-Thelle;8.6;3.06
60451;Neuilly-sous-Clermont;6.2;-0.81
60452;Neuville-Bosc;5.5;-1.62
60454;La Neuville-en-Hez;5.1;-0.51
60456;La Neuville-Roy;1.3;-0.82
60457;La Neuville-Saint-Pierre;1.2;-0.1
60458;La Neuville-sur-Oudeuil;3;-1.31
60459;La Neuville-sur-Ressons;1.1;-1.03
60460;La Neuville-Vault;1.6;2.16
60461;Nivillers;4.2;1.85
60462;Noailles;3.8;0.09
60463;Nogent-sur-Oise;26.7;1.84
60464;Nointel;8;2.48
60465;Noirémont;1;0.83
60466;Noroy;6.3;2.27
60468;Nourard-le-Franc;2.8;-2.95
60469;Novillers;6.6;0.59
60470;Noyers-Saint-Martin;1.9;1.13
60471;Noyon;12.1;-1.07
60472;Offoy;0;-0.44
60473;Ognes;9.4;1.96
60474;Ognolles;1.5;-0.12
60476;Omécourt;1.2;0.42
60477;Ons-en-Bray;1.9;-0.34
60478;Ormoy-le-Davien;10.7;1.02
60479;Ormoy-Villers;16.8;4.04
60480;Oroër;0.8;-0.57
60481;Orrouy;6;-0.06
60482;Orry-la-Ville;28.9;0.75
60483;Orvillers-Sorel;0.8;-0.19
60484;Oudeuil;5;2.07
60485;Oursel-Maison;2.2;0.21
60486;Paillart;3.8;-0.32
60487;Parnes;10.1;-1.35
60488;Passel;0.9;-0.95
60489;Péroy-les-Gombries;8.7;1.32
60490;Pierrefitte-en-Beauvaisis;3.1;0.28
60491;Pierrefonds;7.1;0.62
60492;Pimprez;3.5;-0.46
60493;Pisseleu;1.2;1.07
60494;Plailly;7.8;0.56
60495;Plainval;5.8;0.65
60496;Plainville;8.1;0.31
60497;Le Plessier-sur-Bulles;4.7;-0.31
60498;Le Plessier-sur-Saint-Just;4.4;1.03
60499;Plessis-de-Roye;1;0.49
60500;Le Plessis-Belleville;12.9;3.04
60501;Le Plessis-Brion;4.7;-0.81
60502;Le Plessis-Patte-d'Oie;0;-0.46
60503;Le Ployron;0;0
60504;Ponchon;4.1;0.64
60505;Pontarmé;14.5;1.89
60506;Pont-l'Évêque;6.3;0.05
60507;Pontoise-lès-Noyon;4.1;-0.92
60508;Pontpoint;8.1;0.2
60509;Pont-Sainte-Maxence;13.9;-0.17
60510;Porcheux;12;2.53
60511;Porquéricourt;3.6;1.09
60512;Pouilly;2.9;0
60513;Précy-sur-Oise;11.5;0.58
60514;Prévillers;4.5;1.55
60515;Pronleroy;7;-0.7
60516;Puiseux-en-Bray;5;-1.09
60517;Puiseux-le-Hauberger;11.7;0.29
60518;Puits-la-Vallée;0;0.33
60519;Quesmy;1.3;-1.03
60520;Le Quesnel-Aubry;1;0.46
60521;Quincampoix-Fleuzy;3.4;0.42
60522;Quinquempoix;40.3;-0.21
60523;Rainvillers;1.3;0.07
60524;Rantigny;10.5;0.29
60525;Raray;1.4;-3.73
60526;Ravenel;4.6;-1.04
60527;Réez-Fosse-Martin;4.2;-0.91
60528;Reilly;2.1;-1.24
60529;Rémécourt;5;-1.27
60530;Rémérangles;3;-0.55
60531;Remy;5.1;1.49
60533;Ressons-sur-Matz;2.4;0.34
60534;Rethondes;6.4;-0.53
60535;Reuil-sur-Brêche;0.7;0.1
60536;Rhuis;4.5;-0.96
60537;Ribécourt-Dreslincourt;3.9;0.2
60538;Ricquebourg;1.3;0.58
60539;Rieux;13.1;-0.09
60540;Rivecourt;3.5;1.31
60541;Roberval;1.7;-0.92
60542;Rochy-Condé;3.1;0.13
60543;Rocquemont;7.7;-0.14
60544;Rocquencourt;2.4;-0.52
60545;Romescamps;7.1;-0.54
60546;Rosières;11.5;0.84
60547;Rosoy;4.5;-0.29
60548;Rosoy-en-Multien;5.7;2.2
60549;Rotangy;0;1.43
60550;Rothois;1;0.15
60551;Rousseloy;10.1;-1.77
60552;Rouville;8.9;-0.59
60553;Rouvillers;2.9;0.3
60554;Rouvres-en-Multien;2.1;0.43
60555;Rouvroy-les-Merles;0;4.1
60556;Royaucourt;3.8;0.32
60557;Roy-Boissy;0.7;0.31
60558;Roye-sur-Matz;3.8;-0.33
60559;La Rue-Saint-Pierre;5.6;1.21
60560;Rully;1.7;0.64
60561;Russy-Bémont;11.1;2.53
60562;Sacy-le-Grand;6.9;0.59
60563;Sacy-le-Petit;6.9;2.28
60564;Sains-Morainvillers;6.4;0.59
60565;Saint-André-Farivillers;2.4;0
60566;Saint-Arnoult;2.9;-1.11
60567;Saint-Aubin-en-Bray;4;0.94
60568;Saint-Aubin-sous-Erquery;6;0.69
60569;Saint-Crépin-aux-Bois;2.9;-4.38
60570;Saint-Crépin-Ibouvillers;6.3;1.09
60571;Saint-Deniscourt;2.7;-1.39
60572;Saint-Étienne-Roilaye;0;-1.41
60573;Sainte-Eusoye;2.1;1.08
60574;Saint-Félix;4;-0.32
60575;Sainte-Geneviève;6.2;1.62
60576;Saint-Germain-la-Poterie;2.4;0.04
60577;Saint-Germer-de-Fly;4.1;-0.34
60578;Saintines;2.7;0.09
60579;Saint-Jean-aux-Bois;9.8;1.28
60581;Saint-Just-en-Chaussée;13.6;-0.15
60582;Saint-Léger-aux-Bois;3.1;-1.18
60583;Saint-Léger-en-Bray;1.2;1.25
60584;Saint-Leu-d'Esserent;10.8;-0.4
60585;Saint-Martin-aux-Bois;1.7;-1.07
60586;Saint-Martin-le-Nœud;1.6;0.57
60587;Saint-Martin-Longueau;7.5;-0.86
60588;Saint-Maur;1.9;0.17
60589;Saint-Maximin;13.3;0.8
60590;Saint-Omer-en-Chaussée;5.7;-0.73
60591;Saint-Paul;3.2;0.84
60592;Saint-Pierre-es-Champs;4;-0.76
60593;Saint-Pierre-lès-Bitry;1.3;-0.45
60594;Saint-Quentin-des-Prés;2.5;-0.29
60595;Saint-Remy-en-l'Eau;4.8;1.28
60596;Saint-Samson-la-Poterie;1.9;-1.5
60597;Saint-Sauveur;3.3;0.8
60598;Saint-Sulpice;9.6;0.94
60599;Saint-Thibault;1.7;-1.07
60600;Saint-Vaast-de-Longmont;2.3;0.08
60601;Saint-Vaast-lès-Mello;6.3;-1.46
60602;Saint-Valery;3.6;-3.04
60603;Salency;6;0.24
60604;Sarcus;1;0.38
60605;Sarnois;1.3;0.1
60608;Le Saulchoy;2.4;1.16
60609;Savignies;2.1;1.88
60610;Sempigny;2.4;-0.9
60611;Senantes;1.6;-1.23
60612;Senlis;10.5;0.73
60613;Senots;4.4;0.68
60614;Serans;15.2;-2.89
60615;Sérévillers;5.8;-0.12
60616;Sérifontaine;9.5;0.24
60617;Sermaize;4;1.68
60618;Séry-Magneval;8.7;-0.72
60619;Silly-le-Long;9.7;0.58
60620;Silly-Tillard;3.7;0.37
60621;Solente;2.2;0.13
60622;Sommereux;0.9;0.17
60623;Songeons;1.2;-2.17
60624;Sully;2.8;-0.4
60625;Suzoy;1.8;-0.61
60626;Talmontiers;10.1;-0.97
60627;Tartigny;2.7;-1.73
60628;Therdonne;2.2;1.81
60629;Thérines;0;-0.83
60630;Thibivillers;9.3;3.91
60631;Thiers-sur-Thève;11.3;0.58
60632;Thiescourt;2;-0.07
60633;Thieuloy-Saint-Antoine;2.6;-1.05
60634;Thieux;3.5;0.38
60635;Thiverny;14.1;0.08
60636;Thourotte;5.8;-0.41
60637;Thury-en-Valois;4.2;-0.8
60638;Thury-sous-Clermont;6.1;-0.27
60639;Tillé;3.4;2.47
60640;Tourly;5.3;-0.48
60641;Tracy-le-Mont;2;-0.35
60642;Tracy-le-Val;4.1;-1.05
60643;Tricot;5.2;-0.99
60644;Trie-Château;13;-0.63
60645;Trie-la-Ville;3.8;-0.38
60646;Troissereux;1.7;3.07
60647;Trosly-Breuil;4.3;-0.54
60648;Troussencourt;2;-1.16
60650;Trumilly;5.9;0.03
60651;Ully-Saint-Georges;4.4;0.55
60652;Valdampierre;7.1;-0.36
60653;Valescourt;6.3;0.45
60654;Vandélicourt;5.1;-1.48
60655;Varesnes;4.6;-0.27
60656;Varinfroy;8.1;-1.42
60657;Vauchelles;0.9;-1.79
60658;Vauciennes;8.7;0.41
60659;Vaudancourt;6.3;-0.99
60660;Le Vaumain;10.1;2.29
60661;Vaumoise;10.2;0.35
60662;Le Vauroux;3.5;-0.2
60663;Velennes;4.1;-0.07
60664;Vendeuil-Caply;0.5;-1.22
60665;Venette;10.6;-0.32
60666;Ver-sur-Launette;5.9;-0.26
60667;Verberie;4.1;-0.27
60668;Verderel-lès-Sauqueuse;1.7;-0.43
60669;Verderonne;6.3;-0.14
60670;Verneuil-en-Halatte;9.2;0.51
60671;Versigny;14.9;-1.24
60672;Vez;5.9;-0.7
60673;Viefvillers;2;2.9
60674;Vieux-Moulin;7.7;-1.12
60675;Vignemont;3.6;-0.51
60676;Ville;5.4;-0.4
60677;Villembray;0;-0.66
60678;Villeneuve-les-Sablons;6.8;-0.08
60679;La Villeneuve-sous-Thury;10.7;-2.39
60680;Villeneuve-sur-Verberie;2.4;1.94
60681;Villers-Saint-Barthélemy;3.4;-0.79
60682;Villers-Saint-Frambourg-Ognon;4.4;0.16
60683;Villers-Saint-Genest;9.2;0.22
60684;Villers-Saint-Paul;16.7;0.19
60685;Villers-Saint-Sépulcre;3.6;0.02
60686;Villers-sous-Saint-Leu;12.8;-0.31
60687;Villers-sur-Auchy;2.3;-0.44
60688;Villers-sur-Bonnières;2.9;-2.4
60689;Villers-sur-Coudun;5;0.24
60691;Villers-Vermont;0;-0.54
60692;Villers-Vicomte;1.3;-0.65
60693;Villeselve;6.5;-1.28
60694;Les Hauts-Talican;4.2;0.21
60695;Vineuil-Saint-Firmin;18.8;0.45
60697;Vrocourt;0;-0.5
60698;Wacquemoulin;3;-1.74
60699;Wambez;1.3;-0.2
60700;Warluis;3.4;0.8
60701;Wavignies;4.9;1.94
60702;Welles-Pérennes;0;-1.27
60703;Aux Marais;1.6;1.91
61001;Alençon;4.9;-0.3
61002;Almenêches;2.9;-1.73
61005;Appenai-sous-Bellême;1.6;0.37
61006;Argentan;2.2;-0.45
61007;Athis-Val de Rouvre;1;-0.26
61008;Aube;2.7;-0.87
61010;Aubry-le-Panthou;1.9;2.36
61011;Aubusson;1.1;-1.25
61012;Auguaise;1.1;-0.42
61013;Aunay-les-Bois;0;-1.02
61014;Aunou-le-Faucon;2.8;0.55
61015;Aunou-sur-Orne;0;0.37
61018;Avernes-Saint-Gourgon;0;3.54
61020;Avoine;0;-0.53
61021;Avrilly;0;-2.44
61023;Bailleul;2;0
61024;Banvou;0.3;0.24
61026;Barville;1.1;-0.79
61028;Bazoches-au-Houlme;0.4;-0.68
61029;Bazoches-sur-Hoëne;0.3;-0.74
61030;La Bazoque;0;0.56
61032;Beaufai;2.8;-0.94
61034;Beaulieu;2.8;-0.56
61035;Beauvain;0.7;-0.06
61036;Belfonds;2.2;0.08
61037;Bellavilliers;1.3;-1.07
61038;Bellême;3.1;-0.65
61039;La Bellière;1.9;0.8
61040;Bellou-en-Houlme;0.2;-1.31
61041;Bellou-le-Trichard;2.2;-1.68
61043;Berd'huis;2.5;-0.05
61044;Berjou;1;-1.62
61046;Bizou;2.4;1.49
61048;Boëcé;1.9;0.68
61049;Boissei-la-Lande;0;-1.99
61050;Cour-Maugis sur Huisne;4.5;-1.08
61051;Boitron;1.1;-0.24
61052;Bonnefoi;2.2;0.54
61053;Bonsmoulins;4.1;-1.04
61054;Le Bosc-Renoult;0.9;0.79
61055;Boucé;1.3;-1.45
61056;Le Bouillon;0;-0.49
61060;Brethel;2;-2.77
61061;Bretoncelles;9.5;-0.16
61062;Brieux;0;0.57
61063;Briouze;1.6;-0.42
61064;Brullemail;8;-0.71
61066;Buré;1.8;-1.41
61067;Bures;2.4;0.1
61068;Bursard;2.1;-0.81
61069;Cahan;0;-1.74
61070;Caligny;0.3;0.22
61071;Camembert;4.5;-1.67
61072;Canapville;3.2;0.55
61074;Carrouges;2;-1.15
61075;Ceaucé;0.5;-0.59
61076;Le Cercueil;0;0.71
61077;Cerisé;3.8;-0.12
61078;Cerisy-Belle-Étoile;0.7;-0.53
61079;Ceton;2;-0.25
61080;Chahains;5.4;-1.36
61081;Chailloué;0.9;-0.31
61082;Le Chalange;3.3;-3.34
61084;Champcerie;0;2.13
61085;Le Champ-de-la-Pierre;0;-7.06
61086;Les Champeaux;2.1;-3.18
61087;Champeaux-sur-Sarthe;0;-1.01
61088;Champ-Haut;0;-2.86
61089;Champosoult;4.5;1.02
61091;Champsecret;1.1;1.1
61092;Chandai;2.2;0.57
61093;Chanu;0.4;-0.15
61094;La Chapelle-au-Moine;0;0.14
61095;La Chapelle-Biche;0.4;0.19
61096;Rives d'Andaine;0.8;-1.08
61097;La Chapelle-Montligeon;1.1;-0.83
61098;La Chapelle-près-Sées;1;1.21
61099;La Chapelle-Souëf;4.1;-0.99
61100;La Chapelle-Viel;1.4;0.89
61101;Le Château-d'Almenêches;1.1;-1.86
61102;Le Châtellier;0.6;-0.65
61103;Chaumont;3.7;-1.15
61104;La Chaux;0;0.32
61105;Chemilli;1.4;-2.22
61107;Ciral;1.4;0.67
61108;Cisai-Saint-Aubin;0;2.62
61111;Colombiers;0.7;-0.1
61113;Comblot;6.9;-0.8
61114;Commeaux;1.1;-0.33
61116;Sablons sur Huisne;3.4;-1.26
61117;Condé-sur-Sarthe;2.8;-0.28
61118;Corbon;6.6;-3.42
61120;Coudehard;3.3;-0.42
61121;Coulimer;3.2;-0.23
61122;Coulmer;0;-0.99
61123;Coulonces;1;-0.77
61124;La Coulonche;1.3;0.1
61126;Coulonges-sur-Sarthe;2.8;-1.68
61129;Courgeon;0.7;-0.92
61130;Courgeoût;1.1;0.52
61133;Courtomer;1;-0.05
61137;Craménil;1.6;-3.24
61138;Croisilles;2.1;-0.92
61139;Crouttes;3.5;-0.33
61140;Crulai;1.1;-1.35
61141;Cuissai;1;0.63
61142;Dame-Marie;3.8;0.22
61143;Damigny;2.8;-1.51
61145;Domfront en Poiraie;0.7;-0.57
61146;Dompierre;0;-0.8
61148;Durcet;0.7;-0.84
61149;Échalou;0.7;-2.93
61150;Échauffour;3.1;-0.27
61151;Écorcei;2.9;-0.09
61152;Écorches;0;3.42
61153;Écouché-les-Vallées;1.2;0.06
61156;Essay;1.2;0.53
61158;Faverolles;0;-1.55
61159;Fay;3.6;-0.48
61160;Feings;0;-0.68
61162;La Ferrière-au-Doyen;0;-1.61
61163;La Ferrière-aux-Étangs;1.2;0.35
61164;La Ferrière-Béchet;0;0.54
61165;La Ferrière-Bochard;0.6;-0.78
61166;Ferrières-la-Verrerie;6.8;-0.77
61167;La Ferté-en-Ouche;1.6;-1.38
61168;La Ferté Macé;2;-0.94
61169;Flers;3.7;-0.52
61170;Fleuré;0;-0.4
61171;Fontaine-les-Bassets;2.2;1.53
61176;Francheville;0;-2.43
61178;La Fresnaie-Fayel;13.3;-0.95
61180;Fresnay-le-Samson;2;3.09
61181;Gacé;1.7;-1.04
61182;Gandelain;0.6;0.32
61183;Gâprée;4.5;1.46
61187;Les Genettes;0;-2.88
61189;Giel-Courteilles;0.4;1.91
61190;Ginai;0;-4.18
61193;La Gonfrière;0;-2.14
61194;Monts-sur-Orne;1.5;-0.96
61195;Le Grais;0;0.58
61196;Belforêt-en-Perche;2;-1.95
61197;Guêprei;1.4;0.35
61198;Guerquesalles;1.5;-0.25
61199;Habloville;1.9;0.61
61202;Hauterive;1.4;-0.78
61203;Héloup;0.5;-0.7
61206;L'Hôme-Chamondot;1.7;-0.19
61207;Igé;0.9;-1.55
61208;Irai;0.4;0.11
61209;Joué-du-Bois;0;-1.51
61210;Joué-du-Plain;1.7;-1.15
61211;Juvigny Val d'Andaine;0;-0.71
61212;Juvigny-sur-Orne;2;0.72
61213;Lalacelle;0;-1.09
61214;L'Aigle;3.6;-0.64
61215;Laleu;2.1;-0.05
61216;La Lande-de-Goult;6.3;-0.61
61217;La Lande-de-Lougé;0;3.27
61218;La Lande-Patry;8.1;-0.24
61219;La Lande-Saint-Siméon;2.5;1.62
61221;Landigou;0.6;0.04
61222;Landisacq;0.9;0.57
61224;Larré;1.4;1.5
61225;Lignères;0;0.59
61227;Lignou;0;-0.82
61228;L'Orée-d'Écouves;0.6;0.23
61229;Loisail;0;1.03
61230;Longny les Villages;4.3;-1.12
61232;Lonlay-l'Abbaye;0.9;-0.25
61233;Lonlay-le-Tesson;0;0.44
61234;Lonrai;1.1;-0.85
61237;Lougé-sur-Maire;0;-0.26
61238;Louvières-en-Auge;6.3;5.22
61240;Macé;1.8;0.61
61241;La Madeleine-Bouvet;5.4;0.41
61242;Le Mage;5.1;-1.32
61243;Magny-le-Désert;0.5;-0.36
61244;Mahéru;0;0.75
61248;Mantilly;0.6;-0.82
61251;Marchemaisons;0;0.54
61252;Mardilly;3.9;-0.12
61255;Mauves-sur-Huisne;2.4;-0.8
61256;Médavy;4.2;0.11
61257;Méhoudin;0;-0.67
61258;Le Mêle-sur-Sarthe;3.6;-1.21
61259;Le Ménil-Bérard;3.6;-1.62
61260;Le Ménil-de-Briouze;1.7;-1.35
61261;Le Ménil-Broût;1.2;0.58
61262;Le Ménil-Ciboult;0;-1.61
61263;Ménil-Erreux;0;-2.36
61264;Ménil-Froger;0;1.71
61265;Ménil-Gondouin;1.4;-1.6
61266;Le Ménil-Guyon;0;0.83
61267;Ménil-Hermei;0;-0.08
61268;Ménil-Hubert-en-Exmes;3.7;0.71
61269;Ménil-Hubert-sur-Orne;1.1;0.21
61271;Le Ménil-Scelleur;2.1;-1.46
61272;Le Ménil-Vicomte;0;0.66
61273;Ménil-Vin;0;-1.64
61274;Les Menus;2.9;0.49
61275;Merlerault-le-Pin;0.8;-1.92
61276;Merri;0;-1.86
61277;La Mesnière;1.5;-0.53
61278;Messei;1.1;-1.03
61279;Mieuxcé;1.8;-0.51
61281;Moncy;0;1.04
61283;Montabard;0;-0.23
61284;Montchevrel;0;-0.49
61286;Montgaudry;6.8;3.19
61287;Montilly-sur-Noireau;0.3;-0.16
61288;Montmerrei;0.8;1.29
61289;Mont-Ormel;0;-1.91
61290;Montreuil-au-Houlme;5.3;-1.26
61291;Montreuil-la-Cambe;0;1.77
61292;Montsecret-Clairefougère;0.3;-0.45
61293;Mortagne-au-Perche;4.9;-0.07
61294;Mortrée;1.8;-0.92
61295;La Motte-Fouquet;0;0
61297;Moulins-la-Marche;0.8;-0.68
61298;Moulins-sur-Orne;2.3;-0.11
61300;Moutiers-au-Perche;3.8;-1.5
61301;Neauphe-sous-Essai;0;0.31
61302;Neauphe-sur-Dive;0;-0.37
61303;Nécy;2;0.13
61304;Neuilly-le-Bisson;1.4;-1.55
61307;Neuville-sur-Touques;1.2;0.8
61308;Neuvy-au-Houlme;1.2;-1.13
61309;Perche en Nocé;3.7;-1.06
61314;Occagnes;0.7;0.63
61316;Ommoy;0;-2.64
61317;Orgères;2.4;2.94
61319;Origny-le-Roux;0;-1.22
61321;Pacé;0;1.86
61322;Parfondeval;2;-1.37
61323;Le Pas-Saint-l'Homer;4.8;-1.36
61324;Passais Villages;1;-0.67
61326;Perrou;3.2;2.33
61327;Pervenchères;5.3;0.1
61328;Le Pin-au-Haras;1.6;-1.79
61329;Le Pin-la-Garenne;2.1;-1.06
61330;Planches;3.8;-1.06
61331;Le Plantis;1.8;-2.97
61332;Pointel;0;-1.1
61333;Pontchardon;2.8;-1.54
61336;Pouvrai;2;-0.79
61339;Putanges-le-Lac;1.6;-0.65
61341;Écouves;0.9;-0.24
61342;Rai;2;0.02
61344;Rânes;0.7;-0.16
61345;Rémalard en Perche;2.6;-0.7
61346;Le Renouard;5.9;0.42
61347;Résenlieu;1.3;-0.1
61348;Réveillon;1.8;-0.55
61349;Ri;2.7;-1.22
61350;La Roche-Mabile;0;0.63
61351;Roiville;1.9;0.25
61352;Rônai;0;1.67
61357;Rouperroux;1.2;-0.65
61358;Sai;2.2;0.75
61360;Saint-Agnan-sur-Sarthe;6.9;-3.83
61361;Saint-André-de-Briouze;3.4;-1.01
61362;Saint-André-de-Messei;0;-1.48
61363;Saint-Aquilin-de-Corbion;0;-4.68
61365;Saint-Aubin-d'Appenai;1.6;1.41
61366;Saint-Aubin-de-Bonneval;1.8;-0.98
61367;Saint-Aubin-de-Courteraie;0;-0.5
61369;Saint-Bômer-les-Forges;1.2;-0.39
61370;Saint-Brice;0;-0.66
61371;Saint-Brice-sous-Rânes;1.4;0.36
61372;Saint-Céneri-le-Gérei;0;-1.14
61373;Sainte-Céronne-lès-Mortagne;6.6;-0.27
61374;Saint-Christophe-de-Chaulieu;0;-1.27
61375;Boischampré;0.4;-0.49
61376;Saint-Clair-de-Halouze;0;-0.87
61379;Saint-Cyr-la-Rosière;6.3;-0.14
61381;Saint-Denis-sur-Huisne;0;1.77
61382;Saint-Denis-sur-Sarthon;0.9;-0.49
61384;Saint-Ellier-les-Bois;0.9;1.01
61385;Saint-Evroult-de-Montfort;0.6;0.67
61386;Saint-Evroult-Notre-Dame-du-Bois;1.7;-0.74
61387;Saint-Fraimbault;2;-0.21
61388;Saint-Fulgent-des-Ormes;7.2;0.89
61389;Sainte-Gauburge-Sainte-Colombe;2.9;-0.71
61390;Saint-Georges-d'Annebecq;0;2.86
61391;Saint-Georges-des-Groseillers;2;-0.33
61392;Saint-Germain-d'Aunay;2.1;-3.84
61393;Saint-Germain-de-Clairefeuille;2.9;-2.64
61394;Saint-Germain-de-la-Coudre;1.5;1.39
61395;Saint-Germain-des-Grois;2.2;-2.67
61396;Saint-Germain-de-Martigny;3.3;1.93
61397;Saint-Germain-du-Corbéis;3.7;-0.73
61398;Saint-Germain-le-Vieux;0;1.92
61399;Saint-Gervais-des-Sablons;7.4;0.24
61400;Saint-Gervais-du-Perron;2.3;-1.46
61401;Saint-Gilles-des-Marais;0;-1.06
61402;Saint-Hilaire-de-Briouze;0.7;-0.97
61404;Saint-Hilaire-le-Châtel;2.6;0.4
61405;Saint-Hilaire-sur-Erre;4.3;-1.37
61406;Saint-Hilaire-sur-Risle;0.9;-1.26
61407;Sainte-Honorine-la-Chardonne;1;-1.35
61408;Sainte-Honorine-la-Guillaume;0;0.54
61411;Saint-Jouin-de-Blavou;7.8;1.43
61412;Saint-Julien-sur-Sarthe;1.4;-0.07
61413;Saint-Lambert-sur-Dive;1.9;-2.41
61414;Saint-Langis-lès-Mortagne;0;-0.91
61415;Saint-Léger-sur-Sarthe;0;-2.43
61416;Saint-Léonard-des-Parcs;0;0.67
61418;Saint-Mard-de-Réno;6.7;-1.66
61419;Sainte-Marguerite-de-Carrouges;2.6;-1.06
61420;Sainte-Marie-la-Robert;2.8;0.59
61421;Saint-Mars-d'Égrenne;0;-0.96
61422;Les Aspres;4.4;-0.91
61423;Saint-Martin-d'Écublei;2.8;-0.31
61424;Saint-Martin-des-Landes;1.1;-2.07
61425;Saint-Martin-des-Pézerits;6.7;-1.93
61426;Saint-Martin-du-Vieux-Bellême;1.8;-1.33
61427;Saint-Martin-l'Aiguillon;4.1;-0.7
61429;Charencey;1;-1.25
61432;Saint-Michel-Tubœuf;0.8;-1.61
61433;Saint-Nicolas-des-Bois;0.8;-0.17
61435;Saint-Nicolas-de-Sommaire;3;-0.06
61436;Sainte-Opportune;1;-0.41
61438;Saint-Ouen-de-Sécherouvre;0;-1.86
61439;Saint-Ouen-le-Brisoult;1.6;0.13
61440;Saint-Ouen-sur-Iton;0.6;-0.2
61442;Saint-Patrice-du-Désert;0;2.5
61443;Saint-Paul;1.1;-0.35
61444;Saint-Philbert-sur-Orne;0;0
61445;Saint-Pierre-d'Entremont;0.8;-1
61446;Saint-Pierre-des-Loges;3.5;0.32
61447;Saint-Pierre-du-Regard;1;-1.22
61448;Saint-Pierre-la-Bruyère;0.6;-0.68
61450;Saint-Quentin-de-Blavou;0;1.13
61451;Saint-Quentin-les-Chardonnets;0;-1.64
61452;Saint-Roch-sur-Égrenne;3.3;-2.9
61453;Saint-Sauveur-de-Carrouges;0;-0.41
61454;Sainte-Scolasse-sur-Sarthe;3.5;-1.05
61456;Saint-Sulpice-sur-Risle;3.1;-0.92
61457;Saint-Symphorien-des-Bruyères;1.8;-0.77
61459;Saires-la-Verrerie;0.8;-0.5
61460;Sap-en-Auge;1.5;-0.62
61461;Le Sap-André;3.9;1.4
61462;Sarceaux;1.4;-0.14
61463;Les Monts d'Andaine;0.4;-0.74
61464;Sées;2.1;0
61466;La Selle-la-Forge;1;-0.77
61467;Semallé;1.2;0.09
61472;Sévigny;0.8;-0.05
61473;Sevrai;1.5;1.94
61474;Gouffern en Auge;1.8;-0.45
61475;Soligny-la-Trappe;2.1;-1.31
61476;Suré;2.3;0
61479;Tanques;4.5;0.11
61480;Tanville;0;0.37
61481;Tellières-le-Plessis;0;-1.11
61482;Tessé-Froulay;1.3;-0.69
61483;Bagnoles de l'Orne Normandie;1.2;0.15
61484;Val-au-Perche;1.7;-1.84
61485;Ticheville;1;-1.15
61486;Tinchebray-Bocage;1.1;-0.39
61487;Torchamp;0;0.39
61488;Touquettes;0;-3.17
61490;Tournai-sur-Dive;0;-0.61
61491;Tourouvre au Perche;2.4;-1.04
61492;Trémont;1.8;-0.14
61493;La Trinité-des-Laitiers;3;-2.61
61494;Trun;0.8;-1.19
61497;Valframbert;3.2;-0.38
61498;Vaunoise;3.7;-0.85
61499;Les Ventes-de-Bourse;1.3;-1.62
61500;La Ventrouze;4;0
61501;Verrières;1.2;-0.12
61502;Vidai;0;-4.3
61503;Vieux-Pont;2.3;0
61505;Villedieu-lès-Bailleul;1.3;-0.55
61507;Villiers-sous-Mortagne;0.9;-2.81
61508;Vimoutiers;3.2;-1.97
61510;Vitrai-sous-Laigle;5;-1.34
61512;Les Yveteaux;0;-0.33
62001;Ablain-Saint-Nazaire;1;1.63
62002;Ablainzevelle;2;0.31
62003;Acheville;2;-1.6
62004;Achicourt;11.9;0.47
62005;Achiet-le-Grand;5.4;-0.47
62006;Achiet-le-Petit;5.8;0.66
62007;Acq;2.8;0.82
62008;Acquin-Westbécourt;1.1;-0.31
62009;Adinfer;4.6;1.69
62010;Affringues;0.9;2.03
62011;Agnez-lès-Duisans;4.3;-0.36
62012;Agnières;3.3;0.53
62013;Agny;6.6;-0.6
62014;Aire-sur-la-Lys;2.2;-0.5
62015;Airon-Notre-Dame;0;2.91
62016;Airon-Saint-Vaast;1.1;0.36
62017;Aix-en-Ergny;2.4;1.67
62018;Aix-en-Issart;0.7;0.19
62019;Aix-Noulette;2;0.06
62020;Alembon;0.3;-0.19
62021;Alette;2;-0.61
62022;Alincthun;0.8;-1.89
62023;Allouagne;2.8;-0.59
62024;Alquines;0.5;-0.37
62025;Ambleteuse;3.8;1.74
62026;Ambricourt;1.8;0.57
62027;Ambrines;3.1;-2.84
62028;Ames;2.7;0.41
62029;Amettes;2;-0.73
62030;Amplier;0.8;0
62031;Andres;1.9;-0.38
62032;Angres;3.3;1.02
62033;Annay;2.8;0.93
62034;Annequin;2.7;-0.7
62035;Annezin;4.5;-0.21
62036;Anvin;0.9;-1.28
62037;Anzin-Saint-Aubin;5.7;0.47
62038;Ardres;2.1;-0.13
62039;Arleux-en-Gohelle;2.9;1.75
62040;Arques;3.5;-0.56
62041;Arras;16.5;0.7
62042;Athies;7.4;0.92
62043;Les Attaques;2.6;0.98
62044;Attin;2;2.85
62045;Aubigny-en-Artois;2.9;0.21
62046;Aubin-Saint-Vaast;1.5;-0.73
62047;Aubrometz;0;-1.24
62048;Auchel;5;-0.52
62049;Auchy-au-Bois;0.9;1.88
62050;Auchy-lès-Hesdin;2.7;-0.63
62051;Auchy-les-Mines;6;-0.09
62052;Audembert;6.3;0.51
62053;Audincthun;0.3;0.58
62054;Audinghen;2.7;1.23
62055;Audrehem;0;-1.16
62056;Audresselles;2.6;-1.22
62057;Audruicq;3.1;-0.15
62058;Aumerval;3.9;-0.26
62059;Autingues;0.9;0.23
62060;Auxi-le-Château;1.6;-0.79
62061;Averdoingt;1.3;0.11
62062;Avesnes;0;-0.34
62063;Avesnes-le-Comte;2.7;-1.18
62064;Avesnes-lès-Bapaume;2.7;1.12
62065;Avion;5.1;-0.31
62066;Avondance;0;-3.16
62067;Avroult;1.3;-1.87
62068;Ayette;3.2;0.1
62069;Azincourt;1.5;0.05
62070;Bailleul-aux-Cornailles;0;0.51
62071;Bailleul-lès-Pernes;2.2;-0.83
62072;Bailleulmont;4.8;-2.01
62073;Bailleul-Sir-Berthoult;3.4;0.35
62074;Bailleulval;3.5;-1.1
62075;Baincthun;1.6;0.4
62076;Bainghen;1.1;-1.34
62077;Bajus;1.7;-0.46
62078;Balinghem;2.4;0.47
62079;Bancourt;0;-0.39
62080;Bapaume;3.3;-1.11
62081;Baralle;0;-1.7
62082;Barastre;0.8;0.43
62083;Barlin;4.2;-0.86
62084;Barly;3.2;-1.55
62085;Basseux;2;-0.62
62086;Bavincourt;0.5;1.55
62087;Bayenghem-lès-Éperlecques;2.9;0.1
62088;Bayenghem-lès-Seninghem;0;1.05
62089;Bazinghen;8.6;0.37
62090;Béalencourt;0;0.51
62091;Beaudricourt;0;1.06
62092;Beaufort-Blavincourt;0.5;0.21
62093;Beaulencourt;1;-0.35
62094;Beaumerie-Saint-Martin;0;-0.39
62095;Beaumetz-lès-Aire;0;-0.85
62096;Beaumetz-lès-Cambrai;0.4;-1.5
62097;Beaumetz-lès-Loges;5;0.05
62099;Beaurains;8.4;-0.49
62100;Beaurainville;2.5;-0.57
62101;Beauvois;4.8;-1.32
62102;Bécourt;0.9;0.67
62103;Béhagnies;0;0.14
62104;Bellebrune;2.5;1.95
62105;Belle-et-Houllefort;3.4;-1.07
62106;Bellonne;4.8;-0.23
62107;Bénifontaine;2;-0.86
62108;Berck;2.8;-1.7
62109;Bergueneuse;1.3;-0.15
62111;Berlencourt-le-Cauroy;0.8;-0.48
62112;Berles-au-Bois;2.7;0.73
62113;Berles-Monchel;0.9;-0.1
62114;Bermicourt;1.4;0.51
62115;Berneville;4.3;-0.52
62116;Bernieulles;0;-1.89
62117;Bertincourt;3.2;-0.05
62118;Béthonsart;3.9;-0.11
62119;Béthune;11.3;0.1
62120;Beugin;0.5;-0.28
62121;Beugnâtre;0;1.05
62122;Beugny;0.6;-1.48
62123;Beussent;2.2;-0.03
62124;Beutin;0;-1.21
62125;Beuvrequen;0.9;0.29
62126;Beuvry;5.9;-0.91
62127;Bezinghem;0.6;0.87
62128;Biache-Saint-Vaast;3.3;1.81
62129;Biefvillers-lès-Bapaume;0;0.36
62130;Bienvillers-au-Bois;2.7;0.59
62131;Bihucourt;3.2;-2.33
62132;Billy-Berclau;4.2;1.8
62133;Billy-Montigny;8.3;-0.29
62134;Bimont;0;-1.96
62135;Blairville;2.9;-0.32
62137;Blangerval-Blangermont;4.3;-3.05
62138;Blangy-sur-Ternoise;0;-0.51
62139;Blendecques;2.8;-0.44
62140;Bléquin;1;-1.03
62141;Blessy;0.7;0.72
62142;Blingel;3.2;-0.31
62143;Boffles;5.9;-1.67
62144;Boiry-Becquerelle;3.4;1.48
62145;Boiry-Notre-Dame;3.6;-0.55
62146;Boiry-Saint-Martin;1.6;-1.24
62147;Boiry-Sainte-Rictrude;4;-0.76
62148;Bois-Bernard;3.1;0.12
62149;Boisdinghem;2.4;0.53
62150;Boisjean;1.2;0.1
62151;Boisleux-au-Mont;6.1;0.1
62152;Boisleux-Saint-Marc;1.6;0.13
62153;Bomy;2.9;0.13
62154;Bonnières;1.2;-0.17
62155;Bonningues-lès-Ardres;1.1;-1.16
62156;Bonningues-lès-Calais;3.5;0.69
62157;Boubers-lès-Hesmond;0;-3.56
62158;Boubers-sur-Canche;2.8;-0.43
62160;Boulogne-sur-Mer;8.4;-0.25
62161;Bouquehault;2;0.84
62162;Bourecq;4;-1.14
62163;Bouret-sur-Canche;0;-0.99
62164;Bourlon;2.3;-0.39
62165;Bournonville;0;-1.27
62166;Bours;1.5;-0.72
62167;Boursin;0;-1.31
62168;Bourthes;0.5;-0.29
62169;Bouvelinghem;1.1;3.29
62170;Bouvigny-Boyeffles;2.2;-0.3
62171;Boyaval;0;0.49
62172;Boyelles;2.2;0.42
62173;Brebières;4;1
62174;Brêmes;1.5;0.27
62175;Brévillers;0;-0.21
62176;Bréxent-Énocq;0.3;-1.22
62177;Brimeux;0.8;0.65
62178;Bruay-la-Buissière;5.7;-0.18
62179;Brunembert;0.6;-0.9
62180;Brias;0.7;0.28
62181;Bucquoy;3.2;0.44
62182;Buire-au-Bois;0;0.64
62183;Buire-le-Sec;1.3;-0.73
62184;Buissy;0.7;1.79
62185;Bullecourt;0;-0.85
62186;Bully-les-Mines;3.7;-0.17
62187;Buneville;1.2;-0.09
62188;Burbure;3.7;-0.57
62189;Bus;0;1.17
62190;Busnes;2.9;-0.64
62191;Caffiers;1.8;-0.72
62192;Cagnicourt;1;-0.39
62193;Calais;8.9;-1.72
62194;Calonne-Ricouart;3.3;-0.15
62195;Calonne-sur-la-Lys;1.1;0.14
62196;La Calotterie;0;-1.61
62197;Camblain-Châtelain;3.5;-0.1
62198;Cambligneul;1.3;0.39
62199;Camblain-l'Abbé;4.3;0.73
62200;Cambrin;5.1;0.84
62201;Camiers;3.7;-0.33
62202;Campagne-lès-Boulonnais;1.1;1.62
62203;Campagne-lès-Guines;2.3;-1.23
62204;Campagne-lès-Hesdin;0.6;0.37
62205;Campagne-lès-Wardrecques;2.2;1.02
62206;Campigneulles-les-Grandes;1.5;-0.17
62207;Campigneulles-les-Petites;1.7;-0.68
62208;Canettemont;0;-0.48
62209;Canlers;1.2;0.1
62211;Capelle-Fermont;2.1;0.46
62212;Capelle-lès-Hesdin;1;0.73
62213;Carency;0.9;1.84
62214;Carly;1.8;2.22
62215;Carvin;4.8;0.76
62216;La Cauchie;3.1;0.32
62217;Cauchy-à-la-Tour;3.9;-1.29
62218;Caucourt;1.9;-0.69
62219;Caumont;1.6;-1.64
62220;Cavron-Saint-Martin;0.5;-1.15
62221;Chelers;0.9;-1.43
62222;Chériennes;2.9;1.89
62223;Chérisy;4.1;-0.23
62224;Chocques;5.2;-0.65
62225;Clairmarais;6.6;-1.5
62227;Clenleu;0;-1.04
62228;Clerques;0.8;-0.31
62229;Cléty;1.8;1.11
62230;Colembert;0.7;-0.29
62231;Colline-Beaumont;3.3;-1
62232;La Comté;0.7;-0.35
62233;Conchil-le-Temple;1;-0.67
62234;Conchy-sur-Canche;0;0.69
62235;Condette;2.3;-0.45
62236;Contes;0.6;1.04
62237;Conteville-lès-Boulogne;2.8;2.24
62238;Conteville-en-Ternois;6.7;-2.79
62239;Coquelles;6.6;0.8
62240;Corbehem;3.9;-0.64
62241;Cormont;1.3;-0.94
62242;Couin;2.1;-5.51
62243;Coullemont;0;0.14
62244;Coulogne;4.6;0.25
62245;Coulomby;0.8;0.8
62246;Coupelle-Neuve;3.2;-1.82
62247;Coupelle-Vieille;0;-1.13
62248;Courcelles-le-Comte;3.5;1.01
62249;Courcelles-lès-Lens;4.4;0.82
62250;Courrières;6;-0.67
62251;Courset;0.4;-0.26
62252;La Couture;1.8;-1.22
62253;Couturelle;3.2;2.12
62254;Coyecques;0.4;0.08
62255;Crémarest;1.1;0.42
62256;Crépy;0;0.87
62257;Créquy;0.5;-0.91
62258;Croisette;0.7;0.51
62259;Croisilles;2.8;0.17
62260;Croix-en-Ternois;1.3;0.41
62261;Cucq;2.9;0.15
62262;Cuinchy;6.9;0.37
62263;Dainville;8.2;0.43
62264;Dannes;0.2;-0.16
62265;Delettes;1;-0.4
62266;Denier;2.9;1.91
62267;Dennebrœucq;1.7;0.39
62268;Desvres;2.6;-0.72
62269;Diéval;1;-0.86
62270;Divion;4.3;-0.18
62271;Dohem;1.9;-0.04
62272;Douchy-lès-Ayette;4.6;-0.5
62273;Doudeauville;0.8;0.82
62274;Dourges;7.8;0.67
62275;Douriez;0;-2.42
62276;Douvrin;7.3;1.56
62277;Drocourt;3.8;0.09
62278;Drouvin-le-Marais;4;0.73
62279;Duisans;5.1;1.35
62280;Dury;1.3;-1.93
62281;Echinghen;3.3;-0.69
62282;Éclimeux;0;0.76
62283;Écoivres;2;-0.39
62284;Écourt-Saint-Quentin;2.7;0.24
62285;Écoust-Saint-Mein;1.8;-0.27
62286;Ecquedecques;2.4;0.03
62288;Ecques;1;0.44
62289;Écuires;0.7;-1.23
62290;Écurie;3.5;-0.78
62291;Éleu-dit-Leauwette;4.9;-0.83
62292;Elnes;0.8;-1.63
62293;Embry;2.1;-0.49
62295;Enquin-lez-Guinegatte;0.7;-0.11
62296;Enquin-sur-Baillons;0;-2.33
62297;Éperlecques;2;0.72
62298;Épinoy;0.9;-1.16
62299;Eps;0.9;-0.47
62300;Équihen-Plage;4;-1.06
62301;Équirre;0;1.13
62302;Ergny;0.9;-0.35
62303;Érin;2.9;-0.59
62304;Erny-Saint-Julien;0;0.45
62306;Ervillers;0.6;-0.59
62307;Escalles;1;-1.1
62308;Escœuilles;1.6;-0.1
62309;Esquerdes;0.7;-0.1
62310;Essars;4.7;0.55
62311;Estevelles;3.1;-0.38
62312;Estrée;0;0.4
62313;Estrée-Blanche;1.2;-1.1
62314;Estrée-Cauchy;0.6;-1.09
62315;Estréelles;0.6;-0.66
62316;Estrée-Wamin;1.3;4.33
62317;Étaing;3.4;0.77
62318;Étaples;5.1;-0.52
62319;Éterpigny;0.9;-0.2
62320;Étrun;2.7;0.47
62321;Évin-Malmaison;6.1;0.28
62322;Famechon;0;-1.15
62323;Fampoux;4.7;1.09
62324;Farbus;3.6;2.19
62325;Fauquembergues;2;-0.84
62326;Favreuil;1;0.43
62327;Febvin-Palfart;2;0.44
62328;Ferfay;1.1;-0.88
62329;Ferques;1.8;-0.16
62330;Festubert;2.9;-0.8
62331;Feuchy;5.8;-0.55
62332;Ficheux;4.5;-0.94
62333;Fiefs;1.5;-0.53
62334;Fiennes;2.8;-0.91
62335;Fillièvres;1;0.36
62336;Fléchin;1.7;-0.42
62337;Flers;1.1;-0.75
62338;Fleurbaix;5.2;1.55
62339;Fleury;8.3;-2.97
62340;Floringhem;1.1;-0.41
62341;Foncquevillers;2.1;-1.94
62342;Fontaine-lès-Boulans;0;1.01
62343;Fontaine-lès-Croisilles;3.4;-1.58
62344;Fontaine-lès-Hermans;0;-0.76
62345;Fontaine-l'Étalon;0;-1.67
62346;Fortel-en-Artois;0;0.23
62347;Fosseux;2;-1.74
62348;Foufflin-Ricametz;0;-0.99
62349;Fouquereuil;4.1;0.87
62350;Fouquières-lès-Béthune;3.5;0.57
62351;Fouquières-lès-Lens;4.7;-0.58
62352;Framecourt;2.4;1.53
62353;Frémicourt;0;-0.61
62354;Frencq;0.2;1.4
62355;Fresnes-lès-Montauban;1.5;1.03
62356;Fresnicourt-le-Dolmen;1.9;1.03
62357;Fresnoy;3.4;-0.25
62358;Fresnoy-en-Gohelle;2.8;1.26
62359;Fressin;13.7;0.26
62360;Fréthun;6;1.31
62361;Frévent;7.8;-1.42
62362;Frévillers;3.5;-0.28
62363;Frévin-Capelle;3;0.78
62364;Fruges;2.5;-0.27
62365;Galametz;1.2;0.17
62366;Gauchin-Légal;1.4;-1.17
62367;Gauchin-Verloingt;1.6;-1.32
62368;Gaudiempré;3.5;1.22
62369;Gavrelle;2.6;3.96
62370;Gennes-Ivergny;0;-0.66
62371;Givenchy-en-Gohelle;3.1;0.73
62372;Givenchy-le-Noble;0;0.11
62373;Givenchy-lès-la-Bassée;7.6;-0.37
62374;Gomiécourt;0;-0.11
62375;Gommecourt;2.7;-1.96
62376;Gonnehem;3.6;-0.11
62377;Gosnay;6.7;0
62378;Gouves;1.2;0
62379;Gouy-en-Artois;2.7;0
62380;Gouy-Servins;1.8;0.62
62381;Gouy-en-Ternois;1.4;-1.01
62382;Gouy-Saint-André;0.4;0.57
62383;Gouy-sous-Bellonne;3.8;0.38
62384;Graincourt-lès-Havrincourt;1.1;0.29
62385;Grand-Rullecourt;0.5;-1.73
62386;Grenay;4.9;-0.53
62387;Grévillers;1.3;-0.51
62388;Grigny;0.9;-0.17
62389;Grincourt-lès-Pas;8.3;0.57
62390;Groffliers;0.7;-0.16
62391;Guarbecque;3.6;-0.7
62392;Guémappe;3.6;3.12
62393;Guemps;1.6;-0.08
62395;Guigny;0;-0.79
62396;Guinecourt;0;-4.1
62397;Guînes;3.1;-0.44
62398;Guisy;0;0.31
62399;Habarcq;3.4;-0.69
62400;Haillicourt;4;0.11
62401;Haisnes;7.3;0.29
62402;Halinghen;0.8;-1.14
62403;Hallines;1.7;-0.06
62404;Halloy;0;-2.27
62405;Hamblain-les-Prés;2.2;-1.58
62406;Hamelincourt;2;0.39
62407;Ham-en-Artois;1.8;-1.05
62408;Hames-Boucres;4.1;-0.54
62409;Hannescamps;0;0.17
62410;Haplincourt;3.4;0.44
62411;Haravesnes;0;0.66
62412;Hardinghen;2.4;0.53
62413;Harnes;4;-0.35
62414;Haucourt;10;-3.28
62415;Haute-Avesnes;5.9;0.44
62416;Hautecloque;1.1;-0.31
62418;Hauteville;0.8;-0.64
62419;Haut-Loquin;0;-0.27
62421;Havrincourt;1.2;-1.92
62422;Hébuterne;1.7;-0.06
62423;Helfaut;1.6;0.58
62424;Hendecourt-lès-Cagnicourt;4.6;-0.92
62425;Hendecourt-lès-Ransart;2.9;0.97
62426;Héninel;0;0.63
62427;Hénin-Beaumont;8.9;-0.09
62428;Hénin-sur-Cojeul;2.7;-0.13
62429;Henneveux;1.5;-1.55
62430;Hénu;3;-1.57
62432;Herbinghen;0;2.35
62433;Héricourt;0;-3.2
62434;La Herlière;0;-1.4
62435;Herlincourt;2.2;0
62436;Herlin-le-Sec;0;-1.57
62437;Herly;0;-0.1
62438;Hermaville;1.3;-0.43
62439;Hermelinghen;2.1;0.04
62440;Hermies;1.1;-1.58
62441;Hermin;1.9;-0.4
62442;Hernicourt;0.9;-1.42
62443;Hersin-Coupigny;1.8;-0.37
62444;Hervelinghen;5.1;-1.02
62445;Hesdigneul-lès-Béthune;5.2;0.36
62446;Hesdigneul-lès-Boulogne;2.1;3.81
62447;Hesdin-la-Forêt;3.2;-0.46
62448;Hesdin-l'Abbé;1.1;-0.02
62449;Hesmond;2.2;-0.69
62450;Hestrus;1.1;-1.58
62451;Heuchin;1.5;-1.93
62452;Heuringhem;2.4;0.74
62453;Hézecques;0;0.95
62454;Hinges;3.6;-0.19
62455;Hocquinghen;2;0.59
62456;Houchin;4.1;0.67
62457;Houdain;2.7;-0.8
62458;Houlle;2.8;0.36
62459;Houvin-Houvigneul;1;1.14
62460;Hubersent;0;0.06
62462;Huclier;0;2.58
62463;Hucqueliers;0.6;0.8
62464;Hulluch;4;-0.25
62465;Humbercamps;0;0
62466;Humbert;0.9;1.18
62467;Humerœuille;0;0.47
62468;Humières;2.4;-2.09
62469;Inchy-en-Artois;1.6;-1.27
62470;Incourt;0;1.16
62471;Bellinghem;1.1;0.03
62472;Inxent;3.3;-0.62
62473;Isbergues;3.3;-0.55
62474;Isques;2.7;-0.12
62475;Ivergny;0.9;-1.33
62476;Izel-lès-Équerchin;1.9;1.04
62477;Izel-lès-Hameau;2.1;0.6
62478;Journy;0.8;1.31
62479;Labeuvrière;4.3;-0.14
62480;Labourse;3.9;0.63
62481;Labroye;0;-2.84
62483;Lacres;0;-0.13
62484;Lagnicourt-Marcel;2.7;-1.34
62485;Laires;0.6;0.23
62486;Lambres;1.2;0.13
62487;Landrethun-le-Nord;2.9;-0.75
62488;Landrethun-lès-Ardres;1.2;0.98
62489;Lapugnoy;4.6;0.23
62490;Lattre-Saint-Quentin;1.9;3.09
62491;Laventie;3.2;0.06
62492;Lebiez;2.1;-1.17
62493;Lebucquière;1.9;-0.35
62494;Léchelle;0;-1.74
62495;Ledinghem;0.8;-0.92
62496;Lefaux;1.1;-1.29
62497;Leforest;7.6;0.02
62498;Lens;8.9;1.06
62499;Lépine;1.6;1.39
62500;Lespesses;3.4;-0.12
62501;Lespinoy;0;1.52
62502;Lestrem;1.8;1.96
62503;Leubringhen;1.3;0.06
62504;Leulinghem;2.8;0.98
62505;Leulinghen-Bernes;2.7;3.79
62506;Licques;1;0.26
62507;Liencourt;2.1;1.03
62508;Lières;1.9;-1.92
62509;Liettres;1.7;2.2
62510;Liévin;4.3;-0.45
62511;Lignereuil;4.8;0.48
62512;Ligny-lès-Aire;2.3;-1.38
62513;Ligny-sur-Canche;1.6;0
62514;Ligny-Saint-Flochel;3.9;-1.96
62515;Ligny-Thilloy;0.9;-0.78
62516;Lillers;5.1;0.23
62517;Linghem;0;-0.4
62518;Linzeux;1.5;1.64
62519;Lisbourg;0.4;0.08
62520;Locon;4;-0.47
62521;La Loge;0;1.96
62522;Loison-sur-Créquoise;2.8;0.19
62523;Loison-sous-Lens;3.7;-0.67
62524;Longfossé;1.6;0.8
62525;Longuenesse;4.3;-0.72
62526;Longueville;0;1.43
62527;Longvilliers;0;0.33
62528;Loos-en-Gohelle;4.2;0.5
62529;Lorgies;4.9;0.47
62530;Lottinghen;0.4;-0.24
62531;Louches;1.2;-0.05
62532;Lozinghem;1.9;-0.13
62533;Lugy;0;-1.05
62534;Lumbres;1.8;-0.49
62535;La Madelaine-sous-Montreuil;1.3;-1.6
62536;Magnicourt-en-Comte;0.7;0.21
62537;Magnicourt-sur-Canche;2.2;-1.91
62538;Maintenay;0;1.51
62539;Maisnil;1.7;0.87
62540;Maisnil-lès-Ruitz;2.9;0.3
62541;Maisoncelle;0;-0.8
62542;Maizières;0;1.46
62543;Mametz;1.8;-0.05
62544;Manin;1.3;-0.63
62545;Maninghem;0;-0.11
62546;Maninghen-Henne;1.2;0.31
62547;Marant;3.6;-0.93
62548;Marck;4.5;-0.46
62550;Marconnelle;2.8;-1.06
62551;Marenla;0;1.12
62552;Maresquel-Ecquemicourt;1.1;1.46
62553;Marest;2.3;-0.47
62554;Maresville;0;-1.19
62555;Marles-les-Mines;4.3;-0.54
62556;Marles-sur-Canche;0;0.88
62557;Marœuil;5.6;-0.32
62558;Marquay;0;-0.84
62559;Marquion;3.1;0.59
62560;Marquise;3.5;0.19
62561;Martinpuich;3.9;-1.67
62562;Matringhem;0;-1.54
62563;Mazingarbe;2.6;0.32
62564;Mazinghem;1.8;-0.68
62565;Mencas;0;-0.67
62566;Menneville;1;-1.53
62567;Mentque-Nortbécourt;1;-0.13
62568;Mercatel;3.8;1.22
62569;Merck-Saint-Liévin;0.3;0.25
62570;Méricourt;5.3;-0.05
62571;Merlimont;1.3;0.24
62572;Metz-en-Couture;1.1;-2
62573;Meurchin;6.2;-0.4
62574;Mingoval;2.9;0.07
62576;Moncheaux-lès-Frévent;4.8;0.88
62577;Monchel-sur-Canche;0;-3.43
62578;Monchiet;1.8;1.17
62579;Monchy-au-Bois;3;-0.24
62580;Monchy-Breton;0;2.44
62581;Monchy-Cayeux;4.7;-0.95
62582;Monchy-le-Preux;3.5;-0.84
62583;Mondicourt;2.1;-0.81
62584;Mont-Bernanchon;2.7;-0.55
62585;Montcavrel;2.4;-1.27
62586;Montenescourt;4.2;-0.48
62587;Montigny-en-Gohelle;6.1;-0.87
62588;Montreuil-sur-Mer;2.7;-1.44
62589;Mont-Saint-Éloi;3.8;-0.08
62590;Monts-en-Ternois;0;0
62591;Morchies;0;0.32
62592;Moringhem;2.4;0.15
62593;Morval;3.1;-1.46
62594;Mory;2.1;-0.7
62595;Moulle;2.2;0.82
62596;Mouriez;0;-0.82
62597;Moyenneville;1.6;1.39
62598;Muncq-Nieurlet;0.9;-0.85
62599;Nabringhen;0;2.07
62600;Nédon;0;0.22
62601;Nédonchel;1.3;5.83
62602;Nempont-Saint-Firmin;0;0.6
62603;Nesles;2;2.1
62604;Neufchâtel-Hardelot;3.5;1.06
62605;Neulette;0;-3.94
62606;Neuve-Chapelle;3.2;-0.41
62607;Neuville-au-Cornet;0;-2.23
62608;Neuville-Bourjonval;0;0.1
62609;Neuville-Saint-Vaast;3;1.22
62610;Neuville-sous-Montreuil;2.9;-0.57
62611;Neuville-Vitasse;1.7;-0.8
62612;Neuvireuil;1.1;0.84
62613;Nielles-lès-Bléquin;0.6;1.68
62614;Nielles-lès-Ardres;1.9;1.19
62615;Nielles-lès-Calais;1.5;0.18
62616;Nœux-lès-Auxi;0;0.55
62617;Nœux-les-Mines;4.5;-0.89
62618;Nordausques;1.2;0.77
62619;Noreuil;0;-2.83
62620;Norrent-Fontes;1.4;-0.45
62621;Nortkerque;2.2;1.3
62622;Nort-Leulinghem;0.8;3.58
62623;Nouvelle-Église;1.1;1.46
62624;Noyelles-Godault;6.2;0.08
62625;Noyelles-lès-Humières;4.2;1.54
62626;Noyelles-lès-Vermelles;2.9;-0.91
62627;Noyelles-sous-Bellonne;2.4;0.7
62628;Noyelles-sous-Lens;4;0.25
62629;Noyellette;3;-1.71
62630;Noyelle-Vion;0.8;-1.24
62631;Nuncq-Hautecôte;3;0.11
62632;Oblinghem;7.1;0.53
62633;Œuf-en-Ternois;0;0.13
62634;Offekerque;1.5;1.76
62635;Offin;0;-0.64
62636;Offrethun;7;0.37
62637;Oignies;6.6;0.95
62638;Oisy-le-Verger;2.2;-0.42
62639;Oppy;4.4;-1.18
62640;Orville;5.2;-2.32
62641;Ostreville;0.9;-2.74
62642;Ourton;1.1;-1.02
62643;Outreau;4.5;-0.38
62644;Ouve-Wirquin;2.2;-0.43
62645;Oye-Plage;3.6;1.4
62646;Palluel;1.7;-0.29
62647;Le Parcq;0.9;-1.62
62648;Parenty;0.8;0.78
62649;Pas-en-Artois;1;-0.28
62650;Pelves;4.4;1.07
62651;Penin;0.9;-0.21
62652;Pernes;1.4;-0.55
62653;Pernes-lès-Boulogne;3.1;-0.58
62654;Peuplingues;3.2;0.3
62655;Pierremont;0.6;2.39
62656;Pihem;0.9;-0.51
62657;Pihen-lès-Guînes;5.2;1.42
62658;Pittefaux;2.2;-1.38
62659;Planques;0;3.83
62660;Plouvain;1.9;0.15
62661;Bouin-Plumoison;0.5;0.6
62662;Polincove;2.7;0.84
62663;Pommera;0;-0.16
62664;Pommier;0.9;0.56
62665;Le Ponchel;1.1;0.73
62666;Pont-à-Vendin;4.3;-0.41
62667;Le Portel;7.2;-0.8
62668;Prédefin;1;1.22
62669;Pressy;0.8;-0.87
62670;Preures;0.4;0.57
62671;Pronville-en-Artois;3.2;-0.84
62672;Puisieux;0.4;-0.15
62673;Quéant;1.3;-0.62
62674;Quelmes;1.6;-1.16
62675;Quercamps;0;1.41
62676;Quernes;0;-1.33
62677;Le Quesnoy-en-Artois;0;-1.23
62678;Quesques;0;1.33
62679;Questrecques;0.6;1.15
62680;Quiéry-la-Motte;1.3;-0.53
62681;Quiestède;1;1.22
62682;Quilen;0;1.92
62683;Quœux-Haut-Maînil;0;-2.74
62684;Racquinghem;2.5;-0.73
62685;Radinghem;0;-0.99
62686;Ramecourt;2.6;-1.05
62688;Rang-du-Fliers;2.3;0.88
62689;Ransart;2.2;-0.45
62690;Raye-sur-Authie;1.4;-1.33
62691;Saint-Augustin;1.5;1.25
62692;Rebergues;1.3;0.78
62693;Rebreuve-Ranchicourt;1.2;-0.12
62694;Rebreuve-sur-Canche;0;-0.78
62695;Rebreuviette;0;-1.14
62696;Reclinghem;0;-0.83
62697;Récourt;2.1;5.33
62698;Recques-sur-Course;1.6;-0.96
62699;Recques-sur-Hem;1.3;1.27
62700;Regnauville;2.2;-0.16
62701;Rely;1.1;0.15
62702;Remilly-Wirquin;0.6;0.81
62703;Rémy;3;0.13
62704;Renty;3.3;-1.53
62705;Rety;2.9;-0.32
62706;Richebourg;2;0.3
62708;Riencourt-lès-Bapaume;0;-2.39
62709;Riencourt-lès-Cagnicourt;3;-1.16
62710;Rimboval;0;4.54
62711;Rinxent;3;0.2
62712;Rivière;6.6;0
62713;Robecq;2.8;-0.59
62714;Roclincourt;3.8;0.32
62715;Rocquigny;1.8;-0.66
62716;Rodelinghem;1.2;0.49
62717;Roëllecourt;0.9;-0.78
62718;Rœux;5.7;-0.81
62719;Rollancourt;3.8;-2.1
62720;Rombly;4.3;0
62721;Roquetoire;1.3;0.16
62722;Rougefay;5.4;0.97
62723;Roussent;1;0.48
62724;Rouvroy;5.2;-0.04
62725;Royon;0;-0.77
62726;Ruisseauville;2.2;0.82
62727;Ruitz;1.9;-1.16
62728;Rumaucourt;2.3;0.22
62729;Rumilly;0.9;-0.61
62730;Ruminghem;1.6;-0.54
62731;Ruyaulcourt;0.8;-1.02
62732;Sachin;1.6;-1.2
62733;Sailly-au-Bois;0;-1.12
62734;Sailly-en-Ostrevent;4.2;-1.43
62735;Sailly-Labourse;4.3;1.67
62736;Sailly-sur-la-Lys;5.4;-0.36
62737;Sains-en-Gohelle;5.3;-0.66
62738;Sains-lès-Fressin;1.6;-1.36
62739;Sains-lès-Marquion;1.3;-0.05
62740;Sains-lès-Pernes;1.4;1.14
62741;Saint-Amand;3.2;-0.68
62742;Saint-Aubin;0;0.99
62744;Sainte-Catherine;8.4;0.16
62745;Saint-Denœux;0;1.01
62746;Saint-Étienne-au-Mont;3.9;-0.11
62747;Saint-Floris;1;1.42
62748;Saint-Folquin;1.8;0.87
62749;Saint-Georges;2.9;0
62750;Saint-Hilaire-Cottes;1.6;0.29
62751;Saint-Inglevert;5;0.97
62752;Saint-Josse;2.2;-1.4
62753;Saint-Laurent-Blangy;10.2;-0.42
62754;Saint-Léger;3.9;3.09
62755;Saint-Léonard;3.3;-0.79
62756;Sainte-Marie-Kerque;1;0.75
62757;Saint-Martin-lez-Tatinghem;3.3;-0.1
62758;Saint-Martin-Boulogne;4.7;-0.42
62759;Saint-Martin-Choquel;0.5;-1.05
62760;Saint-Martin-d'Hardinghem;2;-1.02
62761;Saint-Martin-sur-Cojeul;2;0.31
62762;Saint-Michel-sous-Bois;1.5;1.35
62763;Saint-Michel-sur-Ternoise;1.6;-0.89
62764;Saint-Nicolas;9.7;-0.92
62765;Saint-Omer;8.4;-0.1
62766;Saint-Omer-Capelle;1.8;0.23
62767;Saint-Pol-sur-Ternoise;4.5;-0.82
62768;Saint-Rémy-au-Bois;0;0.98
62769;Saint-Tricat;5.7;0.28
62770;Saint-Venant;2.3;0.16
62771;Sallaumines;8.4;-0.28
62772;Salperwick;3.6;0.76
62773;Samer;1.5;1.5
62774;Sangatte;5.7;-0.12
62775;Sanghen;0.6;0.36
62776;Sapignies;2.1;-0.17
62777;Le Sars;0;-2.27
62778;Sars-le-Bois;0;-1.02
62779;Sarton;3.3;0.45
62780;Sauchy-Cauchy;4.5;0.72
62781;Sauchy-Lestrée;2.9;-0.3
62782;Saudemont;1.8;-1.25
62783;Saulchoy;3.1;0.37
62784;Saulty;2.4;0.02
62785;Savy-Berlette;3.7;-0.36
62786;Selles;0.7;-1.51
62787;Sempy;0.7;-0.15
62788;Seninghem;0.3;-1.19
62789;Senlecques;0;-0.7
62790;Senlis;1.5;-0.21
62791;Séricourt;0;-2.93
62792;Serques;2.1;0.45
62793;Servins;3.4;0.92
62794;Setques;2.1;-0.39
62795;Sibiville;2.2;0.59
62796;Simencourt;3.8;0.3
62797;Siracourt;0;0.6
62798;Sombrin;2.1;-2.51
62799;Sorrus;0.7;2.67
62800;Souastre;1.8;0.04
62801;Souchez;3.3;1
62802;Le Souich;1.3;3.7
62803;Surques;0.3;-0.37
62804;Sus-Saint-Léger;0.7;-0.54
62805;Tangry;0.7;1.39
62806;Tardinghen;5.3;0
62808;Teneur;0;0
62809;Ternas;0;-0.5
62810;Thélus;2.8;1.26
62811;Thérouanne;0.6;-0.1
62812;Thiembronne;0;-0.5
62813;La Thieuloye;1.7;-0.79
62814;Thièvres;0;-5.96
62815;Tigny-Noyelle;5.9;-0.49
62816;Tilloy-lès-Hermaville;1;-0.6
62817;Tilloy-lès-Mofflaines;9;1.41
62818;Tilly-Capelle;3.3;-0.63
62819;Tilques;3.2;-0.67
62820;Tincques;1.7;-0.49
62821;Tingry;2.8;0.35
62822;Tollent;0;-0.94
62823;Torcy;0;1.21
62824;Tortefontaine;1.2;0.44
62825;Tortequesne;2.8;1.49
62826;Le Touquet-Paris-Plage;4.1;-0.08
62827;Tournehem-sur-la-Hem;1.2;-1.19
62828;Tramecourt;0;-1.44
62829;Le Transloy;1.5;0.97
62830;Trescault;0;1.16
62831;Troisvaux;1.5;1.08
62832;Tubersent;0.8;2.45
62833;Vacquerie-le-Boucq;4.2;-3.92
62834;Vacqueriette-Erquières;0.7;-0.53
62835;Valhuon;1.2;-0.98
62836;Vaudricourt;4.3;3.03
62837;Vaudringhem;0;-1.82
62838;Vaulx;4.8;0.92
62839;Vaulx-Vraucourt;0.9;1.16
62840;Vélu;0;-0.75
62841;Vendin-lès-Béthune;6.2;-0.34
62842;Vendin-le-Vieil;3.9;-0.17
62843;Verchin;0;-0.7
62844;Verchocq;0.3;-0.46
62845;Verlincthun;0.9;2.59
62846;Vermelles;3.1;0.04
62847;Verquigneul;6.9;1.09
62848;Verquin;5.3;0.13
62849;Verton;1.7;1.01
62850;Vieil-Hesdin;1.4;-1.08
62851;Vieille-Chapelle;2.1;2.16
62852;Vieille-Église;1.9;1.28
62853;Vieil-Moutier;0.6;-0.17
62854;Villers-au-Bois;1.4;1.41
62855;Villers-au-Flos;1;-1.5
62856;Villers-Brûlin;0.6;0.27
62857;Villers-Châtel;1.5;-1.61
62858;Villers-lès-Cagnicourt;0.9;-0.83
62859;Villers-l'Hôpital;0;-0.32
62860;Villers-Sir-Simon;0;2.54
62861;Vimy;3.8;0
62862;Vincly;0;-0.55
62863;Violaines;8;1.05
62864;Vis-en-Artois;2.6;-0.44
62865;Vitry-en-Artois;3.3;0.73
62866;Waben;0.5;0.38
62867;Wacquinghen;0.7;0.19
62868;Wail;1;-1.02
62869;Wailly;5.9;-0.47
62870;Wailly-Beaucamp;1.2;0.77
62871;Wambercourt;0;0.93
62872;Wamin;0.9;0.28
62873;Wancourt;3.2;-0.85
62874;Wanquetin;2.6;0.39
62875;Wardrecques;1.6;0.09
62876;Warlencourt-Eaucourt;1.6;-1.2
62877;Warlincourt-lès-Pas;1.2;-1.98
62878;Warlus;2.3;0.13
62879;Warluzel;2.3;-1.19
62880;Le Wast;0;-0.4
62881;Beauvoir-Wavans;1.4;-0.85
62882;Wavrans-sur-l'Aa;0.6;-1
62883;Wavrans-sur-Ternoise;0;-0.25
62885;Westrehem;2.6;0.62
62886;Wicquinghem;0.8;1.23
62887;Widehem;0.8;0.14
62888;Wierre-au-Bois;1;0.22
62889;Wierre-Effroy;2.4;0.32
62890;Willeman;2.6;0
62891;Willencourt;0;0.24
62892;Willerval;2.8;0.31
62893;Wimereux;7;-1.23
62894;Wimille;4.6;-1.05
62895;Wingles;3.5;-0.08
62896;Wirwignes;0.8;-0.13
62897;Wismes;1.5;0.68
62898;Wisques;2.8;-0.44
62899;Wissant;4.7;-2.42
62900;Witternesse;0.4;0.92
62901;Wittes;2.3;0.84
62902;Wizernes;2.9;0.11
62903;Zoteux;0.4;-0.39
62904;Zouafques;0.7;-0.96
62905;Zudausques;1.5;2.97
62906;Zutkerque;2.3;0.5
62907;Libercourt;10.6;-0.71
62908;La Capelle-lès-Boulogne;4.5;-0.35
62909;Ytres;1.7;-0.27
63001;Aigueperse;3.6;-0.12
63002;Aix-la-Fayette;0;1.41
63003;Ambert;2.8;-0.38
63004;Les Ancizes-Comps;0.5;1.49
63005;Antoingt;3.8;1
63006;Anzat-le-Luguet;0;-0.66
63007;Apchat;0;-0.72
63008;Arconsat;0.4;-1.03
63009;Ardes;0.5;1.81
63010;Arlanc;1.6;-1.39
63011;Ars-les-Favets;0;-0.3
63012;Artonne;2.6;0.61
63013;Aubiat;1.4;2.42
63014;Aubière;12.9;0.14
63015;Aubusson-d'Auvergne;4.4;-2.79
63016;Augerolles;1.2;-0.57
63017;Augnat;4.4;3.44
63019;Aulnat;9;0.41
63020;Aurières;1.1;3.13
63021;Authezat;1.8;-0.3
63022;Auzat-la-Combelle;4.5;-1.25
63023;Auzelles;0.5;1.54
63024;Avèze;1.6;-2.14
63025;Ayat-sur-Sioule;2;-1.53
63026;Aydat;0.6;1.45
63027;Baffie;0;-0.3
63028;Bagnols;0;-1.49
63029;Bansat;0;0.78
63030;Bas-et-Lezat;1.6;1
63031;Beaulieu;2.8;1.17
63032;Beaumont;9.6;-0.29
63033;Beaumont-lès-Randan;2;1.45
63034;Beauregard-l'Évêque;3.3;1.22
63035;Beauregard-Vendon;1.1;2.04
63036;Bergonne;1.5;-1.64
63037;Bertignat;1.4;0.58
63038;Besse-et-Saint-Anastaise;1.8;-0.65
63039;Beurières;0.8;0.49
63040;Billom;3.1;0.33
63041;Biollet;2.7;-0.87
63042;Blanzat;4.1;-0.03
63043;Blot-l'Église;0.5;1.51
63044;Bongheat;1.2;0.76
63045;Bort-l'Étang;2.5;1.79
63046;Boudes;0.8;-1.51
63047;La Bourboule;1.6;-0.41
63048;Bourg-Lastic;0.9;-0.08
63049;Bouzel;3.4;-0.16
63050;Brassac-les-Mines;4;0.37
63051;Brenat;5;0.32
63052;Le Breuil-sur-Couze;4.7;-0.35
63053;Briffons;0;-0.37
63054;Le Broc;1.9;-1.16
63055;Bromont-Lamothe;0.9;0.71
63056;Brousse;2;0.76
63057;Le Brugeron;1.9;-0.34
63058;Bulhon;1.3;1.68
63059;Busséol;1;0.15
63060;Bussières;0;2.36
63061;Bussières-et-Pruns;1.8;2.37
63062;Buxières-sous-Montaigut;1.9;0.28
63063;Cébazat;7.9;1.31
63064;La Celle;0;-1.2
63065;Ceilloux;1.4;-0.38
63066;Celles-sur-Durolle;1.5;-1.05
63067;La Cellette;0;-0.3
63069;Le Cendre;5.8;0.39
63070;Ceyrat;6.2;0.46
63071;Ceyssat;0.8;0.05
63072;Chabreloche;0.5;-0.87
63073;Chadeleuf;3.3;0.16
63074;Chalus;1.4;0.47
63075;Chamalières;10.7;0.3
63076;Chambon-sur-Dolore;5.4;-2.16
63077;Chambon-sur-Lac;0.5;-0.12
63079;Champagnat-le-Jeune;2;0.11
63080;Champeix;2;0.96
63081;Champétières;0;0.79
63082;Champs;0.9;1.03
63083;Chanat-la-Mouteyre;1.4;0.02
63084;Chanonat;1;0.43
63085;Chapdes-Beaufort;0;0.91
63086;La Chapelle-Agnon;1.5;-0.28
63087;La Chapelle-Marcousse;0;0.26
63088;La Chapelle-sur-Usson;2.8;3.99
63089;Chappes;1.1;-0.59
63090;Chaptuzat;3.9;-0.03
63091;Charbonnier-les-Mines;3.1;0.75
63092;Charbonnières-les-Varennes;1;2.02
63093;Charbonnières-les-Vieilles;1;1.23
63094;Charensat;1.8;-1.15
63095;Charnat;1;-0.56
63096;Chas;2.2;-0.22
63097;Chassagne;0;2.71
63098;Chastreix;1.9;0.51
63099;Châteaugay;3.8;-0.19
63100;Châteauneuf-les-Bains;0.9;0.16
63101;Château-sur-Cher;0;-2.29
63102;Châteldon;2.6;-0.5
63103;Châtel-Guyon;3.1;0.37
63104;La Chaulme;0;-0.14
63105;Chaumont-le-Bourg;2;0.07
63106;Chauriat;4.1;1.1
63107;Chavaroux;0.4;2.05
63108;Le Cheix-sur-Morge;2.5;1.21
63109;Les Deux-Rives;0.3;-0.37
63110;Cisternes-la-Forêt;1;-0.58
63111;Clémensat;1.7;0.56
63112;Clerlande;2.5;2.25
63113;Clermont-Ferrand;17.5;0.58
63114;Collanges;0;-0.11
63115;Combrailles;0;-0.31
63116;Combronde;0.9;-0.31
63117;Compains;0;0.27
63118;Condat-en-Combraille;0.5;-0.71
63119;Condat-lès-Montboissier;1.1;0.37
63120;Corent;4.9;1.22
63121;Coudes;3.6;0.13
63122;Courgoul;3.8;-2.27
63123;Cournols;0.9;-0.64
63124;Cournon-d'Auvergne;6.5;-0.09
63125;Courpière;1.7;-0.13
63126;Le Crest;1;0.39
63128;Crevant-Laveine;0.7;-0.09
63129;Cros;1.4;-1.25
63130;La Crouzille;0;-0.57
63131;Culhat;0.6;-0.47
63132;Cunlhat;1.7;0.66
63134;Dauzat-sur-Vodable;0;-4.08
63135;Davayat;3.5;1.15
63136;Domaize;2.5;-0.52
63137;Doranges;0;2.31
63138;Dorat;2;0.26
63139;Dore-l'Église;1.2;1.12
63140;Durmignat;1.4;1.22
63141;Durtol;8.2;-0.35
63142;Échandelys;2.1;-0.72
63143;Effiat;3.6;0.21
63144;Égliseneuve-d'Entraigues;0;-1.45
63145;Égliseneuve-des-Liards;3.2;2.31
63146;Égliseneuve-près-Billom;3.9;1.81
63147;Églisolles;0;2.85
63148;Ennezat;2.3;1.13
63149;Entraigues;1.4;1.87
63150;Enval;2.4;1.21
63151;Escoutoux;1.6;-0.05
63152;Espinasse;0;-0.93
63153;Espinchal;0;-5.58
63154;Espirat;2.4;0.99
63155;Estandeuil;0;2.04
63156;Esteil;0;-2.24
63157;Fayet-le-Château;2.8;1.38
63158;Fayet-Ronaye;0;0.16
63159;Fernoël;2.5;0.75
63160;Aulhat-Flat;1.6;0.54
63161;La Forie;1.5;-0.31
63162;Fournols;0;-0.26
63163;Gelles;0;-0.6
63164;Gerzat;6.5;-0.43
63165;Giat;0.4;-0.72
63166;Gignat;0.8;0.88
63167;Gimeaux;0;-0.55
63168;Glaine-Montaigut;3;0.98
63169;La Godivelle;0;4.57
63170;La Goutelle;0;-0.19
63171;Gouttières;0.9;-2.1
63172;Grandeyrolles;0;0
63173;Grandrif;1.4;2.12
63174;Grandval;0;0.72
63175;Herment;4.5;0
63176;Heume-l'Église;0;0.91
63177;Isserteaux;0.5;0.24
63178;Issoire;4.5;0.47
63179;Job;3;-0.33
63180;Joze;1.6;1
63181;Jozerand;1.1;0.27
63182;Jumeaux;3;-2.11
63183;Labessette;5.9;0.27
63184;Lachaux;0;-0.24
63185;Lamontgie;0.3;-0.15
63186;Landogne;1.1;-1.01
63187;Lapeyrouse;1.9;-1.53
63188;Laps;4.9;0.03
63189;Laqueuille;0.6;-0.7
63190;Larodde;2;1.2
63191;Lastic;0;-1.59
63192;La Tour-d'Auvergne;0;-0.34
63193;Lempdes;3.2;0.67
63194;Lempty;2;0.67
63195;Lezoux;3.1;1.09
63196;Limons;0.3;-0.23
63197;Lisseuil;0;-1.47
63198;Loubeyrat;0.7;1.65
63199;Ludesse;0.4;0.34
63200;Lussat;1.7;0.45
63201;Luzillat;0.8;0.69
63202;Madriat;0;3.92
63203;Malauzat;1.6;0.33
63204;Malintrat;0.9;0.01
63205;Manglieu;1.8;0.36
63206;Manzat;0.3;0.58
63207;Marat;1;-0.37
63208;Marcillat;0.7;3.39
63209;Mareugheol;3.4;2.75
63210;Maringues;0.5;0.12
63211;Marsac-en-Livradois;2;-0.78
63212;Marsat;4.8;1.58
63213;Les Martres-d'Artière;1.7;0.45
63214;Les Martres-de-Veyre;6.7;-0.73
63215;Martres-sur-Morge;0.3;1.56
63216;Mauzun;2.5;2.62
63218;Mayres;1.3;0.17
63219;Mazaye;0.3;-0.44
63220;Mazoires;2.4;-0.69
63221;Medeyrolles;0;0
63222;Meilhaud;0.5;-0.66
63223;Menat;1.5;-0.33
63224;Ménétrol;5;0.1
63225;Messeix;1.3;-0.62
63226;Mur-sur-Allier;1.3;-1.53
63227;Mirefleurs;4.6;-0.74
63228;Miremont;1.5;-0.28
63229;Moissat;2.6;0.38
63230;Le Monestier;3;2.42
63231;La Monnerie-le-Montel;1.1;-1.14
63232;Mons;1.2;0.67
63233;Montaigut-en-Combraille;0.3;-0.17
63234;Montaigut-le-Blanc;1.8;1.19
63235;Montcel;0.4;2.32
63236;Mont-Dore;0.6;-1.36
63237;Montel-de-Gelat;1.2;-1
63238;Montfermy;0.9;-0.07
63239;Montmorin;0.6;0.11
63240;Montpensier;0.9;0.81
63241;Montpeyroux;3.9;-0.8
63242;Moriat;4.3;0.93
63243;Moureuille;1.4;1.4
63244;Chambaron sur Morge;2.5;0.63
63245;Mozac;4.9;-0.04
63246;Murat-le-Quaire;0;0.35
63247;Murol;0.6;2.23
63248;Nébouzat;0.2;0.61
63249;Néronde-sur-Dore;4;-0.67
63250;Neschers;0.3;1.13
63251;Neuf-Église;0;1.42
63252;Neuville;1;-0.22
63253;Noalhat;1.5;-1.11
63254;Nohanent;4.4;0.13
63255;Nonette-Orsonnette;4.9;1.57
63256;Novacelles;3;1.37
63257;Olby;0;1.72
63258;Olliergues;0.7;-0.34
63259;Olloix;0.6;0.47
63260;Olmet;1.3;1.77
63261;Orbeil;4.9;0.82
63262;Orcet;2.6;1.4
63263;Orcines;1.8;1.06
63264;Orcival;1;0.21
63265;Orléat;1.5;0.74
63267;Palladuc;0.9;-0.96
63268;Pardines;2.4;1.83
63269;Parent;6.6;0.93
63270;Parentignat;4.3;-1.39
63271;Paslières;0.7;-0.42
63272;Pérignat-lès-Sarliève;2.2;1.21
63273;Pérignat-sur-Allier;1.9;-0.27
63274;Perpezat;0;-0.2
63275;Perrier;1;0.35
63276;Peschadoires;2.6;-0.13
63277;Peslières;0;-3.53
63278;Pessat-Villeneuve;4;2.12
63279;Picherande;0;-2.29
63280;Pignols;3.6;0.3
63281;Pionsat;5.1;-0.9
63282;Plauzat;0.7;0.42
63283;Pontaumur;0.9;0
63284;Pont-du-Château;4;1.75
63285;Pontgibaud;1.4;-0.9
63286;Pouzol;0;-0.37
63287;Les Pradeaux;0;1.07
63288;Prompsat;1.4;2.23
63289;Prondines;0;0.95
63290;Pulvérières;0.6;0.12
63291;Puy-Guillaume;1.2;-0.61
63292;Puy-Saint-Gulmier;0;-2.02
63293;Le Quartier;0;0.23
63294;Queuille;0;0.73
63295;Randan;1;0.53
63296;Ravel;3.9;1.34
63297;Reignat;2.6;-0.13
63298;La Renaudie;1.8;1.47
63299;Rentières;0;-2.26
63300;Riom;6.5;-0.31
63301;Ris;0.7;-1.01
63302;La Roche-Blanche;2;0.16
63303;Roche-Charles-la-Mayrand;0;-0.41
63304;Roche-d'Agoux;0;1.71
63305;Rochefort-Montagne;0.5;-0.58
63306;La Roche-Noire;1.4;0.59
63307;Romagnat;6.4;0.58
63308;Royat;11.3;-1.36
63309;Saillant;0.8;1.61
63310;Sainte-Agathe;3.1;-1.74
63311;Saint-Agoulin;1.8;-1.18
63312;Saint-Alyre-d'Arlanc;0;-3.74
63313;Saint-Alyre-ès-Montagne;0;-4.6
63314;Saint-Amant-Roche-Savine;2.8;1.21
63315;Saint-Amant-Tallende;2.1;0.51
63317;Saint-André-le-Coq;1.1;0.93
63318;Saint-Angel;0.5;2.45
63319;Saint-Anthème;0.4;0.26
63320;Saint-Avit;0;-2.73
63321;Saint-Babel;4;-0.12
63322;Saint-Beauzire;1.7;0.53
63323;Saint-Bonnet-le-Bourg;0;2.63
63324;Saint-Bonnet-le-Chastel;3.8;-0.24
63325;Saint-Bonnet-lès-Allier;1.4;-0.23
63326;Saint-Bonnet-près-Orcival;0.4;3
63327;Saint-Bonnet-près-Riom;2.8;-0.5
63328;Sainte-Catherine;0;0.62
63329;Sainte-Christine;1.6;-0.91
63331;Saint-Clément-de-Valorgue;3.3;0.5
63332;Saint-Clément-de-Régnat;0.4;-0.99
63333;Saint-Denis-Combarnazat;0.8;1.64
63334;Saint-Dier-d'Auvergne;0;1.34
63335;Saint-Diéry;0.4;2.16
63336;Saint-Donat;0;-0.9
63337;Saint-Éloy-la-Glacière;0;1.98
63338;Saint-Éloy-les-Mines;0.6;-1.06
63339;Saint-Étienne-des-Champs;0;-1.74
63340;Saint-Étienne-sur-Usson;0.8;-1.72
63341;Saint-Ferréol-des-Côtes;2.3;0.18
63342;Saint-Floret;1.7;-0.27
63343;Saint-Flour-l'Étang;1.9;-0.6
63344;Saint-Gal-sur-Sioule;0;1.3
63345;Saint-Genès-Champanelle;1.5;2.02
63346;Saint-Genès-Champespe;0;-1.24
63347;Saint-Genès-du-Retz;0.9;-1.01
63348;Saint-Genès-la-Tourette;1.2;1.1
63349;Saint-Georges-de-Mons;0.4;0.23
63350;Saint-Georges-sur-Allier;1.7;1.4
63351;Saint-Germain-près-Herment;0;-4.94
63352;Saint-Germain-Lembron;2.6;0.53
63353;Saint-Germain-l'Herm;0.6;-0.14
63354;Saint-Gervais-d'Auvergne;3.4;-1.26
63355;Saint-Gervais-sous-Meymont;1.2;-1.82
63356;Saint-Gervazy;0.7;0.71
63357;Saint-Hérent;1.9;0
63358;Saint-Hilaire-la-Croix;1;1.31
63359;Saint-Hilaire-les-Monges;0;-2.2
63360;Saint-Hilaire;0;-1.72
63362;Saint-Ignat;0.2;0.69
63363;Saint-Jacques-d'Ambur;0;1.01
63364;Saint-Jean-d'Heurs;1.1;1.01
63365;Saint-Jean-des-Ollières;2.2;-0.89
63366;Saint-Jean-en-Val;1.9;-0.09
63367;Saint-Jean-Saint-Gervais;2.5;0.4
63368;Saint-Julien-de-Coppel;1.4;0.31
63369;Saint-Julien-la-Geneste;2;-0.28
63370;Saint-Julien-Puy-Lavèze;0.6;0.23
63371;Saint-Just;0;-1.2
63372;Saint-Laure;0.5;1.18
63373;Saint-Maigner;1.3;-1.91
63374;Saint-Martin-des-Olmes;0.7;1.23
63375;Saint-Martin-des-Plains;5;3.36
63376;Saint-Martin-d'Ollières;2.1;-0.45
63377;Saint-Maurice-près-Pionsat;2.5;-0.27
63378;Saint-Maurice;6;2.96
63379;Saint-Myon;2.5;2.78
63380;Saint-Nectaire;1.1;1.5
63381;Saint-Ours;1.5;0.02
63382;Saint-Pardoux;1;0.76
63383;Saint-Pierre-Colamine;0;-0.07
63384;Saint-Pierre-la-Bourlhonne;0;0.89
63385;Saint-Pierre-le-Chastel;1.3;0.87
63386;Saint-Pierre-Roche;1.3;1.89
63387;Saint-Priest-Bramefant;1.6;0.02
63388;Saint-Priest-des-Champs;1.4;0.18
63389;Saint-Quentin-sur-Sauxillanges;1.9;-0.45
63390;Saint-Quintin-sur-Sioule;3.5;0.26
63391;Saint-Rémy-de-Blot;1;1.2
63392;Saint-Rémy-de-Chargnat;1.2;1.69
63393;Saint-Rémy-sur-Durolle;1.9;0.25
63394;Saint-Romain;1;-1.37
63395;Saint-Sandoux;0.7;0.83
63396;Saint-Saturnin;0.7;0
63397;Saint-Sauves-d'Auvergne;0;0
63398;Saint-Sauveur-la-Sagne;0;-2.4
63399;Saint-Sulpice;0;-0.39
63400;Saint-Sylvestre-Pragoulin;0.6;-0.19
63401;Saint-Victor-la-Rivière;0;-0.41
63402;Saint-Victor-Montvianeix;0;1.05
63403;Saint-Vincent;1.1;0.28
63404;Saint-Yvoine;2.6;-0.99
63405;Sallèdes;2.7;-0.66
63406;Sardon;2.4;-0.7
63407;Saulzet-le-Froid;0.6;1.21
63408;Sauret-Besserve;0;-0.3
63409;Saurier;1.7;-1.16
63410;Sauvagnat;1.5;1.97
63411;Sauvagnat-Sainte-Marthe;2.4;-0.6
63412;Sauvessanges;0.9;0.45
63413;La Sauvetat;0.6;0.23
63414;Sauviat;2.1;1.31
63415;Sauxillanges;1.3;1.22
63416;Savennes;2.8;0.35
63417;Sayat;3.4;1.53
63418;Sermentizon;0.6;0.31
63419;Servant;1.4;0.73
63420;Seychalles;2;0.41
63421;Singles;0;-1.63
63422;Solignat;4.4;0.96
63423;Sugères;1.4;0.67
63424;Surat;0.7;1.25
63425;Tallende;1.4;0.28
63426;Tauves;0.4;-1.93
63427;Teilhède;1.1;2.67
63428;Teilhet;1.7;-0.8
63429;Ternant-les-Eaux;0;3.88
63430;Thiers;5;-0.02
63431;Thiolières;0;-0.1
63432;Thuret;0.7;-0.02
63433;Tortebesse;0;3.3
63434;Tours-sur-Meymont;0.9;0.7
63435;Tourzel-Ronzières;0;-3.49
63436;Tralaigues;0;-1.24
63437;Trémouille-Saint-Loup;1.5;0.12
63438;Trézioux;2.5;1.1
63439;Usson;3.3;1.17
63440;Valbeleix;0;1.97
63441;Valcivières;1;1.53
63442;Valz-sous-Châteauneuf;0;0.64
63443;Varennes-sur-Morge;4;1.21
63444;Varennes-sur-Usson;2.1;1.92
63445;Vassel;1.9;0.34
63446;Vensat;1.1;1.6
63447;Vergheas;0;0.78
63448;Le Vernet-Chaméane;2;-0.95
63449;Le Vernet-Sainte-Marguerite;0.6;1.83
63450;Verneugheol;0;-0.99
63451;Vernines;0.5;0.16
63452;Verrières;0;0.69
63453;Vertaizon;5.2;1.28
63454;Vertolaye;1.7;0.43
63455;Veyre-Monton;2;0.97
63456;Vichel;0;-0.68
63457;Vic-le-Comte;6.7;0.84
63458;Villeneuve;0;-2.42
63459;Villeneuve-les-Cerfs;0.5;-0.99
63460;Villossanges;0;1.49
63461;Vinzelles;0;0.83
63462;Virlet;0.9;-0.19
63463;Viscomtat;1.5;-1.08
63464;Vitrac;0.6;-0.34
63465;Viverols;1.4;1.3
63466;Vodable;2.6;-0.69
63467;Voingt;4.3;9.54
63468;Vollore-Montagne;0.8;0.27
63469;Vollore-Ville;0.6;-0.99
63470;Volvic;2.1;1.28
63471;Youx;0.7;-0.87
63472;Yronde-et-Buron;5;-0.26
63473;Yssac-la-Tourette;3.3;0.69
64001;Aast;0;1.71
64002;Abère;0;-0.1
64003;Abidos;0.9;-1.26
64004;Abitain;1.5;2.88
64005;Abos;0.4;-0.53
64006;Accous;2.3;0.07
64007;Agnos;1.3;0.67
64008;Ahaxe-Alciette-Bascassan;0;-0.74
64009;Ahetze;1.1;-0.33
64010;Aïcirits-Camou-Suhast;0.8;0.56
64011;Aincille;0;0.45
64012;Ainharp;0;-1.94
64013;Ainhice-Mongelos;0;-0.39
64014;Ainhoa;0;-0.15
64015;Alçay-Alçabéhéty-Sunharette;0;-1.45
64016;Aldudes;3.4;0.52
64017;Alos-Sibas-Abense;0.8;-0.54
64018;Amendeuix-Oneix;3.8;0.66
64019;Amorots-Succos;0;-0.8
64021;Andoins;2;2.16
64022;Andrein;0;0.87
64023;Angaïs;1.1;0.23
64024;Anglet;6.4;1.5
64025;Angous;2.4;-1.83
64026;Anhaux;2.3;-0.43
64027;Anos;0;-0.99
64028;Anoye;0;-1.86
64029;Aramits;2.1;-0.37
64031;Arancou;1.4;2.7
64032;Araujuzon;0;-1.54
64033;Araux;0;-1.42
64034;Arbérats-Sillègue;1.3;3.68
64035;Arbonne;1.7;1.48
64036;Arbouet-Sussaute;0;0
64037;Arbus;2.2;0.66
64038;Arcangues;3.1;2.21
64039;Aren;0;-0.07
64040;Arette;4.1;0.19
64041;Aressy;0.8;3.56
64042;Argagnon;0.7;-0.1
64043;Argelos;2.3;0.18
64044;Arget;0;0.42
64045;Arhansus;0;-1.42
64046;Armendarits;1.4;-0.66
64047;Arnéguy;0;0.14
64048;Arnos;0;4.48
64049;Aroue-Ithorots-Olhaïby;2.2;-0.91
64050;Arrast-Larrebieu;0;-0.36
64051;Arraute-Charritte;1.7;2.06
64052;Arricau-Bordes;5;-0.47
64053;Arrien;1.2;1.51
64054;Arros-de-Nay;1.5;0.44
64056;Arrosès;1.7;-0.48
64057;Arthez-de-Béarn;0.9;-0.41
64058;Arthez-d'Asson;1.5;-1.52
64059;Artigueloutan;2.8;0.24
64060;Artiguelouve;1.3;3.82
64061;Artix;1.9;0.17
64062;Arudy;1.7;0.16
64063;Arzacq-Arraziguet;1;-0.82
64064;Asasp-Arros;0.5;0.69
64065;Ascain;2.4;1.33
64066;Ascarat;0.6;1.32
64067;Assat;1.1;2.18
64068;Asson;4;-0.4
64069;Aste-Béon;1.6;-1
64070;Astis;0.6;2.38
64071;Athos-Aspis;0;0
64072;Aubertin;0.4;0.1
64073;Aubin;0;2.6
64074;Aubous;0;-1.74
64075;Audaux;0;0.5
64077;Auga;1.2;4.26
64078;Auriac;0.7;-0.35
64079;Aurions-Idernes;0;0.63
64080;Aussevielle;3.2;0.87
64081;Aussurucq;0;-0.76
64082;Auterrive;0;1.73
64083;Autevielle-Saint-Martin-Bideren;1.1;0.08
64084;Aydie;0;-0.49
64085;Aydius;0;-1.39
64086;Ayherre;0.9;1.52
64087;Baigts-de-Béarn;1.5;-0.27
64088;Balansun;2.1;1.46
64089;Baleix;1.6;-1.45
64090;Baliracq-Maumusson;0;-1.1
64091;Baliros;0.8;1.46
64092;Banca;2.7;0.67
64093;Barcus;1.8;-0.08
64094;Bardos;1.7;0.69
64095;Barinque;0.3;-0.89
64096;Barraute-Camu;0;1.31
64097;Barzun;2.2;0.88
64098;Bassillon-Vauzé;0;-0.75
64099;Bastanès;2.3;-0.51
64100;Bassussarry;1.9;1.28
64101;Baudreix;2.9;-0.03
64102;Bayonne;10.2;0.88
64103;Bédeille;2;-0.08
64104;Bedous;2.1;-0.49
64105;Béguios;2.7;0.92
64106;Béhasque-Lapiste;2.5;0.1
64107;Béhorléguy;3.6;-1.16
64108;Bellocq;1.8;0.39
64109;Bénéjacq;1.7;0.43
64110;Béost;3;0.67
64111;Bentayou-Sérée;4.5;-0.15
64112;Bérenx;2.2;-0.47
64113;Bergouey-Viellenave;0;0.42
64114;Bernadets;2.3;0.2
64115;Berrogain-Laruns;0;-0.83
64116;Bescat;1.8;-0.78
64117;Bésingrand;5;1.69
64118;Bétracq;0;-1.33
64119;Beuste;0.3;1.54
64120;Beyrie-sur-Joyeuse;0;0.7
64121;Beyrie-en-Béarn;3.2;0
64122;Biarritz;7;0.68
64123;Bidache;1.3;-0.28
64124;Bidarray;1.7;-0.27
64125;Bidart;3;2.55
64126;Bidos;0.9;-0.53
64127;Bielle;1.4;-0.73
64128;Bilhères;3.3;-0.63
64129;Billère;7.1;1.33
64130;Biriatou;1.1;0.51
64131;Biron;2.4;-1.61
64132;Bizanos;5.9;-0.3
64133;Boeil-Bezing;0.8;0.72
64134;Bonloc;2.1;0.23
64135;Bonnut;1.4;0.73
64136;Borce;0;-2.66
64137;Bordères;0.3;1.15
64138;Bordes;1.3;0.14
64139;Bosdarros;2;-0.84
64140;Boucau;4.7;1.44
64141;Boueilh-Boueilho-Lasque;0;2.61
64142;Bougarber;0.9;-0.23
64143;Bouillon;0;0.32
64144;Boumourt;0;0.22
64145;Bourdettes;0.8;-0.16
64146;Bournos;1.2;0.6
64147;Briscous;2.1;1.12
64148;Bruges-Capbis-Mifaget;0.8;-0.95
64149;Bugnein;0;-0.22
64150;Bunus;0;0.38
64151;Burgaronne;0;0
64152;Buros;1.3;1.1
64153;Burosse-Mendousse;0;3.47
64154;Bussunarits-Sarrasquette;0;0.65
64155;Bustince-Iriberry;4.3;2.63
64156;Buziet;0.4;-0.41
64157;Buzy;2.2;0.74
64158;Cabidos;2.7;-1.4
64159;Cadillon;0;-0.63
64160;Cambo-les-Bains;2.9;0.22
64161;Came;1.5;1.07
64162;Camou-Cihigue;3.5;0.99
64165;Cardesse;0;0.06
64166;Caro;0;-2.21
64167;Carrère;1;0.15
64168;Carresse-Cassaber;0.4;-0.27
64170;Castagnède;1.3;-0.89
64171;Casteide-Cami;2.3;2.4
64172;Casteide-Candau;0;1
64173;Casteide-Doat;1.6;0.53
64174;Castéra-Loubix;0;-0.95
64175;Castet;1.8;-1.88
64176;Castetbon;0;-2.69
64177;Castétis;2.4;0.72
64178;Castetnau-Camblong;1.2;0.07
64179;Castetner;0;0.37
64180;Castetpugon;3.2;0.24
64181;Castillon (Canton d'Arthez-de-Béarn);0.5;1.52
64182;Castillon (Canton de Lembeye);0;1.82
64183;Caubios-Loos;1.1;3.6
64184;Cescau;1;0.74
64185;Cette-Eygun;0;-3.04
64186;Charre;1;0.7
64187;Charritte-de-Bas;0.8;-1.91
64188;Chéraute;0;-0.79
64189;Ciboure;3.8;-0.92
64190;Claracq;0;0.65
64191;Coarraze;2;0.02
64192;Conchez-de-Béarn;4.5;-1.81
64193;Corbère-Abères;2.2;-2.85
64194;Coslédaà-Lube-Boast;0.6;-0.39
64195;Coublucq;0;-2.72
64196;Crouseilles;2;-0.95
64197;Cuqueron;2.3;-0.18
64198;Denguin;2.3;0.21
64199;Diusse;4.7;0.23
64200;Doazon;1.1;-0.53
64201;Dognen;1.9;1.13
64202;Domezain-Berraute;2.3;-1.61
64203;Doumy;1.9;1.62
64204;Eaux-Bonnes;4;-5.83
64205;Escos;0;0
64206;Escot;3.5;-1.2
64207;Escou;0.6;0.51
64208;Escoubès;0.5;0.85
64209;Escout;1.1;-0.31
64210;Escurès;1.7;-0.79
64211;Eslourenties-Daban;0.5;3.21
64212;Espéchède;0;0.88
64213;Espelette;1.8;0.27
64214;Espès-Undurein;0;-0.17
64215;Espiute;1.5;0.31
64216;Espoey;1.3;0.96
64217;Esquiule;0.8;-0.09
64218;Estérençuby;1.7;-2.51
64219;Estialescq;1;-0.69
64220;Estos;0.5;-1.21
64221;Etcharry;2.5;2.74
64222;Etchebar;0;0.46
64223;Etsaut;0;-2.86
64224;Eysus;0;-0.84
64225;Ance Féas;2.6;0
64226;Fichous-Riumayou;1.1;2.5
64227;Gabaston;3;0.43
64228;Gabat;0;2.01
64229;Gamarthe;0;0.67
64230;Gan;3.1;0.36
64231;Garindein;1.6;-1.51
64232;Garlède-Mondebat;0;-0.3
64233;Garlin;3.1;-0.9
64234;Garos;0.9;0.85
64235;Garris;0.8;1.73
64236;Gayon;0;-0.3
64237;Gelos;4.3;0.45
64238;Ger;1.2;1.93
64239;Gerderest;0;0.86
64240;Gère-Bélesten;1.2;-1.04
64241;Géronce;1;1.66
64242;Gestas;3.4;2.15
64243;Géus-d'Arzacq;2.5;1.36
64244;Geüs-d'Oloron;0.7;0.78
64245;Goès;1.7;-2.28
64246;Gomer;2.3;-0.91
64247;Gotein-Libarrenx;1.6;-0.18
64249;Guéthary;7.3;0.05
64250;Guiche;1;1.55
64251;Guinarthe-Parenties;2;-0.29
64252;Gurmençon;1.2;0.02
64253;Gurs;0.6;-0.28
64254;Hagetaubin;3.1;-0.4
64255;Halsou;2.2;0.56
64256;Hasparren;1.3;2.01
64257;Haut-de-Bosdarros;0;0
64258;Haux;3.7;1.02
64259;Hélette;0.6;0.78
64260;Hendaye;6;1.43
64261;Herrère;2.8;0.22
64262;Higuères-Souye;0;0
64263;L'Hôpital-d'Orion;3.7;-1.33
64264;L'Hôpital-Saint-Blaise;0;-4.54
64265;Hosta;0;3.57
64266;Hours;0.8;-2.33
64267;Ibarrolle;0;-2.5
64268;Idaux-Mendy;0;0.31
64269;Idron;2.2;1.25
64270;Igon;1.4;0.75
64271;Iholdy;2.1;-0.46
64272;Ilharre;2;-0.65
64273;Irissarry;1.2;0.26
64274;Irouléguy;0.6;-0.05
64275;Ispoure;1.4;-0.05
64276;Issor;1.8;0.62
64277;Isturits;2.1;0.44
64279;Itxassou;2;0.95
64280;Izeste;1.8;0.78
64281;Jasses;0;2.04
64282;Jatxou;1.6;1.63
64283;Jaxu;1.3;0.4
64284;Jurançon;7.1;-0.05
64285;Juxue;0.9;-0.89
64286;Laà-Mondrans;2.3;0.08
64287;Laàs;2.2;0.49
64288;Labastide-Cézéracq;2;0.67
64289;La Bastide-Clairence;0.9;0.03
64290;Labastide-Monréjeau;1.4;0.08
64291;Labastide-Villefranche;0.6;-0.83
64292;Labatmale;0.7;0.39
64293;Labatut-Figuières;0;-0.58
64294;Labets-Biscay;0;-1.53
64295;Labeyrie;0;-2.45
64296;Lacadée;0;-1.52
64297;Lacarre;1.4;-0.19
64298;Lacarry-Arhan-Charritte-de-Haut;1.9;-1.61
64299;Lacommande;1.3;-3.37
64300;Lacq;3.3;-0.1
64301;Lagor;1.8;-0.81
64302;Lagos;1;-0.07
64303;Laguinge-Restoue;0;-1.14
64304;Lahonce;1.6;2.6
64305;Lahontan;0.9;0.87
64306;Lahourcade;2;0.33
64307;Lalongue;0;-1.13
64308;Lalonquette;1.6;-1.81
64309;Lamayou;0;0.98
64310;Lanne-en-Barétous;0.5;-0.55
64311;Lannecaube;2.7;-1.74
64312;Lanneplaà;4.4;-0.11
64313;Lantabat;0;-0.17
64314;Larceveau-Arros-Cibits;2.4;1.7
64315;Laroin;1.1;-0.54
64316;Larrau;0;-1.04
64317;Larressore;1.3;1.17
64318;Larreule;1.2;0.9
64319;Larribar-Sorhapuru;1.3;-0.44
64320;Laruns;2.8;-0.13
64321;Lasclaveries;0;0.27
64322;Lasse;0.6;0.4
64323;Lasserre;0;4.02
64324;Lasseube;1.8;0.02
64325;Lasseubetat;2.4;-0.91
64326;Lay-Lamidou;0;0.54
64327;Lecumberry;2;1.23
64328;Ledeuix;1.8;-0.11
64329;Lée;3.1;-0.13
64330;Lées-Athas;0.9;-2.31
64331;Lembeye;0.9;0.42
64332;Lème;0;0.4
64334;Léren;1.1;-0.62
64335;Lescar;5.1;-0.57
64336;Lescun;0;-1.15
64337;Lespielle;0;-0.64
64338;Lespourcy;2.5;-1.05
64339;Lestelle-Bétharram;2.7;-0.93
64340;Lichans-Sunhar;0;0.81
64341;Lichos;2;-0.37
64342;Licq-Athérey;2.3;-1.4
64343;Limendous;0.3;0.68
64344;Livron;0.6;-2.12
64345;Lohitzun-Oyhercq;0;-0.83
64346;Lombia;1;0
64347;Lonçon;1.9;2.27
64348;Lons;3.4;1
64349;Loubieng;0;-0.63
64350;Louhossoa;1.7;-0.62
64351;Lourdios-Ichère;3;-0.8
64352;Lourenties;1.9;2.49
64353;Louvie-Juzon;1.5;0.14
64354;Louvie-Soubiron;10.6;1.34
64355;Louvigny;0;-0.48
64356;Luc-Armau;0;-1.49
64357;Lucarré;0;1.95
64358;Lucgarier;1;0.71
64359;Lucq-de-Béarn;0.5;-0.27
64360;Lurbe-Saint-Christau;0;0.75
64361;Lussagnet-Lusson;1.4;1.53
64362;Luxe-Sumberraute;3;-0.12
64363;Lys;0.7;-0.8
64364;Macaye;0.4;0.72
64365;Malaussanne;0;0.69
64366;Mascaraàs-Haron;2;-2.2
64367;Maslacq;1.6;-0.35
64368;Masparraute;1.8;3.07
64369;Maspie-Lalonquère-Juillacq;0.8;-1.27
64370;Maucor;0.4;1.62
64371;Mauléon-Licharre;0.7;0.01
64372;Maure;2.1;-3.5
64373;Mazères-Lezons;5.1;-0.13
64374;Mazerolles;0.7;1.28
64375;Méharin;0;0.43
64376;Meillon;0.9;0.7
64377;Mendionde;0.8;0.1
64378;Menditte;1.1;0.91
64379;Mendive;0;-0.2
64380;Méracq;0.9;0.51
64381;Méritein;0;-0.7
64382;Mesplède;1.3;-1.81
64383;Mialos;1.7;2.18
64385;Miossens-Lanusse;1.6;1.24
64386;Mirepeix;2.2;-0.21
64387;Momas;2;1.1
64388;Momy;0;-3.11
64389;Monassut-Audiracq;0;0.59
64390;Moncaup;7.1;0
64391;Moncayolle-Larrory-Mendibieu;0.8;-1.53
64392;Moncla;0;-2.51
64393;Monein;2.2;-0.07
64394;Monpezat;0;0
64395;Monségur;0;0.25
64396;Mont;2.4;0.3
64397;Montagut;1.9;0
64398;Montaner;0;-0.97
64399;Montardon;1.8;0.89
64400;Montaut;2.1;0.04
64401;Mont-Disse;0;1.98
64403;Montfort;3;0.45
64404;Montory;2.3;0.71
64405;Morlaàs;3.3;0.74
64406;Morlanne;0.4;0.93
64407;Mouguerre;1.4;1.1
64408;Mouhous;0;3.54
64409;Moumour;0;-0.52
64410;Mourenx;1.6;-2.01
64411;Musculdy;1;-0.86
64412;Nabas;0;-4.25
64413;Narcastet;1.2;0.52
64414;Narp;0;0.84
64415;Navailles-Angos;0.9;0.57
64416;Navarrenx;1.3;0.03
64417;Nay;1.3;-0.53
64418;Noguères;2;-1.75
64419;Nousty;1;-0.25
64420;Ogenne-Camptort;0;-0.21
64421;Ogeu-les-Bains;1.6;-0.27
64422;Oloron-Sainte-Marie;2.9;-0.21
64423;Oraàs;3.2;1.31
64424;Ordiarp;0.4;0.97
64425;Orègue;1.2;1.11
64426;Orin;0.7;1.66
64427;Orion;0;0.34
64428;Orriule;0;0.85
64429;Orsanco;0;-0.94
64430;Orthez;2.8;0.33
64431;Os-Marsillon;1.2;0.53
64432;Ossas-Suhare;0;0
64433;Osse-en-Aspe;1.9;0.41
64434;Ossenx;0;0.32
64435;Osserain-Rivareyte;1;1.3
64436;Ossès;0.8;0.6
64437;Ostabat-Asme;5;2.43
64438;Ouillon;1.6;-0.18
64439;Ousse;2.6;0.05
64440;Ozenx-Montestrucq;3.2;-0.18
64441;Pagolle;0;-1.15
64442;Parbayse;0;0.42
64443;Pardies;0.3;1.45
64444;Pardies-Piétat;2;0
64445;Pau;9.6;0.29
64446;Peyrelongue-Abos;1.6;-0.23
64447;Piets-Plasence-Moustrou;1.7;0.12
64448;Poey-de-Lescar;2.3;2.58
64449;Poey-d'Oloron;0;-0.3
64450;Pomps;0.8;0.46
64451;Ponson-Debat-Pouts;2.2;0.7
64452;Ponson-Dessus;0;0.06
64453;Pontacq;1.2;-0.09
64454;Pontiacq-Viellepinte;0;-0.28
64455;Portet;0;-0.8
64456;Pouliacq;0;-1.87
64457;Poursiugues-Boucoue;0;-0.88
64458;Préchacq-Josbaig;3.6;0.17
64459;Préchacq-Navarrenx;3;1.78
64460;Précilhon;1.7;0.17
64461;Puyoô;3.1;-0.7
64462;Ramous;2.8;-0.74
64463;Rébénacq;1.4;-1.05
64464;Ribarrouy;0;-0.41
64465;Riupeyrous;1;2.6
64466;Rivehaute;0;0.69
64467;Rontignon;2.3;0.85
64468;Roquiague;0;0.56
64469;Saint-Abit;2.8;-1.12
64470;Saint-Armou;0.7;-0.59
64471;Saint-Boès;0;0.55
64472;Saint-Castin;1.3;-0.27
64473;Sainte-Colome;1.9;0.09
64474;Saint-Dos;1.5;0
64475;Sainte-Engrâce;0;-1.82
64476;Saint-Esteben;0.5;1.05
64477;Saint-Étienne-de-Baïgorry;0.9;0.59
64478;Saint-Faust;1.5;-0.27
64479;Saint-Girons-en-Béarn;0;1.78
64480;Saint-Gladie-Arrive-Munein;1.1;-0.33
64481;Saint-Goin;0;0.07
64482;Saint-Jammes;1.1;-0.1
64483;Saint-Jean-de-Luz;3.3;0.74
64484;Saint-Jean-le-Vieux;0.9;0.5
64485;Saint-Jean-Pied-de-Port;1.1;-1.07
64486;Saint-Jean-Poudge;6.5;-0.44
64487;Saint-Just-Ibarre;1.1;-2.85
64488;Saint-Laurent-Bretagne;0;0.34
64489;Saint-Martin-d'Arberoue;3.2;1.57
64490;Saint-Martin-d'Arrossa;1.2;0.22
64491;Saint-Médard;2.4;-1.36
64492;Saint-Michel;0;-0.23
64493;Saint-Palais;3.2;2.65
64494;Saint-Pé-de-Léren;1.5;0.7
64495;Saint-Pée-sur-Nivelle;0.9;1.24
64496;Saint-Pierre-d'Irube;4;3.02
64498;Saint-Vincent;0.6;-0.13
64499;Salies-de-Béarn;2.4;-0.16
64500;Salles-Mongiscard;3.9;-0.21
64501;Sallespisse;0.8;-0.03
64502;Sames;2.9;-0.02
64503;Samsons-Lion;4.7;1.48
64504;Sare;0.7;0.58
64505;Sarpourenx;3;-2.42
64506;Sarrance;2.6;-1.43
64507;Saubole;1.4;1.04
64508;Saucède;3.5;0.4
64509;Sauguis-Saint-Étienne;2.4;0.81
64510;Sault-de-Navailles;0.8;1.23
64511;Sauvagnon;4.7;1.21
64512;Sauvelade;1.7;0.12
64513;Sauveterre-de-Béarn;1.9;-0.31
64514;Séby;1.2;1.24
64515;Sedze-Maubecq;0.9;-2.78
64516;Sedzère;1.9;-0.38
64517;Séméacq-Blachon;0;-1.33
64518;Sendets;2.6;2.57
64519;Serres-Castet;2.4;0.65
64520;Serres-Morlaàs;3.2;1.63
64521;Serres-Sainte-Marie;0.8;1.28
64522;Sévignacq-Meyracq;0.4;0.84
64523;Sévignacq;0;1
64524;Simacourbe;1.6;1.07
64525;Siros;1.1;2.09
64526;Soumoulou;2;0.11
64527;Souraïde;0.6;1.08
64528;Suhescun;0;-0.79
64529;Sus;1.4;0.4
64530;Susmiou;0.8;-0.65
64531;Tabaille-Usquain;0;1.49
64532;Tadousse-Ussau;0;1.19
64533;Tardets-Sorholus;2.1;0.83
64534;Taron-Sadirac-Viellenave;0;-1.91
64535;Tarsacq;0.4;1.05
64536;Thèze;0.9;1.31
64537;Trois-Villes;0;0.73
64538;Uhart-Cize;1;-0.27
64539;Uhart-Mixe;1;0.87
64540;Urcuit;1.4;3.68
64542;Urdos;8.7;0.99
64543;Urepel;0;-0.83
64544;Urost;0;0
64545;Urrugne;1.9;0.97
64546;Urt;1.5;0.53
64547;Ustaritz;2.7;1.99
64548;Uzan;2.5;-1.17
64549;Uzein;1.6;1.21
64550;Uzos;3.8;2.71
64551;Verdets;2.7;2.38
64552;Vialer;0;-4.3
64554;Viellenave-d'Arthez;2.9;2.56
64555;Viellenave-de-Navarrenx;1.3;0
64556;Vielleségure;1.3;0.53
64557;Vignes;0;1.06
64558;Villefranque;1.1;2.19
64559;Viodos-Abense-de-Bas;1;0.68
64560;Viven;0;-1.53
65001;Adast;0.8;0.56
65002;Adé;0.8;0.68
65003;Adervielle-Pouchergues;3.3;2.2
65004;Agos-Vidalos;1.9;-1.3
65005;Allier;1.4;1.64
65006;Ancizan;0.8;0.72
65007;Andrest;0.9;-0.56
65009;Anères;4.2;-1.05
65010;Angos;0;-0.07
65011;Les Angles;3.6;1.19
65012;Anla;3.8;-2.76
65013;Ansost;4;0.3
65014;Antichan;0;3.26
65015;Antin;0;-2.44
65016;Antist;1.2;1.5
65017;Aragnouet;15;2.47
65018;Arbéost;0;-1.42
65019;Arcizac-Adour;0.8;1.9
65020;Arcizac-ez-Angles;0;-0.26
65021;Arcizans-Avant;0.6;-0.08
65022;Arcizans-Dessus;0;-1.51
65023;Ardengost;0;0
65024;Argelès-Bagnères;0;-1.82
65025;Argelès-Gazost;1.4;-0.78
65026;Aries-Espénan;5.4;3.74
65028;Arné;1.3;-2.74
65029;Arras-en-Lavedan;0.5;0.07
65031;Arreau;2.1;-0.56
65032;Arrens-Marsous;0.5;-0.59
65033;Arrodets-ez-Angles;0;0.15
65034;Arrodets;0;1.53
65035;Artagnan;0.4;-0.13
65036;Artalens-Souin;4.5;-0.37
65037;Artiguemy;0;-1.86
65038;Artigues;0;-5.28
65039;Aspin-Aure;0;-3.25
65040;Aspin-en-Lavedan;2.6;-0.7
65041;Asque;3.5;0.57
65042;Asté;1.8;0.56
65043;Astugue;1.1;0.25
65044;Aubarède;0;-0.52
65045;Aucun;0;0.67
65046;Aulon;7.7;2.78
65047;Aureilhan;1.5;0.53
65048;Aurensan;0.6;-0.15
65049;Auriébat;0;-0.68
65050;Avajan;2.3;1.52
65051;Aventignan;2.4;0.33
65052;Averan;0;3.74
65053;Aveux;0;-0.79
65054;Avezac-Prat-Lahitte;1.5;-0.64
65055;Ayros-Arbouix;0.6;1.58
65056;Ayzac-Ost;2.4;0.29
65057;Azereix;0.5;-0.36
65058;Azet;1.2;-0.89
65059;Bagnères-de-Bigorre;4.4;-0.79
65060;Banios;0;4.13
65061;Barbachen;0;-4.1
65062;Barbazan-Debat;1;0.22
65063;Barbazan-Dessus;0;0.41
65064;Bareilles;0;-2.71
65065;Barlest;0;1.48
65066;Barrancoueu;0;2.38
65067;Barry;0;0.77
65068;Barthe;0;8.43
65069;La Barthe-de-Neste;1;0.23
65070;Bartrès;2.8;0.26
65071;Batsère;0;-1.33
65072;Bazet;0.6;1.57
65073;Bazillac;0;1.13
65074;Bazordan;0;-0.6
65075;Bazus-Aure;0;1.46
65076;Bazus-Neste;0;-3.79
65077;Beaucens;0;0.32
65078;Beaudéan;1.9;0
65079;Bégole;0;-1.57
65080;Bénac;0;-0.13
65081;Benqué-Molère;1.8;2.09
65082;Berbérust-Lias;0;-2.11
65083;Bernac-Debat;1.2;1.62
65084;Bernac-Dessus;0;-0.58
65085;Bernadets-Debat;0;-1.59
65086;Bernadets-Dessus;1.6;-1.09
65087;Bertren;7.9;-1.91
65088;Betbèze;0;0.37
65089;Betpouey;5.3;-1.58
65090;Betpouy;0;-0.66
65091;Bettes;0;2.41
65092;Beyrède-Jumet-Camous;1.7;-0.24
65093;Bize;0;-0.78
65094;Bizous;2.2;2.71
65095;Bonnefont;1.9;-1.35
65096;Bonnemazon;0;1.74
65097;Bonrepos;0;0.62
65098;Boô-Silhen;0;1.08
65099;Bordères-Louron;1.2;-2.46
65100;Bordères-sur-l'Échez;1.7;0.77
65101;Bordes;2.1;-0.11
65102;Bouilh-Devant;0;0.78
65103;Bouilh-Péreuilh;0;5.86
65104;Boulin;4.3;0.92
65105;Bourg-de-Bigorre;2.8;0
65106;Bourisp;3.3;3.12
65107;Bourréac;0;1.64
65108;Bours;2.3;1.54
65109;Bramevaque;0;-3.43
65110;Bugard;2.6;2.03
65111;Bulan;0;-0.28
65112;Bun;0;1.49
65113;Burg;0.7;0.36
65114;Buzon;2.4;0.21
65115;Cabanac;0;1.08
65116;Cadéac;1.3;-0.33
65117;Cadeilhan-Trachère;0;2.86
65118;Caharet;0;-3.43
65119;Caixon;1.5;-1.38
65120;Calavanté;0.6;0.25
65121;Camalès;0.8;-0.48
65123;Campan;3.1;-0.92
65124;Camparan;0;-1.25
65125;Campistrous;0.8;-0.16
65126;Campuzan;1.5;-2.04
65127;Capvern;1.1;-0.22
65128;Castelbajac;1.9;0.5
65129;Castelnau-Magnoac;1.3;-0.51
65130;Castelnau-Rivière-Basse;1.4;0.44
65131;Castelvieilh;4.3;-0.14
65132;Castéra-Lanusse;0;0
65133;Castéra-Lou;0;0
65134;Casterets;0;4.57
65135;Castillon;0;-1.06
65136;Caubous;0;-5.45
65137;Caussade-Rivière;5.6;0
65138;Cauterets;0.4;-1.21
65139;Cazarilh;0;2.17
65140;Cazaux-Debat;0;1.05
65141;Cazaux-Fréchet-Anéran-Camors;0;5.93
65142;Chelle-Debat;1.1;0.23
65143;Chelle-Spou;0;-1.76
65144;Cheust;0;-0.19
65145;Chèze;0;-0.66
65146;Chis;0.8;-0.7
65147;Cieutat;0.4;0.19
65148;Cizos;0;1.55
65149;Clarac;0;-1.74
65150;Clarens;0.5;-0.46
65151;Collongues;1.5;0.56
65153;Coussan;0;-1.3
65154;Créchets;0;-2.64
65155;Devèze;0;-4.28
65156;Dours;2.7;-0.52
65157;Ens;0;-0.65
65158;Esbareich;0;-0.42
65159;Escala;0;-1.23
65160;Escaunets;1.9;-1.61
65161;Escondeaux;1.7;0.06
65162;Esconnets;0;-1.4
65163;Escots;0;5.45
65164;Escoubès-Pouts;0;-1.98
65165;Esparros;3.1;-1.25
65166;Espèche;0;-4.1
65167;Espieilh;0;-0.65
65168;Esquièze-Sère;2.8;0.74
65169;Estaing;2.2;3.16
65170;Estampures;10;-0.44
65171;Estarvielle;5.9;0
65172;Estensan;0;2.41
65173;Esterre;2.2;-0.44
65174;Estirac;0;0.33
65175;Ferrère;0;-2.04
65176;Ferrières;2.9;-1.8
65177;Fontrailles;1.7;2.48
65178;Fréchède;0;-0.69
65179;Fréchendets;0;0
65180;Fréchet-Aure;0;3.52
65181;Fréchou-Fréchet;0;1
65182;Gaillagos;2;-0.26
65183;Galan;3.8;-0.58
65184;Galez;0;-1.27
65185;Gardères;0;-0.04
65186;Gaudent;8.7;-1.65
65187;Gaussan;0;-3.44
65189;Gayan;0;-0.61
65190;Gazave;0;1.24
65191;Gazost;0;-0.38
65192;Gavarnie-Gèdre;0;-0.53
65193;Gembrie;3.8;3.05
65194;Générest;0;-1.2
65195;Génos;3.4;-1.44
65196;Gensac;2.4;-2.93
65197;Ger;1.3;-1.02
65198;Gerde;2.4;0.63
65199;Germ;0;-1.44
65200;Germs-sur-l'Oussouet;0;-1.26
65201;Geu;1.2;1.53
65202;Gez;0;0
65203;Gez-ez-Angles;0;-3.23
65204;Gonez;0;0
65205;Gouaux;0;-0.59
65206;Goudon;0;0.5
65207;Gourgue;0;-0.28
65208;Grailhen;0;0.74
65209;Grézian;2.8;-0.79
65210;Grust;6.2;-0.87
65211;Guchan;4.5;1.53
65212;Guchen;0.9;-2.12
65213;Guizerix;0;-1.24
65214;Hachan;0;1.53
65215;Hagedet;0;-1.14
65216;Hauban;0;-2.09
65217;Hautaget;6.1;1.77
65218;Hèches;0.9;-0.61
65219;Hères;0;-3.49
65220;Hibarette;0;-0.42
65221;Hiis;0.9;1.18
65222;Hitte;0;-3.05
65223;Horgues;1.1;0.08
65224;Houeydets;0;1.68
65225;Hourc;2.2;-0.3
65226;Ibos;1;0.18
65228;Ilhet;0;0.14
65229;Ilheu;0;5.25
65230;Izaourt;2.1;-0.06
65231;Izaux;1.1;0.48
65232;Jacque;0;-1.64
65233;Jarret;0.7;-0.49
65234;Jézeau;0;1
65235;Juillan;0.9;-0.48
65236;Julos;0.5;2.9
65237;Juncalas;2.4;-0.3
65238;Labassère;1.3;-0.14
65239;Labastide;1.5;-1.5
65240;Labatut-Rivière;0.6;-0.88
65241;Laborde;0;-0.58
65242;Lacassagne;0.9;0.91
65243;Lafitole;0.6;-1.44
65244;Lagarde;1;0.38
65245;Lagrange;0;2.11
65247;Arrayou-Lahitte;0;-1.44
65248;Lahitte-Toupière;0;0.13
65249;Lalanne;0;0.17
65250;Lalanne-Trie;0;0.87
65251;Laloubère;1.6;-0.35
65252;Lamarque-Pontacq;1.4;0.49
65253;Lamarque-Rustaing;0;0
65254;Laméac;0;0
65255;Lançon;0;-1.58
65256;Lanespède;0;-0.46
65257;Lanne;0.4;0.53
65258;Lannemezan;1.3;-0.16
65259;Lansac;1.2;0.37
65260;Lapeyre;0;-1.23
65261;Laran;0;-1.05
65262;Larreule;1.2;-1.13
65263;Larroque;4.3;-0.83
65264;Lascazères;0;-0.11
65265;Laslades;0.6;-0.38
65266;Lassales;0;2.45
65267;Lau-Balagnas;1.6;-0.42
65268;Layrisse;0;5.27
65269;Lescurry;0;-1.09
65270;Lespouey;0;-0.32
65271;Lézignan;0;0.57
65272;Lhez;0;-0.22
65273;Liac;2.4;0.08
65274;Libaros;0;0.12
65275;Lies;0;1.17
65276;Lizos;0;0
65277;Lombrès;0;-2.38
65278;Lomné;6.7;1.98
65279;Lortet;2.1;0.08
65280;Loubajac;0;1.62
65281;Loucrup;0;2.4
65282;Loudenvielle;1.5;2.91
65283;Loudervielle;0;-1.61
65284;Louey;2.5;2.11
65285;Louit;1.2;-0.25
65286;Lourdes;2;-0.48
65287;Loures-Barousse;2.5;0.87
65288;Lubret-Saint-Luc;0;1.14
65289;Luby-Betmont;0;0.16
65290;Luc;2.6;-3.07
65291;Lugagnan;0;2.69
65292;Luquet;0;0.85
65293;Lustar;0;-3.21
65294;Lutilhous;2;-0.76
65295;Luz-Saint-Sauveur;2.8;-1.14
65296;Madiran;0.6;0.12
65297;Mansan;0;-0.81
65298;Marquerie;0;1.64
65299;Marsac;0;0.22
65300;Marsas;5.3;-1.46
65301;Marseillan;0;1.17
65303;Mascaras;0.6;1.08
65304;Maubourguet;2.8;-1.43
65305;Mauléon-Barousse;3.4;1.36
65306;Mauvezin;1;0.35
65307;Mazères-de-Neste;1.7;1
65308;Mazerolles;0;0.31
65309;Mazouau;0;-2.2
65310;Mérilheu;0;-1.37
65311;Mingot;0;0
65313;Momères;0.6;-0.6
65314;Monfaucon;2.4;-0.88
65315;Monléon-Magnoac;1.8;-1.14
65316;Monlong;0;0.95
65317;Mont;0;-4.45
65318;Montastruc;18.7;0.14
65319;Montégut;6.3;-0.64
65320;Montgaillard;0.3;-0.68
65321;Montignac;0;-0.12
65322;Montoussé;3;0.07
65323;Montsérié;0;-0.23
65324;Moulédous;1;0.24
65325;Moumoulous;0;1.18
65326;Mun;0;-4.58
65327;Nestier;3.8;4.16
65328;Neuilh;0;-0.69
65329;Nistos;0;-0.62
65330;Nouilhan;0;2.53
65331;Odos;1.2;0.31
65332;Oléac-Debat;2.3;1.44
65333;Oléac-Dessus;0;-1.94
65334;Omex;2.2;-0.66
65335;Ordizan;1;-1.12
65336;Organ;0;-5.99
65337;Orieux;2.4;-1.44
65338;Orignac;0;-0.78
65339;Orincles;0;1.25
65340;Orleix;1.8;-1.58
65341;Oroix;0;-2.97
65342;Osmets;2.4;0.95
65343;Ossen;1;0.29
65344;Ossun;0.8;-0.08
65345;Ossun-ez-Angles;4.3;3.27
65346;Oueilloux;0;-2.7
65347;Ourde;0;5.92
65348;Ourdis-Cotdoussan;0;-2.48
65349;Ourdon;0;18.72
65350;Oursbelille;0.2;0.35
65351;Ousté;0;4.42
65352;Ouzous;1.1;-0.08
65353;Ozon;1;-2.62
65354;Pailhac;2.5;3.13
65355;Paréac;0;4.31
65356;Péré;0;2.65
65357;Peyraube;2.5;0.81
65358;Peyret-Saint-André;0;2.29
65359;Peyriguère;0;-3.5
65360;Peyrouse;0.7;-0.12
65361;Peyrun;0;3.22
65362;Pierrefitte-Nestalas;1.6;-0.79
65363;Pinas;0.6;-0.22
65364;Pintac;0;-0.74
65366;Poueyferré;1.7;-0.51
65367;Poumarous;1.5;0.22
65368;Pouy;0;-1.58
65369;Pouyastruc;0.3;-1.18
65370;Pouzac;0.9;0.03
65371;Préchac;3;0.93
65372;Pujo;1.1;0.82
65373;Puntous;1.4;-3.03
65374;Puydarrieux;1.1;0.97
65375;Rabastens-de-Bigorre;0.7;0.03
65376;Recurt;1.3;0.08
65377;Réjaumont;0;-1.68
65378;Ricaud;0;0
65379;Ris;12.5;-4.37
65380;Sabalos;1.6;-0.11
65381;Sabarros;0;-0.5
65382;Sacoué;3.1;5.19
65383;Sadournin;2.9;1.62
65384;Sailhan;2.3;1.22
65385;Saint-Arroman;3;1.43
65386;Saint-Créac;2.4;1.02
65387;Saint-Lanne;0;-1.93
65388;Saint-Lary-Soulan;7.7;-0.14
65389;Saint-Laurent-de-Neste;1.7;0.64
65390;Saint-Lézer;1.8;0.47
65391;Sainte-Marie;0;-2.34
65392;Saint-Martin;1.6;-0.08
65393;Saint-Pastous;0;2.17
65394;Saint-Paul;5.6;0.37
65395;Saint-Pé-de-Bigorre;6.3;-0.13
65396;Saint-Savin;1.2;-0.58
65397;Saint-Sever-de-Rustan;0;-1.5
65398;Saléchan;0;-1.43
65399;Saligos;3.2;-3.47
65400;Salles;1;1.56
65401;Salles-Adour;0;-0.4
65402;Samuran;0;0
65403;Sanous;0;0.51
65404;Sariac-Magnoac;3.2;0.75
65405;Sarlabous;0;2.57
65406;Sarniguet;0.7;0.46
65407;Sarp;2.3;-0.62
65408;Sarrancolin;0.9;-0.56
65409;Sarriac-Bigorre;0.8;-1.5
65410;Sarrouilles;0.4;0.44
65411;Sassis;3.2;-2.34
65412;Sauveterre;0;-1.21
65413;Sazos;1.2;3.59
65414;Ségalas;0;-0.2
65415;Ségus;0.9;0.86
65416;Seich;0;-0.37
65417;Séméac;1.9;0.99
65418;Sénac;0;-0.45
65419;Sentous;0;2.09
65420;Sère-en-Lavedan;0;2.64
65421;Sère-Lanso;5.6;-3.88
65422;Séron;1.3;0.15
65423;Sère-Rustaing;0;0
65424;Sers;3.8;-0.15
65425;Siarrouy;0.5;1.16
65426;Sinzos;0;-1.18
65427;Siradan;1.2;0.12
65428;Sireix;0;-1.05
65429;Sombrun;1.4;-0.74
65430;Soréac;0;-2.02
65431;Sost;0;2.18
65432;Soublecause;2.5;-1.28
65433;Soues;1.5;-0.25
65435;Soulom;0;1.98
65436;Souyeaux;2.3;-0.28
65437;Tajan;0;-0.24
65438;Talazac;0;0.45
65439;Tarasteix;0;0.44
65440;Tarbes;4.1;1.67
65441;Thèbe;5.7;2.38
65442;Thermes-Magnoac;0;1.21
65443;Thuy;0;-0.9
65444;Tibiran-Jaunac;1;0.99
65445;Tilhouse;0;0.07
65446;Tostat;0;0.65
65447;Tournay;0.6;0.42
65448;Tournous-Darré;0;-1.03
65449;Tournous-Devant;2.9;-5.01
65450;Tramezaïgues;0;0.48
65451;Trébons;0.6;0.07
65452;Trie-sur-Baïse;0.9;-1.11
65453;Troubat;0;0.45
65454;Trouley-Labarthe;0;1.65
65455;Tuzaguet;0;-1.35
65456;Uglas;0.9;-0.77
65457;Ugnouas;0;2.08
65458;Uz;0;2.38
65459;Uzer;2.8;-0.32
65460;Vic-en-Bigorre;2.6;-0.34
65461;Vidou;0;-4.08
65462;Vidouze;0;-0.57
65463;Viella;4.4;-0.97
65464;Vielle-Adour;0.4;-0.7
65465;Vielle-Aure;1.7;-1.46
65466;Vielle-Louron;3.1;-1.92
65467;Vier-Bordes;2.3;-1.67
65468;Vieuzos;4.2;1.06
65469;Viey;0;-8.32
65470;Viger;1.7;0.96
65471;Vignec;1;-1.93
65472;Villefranque;0;-1.5
65473;Villelongue;2.1;-1.94
65474;Villembits;0;-0.88
65475;Villemur;0;1.92
65476;Villenave-près-Béarn;0;4.17
65477;Villenave-près-Marsac;0;4.39
65478;Viscos;0;-0.95
65479;Visker;0.7;1.63
65481;Barèges;9.1;-3.65
65482;Cantaous;0;-0.15
66001;L'Albère;6.7;-4.49
66002;Alénya;1.4;0.82
66003;Amélie-les-Bains-Palalda;4.2;0.34
66004;Les Angles;0.9;1.41
66005;Angoustrine-Villeneuve-des-Escaldes;0;-2.88
66006;Ansignan;7;0.1
66007;Arboussols;4.1;2.06
66008;Argelès-sur-Mer;1.8;0.54
66009;Arles-sur-Tech;3.6;0.64
66010;Ayguatébia-Talau;0;1.18
66011;Bages;1.1;1.52
66012;Baho;1.7;0.31
66013;Baillestavy;9.8;0.58
66014;Baixas;1.4;1.5
66015;Banyuls-dels-Aspres;0.9;1.83
66016;Banyuls-sur-Mer;3.2;-0.65
66017;Le Barcarès;2.1;0.8
66018;La Bastide;0;-2.69
66019;Bélesta;1;1.15
66020;Bolquère;0.8;-0.04
66021;Bompas;3.2;1.16
66022;Boule-d'Amont;0;2.56
66023;Bouleternère;1.5;0.39
66024;Le Boulou;1.8;-0.71
66025;Bourg-Madame;1.3;-0.37
66026;Brouilla;1.7;2.62
66027;La Cabanasse;1.2;1.06
66028;Cabestany;2.7;0.98
66029;Caixas;0;-1.79
66030;Calce;1;1.16
66032;Calmeilles;4.2;0
66033;Camélas;0.5;0.33
66034;Campôme;2;1.01
66035;Campoussy;0;1.68
66036;Canaveilles;6.7;5.05
66037;Canet-en-Roussillon;3.9;1.25
66038;Canohès;1.9;2.06
66039;Caramany;0;-2.36
66040;Casefabre;0;1.21
66041;Cases-de-Pène;2.2;1.02
66042;Cassagnes;1;1.39
66043;Casteil;1.7;0.61
66044;Castelnou;2.1;-2.16
66045;Catllar;1.7;-0.98
66046;Caudiès-de-Fenouillèdes;0.6;-1.23
66047;Caudiès-de-Conflent;0;3.58
66048;Cerbère;6.4;-1.58
66049;Céret;1.4;-0.44
66050;Claira;1.1;2.65
66051;Clara-Villerach;1.9;0.77
66052;Codalet;0;-1.35
66053;Collioure;3.5;0.03
66054;Conat;5.9;1.1
66055;Corbère;0.3;1.25
66056;Corbère-les-Cabanes;1.8;0.86
66057;Corneilla-de-Conflent;2.1;2.09
66058;Corneilla-la-Rivière;2.5;0.07
66059;Corneilla-del-Vercol;0.7;3.09
66060;Corsavy;6;2.18
66061;Coustouges;0;-1.69
66062;Dorres;1.4;1.17
66063;Les Cluses;2;0.46
66064;Égat;1.5;-1.11
66065;Elne;2.5;1.28
66066;Enveitg;1.7;-0.97
66067;Err;0.7;0.94
66068;Escaro;0;2.58
66069;Espira-de-l'Agly;1.6;0.38
66070;Espira-de-Conflent;2.1;4.29
66071;Estagel;2.2;0.77
66072;Estavar;0.7;-0.33
66073;Estoher;2;0.66
66074;Eus;2.7;-0.26
66075;Eyne;1.3;3.11
66076;Feilluns;5.3;-2.54
66077;Fenouillet;9.8;1.85
66078;Fillols;3.8;2.16
66079;Finestret;4.1;1.86
66080;Fontpédrouse;0;-0.54
66081;Fontrabiouse;1.6;0.88
66082;Formiguères;2.1;0.8
66083;Fosse;9.5;3.24
66084;Fourques;1.6;0.88
66085;Fuilla;2.3;-0.56
66086;Glorianes;0;-7.17
66088;Ille-sur-Têt;2.3;0.27
66089;Joch;0.7;7.06
66090;Jujols;0;-0.77
66091;Lamanère;0;4.7
66092;Lansac;0;0.18
66093;Laroque-des-Albères;2.7;1.13
66094;Latour-Bas-Elne;1;3.56
66095;Latour-de-Carol;0;1.92
66096;Latour-de-France;0.8;0.21
66097;Lesquerde;4.5;1.35
66098;La Llagonne;1;-0.23
66099;Llauro;0.9;-0.11
66100;Llo;1.3;-1.33
66101;Llupia;1.5;1.76
66102;Mantet;0;2.04
66103;Marquixanes;6.2;1.25
66104;Los Masos;3.4;0.42
66105;Matemale;0;0.93
66106;Maureillas-las-Illas;2;1.86
66107;Maury;1.5;-0.06
66108;Millas;1.9;0.29
66109;Molitg-les-Bains;2.3;1.26
66111;Montalba-le-Château;6.7;0.98
66112;Montauriol;3.1;1.03
66113;Montbolo;2.8;-0.28
66114;Montescot;1.6;-1.48
66115;Montesquieu-des-Albères;2.6;0.87
66116;Montferrer;1.3;2.25
66117;Mont-Louis;0;-1.17
66118;Montner;2.5;-0.74
66119;Mosset;0.8;0.54
66120;Nahuja;0;-0.22
66121;Néfiach;1.1;1.14
66122;Nohèdes;0;-1.07
66123;Nyer;5.3;0
66124;Font-Romeu-Odeillo-Via;2.2;-1.53
66125;Olette;1.7;-1.59
66126;Oms;1.6;1.13
66127;Opoul-Périllos;2.3;0.7
66128;Oreilla;10;5.13
66129;Ortaffa;1.1;4.8
66130;Osséja;7.8;0.66
66132;Palau-de-Cerdagne;2.5;0.21
66133;Palau-del-Vidre;2;0.28
66134;Passa;1.5;5.99
66136;Perpignan;7.9;-0.12
66137;Le Perthus;2.7;-0.61
66138;Peyrestortes;2.5;4.55
66139;Pézilla-de-Conflent;0;-4.89
66140;Pézilla-la-Rivière;2.6;2.04
66141;Pia;1.6;3.89
66142;Planès;0;0.92
66143;Planèzes;9.1;-1.01
66144;Pollestres;2;2.21
66145;Ponteilla;0.7;1.42
66146;Porta;2.5;-2.1
66147;Porté-Puymorens;0;-0.16
66148;Port-Vendres;3.8;-0.86
66149;Prades;3.5;0.04
66150;Prats-de-Mollo-la-Preste;4.2;-0.6
66151;Prats-de-Sournia;0;0
66152;Prugnanes;3.7;-1.47
66153;Prunet-et-Belpuig;0;-1.41
66154;Puyvalador;0;-4.68
66155;Py;0;-2.51
66156;Rabouillet;13.6;-4.12
66157;Railleu;0;-4.33
66158;Rasiguères;0;1.37
66159;Réal;0;2.41
66160;Reynès;2.9;-1.66
66161;Ria-Sirach;2.3;-0.33
66162;Rigarda;5.1;1.27
66164;Rivesaltes;2.9;0.95
66165;Rodès;3;2.32
66166;Sahorre;2.9;0.86
66167;Saillagouse;0.9;0.89
66168;Saint-André;0.9;0.03
66169;Saint-Arnac;3.4;-2.56
66170;Sainte-Colombe-de-la-Commanderie;1.1;2.19
66171;Saint-Cyprien;2.2;2.03
66172;Saint-Estève;4.7;-0.24
66173;Saint-Féliu-d'Amont;2;2.36
66174;Saint-Féliu-d'Avall;2.5;0.99
66175;Saint-Génis-des-Fontaines;1.6;1.08
66176;Saint-Hippolyte;2.1;1.11
66177;Saint-Jean-Lasseille;0.5;0.42
66178;Saint-Jean-Pla-de-Corts;1.9;0.72
66179;Saint-Laurent-de-Cerdans;1.9;-1.62
66180;Saint-Laurent-de-la-Salanque;1.7;-0.6
66181;Sainte-Léocadie;3.3;0.99
66182;Sainte-Marie-la-Mer;2.9;0.01
66183;Saint-Marsal;0;-1.31
66184;Saint-Martin-de-Fenouillet;0;-3.1
66185;Saint-Michel-de-Llotes;1.9;0.81
66186;Saint-Nazaire;0.8;1.2
66187;Saint-Paul-de-Fenouillet;2.2;-0.69
66188;Saint-Pierre-dels-Forcats;1.7;-0.32
66189;Saleilles;1.9;1.65
66190;Salses-le-Château;1.8;1.75
66191;Sansa;0;4.36
66192;Sauto;0;1.55
66193;Serdinya;0;-0.9
66194;Serralongue;1.4;0.92
66195;Le Soler;2.9;0.49
66196;Sorède;1.2;1.26
66197;Souanyas;0;-4.16
66198;Sournia;1.1;-0.58
66199;Taillet;3.2;-0.31
66201;Tarerach;8.3;-2.48
66202;Targasonne;1;1.16
66203;Taulis;0;2.17
66204;Taurinya;2.1;-0.35
66205;Tautavel;1.2;0.73
66206;Le Tech;4;-0.34
66207;Terrats;0.9;3.66
66208;Théza;1.6;1.36
66209;Thuès-Entre-Valls;0;-5.28
66210;Thuir;2;1.41
66211;Tordères;5.8;2.76
66212;Torreilles;1.4;-0.11
66213;Toulouges;2.2;1.53
66214;Tresserre;1.5;1.75
66215;Trévillach;1.2;3.49
66216;Trilla;0;0.44
66217;Trouillas;1.1;2.05
66218;Ur;1.2;0.28
66219;Urbanya;0;-2.06
66220;Valcebollère;0;-2.99
66221;Valmanya;0;-0.48
66222;Vernet-les-Bains;4.2;0.98
66223;Villefranche-de-Conflent;3.9;-0.71
66224;Villelongue-de-la-Salanque;1.2;0.25
66225;Villelongue-dels-Monts;2.3;2.37
66226;Villemolaque;0.9;-0.94
66227;Villeneuve-de-la-Raho;2.2;1.94
66228;Villeneuve-la-Rivière;1.9;0.99
66230;Vinça;4.8;1.3
66231;Vingrau;1.3;-1.95
66232;Vira;0;0.61
66233;Vivès;2.9;0.66
66234;Le Vivier;0;-2.95
67001;Achenheim;7.7;3.57
67002;Adamswiller;7.3;1.24
67003;Albé;1.4;0.54
67004;Sommerau;3.2;0.1
67005;Alteckendorf;7.7;-0.5
67006;Altenheim;6.1;1.38
67008;Altorf;7.9;2.13
67009;Altwiller;0.6;-1.36
67010;Andlau;3.6;0.14
67011;Artolsheim;4.4;0.22
67012;Aschbach;1.7;-1.66
67013;Asswiller;6;-0.78
67016;Avolsheim;7.1;0.87
67017;Baerendorf;3.1;-0.38
67018;Balbronn;4.7;0.71
67019;Baldenheim;7.4;0.95
67020;Barembach;10.1;-1.21
67021;Barr;6.6;-0.3
67022;Bassemberg;4.9;-2.21
67023;Batzendorf;2.7;-0.42
67025;Beinheim;1.7;0.31
67026;Bellefosse;10.3;2.22
67027;Belmont;1.4;1.2
67028;Benfeld;10.2;0.53
67029;Berg;1;-1.12
67030;Bergbieten;3.5;0.61
67031;Bernardswiller;4;0.1
67032;Bernardvillé;3.2;-2.38
67033;Bernolsheim;8.3;0.22
67034;Berstett;6.6;0.33
67035;Berstheim;4.2;2.67
67036;Bettwiller;0.9;-0.38
67037;Biblisheim;6.8;0.19
67038;Bietlenheim;5;2.97
67039;Bilwisheim;6.9;2.5
67040;Bindernheim;2.9;0.42
67043;Bischheim;23.6;1.05
67044;Bischholtz;4.3;-1.81
67045;Bischoffsheim;8.4;0.14
67046;Bischwiller;7.7;-0.47
67047;Bissert;1.2;-0.21
67048;Bitschhoffen;4.1;0.33
67049;Blaesheim;6;1.02
67050;Blancherupt;0;-3.86
67051;Blienschwiller;6.2;-1.05
67052;Bœrsch;4.9;0.02
67053;Bœsenbiesen;6.5;0.05
67054;Bolsenheim;9.8;1.7
67055;Boofzheim;6.1;0.24
67056;Bootzheim;4.1;1.57
67057;Bosselshausen;9.3;1.39
67058;Bossendorf;11.4;-0.68
67059;Bourg-Bruche;7.2;-3.45
67060;Bourgheim;2.4;0.72
67061;Bouxwiller;4.4;-1.52
67062;Breitenau;7;1.68
67063;Breitenbach;1.9;0.02
67065;Breuschwickersheim;7.6;1.12
67066;La Broque;6.9;-0.66
67067;Brumath;11.4;0.75
67068;Buswiller;8.1;1.02
67069;Buhl;0.4;-0.58
67070;Burbach;1.5;0.49
67071;Bust;2.6;0.11
67072;Butten;3.8;-0.58
67073;Châtenois;9.5;0.42
67074;Cleebourg;0.7;-2.14
67075;Climbach;2;1.1
67076;Colroy-la-Roche;5.5;-0.66
67077;Cosswiller;5.1;0.72
67078;Crastatt;2.4;1.26
67079;Crœttwiller;1.2;0.76
67080;Dachstein;9.8;-0.51
67081;Dahlenheim;5;0.69
67082;Dalhunden;6;1.42
67083;Dambach;2.8;0.31
67084;Dambach-la-Ville;4.9;0.25
67085;Dangolsheim;3.8;-0.96
67086;Daubensand;2.5;0.8
67087;Dauendorf;3.2;-0.13
67088;Dehlingen;1.2;-0.8
67089;Dettwiller;13.1;-0.29
67090;Diebolsheim;3.3;-0.75
67091;Diedendorf;1.5;0.36
67092;Dieffenbach-au-Val;4.7;0.39
67093;Dieffenbach-lès-Wœrth;2.1;-0.82
67094;Dieffenthal;6.1;0.64
67095;Diemeringen;5.5;-0.29
67096;Dimbsthal;5.5;0.79
67097;Dingsheim;6.2;-0.93
67098;Dinsheim-sur-Bruche;6.2;0.44
67099;Domfessel;7.6;-0.82
67100;Donnenheim;6.7;0.85
67101;Dorlisheim;10.7;0.05
67102;Dossenheim-Kochersberg;1.1;2.16
67103;Dossenheim-sur-Zinsel;7.4;-0.42
67104;Drachenbronn-Birlenbach;1.8;-5.79
67105;Drulingen;3.3;-0.81
67106;Drusenheim;6.3;0.83
67107;Duntzenheim;2.9;0.57
67108;Duppigheim;6.8;2.8
67109;Durningen;3.3;1.32
67110;Durrenbach;3;0.37
67111;Durstel;3.7;0.53
67112;Duttlenheim;6.2;0.41
67113;Eberbach-Seltz;1.2;0.59
67115;Ebersheim;5.7;0.41
67116;Ebersmunster;4.4;1.7
67117;Eckartswiller;5.5;-0.16
67118;Eckbolsheim;13.4;1.22
67119;Eckwersheim;9.6;1.38
67120;Eichhoffen;3.9;-1.18
67121;Elsenheim;1.6;-0.41
67122;Wangenbourg-Engenthal;5.8;-0.36
67123;Engwiller;3;-1.12
67124;Entzheim;7.2;1.94
67125;Epfig;4.5;-0.26
67126;Erckartswiller;4.5;-0.79
67127;Ergersheim;5.6;1.71
67128;Ernolsheim-Bruche;7.7;0.61
67129;Ernolsheim-lès-Saverne;7;0.39
67130;Erstein;8.5;0.63
67131;Eschau;7.1;2.3
67132;Eschbach;3.1;0.5
67133;Eschbourg;3.1;-0.95
67134;Eschwiller;2.2;-0.84
67135;Ettendorf;5.8;-0.72
67136;Eywiller;1.8;-0.66
67137;Fegersheim;8.2;0.16
67138;Fessenheim-le-Bas;4.3;0.74
67139;Flexbourg;3.3;0.57
67140;Forstfeld;2.2;1.79
67141;Forstheim;3.2;0.57
67142;Fort-Louis;4.8;-0.97
67143;Fouchy;4.8;-0.56
67144;Fouday;8.4;-0.1
67145;Friedolsheim;3.9;1.8
67146;Friesenheim;4.5;-0.16
67147;Frœschwiller;2.9;-0.43
67148;Frohmuhl;16.4;-2.52
67149;Furchhausen;8.5;-0.99
67150;Furdenheim;8.2;2.9
67151;Gambsheim;8.3;1.53
67152;Geispolsheim;12.4;0.62
67153;Geiswiller-Zœbersdorf;7.9;-0.38
67154;Gerstheim;6.4;0.11
67155;Gertwiller;5.1;0.33
67156;Geudertheim;5.5;1.47
67159;Gœrlingen;1.8;-2.54
67160;Gœrsdorf;1.7;-0.37
67161;Gottenhouse;7.9;-0.75
67162;Gottesheim;5;0.67
67163;Gougenheim;3.3;-0.31
67164;Goxwiller;5.1;-0.26
67165;Grandfontaine;4.9;-0.79
67166;Grassendorf;0.8;0.59
67167;Grendelbruch;4.4;0.21
67168;Gresswiller;8.5;-0.19
67169;Gries;6.8;0.15
67172;Griesheim-près-Molsheim;5;1.32
67173;Griesheim-sur-Souffel;4.8;1.55
67174;Gumbrechtshoffen;3.7;-0.9
67176;Gundershoffen;3.7;0.68
67177;Gunstett;3.7;-1.06
67178;Gungwiller;1.5;0.35
67179;Haegen;8.3;-0.84
67180;Haguenau;9.1;0.76
67181;Handschuheim;8.4;0.24
67182;Hangenbieten;9.4;2.88
67183;Harskirchen;2.1;0.75
67184;Hatten;1;0.02
67185;Hattmatt;4.2;-1.37
67186;Hegeney;4.2;0.59
67187;Heidolsheim;9.6;1.8
67188;Heiligenberg;4.9;0.89
67189;Heiligenstein;3.1;-0.53
67190;Hengwiller;1;0.7
67191;Herbitzheim;2.5;-0.14
67192;Herbsheim;4.8;0.84
67194;Herrlisheim;8.7;-0.57
67195;Hessenheim;6.2;-0.19
67196;Hilsenheim;5.1;-0.24
67197;Hindisheim;6.4;0.98
67198;Hinsbourg;7.1;0.58
67199;Hinsingen;0;-1.97
67200;Hipsheim;5.5;-0.02
67201;Hirschland;0.8;-2.01
67202;Hochfelden;9.8;0.34
67203;Hochstett;5.8;2.31
67204;Hœnheim;21.7;0.33
67205;Hœrdt;8.4;0.88
67206;Hoffen;3.2;0.15
67208;Hohengœft;4.8;0.34
67209;Hohfrankenheim;4.1;0.94
67210;Le Hohwald;1.9;0.3
67212;Holtzheim;7.8;1.22
67213;Hunspach;2.2;-0.32
67214;Hurtigheim;4;5.06
67215;Huttendorf;6.8;-0.6
67216;Huttenheim;8.5;-0.07
67217;Ichtratzheim;5.6;3.97
67218;Illkirch-Graffenstaden;18.2;0.31
67220;Ingenheim;3.1;2.36
67221;Ingolsheim;1.2;2.85
67222;Ingwiller;10.1;-0.3
67223;Innenheim;2.9;0.74
67225;Issenhausen;9.4;0
67226;Ittenheim;8.4;-0.35
67227;Itterswiller;2.5;-1.73
67228;Neugartheim-Ittlenheim;1.4;-0.25
67229;Jetterswiller;1.2;-0.35
67230;Kaltenhouse;5.5;1.52
67231;Kauffenheim;2.7;0.46
67232;Keffenach;1.9;1.46
67233;Kertzfeld;9;-0.19
67234;Keskastel;2.7;-0.51
67235;Kesseldorf;1.3;1.65
67236;Kienheim;5.1;-0.75
67237;Kilstett;8.7;0.07
67238;Kindwiller;2.6;0.34
67239;Kintzheim;7.6;0.71
67240;Kirchheim;5.8;0.17
67241;Kirrberg;3.5;-1.23
67242;Kirrwiller;4.9;-0.55
67244;Kleingœft;2.7;0.32
67245;Knœrsheim;2.9;-3.04
67246;Kogenheim;8.8;-0.48
67247;Kolbsheim;6.7;0.99
67248;Krautergersheim;3.7;1.03
67249;Krautwiller;12.6;-0.72
67250;Kriegsheim;7.4;-0.15
67252;Kurtzenhouse;8.7;0.59
67253;Kuttolsheim;5.6;0.6
67254;Kutzenhausen;2.9;0.09
67255;Lalaye;4.1;0.7
67256;Lampertheim;8;2.46
67257;Lampertsloch;2.1;-0.86
67258;Landersheim;5;-1.01
67259;Langensoultzbach;2.7;-0.49
67260;Laubach;1.3;-0.32
67261;Lauterbourg;4;0.32
67263;Lembach;2.7;-0.54
67264;Leutenheim;3.3;-0.22
67265;Lichtenberg;6.6;-0.85
67266;Limersheim;8.5;0.55
67267;Lingolsheim;17.1;1.81
67268;Lipsheim;11;0.79
67269;Littenheim;9.9;0.81
67270;Lixhausen;4.9;-0.5
67271;Lobsann;4.8;0.57
67272;Lochwiller;5.1;-1.62
67273;Lohr;5.2;-1.03
67274;Lorentzen;4.8;-0.57
67275;Lupstein;6.7;0.79
67276;Lutzelhouse;9.4;0.15
67277;Mackenheim;5.9;0.22
67278;Mackwiller;2.5;-1.9
67279;Maennolsheim;1.8;0.5
67280;Maisonsgoutte;3.4;-0.25
67281;Marckolsheim;3.1;0.95
67282;Marlenheim;11.2;-0.13
67283;Marmoutier;4.5;-0.01
67285;Matzenheim;6.1;0.99
67286;Meistratzheim;3.3;0.76
67287;Melsheim;5;-0.75
67288;Memmelshoffen;2;-0.66
67289;Menchhoffen;4.2;0.19
67290;Merkwiller-Pechelbronn;3.3;0.07
67291;Mertzwiller;5.8;0.03
67292;Mietesheim;2.4;0
67293;Minversheim;7.9;0.85
67295;Mittelbergheim;3.8;-1.55
67296;Mittelhausbergen;10.3;1.18
67298;Mittelschaeffolsheim;5.9;0.03
67299;Mollkirch;8.8;-0.86
67300;Molsheim;14.5;0.08
67301;Mommenheim;10.9;3.65
67302;Monswiller;9;-0.93
67303;Morsbronn-les-Bains;5.8;0.05
67304;Morschwiller;1.9;0.53
67305;Mothern;1.4;-0.89
67306;Muhlbach-sur-Bruche;8.6;0.38
67307;Mulhausen;5.3;-1.44
67308;Munchhausen;1.5;1.47
67309;Mundolsheim;10.7;1.67
67310;Mussig;5.6;-0.28
67311;Muttersholtz;8.5;2.07
67312;Mutzenhouse;7.4;-0.07
67313;Mutzig;10.1;0.3
67314;Natzwiller;4.8;-0.68
67315;Neewiller-près-Lauterbourg;2;0.13
67317;Neubois;4.6;-1.01
67319;Neuhaeusel;1;2.37
67320;Neuve-Église;3.2;-0.37
67321;Neuviller-la-Roche;9.5;-0.88
67322;Neuwiller-lès-Saverne;6.5;-0.3
67324;Niederbronn-les-Bains;3.8;-0.09
67325;Niederhaslach;9;-0.35
67326;Niederhausbergen;8.1;1.83
67327;Niederlauterbach;1.1;-0.45
67328;Niedermodern;4.5;-0.56
67329;Niedernai;3;-0.07
67330;Niederrœdern;1.9;-0.48
67331;Niederschaeffolsheim;3;-0.55
67333;Niedersoultzbach;7;1.98
67334;Niedersteinbach;0;-1.51
67335;Nordheim;3;1.23
67336;Nordhouse;7.2;-0.02
67337;Nothalten;3;-1.28
67338;Obenheim;7.3;0.01
67339;Betschdorf;2.3;0.3
67340;Oberbronn;2.4;-1.61
67341;Oberdorf-Spachbach;1.8;2.58
67342;Oberhaslach;4.3;-0.27
67343;Oberhausbergen;12.6;0.82
67344;Oberhoffen-lès-Wissembourg;2.1;-1.03
67345;Oberhoffen-sur-Moder;5.4;1.9
67346;Oberlauterbach;1.4;0.4
67347;Obermodern-Zutzendorf;10.5;0.89
67348;Obernai;7.2;1.96
67349;Oberrœdern;1.1;-0.7
67350;Oberschaeffolsheim;9.8;1.82
67351;Seebach;2;-0.55
67352;Obersoultzbach;7.5;-1.77
67353;Obersteinbach;3.2;0.73
67354;Odratzheim;8.9;1.26
67355;Oermingen;4.3;-2.16
67356;Offendorf;5.5;-0.05
67358;Offwiller;3.5;0.06
67359;Ohlungen;3.1;0.92
67360;Ohnenheim;2.9;2.18
67361;Olwisheim;5.4;-0.14
67362;Orschwiller;6.7;0.51
67363;Osthoffen;4.3;-0.41
67364;Osthouse;7.2;0.57
67365;Ostwald;20.3;0.99
67366;Ottersthal;15.2;3.24
67367;Otterswiller;8.3;-0.5
67368;Ottrott;5.5;0.49
67369;Ottwiller;3.9;-0.99
67370;Petersbach;1.8;0.94
67371;La Petite-Pierre;4.8;-0.68
67372;Val-de-Moder;4.2;-0.29
67373;Pfalzweyer;4.6;0.05
67375;Pfulgriesheim;4.8;-0.04
67377;Plaine;3.3;-0.1
67378;Plobsheim;6.8;0.14
67379;Preuschdorf;3.6;-0.39
67380;Printzheim;4.9;0.33
67381;Puberg;9.5;-0.38
67382;Quatzenheim;4.8;-0.56
67383;Rangen;3.1;0.24
67384;Ranrupt;4.8;-1.68
67385;Ratzwiller;6.1;-1.22
67386;Rauwiller;4.1;1.24
67387;Reichsfeld;2.6;-0.45
67388;Reichshoffen;4.1;0.04
67389;Reichstett;11.4;0.46
67391;Reinhardsmunster;5.3;-0.56
67392;Reipertswiller;6.1;-0.6
67394;Retschwiller;3.1;-0.36
67395;Reutenbourg;8.7;-1.65
67396;Rexingen;4.4;-0.16
67397;Rhinau;4.1;-0.11
67398;Richtolsheim;1.1;2.03
67400;Riedseltz;3.2;0.53
67401;Rimsdorf;0.7;-0.93
67403;Ringendorf;6.2;0.89
67404;Rittershoffen;2.1;0.02
67405;Rœschwoog;4.6;-0.17
67406;Rohr;4.7;3.9
67407;Rohrwiller;3.3;-0.54
67408;Romanswiller;9.6;-1.01
67409;Roppenheim;3.5;0.98
67410;Rosenwiller;5.4;-1.44
67411;Rosheim;8.3;1.04
67412;Rossfeld;6.6;0.65
67413;Rosteig;14.1;-2.4
67414;Rothau;10.3;-1.02
67415;Rothbach;5.8;-0.14
67416;Rott;3.3;-0.21
67417;Rottelsheim;5.3;-1.04
67418;Rountzenheim-Auenheim;5.3;0.47
67420;Russ;7.2;-0.4
67421;Saales;10.2;-0.04
67422;Saasenheim;3.1;-0.7
67423;Saessolsheim;4;1.12
67424;Saint-Blaise-la-Roche;13.4;0.7
67425;Saint-Jean-Saverne;10.4;-1.1
67426;Saint-Martin;1.7;0.88
67427;Saint-Maurice;7;-2.61
67428;Saint-Nabor;4.7;0.77
67429;Saint-Pierre;3.5;-0.95
67430;Saint-Pierre-Bois;4.4;0.06
67432;Salmbach;1.7;0.26
67433;Sand;5.3;2.26
67434;Sarre-Union;3.6;-0.67
67435;Sarrewerden;3.2;-0.73
67436;Saulxures;3.2;-0.36
67437;Saverne;12.8;0.26
67438;Schaeffersheim;8.8;-0.1
67440;Schaffhouse-près-Seltz;2.1;-0.36
67441;Schalkendorf;6.6;0.25
67442;Scharrachbergheim-Irmstett;4.7;1.56
67443;Scheibenhard;1.3;1.15
67444;Scherlenheim;7.1;-1.91
67445;Scherwiller;9.7;-0.26
67446;Schillersdorf;5.6;-0.86
67447;Schiltigheim;21.9;1.3
67448;Schirmeck;8.6;-1.23
67449;Schirrhein;2.4;0.38
67450;Schirrhoffen;3.9;2.25
67451;Schleithal;1.7;-0.69
67452;Schnersheim;4.9;2.76
67453;Schœnau;1.2;0.28
67454;Schœnbourg;1.5;-2.54
67455;Schœnenbourg;3.3;0.55
67456;Schopperten;0.5;-0.94
67458;Schweighouse-sur-Moder;5.4;0.67
67459;Schwenheim;4.2;-0.51
67460;Schwindratzheim;11.6;1.14
67461;Schwobsheim;5.6;0
67462;Sélestat;14;0.34
67463;Seltz;2.7;-0.72
67464;Sermersheim;6.6;0.94
67465;Sessenheim;4.7;0.04
67466;Siegen;0.7;0.26
67467;Siewiller;3.2;-0.35
67468;Siltzheim;2;-0.84
67470;Solbach;6.8;0.16
67471;Souffelweyersheim;10.7;0.67
67472;Soufflenheim;2.9;-0.46
67473;Soultz-les-Bains;4.8;0.11
67474;Soultz-sous-Forêts;5.7;-0.25
67475;Sparsbach;8.3;-0.14
67476;Stattmatten;5.6;1.51
67477;Steige;4.5;0.82
67478;Steinbourg;9.1;-0.74
67479;Steinseltz;0.7;0.27
67480;Still;4.6;-0.05
67481;Stotzheim;4.2;1.16
67482;Strasbourg;27.9;0.73
67483;Struth;9.4;-2.06
67484;Stundwiller;0.7;0.88
67485;Stutzheim-Offenheim;4.8;2.83
67486;Sundhouse;4.6;-0.08
67487;Surbourg;4.2;0.38
67488;Thal-Drulingen;2.3;0.54
67489;Thal-Marmoutier;4.8;1.04
67490;Thanvillé;4.4;0.49
67491;Tieffenbach;14.1;-1.42
67492;Traenheim;6.2;0.18
67493;Triembach-au-Val;2.8;-1.61
67494;Trimbach;0.3;0.38
67495;Truchtersheim;5.1;1.23
67497;Uhlwiller;3.8;-0.56
67498;Uhrwiller;4.7;0.05
67499;Urbeis;6.9;-0.36
67500;Urmatt;8.9;-0.12
67501;Uttenheim;10.3;0.88
67502;Uttenhoffen;2;1.36
67503;Uttwiller;8.3;-0.42
67504;Valff;1.6;0.72
67505;La Vancelle;6.4;0
67506;Vendenheim;14.4;1.39
67507;Villé;4.1;-0.87
67508;Vœllerdingen;3.1;0.95
67509;Volksberg;5.5;-0.14
67510;Wahlenheim;2.4;6.05
67511;Walbourg;4.9;0.25
67513;Waldersbach;5.7;-1.33
67514;Waldhambach;3;-0.22
67515;Waldolwisheim;3.8;-0.74
67516;Waltenheim-sur-Zorn;11.4;0.03
67517;Wangen;10.4;-1.84
67519;La Wantzenau;8.1;0.21
67520;Wasselonne;8.7;0.4
67521;Weinbourg;6.3;1.19
67522;Weislingen;8.1;0.5
67523;Weitbruch;3.6;-0.84
67524;Weiterswiller;8.2;-0.29
67525;Westhoffen;5.2;0.44
67526;Westhouse;10;1.19
67527;Westhouse-Marmoutier;1.8;4.85
67528;Weyer;3;-2.02
67529;Weyersheim;9.9;0.88
67530;Wickersheim-Wilshausen;4;-0.21
67531;Wildersbach;8.1;-0.58
67532;Willgottheim;5.9;-0.36
67534;Wilwisheim;7.4;0.92
67535;Wimmenau;6.7;-0.66
67536;Windstein;1.2;0.89
67537;Wingen;1.5;-0.15
67538;Wingen-sur-Moder;11.3;-0.59
67539;Wingersheim les Quatre Bans;5;0.49
67540;Wintershouse;3.7;-0.84
67541;Wintzenbach;0.7;-0.77
67542;Wintzenheim-Kochersberg;4.9;4.88
67543;Wisches;8.2;-0.4
67544;Wissembourg;5.1;-0.13
67545;Witternheim;5.7;-0.16
67546;Wittersheim;4.5;2.06
67547;Wittisheim;3.7;0.25
67548;Wiwersheim;4.6;0.45
67550;Wœrth;1.5;-0.65
67551;Wolfisheim;10.6;0.21
67552;Wolfskirchen;5.2;-0.53
67553;Wolschheim;3.4;-0.32
67554;Wolxheim;5.4;0.16
67555;Zehnacker;3.8;0.4
67556;Zeinheim;4.4;1.97
67557;Zellwiller;2.9;0.76
67558;Zinswiller;2.5;-1.11
67559;Zittersheim;10.1;-0.41
68001;Algolsheim;3.2;-0.22
68002;Altenach;2.7;-0.35
68004;Altkirch;6.2;-0.59
68005;Ammerschwihr;4;-2
68006;Bernwiller;2.2;0.52
68007;Andolsheim;4.5;0.12
68008;Appenwihr;2.2;0.49
68009;Artzenheim;3.1;0.41
68010;Aspach;2.1;0.19
68011;Aspach-le-Bas;1.4;-0.74
68012;Aspach-Michelbach;2.5;-0.49
68013;Attenschwiller;2.4;0.33
68014;Aubure;1.8;-0.05
68015;Baldersheim;3.1;-0.24
68016;Balgau;3.8;-0.45
68017;Ballersdorf;2;-0.14
68018;Balschwiller;1.9;-0.77
68019;Baltzenheim;2.5;-0.32
68020;Bantzenheim;2.8;0.02
68021;Bartenheim;8.2;1.44
68022;Battenheim;2.8;-0.03
68023;Beblenheim;2.3;-0.35
68024;Bellemagny;9.4;-3.91
68025;Bendorf;0;3.26
68026;Bennwihr;1.8;0.18
68027;Berentzwiller;0.6;0.91
68028;Bergheim;4.1;-0.68
68029;Bergholtz;3.2;0.16
68030;Bergholtzzell;4.7;-1.99
68032;Berrwiller;3.4;1.2
68033;Bettendorf;1.3;0.29
68034;Bettlach;0;-0.38
68035;Biederthal;6.9;0.67
68036;Biesheim;2;-0.31
68037;Biltzheim;4.2;1.6
68038;Bischwihr;2.4;2.97
68039;Bisel;1.2;-0.03
68040;Bitschwiller-lès-Thann;7.1;0.18
68041;Blodelsheim;1.5;1.11
68042;Blotzheim;4.8;2.19
68043;Bollwiller;5.9;0.52
68044;Le Bonhomme;1.1;-0.2
68045;Bourbach-le-Bas;2.8;-0.41
68046;Bourbach-le-Haut;0.5;-0.28
68049;Bouxwiller;4.9;-1.3
68050;Bréchaumont;1.7;-0.2
68051;Breitenbach-Haut-Rhin;4.2;-0.41
68052;Bretten;2.1;0.64
68054;Brinckheim;4.6;0.97
68055;Bruebach;6.7;-0.16
68056;Brunstatt-Didenheim;8.7;0.68
68057;Buethwiller;1.8;-1.79
68058;Buhl;2.2;-0.87
68059;Burnhaupt-le-Bas;0.7;1.12
68060;Burnhaupt-le-Haut;2;-0.7
68061;Buschwiller;3.6;0.39
68062;Carspach;4.1;0.3
68063;Cernay;4.3;0.17
68064;Chalampé;4.4;0.79
68065;Chavannes-sur-l'Étang;3.1;-0.86
68066;Colmar;11.2;-0.61
68067;Courtavon;2.8;-1.57
68068;Dannemarie;5.7;-0.01
68069;Dessenheim;1.7;0.51
68071;Diefmatten;0.7;1.03
68072;Dietwiller;4.7;-0.61
68073;Dolleren;0.5;-0.36
68074;Durlinsdorf;0.4;-1.59
68075;Durmenach;2;-0.38
68076;Durrenentzen;1.4;3.15
68077;Eglingen;2.6;-0.05
68078;Eguisheim;3.1;0.07
68079;Elbach;1.5;0.83
68080;Emlingen;2.7;1.87
68081;Saint-Bernard;1.9;1.13
68082;Ensisheim;2.2;-0.23
68083;Eschbach-au-Val;3;0.73
68084;Eschentzwiller;5.6;0.23
68085;Eteimbes;1.5;0.6
68086;Falkwiller;2.9;1.59
68087;Feldbach;3.3;1.26
68088;Feldkirch;3.8;0.2
68089;Fellering;4.2;-0.36
68090;Ferrette;2.7;3.57
68091;Fessenheim;4.5;-0.43
68092;Fislis;0.5;-1.74
68093;Flaxlanden;4.3;-1.04
68094;Folgensbourg;1.8;-0.02
68095;Fortschwihr;4;0.42
68096;Franken;0.6;1.34
68097;Fréland;1.9;-0.73
68098;Friesen;3.3;0.66
68099;Frœningen;2.7;3.18
68100;Fulleren;2.7;-0.29
68101;Galfingue;2;0.04
68102;Geishouse;5.3;-0.68
68103;Geispitzen;6.6;2.25
68104;Geiswasser;0.5;0.73
68105;Gildwiller;2.3;-1.11
68106;Goldbach-Altenbach;1.5;-1.25
68107;Gommersdorf;2.6;1.75
68109;Griesbach-au-Val;5.6;-1.06
68110;Grussenheim;1.9;-0.33
68111;Gueberschwihr;3.6;-0.24
68112;Guebwiller;5.1;0.04
68113;Guémar;4.8;1.29
68114;Guevenatten;1.2;1.94
68115;Guewenheim;1.6;0.58
68116;Gundolsheim;5.7;0.49
68117;Gunsbach;3.1;-1.08
68118;Habsheim;8.1;0.77
68119;Hagenbach;1;1.68
68120;Hagenthal-le-Bas;3.9;1.88
68121;Hagenthal-le-Haut;1.8;2.51
68122;Hartmannswiller;2.7;0.72
68123;Hattstatt;4.7;1.45
68124;Hausgauen;1.1;-0.83
68125;Hecken;1.6;1.63
68126;Hégenheim;6;-0.21
68127;Heidwiller;3.1;1.27
68128;Heimersdorf;2.2;-0.28
68129;Heimsbrunn;1.5;0.14
68130;Heiteren;2.9;0.41
68131;Heiwiller;0;0.76
68132;Helfrantzkirch;1.4;0.77
68134;Herrlisheim-près-Colmar;4.2;0.96
68135;Hésingue;6.2;1.25
68136;Hettenschlag;1.7;0.59
68137;Hindlingen;2.1;-0.26
68138;Hirsingue;5.6;0.05
68139;Hirtzbach;1.6;0.1
68140;Hirtzfelden;2.9;0.65
68141;Hochstatt;2.6;0.44
68142;Hohrod;6.9;0.47
68143;Porte du Ried;2.4;1.24
68144;Hombourg;1.7;0.45
68145;Horbourg-Wihr;6.8;1.15
68146;Houssen;3.2;1.43
68147;Hunawihr;4;-1.55
68148;Hundsbach;1.1;0.57
68149;Huningue;11.3;0.45
68150;Husseren-les-Châteaux;4.4;-0.27
68151;Husseren-Wesserling;4.3;0.11
68152;Illfurth;5.1;-0.2
68153;Illhaeusern;3.4;0.66
68154;Illzach;9.4;0.64
68155;Ingersheim;5.2;0.29
68156;Issenheim;1.9;0.55
68157;Jebsheim;2.9;-0.4
68158;Jettingen;1.5;0.07
68159;Jungholtz;3.6;-0.17
68160;Kappelen;4.2;-0.46
68161;Katzenthal;2.5;-0.41
68162;Kaysersberg Vignoble;2.7;-0.78
68163;Kembs;4.1;1.67
68165;Kiffis;0;-0.62
68166;Kingersheim;5.3;0.14
68167;Kirchberg;2.3;-1.46
68168;Knœringue;0.6;-0.13
68169;Kœstlach;1.2;-0.3
68170;Kœtzingue;5.3;-0.59
68171;Kruth;5.6;-1.09
68172;Kunheim;2.7;1.02
68173;Labaroche;2.5;-0.13
68174;Landser;4.8;0.65
68175;Lapoutroie;2.8;-0.26
68176;Largitzen;1.8;1.09
68177;Lautenbach;2.6;-0.16
68178;Lautenbachzell;2.1;0.1
68179;Lauw;1;-0.39
68180;Leimbach;3.5;0.95
68181;Levoncourt;0;0.47
68182;Leymen;13.5;0.81
68183;Liebenswiller;13.7;-1.47
68184;Liebsdorf;1.3;-1.21
68185;Lièpvre;6.2;-0.87
68186;Ligsdorf;0.8;0.32
68187;Linsdorf;0;0.87
68188;Linthal;3.7;-0.53
68189;Logelheim;1.7;2.4
68190;Lucelle;0;-2
68191;Luemschwiller;4.3;-0.61
68192;Valdieu-Lutran;3.9;0.12
68193;Luttenbach-près-Munster;4.7;0.82
68194;Lutter;2.8;1.05
68195;Lutterbach;9.2;1.01
68196;Magny;5.6;-1.28
68197;Magstatt-le-Bas;3.3;1.53
68198;Magstatt-le-Haut;6.3;1.43
68199;Malmerspach;5.8;-0.84
68200;Manspach;4.6;-1.2
68201;Masevaux-Niederbruck;2.1;-0.83
68202;Mertzen;1.1;-1.68
68203;Merxheim;6.1;0.91
68204;Metzeral;5;-0.3
68205;Meyenheim;2.4;5.47
68207;Michelbach-le-Bas;3.4;0.26
68208;Michelbach-le-Haut;2.4;0.33
68209;Mittelwihr;1.1;0.3
68210;Mittlach;2;0.05
68211;Mitzach;2.8;-0.94
68212;Mœrnach;0;-1.03
68213;Mollau;0.7;-0.96
68214;Montreux-Jeune;6.3;0.09
68215;Montreux-Vieux;8.5;0.55
68216;Mooslargue;0.9;-0.8
68217;Moosch;4.9;-0.75
68218;Morschwiller-le-Bas;3.2;-0.28
68219;Le Haut Soultzbach;1.6;-1.16
68221;Muespach;0.9;0.77
68222;Muespach-le-Haut;1.4;1.01
68223;Muhlbach-sur-Munster;5.9;1.1
68224;Mulhouse;19.2;-0.63
68225;Munchhouse;4.3;-0.1
68226;Munster;5.2;0.54
68227;Muntzenheim;2.1;0.71
68228;Munwiller;1.2;-0.89
68229;Murbach;1.2;0.94
68230;Nambsheim;2.1;-0.31
68231;Neuf-Brisach;6;0.25
68232;Neuwiller;4.7;1.74
68234;Niederentzen;3.3;2.11
68235;Niederhergheim;1.9;0.72
68237;Niedermorschwihr;1.9;0.86
68238;Niffer;3.1;0.42
68239;Oberbruck;1.5;-0.17
68240;Illtal;1.7;-2.26
68241;Oberentzen;1.4;2.17
68242;Oberhergheim;3.6;1.35
68243;Oberlarg;0;-0.12
68244;Obermorschwihr;6.1;2.02
68245;Obermorschwiller;3.1;0.16
68246;Obersaasheim;2.7;0.16
68247;Oderen;6.2;-0.64
68248;Oltingue;0.6;-0.48
68249;Orbey;1.8;-0.46
68250;Orschwihr;1.5;-0.5
68251;Osenbach;3.5;-1.41
68252;Ostheim;2.2;0.59
68253;Ottmarsheim;4.3;1.79
68254;Petit-Landau;3.5;-0.24
68255;Pfaffenheim;2.2;-1.09
68256;Pfastatt;6.8;1.31
68257;Pfetterhouse;0.9;-0.56
68258;Pulversheim;3.2;0.75
68259;Raedersdorf;0.5;-0.91
68260;Raedersheim;4.8;0.71
68261;Rammersmatt;5.5;0.45
68262;Ranspach;7.4;-1.11
68263;Ranspach-le-Bas;3;-0.52
68264;Ranspach-le-Haut;2.1;0
68265;Rantzwiller;2;0.02
68266;Réguisheim;2.3;1.64
68267;Reiningue;2.8;-0.43
68268;Retzwiller;3.6;-0.43
68269;Ribeauvillé;4.4;-0.13
68270;Richwiller;6.4;0.44
68271;Riedisheim;11.4;-0.19
68273;Riespach;1.1;-0.46
68274;Rimbach-près-Guebwiller;0;1.94
68275;Rimbach-près-Masevaux;3.9;-1.29
68276;Rimbachzell;1.1;-0.52
68277;Riquewihr;4;-1.24
68278;Rixheim;8.6;0.06
68279;Roderen;2.5;0.24
68280;Rodern;6.8;1.93
68281;Roggenhouse;1.3;-0.25
68282;Romagny;3.7;1.33
68283;Rombach-le-Franc;5;-0.11
68284;Roppentzwiller;1.3;-0.83
68285;Rorschwihr;6.7;-0.49
68286;Rosenau;4.4;0.27
68287;Rouffach;6.5;-1.28
68288;Ruederbach;2;0.04
68289;Ruelisheim;4.5;1.39
68290;Rustenhart;2.5;2.24
68291;Rumersheim-le-Haut;1.8;-0.57
68292;Saint-Amarin;3.8;-0.7
68293;Saint-Cosme;0;-3.44
68294;Sainte-Croix-aux-Mines;4.9;-1.54
68295;Sainte-Croix-en-Plaine;3.5;0.41
68296;Saint-Hippolyte;5.6;-0.71
68297;Saint-Louis;16.6;1.47
68298;Sainte-Marie-aux-Mines;7.2;-0.57
68299;Saint-Ulrich;2.7;-0.27
68300;Sausheim;6;0.26
68301;Schlierbach;5.1;0.99
68302;Schweighouse-Thann;1.5;-0.63
68303;Schwoben;3.4;0
68304;Sentheim;1.7;-0.57
68305;Seppois-le-Bas;1.8;0.82
68306;Seppois-le-Haut;1.2;0.13
68307;Sewen;2.3;-0.5
68308;Sickert;0.7;0.31
68309;Sierentz;10;2.59
68311;Sondernach;1.5;-0.85
68312;Sondersdorf;1.5;-1.36
68313;Soppe-le-Bas;1.2;0.5
68315;Soultz-Haut-Rhin;3.7;-0.22
68316;Soultzbach-les-Bains;6.2;-0.32
68317;Soultzeren;1.4;0.35
68318;Soultzmatt;2.7;0.31
68320;Spechbach;2;0.78
68321;Staffelfelden;3.4;0.47
68322;Steinbach;4.5;-0.11
68323;Steinbrunn-le-Bas;3.9;2.76
68324;Steinbrunn-le-Haut;2.5;2.55
68325;Steinsoultz;1.2;-0.65
68326;Sternenberg;0;-1.11
68327;Stetten;3;-0.2
68328;Storckensohn;3.8;-1.91
68329;Stosswihr;1.2;-0.26
68330;Strueth;0.6;0.87
68331;Sundhoffen;3.9;0.2
68332;Tagolsheim;3.9;1.13
68333;Tagsdorf;0.7;0.93
68334;Thann;8.1;-0.15
68335;Thannenkirch;2.9;0.22
68336;Traubach-le-Bas;1.9;-0.94
68337;Traubach-le-Haut;3.9;0.81
68338;Turckheim;6.1;1.14
68340;Ueberstrass;2.1;-1.38
68341;Uffheim;7.2;3.73
68342;Uffholtz;4;-1.4
68343;Ungersheim;2.9;1.29
68344;Urbès;3.3;0.11
68345;Urschenheim;3.5;1.62
68347;Vieux-Ferrette;1.8;-0.78
68348;Vieux-Thann;5.8;0.1
68349;Village-Neuf;8.8;1.42
68350;Vœgtlinshoffen;4.7;-0.91
68351;Vogelgrun;5.9;-0.75
68352;Volgelsheim;4.9;0.44
68353;Wahlbach;2.1;-0.2
68354;Walbach;4.7;0.49
68355;Waldighofen;1.4;0.14
68356;Walheim;3.7;-0.26
68357;Waltenheim;5.6;-0.79
68358;Wasserbourg;1.4;0.22
68359;Wattwiller;2.3;0.02
68360;Weckolsheim;1.7;1.62
68361;Wegscheid;1.5;-0.41
68362;Wentzwiller;3.8;0.79
68363;Werentzhouse;0.6;2.29
68364;Westhalten;1;0.56
68365;Wettolsheim;5.6;0.42
68366;Wickerschwihr;2.8;-0.5
68367;Widensolen;1.1;0.34
68368;Wihr-au-Val;6.4;-0.77
68370;Wildenstein;1.5;-2.25
68371;Willer;0;-0.92
68372;Willer-sur-Thur;5.2;-0.8
68373;Winkel;0.7;-0.89
68374;Wintzenheim;5.8;1.1
68375;Wittelsheim;5;-0.11
68376;Wittenheim;4.9;1
68377;Wittersdorf;1.4;-0.75
68378;Wolfersdorf;3.7;-0.51
68379;Wolfgantzen;3.6;1.6
68380;Wolschwiller;2.3;-1.04
68381;Wuenheim;1.5;-0.62
68382;Zaessingue;4.6;0
68383;Zellenberg;2.1;-0.2
68384;Zillisheim;6.5;-0.52
68385;Zimmerbach;3.6;-0.46
68386;Zimmersheim;5.8;0.69
69001;Affoux;4.1;1.74
69002;Aigueperse;1.1;-0.81
69003;Albigny-sur-Saône;19.6;1.03
69004;Alix;8.1;0.31
69005;Ambérieux;6.7;1.63
69006;Amplepuis;12.8;-0.56
69007;Ampuis;3.9;0.29
69008;Ancy;2.8;1.19
69009;Anse;13.2;2.32
69010;L'Arbresle;13.4;0.12
69012;Les Ardillats;2;-0.29
69013;Arnas;7.4;3.03
69014;Aveize;0.8;-0.42
69016;Azolette;5.8;0.14
69017;Bagnols;3.9;1.22
69018;Beaujeu;4.6;-0.15
69019;Belleville-en-Beaujolais;12.7;1.25
69020;Belmont-d'Azergues;7.4;2.04
69021;Bessenay;5.5;0.62
69022;Bibost;6.7;-0.92
69023;Blacé;4.7;1.12
69024;Val d'Oingt;4.5;0.73
69026;Le Breuil;4.3;0.13
69027;Brignais;9.5;1.52
69028;Brindas;7.8;1.71
69029;Bron;28.8;0.71
69030;Brullioles;4.4;0.1
69031;Brussieu;5.2;0.06
69032;Bully;7.1;0.99
69033;Cailloux-sur-Fontaines;8.7;1.86
69034;Caluire-et-Cuire;25.4;0.22
69035;Cenves;5.7;-0.25
69036;Cercié;7.6;0.18
69037;Chambost-Allières;2.3;-0.28
69038;Chambost-Longessaigne;2.9;-0.29
69039;Chamelet;4.8;0.83
69040;Champagne-au-Mont-d'Or;19.3;1.49
69042;La Chapelle-sur-Coise;3;-0.35
69043;Chaponost;11.5;1.21
69044;Charbonnières-les-Bains;17.6;0.83
69045;Charentay;5.4;0.39
69046;Charly;7.3;0.51
69047;Charnay;6.9;-0.49
69049;Chasselay;14.2;0.74
69050;Châtillon;8.7;0.2
69051;Chaussan;3.5;1.41
69052;Chazay-d'Azergues;7.7;0.56
69053;Chénas;3.8;-0.52
69054;Chénelette;2.3;1.85
69055;Les Chères;7;0.6
69056;Chessy;7.2;0.02
69057;Chevinay;7.1;1.22
69058;Chiroubles;5.7;0.61
69059;Civrieux-d'Azergues;8.8;1.2
69060;Claveisolles;3;-2.89
69061;Cogny;4.1;0.39
69062;Coise;2.2;0.62
69063;Collonges-au-Mont-d'Or;11.9;2.14
69064;Condrieu;10.4;0.29
69065;Corcelles-en-Beaujolais;5.3;1.15
69066;Cours;3.9;-0.71
69067;Courzieu;5.8;1.24
69068;Couzon-au-Mont-d'Or;22.7;-0.12
69069;Craponne;16.1;1.46
69070;Cublize;4.8;1.14
69071;Curis-au-Mont-d'Or;17.9;0.23
69072;Dardilly;13;0.69
69074;Denicé;6.7;1.18
69075;Dième;1.1;0.17
69076;Dommartin;7.2;0.17
69077;Dracé;4.5;3.52
69078;Duerne;2.4;0.38
69080;Échalas;8.8;1.53
69081;Écully;17.3;-0.07
69082;Émeringes;6.3;1.72
69083;Éveux;13.5;-0.24
69084;Fleurie;6.1;1.22
69085;Fleurieu-sur-Saône;11.6;1.28
69086;Fleurieux-sur-l'Arbresle;11.1;-0.41
69087;Fontaines-Saint-Martin;10.4;0
69088;Fontaines-sur-Saône;19.1;0.01
69089;Francheville;19.1;1.56
69090;Frontenas;3.9;1.7
69091;Givors;13.7;1.36
69092;Gleizé;11.9;0.77
69093;Grandris;4.8;0.69
69094;Grézieu-la-Varenne;9.3;1.85
69095;Grézieu-le-Marché;1.1;0.45
69096;Grigny-sur-Rhône;11.8;0.56
69097;Les Haies;5.5;-1.13
69098;Les Halles;0;-0.41
69099;Haute-Rivoire;1.4;-0.29
69100;Irigny;11.5;0.57
69102;Joux;4.7;1.64
69103;Juliénas;3.1;-0.59
69104;Jullié;5.5;2.06
69105;Lacenas;7.7;1.38
69106;Lachassagne;9.6;3.49
69107;Lamure-sur-Azergues;5.2;0.05
69108;Lancié;8.1;0.99
69109;Lantignié;5.1;-0.69
69110;Larajasse;0.9;-0.33
69111;Légny;5.2;0.86
69112;Lentilly;12.1;3.09
69113;Létra;2.4;-0.45
69114;Porte des Pierres Dorées;6.9;1.7
69115;Limas;9.4;-0.02
69116;Limonest;9.8;1.14
69117;Lissieu;7.9;0.41
69118;Loire-sur-Rhône;6.2;1.12
69119;Longes;4.9;-0.17
69120;Longessaigne;3.3;-0.14
69121;Lozanne;14;3.17
69122;Lucenay;6.8;2.15
69123;Lyon;38;0.16
69124;Marchampt;3.4;-0.11
69125;Marcilly-d'Azergues;7.3;2.42
69126;Marcy;8.1;3.65
69127;Marcy-l'Étoile;16.1;-0.11
69130;Meaux-la-Montagne;5.2;-0.93
69131;Messimy;4.7;0.94
69132;Meys;1.1;0.06
69133;Millery;5.4;-0.07
69134;Moiré;4;3.21
69135;Deux-Grosnes;1.9;0.17
69136;Montagny;5.2;1.76
69137;Montmelas-Saint-Sorlin;3.4;1.28
69138;Montromant;0.9;-0.37
69139;Montrottier;2.4;0.01
69140;Morancé;9.6;2.32
69141;Mornant;5.5;1.5
69142;La Mulatière;27.4;0.61
69143;Neuville-sur-Saône;19.3;0.82
69145;Odenas;2.6;0.23
69148;Orliénas;3.5;1.5
69149;Oullins-Pierre-Bénite;31.1;0.41
69151;Le Perréon;2.5;-0.76
69153;Poleymieux-au-Mont-d'Or;12.6;1.21
69154;Pollionnay;4.8;2.81
69155;Pomeys;2.5;-0.18
69156;Pommiers;7.3;0.15
69157;Vindry-sur-Turdine;4.3;0.61
69160;Poule-les-Écharmeaux;5.5;-1.12
69161;Propières;2;0.98
69162;Quincié-en-Beaujolais;5.3;0.74
69163;Quincieux;14.1;0.79
69164;Ranchal;4.6;-0.32
69165;Régnié-Durette;4.4;0.66
69166;Riverie;4.1;-0.48
69167;Rivolet;0.7;0.29
69168;Rochetaillée-sur-Saône;15.5;0.31
69169;Ronno;2.9;0.5
69170;Rontalon;1.7;-0.13
69171;Sain-Bel;12;1.86
69172;Salles-Arbuissonnas-en-Beaujolais;3.6;-0.42
69173;Sarcey;4.1;-0.27
69174;Les Sauvages;7.8;-0.19
69175;Savigny;6.8;-0.39
69176;Soucieu-en-Jarrest;4.4;0.66
69177;Sourcieux-les-Mines;8.1;0.69
69178;Souzy;2.5;-0.86
69179;Beauvallon;5.9;0.92
69180;Saint-André-la-Côte;1.4;-0.6
69181;Saint-Appolinaire;3.7;2.14
69182;Saint-Bonnet-des-Bruyères;0;0.74
69183;Saint-Bonnet-le-Troncy;4;0.05
69184;Sainte-Catherine;2;-0.12
69186;Saint-Clément-de-Vers;0;-1.68
69187;Saint-Clément-les-Places;3.2;0.79
69188;Saint-Clément-sur-Valsonne;3.5;0.02
69189;Sainte-Colombe;13;0.53
69190;Sainte-Consorce;10.2;1.55
69191;Saint-Cyr-au-Mont-d'Or;12.3;1.64
69192;Saint-Cyr-le-Chatoux;2.6;1.7
69193;Saint-Cyr-sur-le-Rhône;5.2;-0.65
69194;Saint-Didier-au-Mont-d'Or;10.2;1.81
69196;Saint-Didier-sur-Beaujeu;3.4;-0.35
69197;Saint-Étienne-des-Oullières;3.7;0.34
69198;Saint-Étienne-la-Varenne;3.2;0.88
69199;Saint-Fons;25.2;0.86
69200;Saint-Forgeux;4.8;0.5
69201;Sainte-Foy-l'Argentière;3.6;0.08
69202;Sainte-Foy-lès-Lyon;21.2;-0.08
69203;Saint-Genis-l'Argentière;3.1;-1.07
69204;Saint-Genis-Laval;18.2;-0.17
69205;Saint-Genis-les-Ollières;12.7;1.61
69206;Saint-Georges-de-Reneins;6.2;0.64
69207;Saint-Germain-au-Mont-d'Or;29.2;-0.53
69208;Saint-Germain-Nuelles;7.3;-0.11
69209;Saint-Igny-de-Vers;1;-0.2
69212;Saint-Jean-des-Vignes;9.1;2.46
69214;Saint-Jean-la-Bussière;5.6;-0.62
69215;Saint-Julien;7.3;1.78
69216;Saint-Julien-sur-Bibost;3.8;1.24
69217;Saint-Just-d'Avray;3.5;-0.2
69218;Saint-Lager;5.3;0.34
69219;Saint-Laurent-d'Agny;3.4;-0.11
69220;Saint-Laurent-de-Chamousset;3.6;0.82
69225;Saint-Marcel-l'Éclairé;7;1.84
69227;Saint-Martin-en-Haut;3.6;0.13
69228;Chabanière;3.5;0.4
69229;Saint-Nizier-d'Azergues;2.3;-0.34
69230;Sainte-Paule;1.9;-0.1
69231;Saint-Pierre-la-Palud;8.2;-0.32
69233;Saint-Romain-au-Mont-d'Or;12.3;0.56
69234;Saint-Romain-de-Popey;6.7;1.49
69235;Saint-Romain-en-Gal;7.3;1.28
69236;Saint-Romain-en-Gier;5.8;0.48
69238;Saint-Symphorien-sur-Coise;6.5;0.43
69239;Saint-Vérand;4.7;-0.42
69240;Saint-Vincent-de-Reins;1.2;-0.44
69241;Taluyers;4.5;0.82
69242;Taponas;6.9;-1.13
69243;Tarare;9.6;0.54
69244;Tassin-la-Demi-Lune;23.5;0.34
69245;Ternand;1.5;1.83
69246;Theizé;5.8;1.18
69248;Thizy-les-Bourgs;7.2;-0.68
69249;Thurins;5.4;1.26
69250;La Tour-de-Salvagny;14.3;1.57
69252;Trèves;4.9;-0.18
69253;Tupin-et-Semons;4.7;0.87
69254;Valsonne;4.1;1.08
69255;Vaugneray;5.8;1.79
69256;Vaulx-en-Velin;31.3;1.31
69257;Vaux-en-Beaujolais;2.5;0.99
69258;Vauxrenard;2.6;-0.37
69259;Vénissieux;31.6;0.33
69260;Vernaison;12.9;1.01
69261;Vernay;0;1.98
69263;Villechenève;2.8;0.35
69264;Villefranche-sur-Saône;15.6;-0.47
69265;Ville-sur-Jarnioux;6.7;0.12
69266;Villeurbanne;41.1;1.42
69267;Villié-Morgon;4.1;0.18
69268;Vourles;3.8;-0.11
69269;Yzeron;1.6;-0.95
69270;Chaponnay;2.6;1.18
69271;Chassieu;11.3;1.54
69272;Communay;5.8;1.35
69273;Corbas;10.2;-0.02
69275;Décines-Charpieu;23.4;1.19
69276;Feyzin;15;-0.26
69277;Genas;6.8;1.06
69278;Genay;10.7;0.56
69279;Jonage;13.1;0.76
69280;Jons;7.4;1.39
69281;Marennes;1.8;3.09
69282;Meyzieu;19;1.67
69283;Mions;8.9;0.59
69284;Montanay;12;0.96
69285;Pusignan;8.2;0.33
69286;Rillieux-la-Pape;21.4;0.87
69287;Saint-Bonnet-de-Mure;5.1;0.39
69288;Saint-Laurent-de-Mure;5.2;0.82
69289;Saint-Pierre-de-Chandieu;2.8;0.25
69290;Saint-Priest;18.2;1.18
69291;Saint-Symphorien-d'Ozon;5.6;1.05
69292;Sathonay-Camp;18;2.91
69293;Sathonay-Village;13.6;0.51
69294;Sérézin-du-Rhône;12.1;2.57
69295;Simandres;3.5;1.07
69296;Solaize;6.1;1.19
69297;Ternay;6.9;0.44
69298;Toussieu;4.6;1.24
69299;Colombier-Saugnieu;3.7;1.58
70001;Abelcourt;0;-0.67
70002;Aboncourt-Gesincourt;1;0.08
70003;Achey;0;-0.24
70004;Adelans-et-le-Val-de-Bithaine;0;0.94
70005;Aillevans;3.6;-3.29
70006;Aillevillers-et-Lyaumont;0.9;-1.52
70007;Ailloncourt;3.4;0.11
70008;Ainvelle;2;0
70009;Aisey-et-Richecourt;2.5;-0.98
70010;Alaincourt;2.9;-2.77
70011;Amage;0.8;-2.22
70012;Amance;1.8;0.3
70013;Ambiévillers;0;-0.45
70014;Amblans-et-Velotte;0;0.29
70015;Amoncourt;0;-1.42
70016;Amont-et-Effreney;0;0
70017;Anchenoncourt-et-Chazel;0;-0.5
70018;Ancier;1.4;0.86
70019;Andelarre;1.4;1.91
70020;Andelarrot;0;0.7
70021;Andornay;1.1;-2.31
70022;Angirey;0;2.08
70023;Anjeux;0;0.12
70024;Apremont;1.8;-1.29
70025;Arbecey;0;-1.79
70026;Arc-lès-Gray;0.6;-0.85
70027;Argillières;3.1;-0.9
70028;Aroz;0;-1.01
70029;Arpenans;5.3;-0.21
70030;Arsans;0;-1.78
70031;Athesans-Étroitefontaine;3.9;-0.7
70032;Attricourt;0;1.49
70035;Augicourt;1.8;-0.48
70036;Aulx-lès-Cromary;0;-0.62
70037;Autet;2.4;-0.45
70038;Authoison;1.9;-0.21
70039;Autoreille;0.5;2.66
70040;Autrey-lès-Cerre;0;0.49
70041;Autrey-lès-Gray;2.4;0.62
70042;Autrey-le-Vay;0;0.37
70043;Auvet-et-la-Chapelotte;1.9;-0.42
70044;Auxon;1.6;-0.81
70045;Avrigney-Virey;2.1;-0.04
70046;Les Aynans;2.2;1.06
70047;Baignes;0;0.17
70048;Bard-lès-Pesmes;2.8;-1.06
70049;Barges;0;-2.36
70050;La Barre;0;-0.5
70051;La Basse-Vaivre;0;2.03
70052;Bassigney;0;-1.44
70053;Les Bâties;0;-0.64
70054;Battrans;0.8;-1.5
70055;Baudoncourt;0;-2.08
70056;Baulay;1.8;1.3
70057;Bay;0;3.21
70058;Beaujeu-Saint-Vallier-Pierrejux-et-Quitteur;0.7;-0.14
70059;Beaumotte-Aubertans;1.2;1.17
70060;Beaumotte-lès-Pin;1.7;-1.08
70061;Belfahy;3;0.82
70062;Belmont;0;0.73
70063;Belonchamp;0;0.49
70064;Belverne;3;-1.18
70065;Besnans;0;-0.86
70066;Betaucourt;0;1.45
70067;Betoncourt-lès-Brotte;0;-0.71
70069;Betoncourt-Saint-Pancras;0;-3.25
70070;Betoncourt-sur-Mance;0;-2.99
70071;Beulotte-Saint-Laurent;0;0.84
70072;Beveuge;0;0.79
70074;Blondefontaine;0;-3.13
70075;Bonboillon;5;-0.08
70076;Bonnevent-Velloreille;1.5;1.73
70077;Borey;0;-1.09
70078;Bougey;2.1;0.7
70079;Bougnon;0.4;-1.36
70080;Bouhans-et-Feurg;0;-0.68
70081;Bouhans-lès-Lure;2.4;-2.71
70082;Bouhans-lès-Montbozon;0;-1.87
70083;Bouligney;0;-0.49
70084;Boulot;1.5;-0.7
70085;Boult;0.9;2.94
70086;Bourbévelle;3.2;-1.48
70087;Bourguignon-lès-Conflans;0;-0.36
70088;Bourguignon-lès-la-Charité;0;-2.36
70089;Bourguignon-lès-Morey;0;-1.07
70090;Boursières;0;0.29
70091;Bousseraucourt;0;-1.74
70092;Bresilley;0;-1.66
70093;Breuches;1.2;-1.52
70094;Breuchotte;0;-0.11
70095;Breurey-lès-Faverney;0;-0.95
70096;Brevilliers;1.6;0.05
70097;Briaucourt;1;0.47
70098;Brotte-lès-Luxeuil;1.2;-0.82
70099;Brotte-lès-Ray;0;-2.11
70100;Broye-les-Loups-et-Verfontaine;2.1;-1.25
70101;Broye-Aubigney-Montseugny;1.8;1.19
70102;Brussey;0.8;0.66
70103;La Bruyère;1.2;-3.86
70104;Bucey-lès-Gy;1.2;-0.62
70105;Bucey-lès-Traves;0;4.06
70106;Buffignécourt;0;1.35
70107;Bussières;3.2;0.79
70109;Buthiers;1.8;1.12
70111;Calmoutier;0;0.38
70112;Cemboing;0;-1.42
70113;Cenans;1.6;1.59
70114;Cendrecourt;1.1;-0.49
70115;Cerre-lès-Noroy;0;0.5
70116;Chagey;0.7;-1.04
70117;Châlonvillars;2.5;0.01
70118;Chambornay-lès-Bellevaux;1.1;0.18
70119;Chambornay-lès-Pin;0;1.19
70120;Champagney;5.1;-0.6
70121;Champey;1.5;-1.41
70122;Champlitte;1.4;-0.75
70124;Champtonnay;0;-3.49
70125;Champvans;0;-0.84
70126;Chancey;1.1;-0.42
70127;Chantes;0;-1.76
70128;La Chapelle-lès-Luxeuil;1.2;-0.17
70129;La Chapelle-Saint-Quillain;0;-0.45
70130;Charcenne;0.5;-2.13
70132;Chargey-lès-Gray;0.4;-0.99
70133;Chargey-lès-Port;2;-0.07
70134;Chariez;1;0.78
70135;Charmes-Saint-Valbert;0;-4.43
70136;Charmoille;0.4;0.1
70137;Chassey-lès-Montbozon;0;1.13
70138;Chassey-lès-Scey;0;-1.81
70140;Châteney;3.4;1.1
70141;Châtenois;0;-1.36
70142;Chaumercenne;0;0.99
70143;Chauvirey-le-Châtel;0;-1.12
70144;Chauvirey-le-Vieil;0;-3.29
70145;Chaux-la-Lotière;0.4;2.78
70146;Chaux-lès-Port;0;0.85
70147;Chavanne;0.9;-1.47
70148;Chemilly;0;2.66
70149;Chenebier;0.7;0.05
70150;Chenevrey-et-Morogne;3;0.7
70151;Chevigney;0;0.46
70152;Colombine;1.4;0.45
70153;Cintrey;0;0.35
70154;Cirey;1.5;0.36
70155;Citers;0.9;0.13
70156;Citey;1.9;0.81
70157;Clairegoutte;5.2;-1.54
70158;Clans;3.9;-0.31
70159;Cognières;4.8;1.75
70160;Coisevaux;1.1;-1.35
70162;Colombe-lès-Vesoul;0.4;0.71
70163;Colombier;0.6;-0.41
70164;Colombotte;0;-3.89
70165;Combeaufontaine;0.8;0.49
70166;Comberjon;0;-2.44
70167;Conflandey;0.6;-0.32
70168;Conflans-sur-Lanterne;0.4;-1.47
70169;Confracourt;0;-0.16
70170;Contréglise;0;-0.44
70171;Corbenay;0.8;-0.52
70172;La Corbière;0;0.62
70174;Cordonnet;0;0.46
70175;Cornot;2;-0.98
70176;Corravillers;0;-2.25
70177;Corre;0;0.11
70178;La Côte;2.3;0.26
70179;Coulevon;0;-0.75
70180;Belles-Fontaines;1.6;-0.99
70181;Courcuire;0;0.74
70182;Courmont;0;-1.2
70183;Courtesoult-et-Gatey;0;-0.55
70184;Couthenans;2.1;-0.62
70185;Cresancey;0;0.09
70186;La Creuse;0;-0.68
70187;Crevans-et-la-Chapelle-lès-Granges;1.9;-0.9
70188;Creveney;0;-2.08
70189;Cromary;0.8;0.48
70190;Cubry-lès-Faverney;0;0.83
70192;Cugney;0;0.83
70193;Cult;0;0.07
70194;Cuve;0;-1.93
70195;Dambenoît-lès-Colombe;0;-0.36
70196;Dampierre-lès-Conflans;0.8;-0.51
70197;Dampierre-sur-Linotte;0.3;-0.78
70198;Dampierre-sur-Salon;0.2;-0.37
70199;Dampvalley-lès-Colombe;0;1.32
70200;Dampvalley-Saint-Pancras;0;4.78
70201;Delain;0;-2.56
70202;Demangevelle;1.1;-1.68
70203;La Demie;0;1.89
70204;Denèvre;0;-2.3
70205;Échavanne;1.3;-0.41
70206;Échenans-sous-Mont-Vaudois;2.4;2.24
70207;Échenoz-la-Méline;3.1;-0.15
70208;Échenoz-le-Sec;0;-0.96
70210;Écromagny;1.8;-0.65
70211;Écuelle;0;-1.42
70213;Éhuns;1;-1.37
70214;Équevilley;0;-0.55
70215;Errevet;2;0.53
70216;Esboz-Brest;0.9;0.34
70217;Esmoulières;0;0.17
70218;Esmoulins;0;-1.13
70219;Esprels;0;-0.37
70220;Essertenne-et-Cecey;1.6;0.32
70221;Étobon;0.8;-1.21
70222;Étrelles-et-la-Montbleuse;0;4.23
70224;Étuz;2.7;1.25
70225;Fahy-lès-Autrey;2.1;-2.04
70226;Fallon;0;0.11
70227;Faucogney-et-la-Mer;0.6;-3.64
70228;Faverney;1.1;0.4
70229;Faymont;5;-0.39
70230;Fédry;0;-0.35
70231;Ferrières-lès-Ray;0;2.31
70232;Ferrières-lès-Scey;0;0.78
70233;Les Fessey;0;-1.24
70234;Filain;0.9;-1.03
70235;Flagy;8.3;-2.04
70236;Fleurey-lès-Faverney;1.5;-0.29
70237;Fleurey-lès-Lavoncourt;3.2;1.29
70238;Fleurey-lès-Saint-Loup;0;-0.51
70239;Fondremand;0;0.17
70240;Fontaine-lès-Luxeuil;0.4;-0.33
70242;Fontenois-la-Ville;0;0
70243;Fontenois-lès-Montbozon;1.5;-0.36
70244;Fouchécourt;0;1.62
70245;Fougerolles-Saint-Valbert;0.8;-0.36
70247;Fouvent-Saint-Andoche;2;-1.57
70248;Frahier-et-Chatebier;1.5;0.24
70249;Francalmont;0;-0.7
70250;Franchevelle;2.8;2.58
70251;Francourt;0;-0.49
70252;Framont;0;0.66
70253;Frasne-le-Château;3.3;0.23
70254;Frédéric-Fontaine;0;0.82
70255;Fresne-Saint-Mamès;1.9;-0.6
70256;Fresse;2.1;-0.88
70257;Fretigney-et-Velloreille;1.7;0.34
70258;Froideconche;1.9;-0.01
70259;Froideterre;1.9;-0.14
70260;Frotey-lès-Lure;0.9;-0.07
70261;Frotey-lès-Vesoul;5;-0.81
70262;Genevreuille;0;-1.86
70263;Genevrey;1;-0.07
70265;Germigney;0;-2.8
70267;Gevigney-et-Mercey;0.8;1.39
70268;Gézier-et-Fontenelay;2.4;0.79
70269;Girefontaine;0;-2.82
70271;Gouhenans;2.7;-1.49
70272;Gourgeon;0;-3.83
70273;Grammont;0;0.77
70274;Grandecourt;0;1.46
70275;Grandvelle-et-le-Perrenot;0.6;0.49
70276;Granges-la-Ville;1.2;-0.45
70277;Granges-le-Bourg;0;0.04
70278;Grattery;0;0.16
70279;Gray;3.2;-0.08
70280;Gray-la-Ville;1.1;-0.6
70282;Gy;2;-0.73
70283;Haut-du-Them-Château-Lambert;0.7;0.49
70284;Hautevelle;0;-0.71
70285;Héricourt;3.5;-0.19
70286;Hugier;1.7;-1.09
70287;Hurecourt;5.6;2.3
70288;Hyet;3.5;-0.55
70289;Igny;0;1.34
70290;Jasney;1.1;-4.68
70291;Jonvelle;0;-3.62
70292;Jussey;3.2;-0.99
70293;Lambrey;2.9;-4.08
70294;Lantenot;2.3;0.47
70295;La Lanterne-et-les-Armonts;1.2;-1.14
70296;Larians-et-Munans;0;1.77
70297;Larret;0;1.39
70298;Lavigney;0;0
70299;Lavoncourt;0;0.93
70301;Lieffrans;0;-2.4
70302;Lieucourt;0;-1.31
70303;Liévans;2.7;1.13
70304;Linexert;2.6;-2.01
70305;Lœuilley;2.6;-1.79
70306;Lomont;1.4;1.35
70307;Longevelle;2;-1.21
70308;La Longine;0;-2.42
70309;Loulans-Verchamp;0.5;0.07
70310;Lure;5.3;-0.69
70311;Luxeuil-les-Bains;3;-0.13
70312;Luze;2.2;2.71
70313;Lyoffans;0.5;2.59
70314;Magnivray;0;-0.5
70315;Magnoncourt;0.9;-0.97
70316;Le Magnoray;0;-0.93
70317;Les Magny;0;0.82
70318;Magny-Danigon;3.1;0.45
70319;Magny-Jobert;7.1;3.11
70320;Magny-lès-Jussey;0;-1.5
70321;Magny-Vernois;2.3;0.16
70322;Mailleroncourt-Charette;0.9;0.3
70323;Mailleroncourt-Saint-Pancras;0;-0.44
70324;Mailley-et-Chazelot;0;-0.95
70325;Maizières;0.7;-1.33
70326;La Malachère;2.2;-0.22
70327;Malans;0;0.5
70328;Malbouhans;4.9;-0.68
70329;Malvillers;0;1.03
70330;Mandrevillars;2.8;5.73
70331;Mantoche;0;0.11
70332;Marast;0;-0.66
70334;Marnay;1.6;0.47
70335;Maussans;8;-2.94
70336;Mélecey;0;-1.63
70337;Melin;0;-0.3
70338;Melincourt;2.3;-1.23
70339;Mélisey;2;-0.37
70340;Membrey;0;0.16
70341;Menoux;0;-0.28
70342;Mercey-sur-Saône;4.5;-0.5
70343;Mersuay;0;-0.7
70344;Meurcourt;1.3;0.9
70347;Mignavillers;1.1;1.34
70348;Moffans-et-Vacheresse;4.7;-0.38
70349;Moimay;0;0.21
70350;Molay;11.5;0
70351;Mollans;0.8;-0.07
70352;La Montagne;0;0
70353;Montagney;0.6;-0.42
70355;Montarlot-lès-Rioz;1.3;1.69
70356;Montboillon;0;2.16
70357;Montbozon;0;-1.51
70358;Montcey;1.6;-0.73
70359;Montcourt;0;-0.93
70360;Montdoré;3.1;-0.47
70361;Montessaux;3.9;0.6
70362;Montigny-lès-Cherlieu;0;-4.25
70363;Montigny-lès-Vesoul;0.3;-0.82
70364;Montjustin-et-Velotte;0;-0.27
70366;Villers-Chemin-et-Mont-lès-Étrelles;0;0.14
70367;Mont-le-Vernois;2.7;2.47
70368;Montot;0;0.12
70369;Mont-Saint-Léger;0;-1.64
70371;Montureux-et-Prantigny;1.3;-1.49
70372;Montureux-lès-Baulay;0;0.53
70373;La Roche-Morey;0;1.35
70374;Motey-Besuche;2;-2.64
70376;Nantilly;1;-1.67
70378;Navenne;2.7;-0.8
70380;Neurey-en-Vaux;0;-3.86
70381;Neurey-lès-la-Demie;1;1.03
70383;Neuvelle-lès-Cromary;2.4;2.2
70384;Neuvelle-lès-la-Charité;0;-0.22
70385;La Neuvelle-lès-Lure;3;-1.51
70386;La Neuvelle-lès-Scey;1.3;-1.4
70387;Noidans-le-Ferroux;0;-1.48
70388;Noidans-lès-Vesoul;4.8;-0.17
70389;Noiron;0;0.29
70390;Noroy-le-Bourg;0;0.5
70392;Oigney;13.3;-2.59
70393;Oiselay-et-Grachaux;0;0.39
70394;Onay;6.7;0.83
70395;Oppenans;3.2;1.16
70396;Oricourt;0;-1.84
70397;Ormenans;2.8;2.11
70398;Ormoiche;0;0.5
70399;Ormoy;0;-1.09
70400;Ouge;2.3;0.63
70401;Ovanches;1.4;2.49
70402;Oyrières;0;-1.11
70403;Palante;1.7;0.63
70404;Passavant-la-Rochère;1;-2.16
70405;Pennesières;2;0.35
70406;Percey-le-Grand;2.3;-1.99
70407;Perrouse;2.7;0.86
70408;Pesmes;0.7;-0.15
70409;Pierrecourt;0;-0.31
70410;Pin;2.3;0.97
70411;La Pisseure;0;1.34
70412;Plainemont;0;-0.98
70413;Plancher-Bas;5.1;-0.93
70414;Plancher-les-Mines;1.6;-1.65
70415;Polaincourt-et-Clairefontaine;0;-3.3
70416;Pomoy;0;-0.98
70417;Pontcey;0.7;-0.39
70418;La Romaine;2.8;0.29
70419;Pont-du-Bois;0;0.9
70420;Pont-sur-l'Ognon;3.7;-2.58
70421;Port-sur-Saône;1.4;-0.18
70422;Poyans;1.5;0.12
70423;Preigney;0;1.05
70425;La Proiselière-et-Langle;0;0
70426;Provenchère;0;-1.71
70427;Purgerot;1.5;-0.84
70428;Pusey;8.7;-0.6
70429;Pusy-et-Épenoux;0.4;-0.27
70430;La Quarte;0;-0.26
70431;Quenoche;1.9;-0.61
70432;Quers;0.6;-1.26
70433;Quincey;2.3;-0.46
70435;Raddon-et-Chapendu;0.9;-0.29
70436;Raincourt;0;-1.98
70437;Ranzevelle;0;-1.94
70438;Ray-sur-Saône;1.4;0.24
70439;Raze;2.4;1.43
70440;Recologne;0;0.53
70441;Recologne-lès-Rioz;0;1.36
70442;Renaucourt;0;1.84
70443;La Grande-Résie;0;1.17
70444;La Résie-Saint-Martin;0;1.75
70445;Rignovelle;2.3;1.6
70446;Rigny;1.7;1.29
70447;Rioz;2.8;1.41
70448;Roche-et-Raucourt;1.6;-1.14
70449;Roche-sur-Linotte-et-Sorans-les-Cordiers;0;0
70450;La Rochelle;0;2.41
70451;Ronchamp;3.3;-0.13
70452;Rosey;0;-1.19
70453;La Rosière;2.8;-0.21
70454;Rosières-sur-Mance;0;1.29
70455;Roye;0.8;-0.91
70456;Ruhans;1.4;-0.97
70457;Rupt-sur-Saône;0;-1.06
70459;Saint-Barthélemy;1.6;-0.33
70460;Saint-Bresson;0;-0.7
70461;Saint-Broing;3.3;-1.04
70462;Saint-Ferjeux;5.9;0.21
70463;Saint-Gand;3.4;0.73
70464;Saint-Germain;2.3;0.36
70466;Saint-Loup-Nantouard;0;0.99
70467;Saint-Loup-sur-Semouse;2;-2.21
70468;Saint-Marcel;0;-0.9
70469;Sainte-Marie-en-Chanois;0;-0.32
70470;Sainte-Marie-en-Chaux;0;-0.41
70471;Sainte-Reine;0;-6.53
70472;Saint-Rémy-en-Comté;1;-4.26
70473;Saint-Sauveur;1.6;0.06
70474;Saint-Sulpice;2;-1.84
70476;Saponcourt;0;3.18
70477;Saulnot;2.7;0.6
70478;Saulx;2.1;-0.62
70479;Sauvigney-lès-Gray;0;-1.31
70480;Sauvigney-lès-Pesmes;1.4;1.44
70481;Savoyeux;0;-1.92
70482;Scey-sur-Saône-et-Saint-Albin;1.7;-0.24
70483;Scye;0;0.12
70484;Secenans;3.9;0.82
70485;Selles;0;0.31
70486;Semmadon;0;-1.88
70487;Senargent-Mignafans;6.5;-0.74
70488;Senoncourt;0;-1.78
70489;Servance-Miellin;1.1;-1.33
70490;Servigney;0;0.4
70491;Seveux-Motey;0.5;-0.28
70492;Soing-Cubry-Charentenay;0;0.24
70493;Sorans-lès-Breurey;1.6;-0.12
70494;Sornay;0;1.02
70496;Tartécourt;0;0
70498;Ternuay-Melay-et-Saint-Hilaire;1.6;-2.09
70499;Theuley;2;-1.11
70500;Thieffrans;1.3;-0.98
70501;Thiénans;0;3.12
70502;Tincey-et-Pontrebeau;0;-0.6
70503;Traitiéfontaine;2.4;-0.21
70504;Traves;0;-0.47
70505;Le Tremblois;0;-2.63
70506;Trémoins;2.4;0.26
70507;Trésilley;0.8;3.56
70509;Tromarey;0;4.4
70510;Vadans;0;-0.25
70511;Vaite;2.2;1.06
70512;La Vaivre;0;0.23
70513;Vaivre-et-Montoille;3.2;0.13
70514;Valay;1.9;-1.01
70515;Le Val-de-Gouhenans;3.3;0.51
70516;Vallerois-le-Bois;1.1;-1.69
70517;Vallerois-Lorioz;0.9;2.43
70518;Le Val-Saint-Éloi;0;-0.85
70519;Vandelans;1.8;-0.89
70520;Vanne;0;4.46
70521;Vantoux-et-Longevelle;0;0.28
70522;Varogne;2.7;1.7
70523;Vars;0;-1.46
70524;Vauchoux;0;0.99
70525;Vauconcourt-Nervezain;0;0.08
70526;Vauvillers;1.5;-1.67
70527;Vaux-le-Moncelot;3;1.58
70528;Velesmes-Échevanne;1.2;0.17
70529;Velet;0;-0.48
70531;Velleclaire;0;-0.96
70532;Vellefaux;0.4;1.41
70533;Vellefrey-et-Vellefrange;0;-1.14
70534;Vellefrie;0;-1.17
70535;Velleguindry-et-Levrecey;3.6;-0.32
70536;Velle-le-Châtel;2;-1.26
70537;Velleminfroy;2.9;-0.28
70538;Vellemoz;2.8;0.79
70539;Vellexon-Queutrey-et-Vaudey;0.5;0.46
70540;Velloreille-lès-Choye;0;0.63
70541;Velorcey;0;-0.87
70542;Venère;2.2;-1.16
70544;La Vergenne;0;-1.44
70545;Venisey;0;-0.61
70546;Vereux;0;-1.98
70547;Verlans;3.9;-1.61
70548;Vernois-sur-Mance;0;-2.12
70549;La Vernotte;0;0.66
70550;Vesoul;6.8;0.34
70552;Villafans;1.1;-0.98
70553;Villargent;0;-0.98
70554;Villars-le-Pautel;0;-1.16
70555;La Villedieu-en-Fontenette;0;-0.78
70558;La Villeneuve-Bellenoye-et-la-Maize;0;1.96
70559;Villeparois;1.1;-1.81
70560;Villers-Bouton;0;1.79
70561;Villersexel;0.8;-0.21
70562;Villers-la-Ville;0;1.47
70563;Villers-le-Sec;0.5;-0.22
70564;Villers-lès-Luxeuil;0.7;0.43
70565;Villers-Pater;8.3;-0.34
70566;Villers-sur-Port;0;-1.13
70567;Villers-sur-Saulnot;1.7;-0.75
70568;Villers-Vaudey;0;-0.85
70569;Vilory;0;0
70571;Visoncourt;0;-1.29
70572;Vitrey-sur-Mance;2.4;1.54
70573;La Voivre;2.1;-4.54
70574;Volon;0;-1.12
70575;Voray-sur-l'Ognon;3.4;0.93
70576;Vougécourt;0;1.51
70577;Vouhenans;1.8;0.67
70578;Vregille;1.3;0.48
70579;Vyans-le-Val;2;-1.83
70580;Vy-le-Ferroux;0;0.32
70581;Vy-lès-Lure;2.5;1.27
70582;Vy-lès-Rupt;0;-3.16
70583;Vy-lès-Filain;0;1.92
71001;L'Abergement-de-Cuisery;5.3;0.57
71002;L'Abergement-Sainte-Colombe;0.7;0.3
71003;Allerey-sur-Saône;0;0.02
71004;Allériot;1.3;0.33
71005;Aluze;1.7;-0.47
71006;Amanzé;1.5;1.63
71007;Ameugny;5.2;-0.2
71008;Anglure-sous-Dun;0;-1.31
71009;Anost;2.2;-0.72
71010;Antully;0.9;-0.58
71011;Anzy-le-Duc;0;-1.81
71012;Artaix;0.7;0.9
71013;Authumes;2.9;2
71014;Autun;2.4;-0.48
71015;Auxy;1.4;-0.71
71016;Azé;1.2;0.87
71017;Ballore;2.8;0.19
71018;Bantanges;0.5;0.33
71019;Barizey;1.3;0.12
71020;Barnay;0;-1.44
71021;Baron;1.6;-0.87
71022;Baudemont;1.5;-0.52
71023;Baudrières;0.4;1.05
71024;Baugy;0;-0.46
71025;Beaubery;0.7;-0.5
71026;Beaumont-sur-Grosne;1.2;-0.54
71027;Beaurepaire-en-Bresse;0.7;1.2
71028;Beauvernois;0;-2.78
71029;Bellevesvre;0;1.8
71030;Bergesserin;1.2;-0.75
71031;Berzé-le-Châtel;0;-0.87
71032;Berzé-la-Ville;4.8;1.02
71033;Bey;1;0.77
71034;Bissey-sous-Cruchaud;4.9;-0.54
71035;Bissy-la-Mâconnaise;1;-0.16
71036;Bissy-sous-Uxelles;0;-0.24
71037;Bissy-sur-Fley;2.9;-1.9
71038;Les Bizots;1.4;0.32
71039;Blanot;1;2.5
71040;Blanzy;3.3;-0.72
71041;Bois-Sainte-Marie;5;-1.29
71042;Bonnay-Saint-Ythaire;1.8;-0.55
71043;Les Bordes;0;-0.58
71044;Bosjean;2.2;-0.11
71045;Bouhans;0;0.29
71046;La Boulaye;2.4;-1.14
71047;Bourbon-Lancy;1.2;-1.29
71048;Bourg-le-Comte;0;-1.21
71050;Bourgvilain;1.4;1.67
71051;Bouzeron;4.3;-0.85
71052;Boyer;3.7;0.4
71054;Bragny-sur-Saône;0.3;1.31
71056;Branges;1.2;0.06
71057;Bray;0;0.13
71058;Bresse-sur-Grosne;2.5;-0.18
71059;Le Breuil;1.4;-0.39
71060;Briant;1.2;0.59
71061;Brienne;2.9;0.28
71062;Brion;0.8;-0.28
71063;Broye;1.9;-0.09
71064;Bruailles;0.2;-0.29
71065;Buffières;4.6;0.06
71066;Burgy;0;-0.71
71067;Burnand;0;-0.8
71068;Burzy;3.8;-1.63
71069;Bussières;3.3;0.79
71070;Buxy;2;0.71
71071;Céron;0;-0.06
71072;Cersot;0;0.71
71073;Chagny;5.7;-0.61
71074;Chaintré;4.4;-0.23
71075;Chalmoux;0.8;-0.08
71076;Chalon-sur-Saône;9;-0.32
71077;Chambilly;1.6;-1.38
71078;Chamilly;2.9;-1.09
71079;Champagnat;2;0.44
71080;Champagny-sous-Uxelles;3;-2.37
71081;Champforgeuil;4.9;0.82
71082;Champlecy;3.3;-1.08
71084;Chânes;3;-0.53
71085;Change;2.9;-0.23
71086;Changy;0.9;-0.77
71087;Chapaize;8.3;1.48
71088;La Chapelle-au-Mans;0;0
71089;La Chapelle-de-Bragny;3.8;-0.88
71090;La Chapelle-de-Guinchay;4.4;-0.28
71091;La Chapelle-du-Mont-de-France;1.4;0.27
71092;La Chapelle-Naude;1;-1.74
71093;La Chapelle-Saint-Sauveur;0.8;-0.93
71094;La Chapelle-sous-Brancion;9.3;1.48
71095;La Chapelle-sous-Dun;2.5;-0.34
71096;La Chapelle-sous-Uchon;0;0.98
71097;La Chapelle-Thècle;2.3;1.56
71098;Charbonnat;0;-1.6
71099;Charbonnières;0.7;0.15
71100;Chardonnay;3.1;0.58
71101;Charette-Varennes;2.3;-0.82
71102;La Charmée;1;-0.43
71103;Charmoy;0.7;2.22
71104;Charnay-lès-Chalon;0;0.71
71105;Charnay-lès-Mâcon;4.6;1.85
71106;Charolles;1.1;0.18
71107;Charrecey;2.3;0.78
71108;Chasselas;2.3;0
71109;Chassey-le-Camp;3.4;0.94
71110;Chassigny-sous-Dun;2.1;-0.41
71111;Chassy;0;-1.19
71112;Château;2.9;0.51
71113;Châteauneuf;2.6;-3.47
71115;Châtel-Moron;2.2;-2.9
71116;Châtenay;1.7;0.5
71117;Châtenoy-en-Bresse;2.6;-0.39
71118;Châtenoy-le-Royal;5;0.01
71119;Chaudenay;2.7;0.22
71120;Chauffailles;2.4;-0.28
71121;La Chaux;0;0.91
71122;Cheilly-lès-Maranges;1.1;-0.15
71123;Chenay-le-Châtel;1.3;-0.7
71124;Chenôves;0;0.16
71125;Chérizet;0;-1.65
71126;Chevagny-les-Chevrières;5.6;0.17
71127;Chevagny-sur-Guye;5.3;-6.02
71128;Chiddes;0;-2.23
71129;Chissey-en-Morvan;1;0.93
71130;Chissey-lès-Mâcon;2.3;-0.71
71132;Ciry-le-Noble;1.2;-0.55
71133;La Clayette;2.7;-0.82
71134;Navour-sur-Grosne;2.4;0.31
71135;Clessé;1.8;-0.57
71136;Clessy;0.9;2.43
71137;Cluny;2.6;0.78
71139;Collonge-en-Charollais;4.4;1.4
71140;Collonge-la-Madeleine;0;-2.36
71141;Colombier-en-Brionnais;1.5;0.27
71142;La Comelle;2.2;1.86
71143;Condal;3.1;1.05
71144;Cordesse;0;0.61
71145;Cormatin;4;0.21
71146;Cortambert;4.2;2.48
71147;Cortevaix;1.7;-0.2
71148;Coublanc;1.2;-0.08
71149;Couches;0.8;-1.94
71150;Crêches-sur-Saône;4.4;1.08
71151;Créot;0;-0.41
71152;Cressy-sur-Somme;0;-1.28
71153;Le Creusot;4.2;-0.95
71154;Crissey;3.3;-0.05
71155;Cronat;0;-1.16
71156;Cruzille;3.8;0.19
71157;Cuiseaux;2.3;0.03
71158;Cuisery;2.1;0.36
71159;Culles-les-Roches;3.6;0.25
71160;Curbigny;0;-0.59
71161;Curdin;0;1.02
71162;Curgy;0.4;-0.62
71163;Curtil-sous-Buffières;2.2;0.93
71164;Curtil-sous-Burnand;2;0.49
71165;Cussy-en-Morvan;0.9;-2.33
71166;Cuzy;0;-1.29
71167;Damerey;0.8;-0.39
71168;Dampierre-en-Bresse;0;0.19
71169;Davayé;4.2;-0.05
71170;Demigny;1.5;-0.18
71171;Dennevy;3.5;-0.33
71172;Dettey;0;1.39
71173;Devrouze;0.8;0.95
71174;Dezize-lès-Maranges;4.3;-0.98
71175;Diconne;1.3;1.21
71176;Digoin;1.6;-0.94
71177;Dommartin-lès-Cuiseaux;1;0.6
71178;Dompierre-les-Ormes;2.4;-0.61
71179;Dompierre-sous-Sanvignes;0;0
71181;Donzy-le-Pertuis;0;-2.01
71182;Dracy-le-Fort;3.3;2.48
71183;Dracy-lès-Couches;1.3;0.22
71184;Dracy-Saint-Loup;1.5;1.7
71185;Dyo;2;-0.94
71186;Écuelles;1.6;-1.49
71187;Écuisses;3.4;0.4
71188;Épertully;0;0.53
71189;Épervans;3.1;0.36
71190;Épinac;2;-0.58
71191;Essertenne;3.5;0.21
71192;Étang-sur-Arroux;2.6;-1.01
71193;Étrigny;2.4;0.35
71194;Farges-lès-Chalon;3.2;1.03
71195;Farges-lès-Mâcon;1.9;0.53
71196;Le Fay;0.7;-0.5
71198;Flacey-en-Bresse;1.2;0.79
71199;Flagy;3.3;0.59
71200;Fleury-la-Montagne;0.3;0.88
71201;Fley;1.2;-2.39
71202;Fontaines;4.1;-0.9
71203;Fontenay;4;5.33
71204;Fragnes-La Loyère;2.6;-0.59
71205;Frangy-en-Bresse;0.8;1.24
71206;La Frette;1.7;0.54
71207;Fretterans;0;-0.23
71208;Frontenard;1.3;-1.98
71209;Frontenaud;1.5;-0.23
71210;Fuissé;3.3;-1.22
71212;Génelard;1.4;0.57
71213;La Genête;2;-0.12
71214;Genouilly;1.2;-0.43
71215;Gergy;1.7;0.26
71216;Germagny;1.2;-0.83
71217;Germolles-sur-Grosne;1.4;0.39
71218;Gibles;0.9;-0.74
71219;Gigny-sur-Saône;3.2;0.94
71220;Gilly-sur-Loire;1.1;-0.69
71221;Givry;2.8;-0.31
71222;Gourdon;1.8;-0.39
71223;La Grande-Verrière;3.8;-0.03
71224;Grandvaux;2.6;2.08
71225;Granges;1.6;1.09
71226;Grevilly;0;-5.28
71227;Grury;1.7;-1.38
71228;Guerfand;0.9;1.64
71229;Les Guerreaux;0.9;-0.85
71230;Gueugnon;0.9;-1.32
71231;La Guiche;2.7;-0.63
71232;Hautefond;2.2;-0.65
71233;L'Hôpital-le-Mercier;0;-0.11
71234;Huilly-sur-Seille;3.5;1.18
71235;Hurigny;4.2;-0.77
71236;Igé;1.3;0.44
71237;Igornay;1.4;-1.06
71238;Iguerande;1.1;-0.02
71239;Issy-l'Évêque;0.4;-1
71240;Jalogny;1.6;1.97
71241;Jambles;5;-0.58
71242;Joncy;1;-0.61
71243;Joudes;2;-1.12
71244;Jouvençon;3.3;1.15
71245;Jugy;1.9;0.36
71246;Juif;0;-0.79
71247;Jully-lès-Buxy;2;-0.65
71248;Lacrost;2.2;-0.72
71249;Laives;2.6;-1.27
71250;Laizé;2.8;0.68
71251;Laizy;1.8;0.25
71252;Lalheue;1.1;-2.48
71253;Lans;2.3;0.39
71254;Lays-sur-le-Doubs;5.6;1.98
71255;Lesme;1.3;-1.64
71256;Lessard-en-Bresse;0;0.33
71257;Lessard-le-National;4.4;1.07
71258;Leynes;5.8;-0.58
71259;Ligny-en-Brionnais;1.8;2.39
71261;Loisy;1.6;1.06
71262;Longepierre;3.5;-1.1
71263;Louhans;1.8;0.35
71264;Lournand;2.8;-0.66
71266;Lucenay-l'Évêque;1.4;-0.1
71267;Lugny;1.5;-0.73
71268;Lugny-lès-Charolles;1.3;-1.18
71269;Lux;2.2;-0.8
71270;Mâcon;7.9;0.65
71271;Mailly;0;-0.88
71272;Malay;1.9;0.08
71273;Maltat;1;-0.35
71274;Mancey;1.2;0.17
71275;Marcigny;1.5;-0.91
71276;Marcilly-la-Gueurce;1.7;2.41
71277;Marcilly-lès-Buxy;1.3;-0.5
71278;Marigny;0;1.27
71279;Le Rousset-Marizy;0.4;-1.77
71280;Marly-sous-Issy;2.8;-1.36
71281;Marly-sur-Arroux;0;-1.79
71282;Marmagne;1.2;0.45
71283;Marnay;1.8;-0.7
71284;Martailly-lès-Brancion;0;-2.23
71285;Martigny-le-Comte;0.5;-0.68
71286;Mary;3.9;3.09
71287;Massilly;3.4;-2.61
71289;Matour;0.9;0.97
71290;Mazille;2.7;0.55
71291;Melay;0.2;-0.31
71292;Mellecey;1.4;0.3
71293;Ménetreuil;0;0
71294;Mercurey;3;0.56
71295;Mervans;1.3;0
71296;Messey-sur-Grosne;1.4;-0.07
71297;Mesvres;0.7;-0.38
71299;Milly-Lamartine;1.1;-0.2
71300;Le Miroir;2.1;-0.17
71301;Mont;1.3;-2.7
71302;Montagny-lès-Buxy;1;-1.18
71303;Montagny-près-Louhans;1;2.02
71305;Montbellet;0.8;1.23
71306;Montceau-les-Mines;4.2;-1.65
71307;Montceaux-l'Étoile;0;0.17
71308;Montceaux-Ragny;6.7;-0.53
71309;Montcenis;1.8;-2.58
71310;Montchanin;3.5;-0.38
71311;Montcony;1.7;-1.57
71312;Montcoy;0;-0.68
71313;Monthelon;0.6;-0.44
71314;Montjay;1.2;-0.08
71315;Mont-lès-Seurre;2.4;1.01
71316;Montmelard;2.8;0.33
71317;Montmort;0;0.36
71318;Montpont-en-Bresse;1;-0.02
71319;Montret;6.5;-0.87
71320;Mont-Saint-Vincent;1.7;-1.19
71321;Morey;2.1;-0.93
71322;Morlet;2.8;-2.58
71323;Mornay;0;1.74
71324;Moroges;2.3;0.69
71325;La Motte-Saint-Jean;1.9;-0.52
71326;Mouthier-en-Bresse;0;-0.04
71327;Mussy-sous-Dun;0.6;-0.88
71328;Nanton;2;0.52
71329;Navilly;3.8;-0.99
71330;Neuvy-Grandchamp;0.3;-0.29
71331;Nochize;0;-1.85
71332;Ormes;0.5;0.03
71333;Oslon;2.2;-0.19
71334;Oudry;1.1;-0.3
71335;Ouroux-sous-le-Bois-Sainte-Marie;3.1;-0.25
71336;Ouroux-sur-Saône;1.2;0.59
71337;Oyé;0.8;-0.78
71338;Ozenay;5.1;0.44
71339;Ozolles;1.4;-2.47
71340;Palinges;0.8;-1.2
71341;Palleau;0.7;1.16
71342;Paray-le-Monial;1.8;0.17
71343;Paris-l'Hôpital;1.6;-0.62
71344;Passy;0;1.77
71345;Péronne;0.6;0.33
71346;Perrecy-les-Forges;0.4;-1.12
71347;Perreuil;2.1;0.54
71348;Perrigny-sur-Loire;3.9;0.48
71349;La Petite-Verrière;0;-1.33
71350;Pierreclos;1.4;-1.11
71351;Pierre-de-Bresse;0.7;-0.05
71352;Le Planois;3.2;-1.63
71353;Plottes;4.2;0.49
71354;Poisson;0.8;-0.21
71355;Pontoux;2.8;0.31
71356;Pouilloux;1.2;-0.81
71357;Pourlans;2.4;1.18
71358;Pressy-sous-Dondin;5.1;1.01
71359;Préty;1.7;1.16
71360;Prissé;1.9;-1.44
71361;Prizy;3.7;-2.94
71362;Pruzilly;2.4;0.2
71363;Le Puley;0;-3.16
71364;La Racineuse;0;-0.1
71365;Rancy;1.9;1.92
71366;Ratenelle;0.7;-1.04
71367;Ratte;1.2;0.27
71368;Reclesne;0;-2.3
71369;Remigny;1.5;-0.94
71370;Rigny-sur-Arroux;1.2;-0.81
71371;La Roche-Vineuse;2.6;0.29
71372;Romanèche-Thorins;4;0.08
71373;Romenay;1.9;0.61
71374;Rosey;3.9;-0.41
71376;Roussillon-en-Morvan;1;0.37
71377;Royer;1.5;0.74
71378;Rully;4.7;0.27
71379;Sagy;0.4;0.16
71380;Saillenard;0.6;0.61
71381;Sailly;2.9;-4.1
71382;Saint-Agnan;2;-0.45
71383;Saint-Albain;1.2;1.47
71384;Saint-Ambreuil;0;0.58
71385;Saint-Amour-Bellevue;2.2;1.24
71386;Saint-André-en-Bresse;2;4.69
71387;Saint-André-le-Désert;0;-0.4
71388;Saint-Aubin-en-Charollais;0;0.45
71389;Saint-Aubin-sur-Loire;3.7;-1.87
71390;Saint-Berain-sous-Sanvignes;0.8;0.14
71391;Saint-Bérain-sur-Dheune;1.5;-0.42
71392;Saint-Boil;2.1;0.07
71393;Saint-Bonnet-de-Cray;1.4;0.88
71394;Saint-Bonnet-de-Joux;2.8;1
71395;Saint-Bonnet-de-Vieille-Vigne;0;1.71
71396;Saint-Bonnet-en-Bresse;1.9;0.41
71397;Sainte-Cécile;1.4;-0.52
71398;Saint-Christophe-en-Bresse;0.6;-0.84
71399;Saint-Christophe-en-Brionnais;0.9;-0.32
71400;Saint-Clément-sur-Guye;1.6;0.99
71401;Sainte-Croix-en-Bresse;1.5;0.54
71402;Saint-Cyr;0.9;0.76
71403;Saint-Denis-de-Vaux;0;0.68
71404;Saint-Désert;0.7;0.57
71405;Saint-Didier-en-Bresse;0;-0.09
71406;Saint-Didier-en-Brionnais;0;-2.38
71407;Saint-Didier-sur-Arroux;0.9;-1.01
71408;Saint-Edmond;2.2;1.57
71409;Saint-Émiland;1.3;-2.62
71410;Saint-Étienne-en-Bresse;1.9;-0.02
71411;Saint-Eugène;0;0.34
71412;Saint-Eusèbe;2.7;-0.14
71413;Saint-Firmin;0.3;-1.94
71414;Saint-Forgeot;0;-1.7
71415;Sainte-Foy;4.3;0.47
71416;Saint-Gengoux-de-Scissé;0.7;-0.42
71417;Saint-Gengoux-le-National;5.1;0.05
71419;Saint-Germain-du-Bois;0.6;0.3
71420;Saint-Germain-du-Plain;1.5;0.6
71421;Saint-Germain-en-Brionnais;1.3;-1.35
71422;Saint-Germain-lès-Buxy;0;-0.38
71423;Saint-Gervais-en-Vallière;4.1;-0.08
71424;Saint-Gervais-sur-Couches;0;0.57
71425;Saint-Gilles;4.4;1.05
71426;Sainte-Hélène;1.9;-0.29
71427;Saint-Huruge;0;-0.63
71428;Saint-Igny-de-Roche;1.8;0.41
71430;Saint-Jean-de-Vaux;1;-0.67
71431;Saint-Jean-de-Trézy;3.1;0.63
71433;Saint-Julien-de-Civry;2.1;-0.56
71434;Saint-Julien-de-Jonzy;1.6;-0.25
71435;Saint-Julien-sur-Dheune;0.7;-0.78
71436;Saint-Laurent-d'Andenay;1.2;-0.89
71437;Saint-Laurent-en-Brionnais;3.5;-0.15
71438;Saint-Léger-du-Bois;0.5;-0.85
71439;Saint-Léger-lès-Paray;1.2;0.93
71440;Saint-Léger-sous-Beuvray;6.5;-0.66
71441;Saint-Léger-sous-la-Bussière;1.6;1.6
71442;Saint-Léger-sur-Dheune;2.3;-0.14
71443;Saint-Loup-Géanges;1.7;0.16
71444;Saint-Loup-de-Varennes;1.2;1.3
71445;Saint-Marcel;3.7;0.57
71446;Saint-Marcelin-de-Cray;0;1.06
71447;Saint-Mard-de-Vaux;0.9;-0.61
71448;Saint-Martin-Belle-Roche;2.1;0.02
71449;Saint-Martin-d'Auxy;6.3;5.82
71450;Saint-Martin-de-Commune;0;-1.58
71451;Saint-Martin-de-Lixy;2.3;0.18
71452;Saint-Martin-de-Salencey;2.3;2.04
71453;Saint-Martin-du-Lac;2.7;-0.07
71454;Saint-Martin-du-Mont;0;-2.68
71455;Saint-Martin-du-Tartre;1.5;-0.97
71456;Saint-Martin-en-Bresse;0.7;-0.28
71457;Saint-Martin-en-Gâtinois;0;-0.41
71458;Saint-Martin-la-Patrouille;0;0.52
71459;Saint-Martin-sous-Montaigu;7.2;-1.68
71460;Saint-Maurice-de-Satonnay;3.9;-0.37
71461;Saint-Maurice-des-Champs;0;0.52
71462;Saint-Maurice-en-Rivière;1.9;-1.42
71463;Saint-Maurice-lès-Châteauneuf;1.6;0.57
71464;Saint-Maurice-lès-Couches;3.6;-1.17
71465;Saint-Micaud;0;0
71466;Saint-Nizier-sur-Arroux;3.6;-0.66
71468;Saint-Pierre-de-Varennes;0.6;-0.2
71469;Saint-Pierre-le-Vieux;1.2;1.15
71470;Saint-Point;2.6;2.13
71471;Saint-Privé;2.1;4.97
71472;Saint-Prix;8.7;-1.49
71473;Saint-Racho;0;-3.17
71474;Sainte-Radegonde;0;-0.97
71475;Saint-Rémy;4.5;-0.35
71477;Saint-Romain-sous-Gourdon;1.5;0.25
71478;Saint-Romain-sous-Versigny;0;-1.61
71479;Saint-Sernin-du-Bois;1.1;-1.1
71480;Saint-Sernin-du-Plain;1.6;0.88
71481;Saint-Symphorien-d'Ancelles;3.1;-0.69
71482;Saint-Symphorien-de-Marmagne;0;-0.38
71483;Saint-Symphorien-des-Bois;0.9;-1.28
71484;Saint-Usuge;0.6;-1.48
71485;Saint-Vallerin;2.5;-0.9
71486;Saint-Vallier;1.8;-0.36
71487;Saint-Vérand;2.7;-1.13
71488;Saint-Vincent-des-Prés;2.5;-1.91
71489;Saint-Vincent-en-Bresse;0.4;0.2
71490;Saint-Vincent-Bragny;0.2;-0.13
71491;Saint-Yan;0;-0.66
71493;Saisy;1.4;0.99
71494;La Salle;1.7;-1.26
71495;Salornay-sur-Guye;1.9;0.08
71496;Sampigny-lès-Maranges;8.3;-0.96
71497;Sancé;4.2;1.43
71498;Santilly;0;1.42
71499;Sanvignes-les-Mines;1.2;-0.39
71500;Sarry;6.2;-2.99
71501;Sassangy;0;-1.03
71502;Sassenay;0.7;0.09
71503;Saules;1.5;-0.53
71504;Saunières;3.7;0.41
71505;Savianges;0;1.08
71506;Savigny-en-Revermont;0.4;-0.43
71507;Savigny-sur-Grosne;3.7;-0.29
71508;Savigny-sur-Seille;0.6;-1.86
71509;La Celle-en-Morvan;0.5;-0.88
71510;Semur-en-Brionnais;3.3;-0.83
71512;Sennecey-le-Grand;3.5;-1.29
71513;Senozan;3.2;0.16
71514;Sens-sur-Seille;0.5;1.12
71515;Sercy;0;1.54
71516;Serley;0.9;-0.28
71517;Sermesse;0.9;0.48
71518;Serrières;2.6;0.71
71519;Serrigny-en-Bresse;1.2;-1.2
71520;Sevrey;0.9;-0.31
71521;Sigy-le-Châtel;4.5;0.82
71522;Simandre;2.6;0.27
71523;Simard;0.7;-0.71
71524;Sivignon;2.9;1.07
71525;Sologny;3.1;-0.65
71526;Solutré-Pouilly;5;-0.71
71527;Sommant;1.1;-1.99
71528;Sornay;1;-0.75
71529;Suin;2.9;0.37
71530;Sully;2.4;-0.37
71531;La Tagnière;0;-2.23
71532;Taizé;1.3;2.4
71533;Tancon;1.2;0.24
71534;Le Tartre;0;-0.89
71535;Tavernay;0.5;0.61
71537;Thil-sur-Arroux;2.1;-0.36
71538;Thurey;0;-1.1
71539;Tintry;5.1;0.21
71540;Torcy;2.2;-1.25
71541;Torpes;0.7;-0.09
71542;Toulon-sur-Arroux;0.8;-1.5
71543;Tournus;3.5;0.42
71544;Toutenant;4.9;-1.55
71545;Tramayes;2.1;0.35
71546;Trambly;2.7;-0.04
71547;Trivy;1;-0.93
71548;Tronchy;0;-1.07
71549;La Truchère;1.6;-1.47
71550;Uchizy;2;-0.8
71551;Uchon;14.1;-0.83
71552;Uxeau;0.5;-0.94
71553;Vareilles;1.7;0.86
71554;Varenne-l'Arconce;2.3;-1.15
71555;Varennes-le-Grand;1.2;0.07
71556;Varennes-lès-Mâcon;3.4;1.26
71557;Varenne-Saint-Germain;0.9;-0.33
71558;Varennes-Saint-Sauveur;1.5;-0.16
71559;Varennes-sous-Dun;0;-1.93
71561;Vauban;3.8;0.8
71562;Vaudebarrier;2.3;-1.6
71563;Vaux-en-Pré;5.4;-1.24
71564;Vendenesse-lès-Charolles;1.1;-0.11
71565;Vendenesse-sur-Arroux;0.4;-0.59
71566;Verdun-Ciel;0.7;-0.45
71567;Vergisson;1.7;-1.43
71568;Vérissey;0;0.31
71570;Verjux;1.6;-0.77
71571;Verosvres;1.6;-0.68
71572;Vers;2.8;0.14
71573;Versaugues;1.4;-0.43
71574;Verzé;1.9;1.54
71576;Le Villars;4.2;-0.12
71577;Villegaudin;0;0.55
71578;Clux-Villeneuve;3.6;-1.82
71579;Villeneuve-en-Montagne;0;1.41
71580;Vincelles;0;1.04
71581;Vindecy;0;-0.4
71582;La Vineuse sur Fregande;3.4;0.1
71583;Vinzelles;3.4;1.57
71584;Viré;1.9;0.8
71585;Virey-le-Grand;2.2;0.79
71586;Viry;2.6;0.46
71588;Vitry-en-Charollais;1.4;-0.39
71589;Vitry-sur-Loire;0.6;-0.5
71590;Volesvres;0.4;1.4
71591;Fleurville;2.7;-0.56
72001;Aigné;4.1;0.5
72002;Aillières-Beauvoir;2.4;-1.58
72003;Allonnes;17.2;-0.55
72004;Amné;0.7;0.18
72005;Ancinnes;1.4;-0.78
72006;Arçonnay;1.7;0.5
72007;Ardenay-sur-Mérize;0.9;0.65
72008;Arnage;6;0.66
72009;Arthezé;0;-2.44
72010;Asnières-sur-Vègre;4.1;-3.02
72011;Assé-le-Boisne;0.5;-0.33
72012;Assé-le-Riboul;0.4;-1.46
72013;Aubigné-Racan;3.7;0.05
72015;Les Aulneaux;2.4;-1.76
72016;Auvers-le-Hamon;2.5;-0.36
72017;Auvers-sous-Montfaucon;0;-1.12
72018;Avesnes-en-Saosnois;6.7;-0.19
72019;Avessé;1.1;-1.64
72020;Avezé;3.1;-1.04
72021;Avoise;2.2;-1.49
72022;Le Bailleul;1;-0.35
72023;Ballon-Saint Mars;2.6;0.44
72024;La Bazoge;1.8;0.41
72025;Bazouges Cré sur Loir;0.4;-1.06
72026;Beaufay;0.9;0.43
72027;Beaumont-sur-Dême;3.9;-0.2
72028;Beaumont-Pied-de-Bœuf;2.4;-0.24
72029;Beaumont-sur-Sarthe;6;0.14
72031;Beillé;3.4;0.47
72032;Berfay;2.6;0.05
72034;Bérus;1.6;-0.71
72035;Bessé-sur-Braye;0.8;-1.54
72036;Béthon;0.6;-1.6
72037;Blèves;0;4.87
72038;Boëssé-le-Sec;2.8;-2.61
72039;Bonnétable;1.4;-0.65
72040;La Bosse;1.6;2.11
72041;Bouër;1.1;1.39
72042;Bouloire;1.8;0.42
72043;Bourg-le-Roi;2.3;0.98
72044;Bousse;0.5;-0.31
72045;Brains-sur-Gée;1.4;-0.65
72046;Le Breil-sur-Mérize;1.5;0.23
72047;Brette-les-Pins;1.3;-0.16
72048;Briosne-lès-Sables;0.7;-0.58
72049;La Bruère-sur-Loir;2.8;0.27
72050;Brûlon;0.3;-0.89
72051;Cérans-Foulletourte;2.4;-0.03
72052;Chahaignes;2.5;-0.8
72053;Challes;1.7;-0.82
72054;Champagné;5;-0.78
72056;Champfleur;0.8;-0.87
72057;Champrond;0;0
72058;Changé;2;0.86
72059;Chantenay-Villedieu;2.2;-0.85
72060;La Chapelle-aux-Choux;0;0.79
72061;La Chapelle-d'Aligné;0.7;0.33
72062;La Chapelle-du-Bois;0.8;-1.99
72064;La Chapelle-Huon;1.4;-0.88
72065;La Chapelle-Saint-Aubin;7.7;-0.98
72066;La Chapelle-Saint-Fray;2.5;-1.25
72067;La Chapelle-Saint-Rémy;3.2;0.39
72068;La Chartre-sur-le-Loir;1.3;-0.83
72070;Chassillé;0.9;0.54
72071;Montval-sur-Loir;4.5;-1.26
72072;Château-l'Hermitage;3.2;-0.51
72073;Chaufour-Notre-Dame;2.5;1.49
72074;Chemiré-en-Charnie;1.1;0.24
72075;Chemiré-le-Gaudin;1.8;0.46
72076;Chenay;0;2.3
72077;Chenu;1.9;0.19
72078;Chérancé;2.7;-0.69
72079;Chérisay;0.7;0.05
72080;Cherré-Au;3;0.38
72083;Chevillé;0;-2.28
72084;Clermont-Créans;0.2;0.13
72085;Cogners;1.1;-1.52
72086;Commerveil;0;0.49
72087;Conflans-sur-Anille;0;-2.3
72088;Congé-sur-Orne;0.6;-1.39
72089;Conlie;4.1;-0.45
72090;Connerré;3.2;-0.36
72091;Contilly;0;-0.84
72093;Cormes;1.6;-0.46
72094;Coudrecieux;0.7;0.51
72095;Coulaines;21.1;1.3
72096;Coulans-sur-Gée;2.6;-0.24
72098;Coulongé;1.4;-0.48
72099;Courcebœufs;0.9;0.13
72100;Courcelles-la-Forêt;1;-0.29
72101;Courcemont;2.1;-0.32
72102;Courcival;0;-2.23
72103;Courdemanche;2.5;0.16
72104;Courgains;0.4;0.09
72105;Courgenard;2.9;-1.41
72106;Courtillers;2.5;-0.42
72107;Crannes-en-Champagne;1.6;-0.53
72109;Crissé;2.8;-1.73
72110;Crosmières;0.8;-0.83
72111;Cures;2.4;-0.14
72112;Dangeul;1.5;0.14
72113;Degré;2.2;-1.05
72114;Dehault;2.6;-1.34
72115;Dissay-sous-Courcillon;1.6;0
72118;Dollon;1.7;-0.57
72119;Domfront-en-Champagne;3.9;0.56
72120;Doucelles;3.5;-1.74
72121;Douillet;0.7;-0.77
72122;Duneau;2.3;0.46
72123;Dureil;3.8;-2.5
72124;Écommoy;3.5;0.66
72125;Écorpain;0;0.5
72126;Épineu-le-Chevreuil;0;-0.62
72127;Étival-lès-le-Mans;2.8;-0.84
72128;Val-d'Étangson;1.3;0
72129;Fatines;1.9;1.23
72130;Fay;3.7;2.28
72131;Fercé-sur-Sarthe;4.2;-0.31
72132;La Ferté-Bernard;4.7;-0.15
72133;Fillé;2.1;0.36
72134;Flée;2.1;-0.56
72135;La Fontaine-Saint-Martin;2.2;-0.57
72136;Fontenay-sur-Vègre;0;-0.94
72137;Villeneuve-en-Perseigne;1.2;-0.23
72138;Fresnay-sur-Sarthe;2.9;-0.66
72139;Fyé;1.8;-0.15
72141;Gesnes-le-Gandelin;1.2;-1.39
72142;Grandchamp;0;-2.08
72143;Le Grand-Lucé;3.4;0.18
72144;Gréez-sur-Roc;4;0.25
72145;Le Grez;0.6;-0.43
72146;Guécélard;1.4;1
72147;La Guierche;3.6;2.91
72148;Jauzé;0;-1.01
72149;Joué-en-Charnie;0.3;-1.51
72150;Joué-l'Abbé;1.1;-0.14
72151;Juigné-sur-Sarthe;2.5;-0.2
72152;Juillé;3.6;-2.31
72153;Jupilles;1.9;-0.59
72154;La Flèche;2.2;-0.09
72155;Laigné-Saint-Gervais;3.4;-0.83
72156;Lamnay;0.7;-0.88
72157;Lavardin;1.8;-0.97
72158;Lavaré;1.9;-0.6
72160;Lavernat;2.6;-0.59
72161;Lhomme;0.6;0.64
72163;Ligron;0;-0.87
72164;Livet-en-Saosnois;3.2;-1.23
72165;Lombron;1.9;0.17
72166;Longnes;2.7;-1.9
72167;Louailles;2.9;-0.67
72168;Loué;1.4;-0.66
72169;Louplande;1.6;0.33
72170;Louvigny;2.5;-0.65
72171;Louzes;5.4;0.49
72172;Le Luart;1.4;0.1
72173;Luceau;1.9;-0.01
72174;Lucé-sous-Ballon;0;-0.31
72175;Luché-Pringé;1.6;-0.47
72176;Le Lude;1.6;-1.3
72177;Maigné;1.2;-0.63
72178;Maisoncelles;0;0.52
72179;Malicorne-sur-Sarthe;1.6;-0.31
72180;Mamers;1.5;-0.74
72181;Le Mans;20.4;0.25
72182;Mansigné;2.2;-0.26
72183;Marçon;1.4;0.21
72184;Mareil-en-Champagne;1.2;-1.59
72185;Mareil-sur-Loir;1;-0.1
72186;Maresché;2.8;-0.28
72187;Marigné-Laillé;2.7;-0.48
72188;Marollette;1.6;0.98
72189;Marolles-les-Braults;1.6;-1.34
72190;Marolles-lès-Saint-Calais;0.8;0.53
72191;Mayet;2.3;0.24
72192;Les Mées;2.1;0.32
72193;Melleray;1;0.19
72194;Meurcé;1.5;0.31
72195;Mézeray;0.9;-0.49
72196;Mézières-sur-Ponthouin;0.6;0.99
72197;Mézières-sous-Lavardin;3.9;-0.55
72198;La Milesse;4.7;-0.13
72199;Moitron-sur-Sarthe;1.7;0.64
72200;Moncé-en-Belin;1.5;0.2
72201;Moncé-en-Saosnois;0;-1.61
72202;Monhoudou;3.5;-0.4
72204;Montaillé;1.4;-0.97
72205;Montbizot;4.6;0.19
72208;Montmirail;3.4;-1.46
72209;Montreuil-le-Chétif;8.8;0.6
72210;Montreuil-le-Henri;5.5;-0.65
72211;Mont-Saint-Jean;1;-0.26
72212;Moulins-le-Carbonnel;1.9;-0.12
72213;Mulsanne;6.3;0.06
72214;Nauvay;0;1.46
72215;Neufchâtel-en-Saosnois;1.2;-0.1
72216;Neuvillalais;3.4;0.06
72217;Neuville-sur-Sarthe;3;0.42
72218;Neuvillette-en-Charnie;1.4;0.17
72219;Bernay-Neuvy-en-Champagne;1.8;-1.89
72220;Nogent-le-Bernard;1.4;-0.99
72221;Nogent-sur-Loir;2.8;-0.72
72222;Nouans;1;-1.78
72223;Noyen-sur-Sarthe;4.1;-0.31
72224;Nuillé-le-Jalais;3.3;-0.19
72225;Oisseau-le-Petit;2;0.15
72226;Oizé;0.8;0.06
72227;Panon;0;-3.16
72228;Parcé-sur-Sarthe;1.6;-0.97
72229;Parennes;1;-2.6
72230;Parigné-le-Pôlin;1.5;-0.78
72231;Parigné-l'Évêque;1.9;1.19
72232;Notre-Dame-du-Pé;0.5;1.75
72233;Peray;0;2.01
72234;Pezé-le-Robert;5.1;-1.29
72235;Piacé;1.1;-0.35
72236;Pincé;1.2;-0.34
72237;Pirmil;2.7;-0.49
72238;Pizieux;0;-0.66
72239;Poillé-sur-Vègre;2.8;-0.33
72241;Montfort-le-Gesnois;2.6;-0.34
72243;Pontvallain;1.2;-0.83
72244;Précigné;2.4;-0.46
72245;Préval;2.4;-0.42
72246;Prévelles;1.9;-2.08
72247;Pruillé-le-Chétif;3.3;0.11
72248;Pruillé-l'Éguillé;1.6;-0.29
72249;La Quinte;1.8;0.44
72250;Rahay;0;-1.39
72251;René;4.1;0.57
72252;Requeil;1.5;-1.46
72253;Roëzé-sur-Sarthe;2.1;-0.44
72254;Rouessé-Fontaine;0.8;-0.92
72255;Rouessé-Vassé;2.3;-0.58
72256;Rouez;3;0.7
72257;Rouillon;7.8;0.5
72259;Rouperroux-le-Coquet;0.8;-1.52
72260;Ruaudin;3.8;0.44
72261;Ruillé-en-Champagne;2.2;-1.96
72262;Loir en Vallée;1.9;-0.97
72264;Sablé-sur-Sarthe;6.1;-0.21
72265;Saint-Aignan;0;-1.11
72266;Saint-Aubin-de-Locquenay;1.8;2.24
72267;Saint-Aubin-des-Coudrais;1.4;0.05
72268;Saint-Biez-en-Belin;3.8;-0.3
72269;Saint-Calais;2.5;-1.49
72270;Saint-Calez-en-Saosnois;1.4;0.64
72271;Saint-Célerin;1.3;-0.15
72272;Sainte-Cérotte;3;0.47
72273;Saint-Christophe-du-Jambet;2.1;0.22
72274;Saint-Christophe-en-Champagne;0;0.72
72275;Saint-Corneille;1;1.3
72276;Saint-Cosme-en-Vairais;1;-0.97
72277;Saint-Denis-des-Coudrais;5.1;-0.72
72278;Saint-Denis-d'Orques;2.8;-1.32
72279;Saint-Georges-de-la-Couée;4.1;1.33
72280;Saint-Georges-du-Bois;4.7;0.99
72281;Saint-Georges-du-Rosay;1.7;0.45
72282;Saint-Georges-le-Gaultier;1;-0.41
72283;Saint-Germain-d'Arcé;0.8;0.39
72286;Saint-Gervais-de-Vic;1.2;-0.29
72289;Sainte-Jamme-sur-Sarthe;1.7;-0.83
72290;Saint-Jean-d'Assé;2;0.67
72291;Saint-Jean-de-la-Motte;0.7;-0.09
72292;Saint-Jean-des-Échelles;0;-2
72293;Saint-Jean-du-Bois;3.3;-0.51
72294;Saint-Léonard-des-Bois;1.9;0.07
72295;Saint-Longis;0.5;0.23
72296;Saint-Maixent;0.8;0.25
72297;Saint-Marceau;1.2;-0.49
72299;Saint-Mars-d'Outillé;1.9;0.43
72300;Saint-Mars-la-Brière;1.6;0.16
72302;Saint-Martin-des-Monts;2.4;-0.94
72303;Saint-Michel-de-Chavaignes;1.6;0
72305;Saint-Ouen-de-Mimbré;1.6;-1.83
72306;Saint-Ouen-en-Belin;1.6;0.42
72307;Saint-Ouen-en-Champagne;0;-0.07
72308;Saint-Paterne - Le Chevain;2.1;-0.31
72309;Saint-Paul-le-Gaultier;1.6;-0.82
72310;Saint-Pavace;4.9;0.63
72311;Saint-Pierre-de-Chevillé;2.8;-1.22
72312;Saint-Pierre-des-Bois;0;-0.86
72313;Saint-Pierre-des-Ormes;1.1;-1.06
72314;Saint-Pierre-du-Lorouër;5.5;-0.63
72315;Saint-Rémy-de-Sillé;6.3;-0.12
72316;Saint-Rémy-des-Monts;0;0.38
72317;Saint-Rémy-du-Val;1.4;-0.65
72319;Sainte-Sabine-sur-Longève;0;-0.97
72320;Saint-Saturnin;5.5;1.67
72321;Saint-Symphorien;2.9;-2.53
72322;Saint-Ulphace;2.4;-0.37
72323;Saint-Victeur;0.5;-0.63
72324;Saint-Vincent-des-Prés;0.9;-0.52
72325;Saint-Vincent-du-Lorouër;1.5;-0.96
72326;Saosnes;1;0.55
72327;Sarcé;2.5;-1.75
72328;Sargé-lès-le-Mans;5.5;1.31
72329;Savigné-l'Évêque;1.7;0.14
72330;Savigné-sous-le-Lude;0;0.65
72331;Sceaux-sur-Huisne;1;0.41
72332;Ségrie;2.8;-0.08
72333;Semur-en-Vallon;0;-0.46
72334;Sillé-le-Guillaume;7.2;-0.88
72335;Sillé-le-Philippe;1.4;-0.11
72336;Solesmes;2.7;0.54
72337;Sougé-le-Ganelon;1.1;-1.36
72338;Souillé;2.3;3.65
72339;Souligné-Flacé;0.7;-1.16
72340;Souligné-sous-Ballon;2.1;0.38
72341;Soulitré;1.3;-0.96
72342;Souvigné-sur-Même;1.2;-1.76
72343;Souvigné-sur-Sarthe;1.5;-0.65
72344;Spay;3.6;-0.44
72345;Surfonds;0;-0.15
72346;La Suze-sur-Sarthe;5.8;0.61
72347;Tassé;1.5;-1.89
72348;Tassillé;3.2;-0.86
72349;Teillé;2.9;1.06
72350;Teloché;2.7;0.12
72351;Tennie;3.1;-1
72352;Terrehault;0;1.22
72353;Théligny;3.8;-0.08
72354;Thoigné;2.5;0
72355;Thoiré-sous-Contensor;2;5.56
72356;Thoiré-sur-Dinan;1.8;-2.24
72357;Thorée-les-Pins;0.9;0.46
72358;Thorigné-sur-Dué;3.2;0.61
72359;Torcé-en-Vallée;1.9;0.18
72360;Trangé;3.5;3.17
72361;Tresson;0.5;1.85
72362;Le Tronchet;3.5;1.13
72363;Tuffé Val de la Chéronne;2.9;0.07
72364;Vaas;2.4;-1.54
72366;Valennes;0;-0.95
72367;Vallon-sur-Gée;1.5;-0.51
72368;Vancé;3.8;-2.05
72369;Verneil-le-Chétif;1.5;-0.91
72370;Vernie;0.6;0
72372;Vezot;0;0.44
72373;Vibraye;1.3;-0.44
72374;Villaines-la-Carelle;4;-2.04
72375;Villaines-la-Gonais;3.4;-1.29
72376;Villaines-sous-Lucé;0.6;-1.34
72377;Villaines-sous-Malicorne;2.1;0.1
72378;Vion;0.9;-0.65
72379;Viré-en-Champagne;3;0.08
72380;Vivoin;3.7;-0.92
72381;Voivres-lès-le-Mans;3.6;-0.34
72382;Val-de-la-Hune;1.4;0.49
72383;Vouvray-sur-Huisne;2.8;0.92
72385;Yvré-le-Pôlin;1.2;-0.28
72386;Yvré-l'Évêque;5.6;-0.26
73001;Aiguebelette-le-Lac;6.6;0.55
73003;Grand-Aigueblanche;3.8;-0.08
73004;Aillon-le-Jeune;0;-0.23
73005;Aillon-le-Vieux;1.8;3.44
73006;Aime-la-Plagne;4.1;-0.08
73007;Aiton;2.3;1.2
73008;Aix-les-Bains;9.4;1.29
73010;Entrelacs;2.8;1
73011;Albertville;3.9;0.56
73012;Albiez-le-Jeune;1.6;-0.58
73013;Albiez-Montrond;1.1;-0.67
73014;Allondaz;0.7;1.74
73015;Les Allues;9.4;-0.73
73017;Apremont;2;-0.97
73018;Arbin;6.2;0.6
73019;Argentine;2;-0.02
73020;Arith;0.4;-0.08
73021;Arvillard;5.8;-0.02
73022;Attignat-Oncin;3.6;1.41
73023;Aussois;2.2;0.22
73024;Les Avanchers-Valmorel;11.3;-0.79
73025;Avressieux;2.5;0.44
73026;Avrieux;0.5;0.3
73027;Ayn;3.3;0.97
73028;La Balme;0;2.28
73029;Barberaz;8.2;2.04
73030;Barby;11.3;0.7
73031;Bassens;7.1;2.92
73032;La Bâthie;1.5;-0.19
73033;La Bauche;2.6;1.09
73034;Beaufort;2.2;-0.55
73036;Bellecombe-en-Bauges;3.5;2.22
73039;Belmont-Tramonet;2.3;-1.51
73040;Bessans;1.1;0.34
73041;Betton-Bettonet;2.5;-0.59
73042;Billième;3;-0.62
73043;La Biolle;2.4;2.82
73047;Bonneval-sur-Arc;2.3;0.76
73048;Bonvillard;1.8;-0.23
73049;Bonvillaret;1.8;0.35
73050;Bourdeau;4.5;0.98
73051;Le Bourget-du-Lac;7.2;1.24
73052;Bourget-en-Huile;0;-0.57
73053;Bourgneuf;2.7;-0.39
73054;Bourg-Saint-Maurice;8.9;-0.09
73055;Bozel;6.8;1.06
73057;Brides-les-Bains;8.3;-1.88
73058;La Bridoire;3.7;-0.73
73059;Brison-Saint-Innocent;4.1;2.34
73061;Césarches;0.8;0.19
73063;Cevins;2.2;-0.65
73064;Challes-les-Eaux;5.9;0.49
73065;Chambéry;13.5;0.3
73067;La Chambre;1.5;0.5
73068;Chamousset;6.9;0.92
73069;Chamoux-sur-Gelon;3.1;0.49
73070;Champagneux;2.2;-0.25
73071;Champagny-en-Vanoise;3.7;-1.4
73072;Champ-Laurent;0;-3.34
73073;Chanaz;2.8;1.3
73074;La Chapelle;1.8;-0.35
73075;La Chapelle-Blanche;8.8;0.93
73076;La Chapelle-du-Mont-du-Chat;7.2;0.84
73077;Les Chapelles;4.7;0.21
73078;La Chapelle-Saint-Martin;1.2;-0.67
73079;Châteauneuf;5.5;0.86
73081;Le Châtelard;1.7;-0.22
73082;La Chavanne;5.6;2.5
73083;Les Chavannes-en-Maurienne;0;-2.98
73084;Chignin;2.9;0.85
73085;Chindrieux;5.7;1.6
73086;Cléry;2.1;-1.84
73087;Cognin;9.9;1.53
73088;Cohennoz;4.1;-2.4
73089;Coise-Saint-Jean-Pied-Gauthier;5.4;0.96
73090;La Compôte;2.4;0.84
73091;Conjux;3.8;1.21
73092;Corbel;5.6;-0.42
73094;Crest-Voland;2.3;-0.95
73095;La Croix-de-la-Rochette;4.6;1.32
73096;Cruet;6;0.08
73097;Curienne;3.3;0.34
73098;Les Déserts;3.9;0.96
73099;Détrier;6.2;0.27
73100;Domessin;3;1.33
73101;Doucy-en-Bauges;0;-0.17
73103;Drumettaz-Clarafond;3.2;2.01
73104;Dullin;7.3;2.42
73105;Les Échelles;3.4;0.75
73106;École;5.2;1.49
73107;Entremont-le-Vieux;4.5;-0.13
73109;Épierre;3.5;-0.07
73110;Esserts-Blay;2.1;-1.06
73113;Feissons-sur-Salins;9.1;-1.11
73114;Flumet;2.2;-0.25
73116;Fontcouverte-la-Toussuire;0.8;-1.45
73117;Fourneaux;5.5;0.73
73119;Freney;0;0.48
73120;Fréterive;2.6;1.95
73121;Frontenex;1.8;0.5
73122;Gerbaix;3.9;2.4
73123;La Giettaz;1;-1.54
73124;Gilly-sur-Isère;1.4;0.61
73128;Grésy-sur-Aix;3.3;0.41
73129;Grésy-sur-Isère;3.3;-0.69
73130;Grignon;1;-0.14
73131;Hautecour;4.9;-0.39
73132;Hauteluce;2.4;-0.46
73133;Hauteville;3.4;0.05
73135;La Tour-en-Maurienne;1.7;0.18
73137;Jacob-Bellecombette;9.1;1.62
73138;Jarrier;0.9;0.07
73139;Jarsy;1;-0.64
73140;Jongieux;1.3;-0.91
73141;Laissaud;5.1;2.2
73142;Landry;2.7;-0.49
73145;Lépin-le-Lac;6;0.4
73146;Lescheraines;0.8;0.73
73147;Loisieux;1.9;1.82
73149;Lucey;1.4;-1.47
73150;La Plagne Tarentaise;6.9;0.74
73151;Porte-de-Savoie;3.9;1.62
73152;Marcieux;7;4.99
73153;Marthod;2.1;-0.38
73154;Mercury;1.3;2.01
73155;Méry;2.9;3.87
73156;Meyrieux-Trouet;1.3;1.24
73157;Modane;2.9;-1.33
73159;Les Mollettes;4.2;1.47
73160;Montagnole;2.6;2.93
73161;Montagny;8.4;-0.08
73162;Montailleur;2.8;-0.4
73164;Montcel;1.5;1.75
73166;Montendry;3.7;-3.26
73168;Montgilbert;3.8;-0.98
73170;Monthion;1.7;-1.2
73171;Montmélian;8.3;-0.31
73173;Montricher-Albanne;3.8;0.07
73175;Montsapey;0;5.27
73176;Montvalezan;2.6;0.99
73177;Montvernier;3.5;0.8
73178;La Motte-en-Bauges;0.8;0.63
73179;La Motte-Servolex;5.6;0.68
73180;Motz;6.5;1.19
73181;Moûtiers;6.5;-0.13
73182;Mouxy;3.6;0.37
73183;Myans;3.7;1.14
73184;Nances;10.3;1.83
73186;Notre-Dame-de-Bellecombe;2.9;-0.52
73187;La Léchère;2.1;-0.05
73188;Notre-Dame-des-Millières;1.8;-0.33
73189;Notre-Dame-du-Cruet;1.7;-0.3
73190;Notre-Dame-du-Pré;1.9;0.4
73191;Novalaise;4.4;1.45
73192;Le Noyer;2.4;0.54
73193;Ontex;18.6;-1.38
73194;Orelle;2;-1.52
73196;Pallud;1.5;0.51
73197;Peisey-Nancroix;6.7;-0.21
73200;Planaise;5.1;0.8
73201;Planay;2.2;0.86
73202;Plancherine;2.4;1.16
73204;Le Pont-de-Beauvoisin;4.1;0.27
73205;Le Pontet;3;1.04
73206;Pralognan-la-Vanoise;1.6;-0.76
73207;Presle;2.1;0.91
73208;Pugny-Chatenod;5.2;1.84
73210;Puygros;0;-0.57
73211;Queige;1.4;1.67
73212;Val-d'Arc;4.3;0.12
73213;La Ravoire;7.4;1.28
73214;Rochefort;1.6;1.85
73215;Valgelon-La Rochette;2.9;0.35
73216;Rognaix;2.6;0.49
73217;Rotherens;4.6;0.18
73218;Ruffieux;5.2;-0.78
73219;Saint-Alban-de-Montbel;7.3;1.35
73220;Saint-Alban-d'Hurtières;4;1.88
73221;Saint-Alban-des-Villards;9.4;-3.05
73222;Saint-Alban-Leysse;6.9;1.88
73223;Saint-André;1.4;-0.73
73224;Saint-Avre;3.6;0.36
73225;Saint-Baldoph;5.7;-0.07
73226;Saint-Béron;4.2;0.65
73227;Courchevel;11;-0.5
73228;Saint-Cassin;1.9;3.64
73229;Saint-Christophe;3.5;0.25
73230;Saint-Colomban-des-Villards;3.1;-1.81
73231;Saint-Étienne-de-Cuines;3.3;0.01
73232;Sainte-Foy-Tarentaise;3.4;-1.16
73233;Saint-Franc;1.3;-1.24
73234;Saint-François-de-Sales;0.9;2.36
73235;Saint François Longchamp;5.6;-0.07
73236;Saint-Genix-les-Villages;2.4;0.35
73237;Saint-Georges-d'Hurtières;4.2;3.49
73240;Sainte-Hélène-du-Lac;4.4;1.29
73241;Sainte-Hélène-sur-Isère;1.1;0.6
73242;Saint-Jean-d'Arves;1.3;0.56
73243;Saint-Jean-d'Arvey;2.8;0.21
73245;Saint-Jean-de-Chevelu;3.7;0.59
73246;Saint-Jean-de-Couz;1.9;0.97
73247;Saint-Jean-de-la-Porte;4.7;1.01
73248;Saint-Jean-de-Maurienne;5.5;-0.59
73249;Saint-Jeoire-Prieuré;4.1;3.83
73250;Saint-Julien-Mont-Denis;2.2;-1.23
73252;Saint-Léger;0;2.17
73253;Saint-Marcel;2;0.22
73254;Sainte-Marie-d'Alvey;1.5;1.22
73255;Sainte-Marie-de-Cuines;1.5;0.65
73256;Saint-Martin-d'Arc;3;-2.89
73257;Les Belleville;11.1;0
73258;Saint-Martin-de-la-Porte;2.3;0.17
73259;Saint-Martin-sur-la-Chambre;4.8;-0.52
73261;Saint-Michel-de-Maurienne;3.8;-0.16
73262;Saint-Nicolas-la-Chapelle;0;1.62
73263;Saint-Offenge;0.8;1.21
73265;Saint-Ours;1.3;2.54
73267;Saint-Pancrace;4.6;0.67
73268;Saint-Paul-sur-Isère;0.4;0.54
73269;Saint-Paul-sur-Yenne;2.9;1.97
73270;Saint-Pierre-d'Albigny;8.2;0.89
73271;Saint-Pierre-d'Alvey;5.4;1.48
73272;Saint-Pierre-de-Belleville;2.6;0.78
73273;Saint-Pierre-de-Curtille;2.1;-0.17
73274;Saint-Pierre-d'Entremont;2.3;-1.45
73275;Saint-Pierre-de-Genebroz;0.6;-0.65
73276;Saint-Pierre-de-Soucy;4;-0.84
73277;Sainte-Reine;2.9;1.77
73278;Saint-Rémy-de-Maurienne;1.3;-0.05
73280;Saint-Sorlin-d'Arves;0.5;0.54
73281;Saint-Sulpice;1.8;1.16
73282;Saint-Thibaud-de-Couz;1.5;0.8
73283;Saint-Vital;3.6;1.69
73284;Salins-Fontaine;7.2;-0.83
73285;Séez;4.3;0.67
73286;Serrières-en-Chautagne;4.5;-0.93
73288;Sonnaz;4.8;2.38
73289;La Table;3.4;-1.11
73290;Val-Cenis;1.1;-0.19
73292;Thénésol;1.3;0.59
73293;Thoiry;3.3;-0.25
73294;La Thuile;1.1;0.89
73296;Tignes;20.5;-3.09
73297;Tournon;2.7;-0.87
73298;Tours-en-Savoie;2;-1.17
73299;Traize;5;1.08
73300;Tresserve;5.2;-0.66
73301;Trévignin;1.9;1.73
73302;La Trinité;3.5;1.53
73303;Ugine;3;0.23
73304;Val-d'Isère;17.3;0.02
73306;Valloire;2.8;-0.53
73307;Valmeinier;1.3;2.48
73308;Venthon;1;-0.75
73309;Verel-de-Montbel;2.5;2.06
73310;Verel-Pragondran;2.6;3.89
73311;Le Verneil;4.3;-1.92
73312;Verrens-Arvey;1.1;1.07
73313;Verthemex;4.4;1.85
73314;Villard-d'Héry;6;0
73315;Villard-Léger;1.7;-1.69
73316;Villard-Sallet;2.2;0.4
73317;Villard-sur-Doron;1.9;-0.69
73318;Villarembert;1.3;0.07
73320;Villargondran;1.8;-1.27
73322;Villarodin-Bourget;1.6;-0.45
73323;Villaroger;4.7;-0.81
73324;Villaroux;5.5;-1.57
73326;Vimines;2.4;2.42
73327;Vions;6.6;0.97
73328;Viviers-du-Lac;4.2;0.42
73329;Voglans;2.8;0.98
73330;Yenne;4.1;0.37
74001;Abondance;3.9;1.46
74002;Alby-sur-Chéran;2.4;0.4
74003;Alex;2.3;1.12
74004;Allèves;0.9;-0.2
74005;Allinges;7.4;1.81
74006;Allonzier-la-Caille;1.5;1.02
74007;Amancy;4.6;1.3
74008;Ambilly;25.1;-0.09
74009;Andilly;1.4;2.53
74010;Annecy;11.1;0.63
74012;Annemasse;27.4;1.18
74013;Anthy-sur-Léman;7.2;1.57
74014;Arâches-la-Frasse;2.2;-1.29
74015;Arbusigny;0.6;0.51
74016;Archamps;7.2;-0.75
74018;Arenthon;4.9;2.94
74019;Argonay;4.4;4.41
74020;Armoy;9.1;2.39
74021;Arthaz-Pont-Notre-Dame;3.1;1.66
74024;Ayse;3.1;1.45
74025;Ballaison;8.2;-0.05
74026;La Balme-de-Sillingy;2.2;0.67
74027;La Balme-de-Thuy;0.8;0.11
74029;Bassy;3;-0.49
74030;La Baume;0;0.74
74031;Beaumont;4.2;1.57
74032;Bellevaux;2;1.3
74033;Bernex;5.8;1.72
74034;Le Biot;3.7;1.84
74035;Bloye;3.1;-1.46
74036;Bluffy;2.7;0
74037;Boëge;2.2;2.03
74038;Bogève;2.7;1.21
74040;Bonne;5.9;0.19
74041;Bonnevaux;4;0.67
74042;Bonneville;2.5;0.75
74043;Bons-en-Chablais;14.7;1.6
74044;Bossey;5.9;-0.92
74045;Le Bouchet-Mont-Charvin;3.4;0.55
74046;Boussy;2;0.3
74048;Brenthonne;10.3;1.56
74049;Brizon;1.7;-0.49
74050;Burdignin;0.3;2.14
74051;Cercier;1;1.49
74052;Cernex;1.8;2.77
74053;Cervens;7.6;1.07
74054;Chainaz-les-Frasses;1.4;0.19
74055;Challonges;5;2.16
74056;Chamonix-Mont-Blanc;14;-0.16
74057;Champanges;6.2;3.18
74058;La Chapelle-d'Abondance;3.4;-0.52
74059;La Chapelle-Rambaud;4.1;-0.33
74060;La Chapelle-Saint-Maurice;2.1;-0.82
74061;Chapeiry;0.6;4.09
74062;Charvonnex;0.4;2.66
74063;Châtel;3;-1.07
74064;Châtillon-sur-Cluses;0.5;-0.75
74065;Chaumont;3.1;1.98
74066;Chavannaz;1.9;0.49
74067;Chavanod;4.1;2.59
74068;Chêne-en-Semine;2;1.54
74069;Chênex;4.6;-0.46
74070;Chens-sur-Léman;11.6;2.1
74071;Chessenaz;1.7;2.24
74072;Chevaline;2.7;-1.48
74073;Chevenoz;3.1;3.24
74074;Chevrier;2.9;5.6
74075;Chilly;1.1;3.28
74076;Choisy;1.2;1.2
74077;Clarafond-Arcine;2.2;0.58
74078;Clermont;1.6;1.57
74079;Les Clefs;0.8;1.52
74080;La Clusaz;2.1;-0.88
74081;Cluses;2.9;0
74082;Collonges-sous-Salève;13.4;-0.35
74083;Combloux;2.5;0.02
74085;Les Contamines-Montjoie;2.6;-1.6
74086;Contamine-Sarzin;0.8;1.06
74087;Contamine-sur-Arve;4;2.51
74088;Copponex;0.6;2.13
74089;Cordon;0.8;0.27
74090;Cornier;5.8;1.99
74091;La Côte-d'Arbroz;0;1.38
74094;Cranves-Sales;8.6;1.88
74095;Crempigny-Bonneguête;2.6;0.63
74096;Cruseilles;3.3;2.49
74097;Cusy;1.8;0.02
74098;Cuvat;2;3.9
74099;Demi-Quartier;0.5;-2.1
74100;Desingy;1.7;-0.93
74101;Dingy-en-Vuache;5.2;2.92
74102;Dingy-Saint-Clair;1.8;0.52
74103;Domancy;2.5;1.2
74104;Doussard;3.1;0.36
74105;Douvaine;8.5;2.3
74106;Draillant;9.6;1.27
74107;Droisy;2.4;-0.95
74108;Duingt;5.6;1.56
74109;Éloise;8.7;1.96
74111;Entrevernes;1.1;-1.6
74112;Epagny Metz-Tessy;3.8;2.11
74114;Essert-Romand;4.2;0.13
74116;Etaux;7.5;1.35
74117;Étercy;1;3.26
74118;Étrembières;14.6;1.23
74119;Évian-les-Bains;21.5;0.27
74121;Excenevex;5.6;3.24
74122;Faucigny;0.9;1.33
74123;Faverges-Seythenex;3.6;-0.14
74124;Feigères;3.6;2.74
74126;Fessy;5.2;2.9
74127;Féternes;5.9;1.31
74128;Fillinges;2.5;0.77
74129;La Forclaz;0.9;-0.79
74130;Franclens;3.2;0.46
74131;Frangy;1.5;-0.13
74133;Gaillard;33.1;-0.15
74134;Les Gets;1.6;-0.3
74135;Giez;0.7;0.63
74136;Le Grand-Bornand;1.6;-0.63
74137;Groisy;3.5;2.29
74138;Gruffy;1.5;-1
74139;Habère-Lullin;1.1;1.74
74140;Habère-Poche;3;0.7
74141;Hauteville-sur-Fier;1.9;2.58
74142;Héry-sur-Alby;1.8;0.03
74143;Les Houches;9.4;3.17
74144;Jonzier-Épagny;2.7;2.27
74145;Juvigny;9.5;-0.29
74146;Larringes;7.7;2.29
74147;Lathuile;3.6;0.76
74148;Leschaux;1.8;1.78
74150;Loisin;7.4;2.13
74151;Lornay;3.5;0.97
74152;Lovagny;2.3;-0.05
74153;Lucinges;5.3;0.76
74154;Lugrin;7.7;0.89
74155;Lullin;4;-0.15
74156;Lully;9.6;0.6
74157;Lyaud;6.5;0.51
74158;Machilly;8.4;0.84
74159;Magland;1.7;-0.29
74160;Manigod;0.6;0.03
74161;Marcellaz-Albanais;1.2;0.85
74162;Marcellaz;3.5;1.28
74163;Margencel;8.9;1.08
74164;Marignier;1.8;-0.01
74165;Marigny-Saint-Marcel;1.5;0.39
74166;Marin;9.5;1.49
74167;Val de Chaise;1.4;0.57
74168;Marlioz;1.5;0.76
74169;Marnaz;3;1.4
74170;Massingy;4.3;-0.06
74171;Massongy;8.8;1.69
74172;Maxilly-sur-Léman;15;1.8
74173;Megève;2.6;-1.07
74174;Mégevette;1;1
74175;Meillerie;6.4;-1.12
74176;Menthon-Saint-Bernard;6.8;-0.04
74177;Menthonnex-en-Bornes;1.3;0.52
74178;Menthonnex-sous-Clermont;1.5;2.05
74179;Mésigny;1.7;1.17
74180;Messery;8.6;1.56
74183;Mieussy;0.8;1.31
74184;Minzier;1.4;0.84
74185;Monnetier-Mornex;3.6;0.16
74186;Montagny-les-Lanches;3.6;2.46
74188;Montriond;3.8;0.88
74189;Mont-Saxonnex;2.3;-0.13
74190;Morillon;2.4;1.18
74191;Morzine;4.7;-1
74192;Moye;2.3;-1.19
74193;La Muraz;2.4;-0.05
74194;Mûres;2.2;3.2
74195;Musièges;1.4;0.81
74196;Nancy-sur-Cluses;1.5;0.77
74197;Nangy;5;0.51
74198;Nâves-Parmelan;1.7;0.44
74199;Nernier;13.3;1.75
74200;Neuvecelle;18.8;1.1
74201;Neydens;5.9;3.84
74202;Nonglard;1;2.23
74203;Novel;0;2.39
74205;Onnion;1;0.07
74206;Orcier;5.7;2.18
74208;Passy;2.8;-0.02
74209;Peillonnex;2.2;-0.56
74210;Perrignier;9.3;0.39
74211;Pers-Jussy;11.2;0.98
74212;Glières-Val-de-Borne;1.8;0.35
74213;Poisy;6.2;2.35
74215;Praz-sur-Arly;2;0.55
74216;Présilly;4;3.74
74218;Publier;11.5;1.63
74219;Quintal;4;0.38
74220;Reignier-Ésery;2;0.39
74221;Le Reposoir;0.8;1.38
74222;Reyvroz;5.5;-0.49
74223;La Rivière-Enverse;1.7;0.99
74224;La Roche-sur-Foron;9.7;-0.8
74225;Rumilly;6.9;0.87
74226;Saint-André-de-Boëge;0.7;1.41
74228;Saint-Blaise;0.5;1.29
74229;Saint-Cergues;9.7;0.81
74231;Saint-Eusèbe;0.7;3.47
74232;Saint-Eustache;1.7;-0.67
74233;Saint-Félix;2.3;0.26
74234;Saint-Ferréol;2.7;0.62
74235;Saint-Germain-sur-Rhône;4.8;3.83
74236;Saint-Gervais-les-Bains;6.2;0.36
74237;Saint-Gingolph;5.5;1.78
74238;Saint-Jean-d'Aulps;2.9;2.38
74239;Saint-Jean-de-Sixt;1.7;0.64
74240;Saint-Jean-de-Tholome;2.2;2.84
74241;Saint-Jeoire;0.9;0.89
74242;Saint-Jorioz;4.8;1.72
74243;Saint-Julien-en-Genevois;17.3;2.12
74244;Saint-Laurent;3.2;0.14
74249;Saint-Paul-en-Chablais;10.1;1.38
74250;Saint-Pierre-en-Faucigny;4.5;3.49
74252;Saint-Sigismond;0.8;1.6
74253;Saint-Sixt;2.8;-0.27
74254;Saint-Sylvestre;2.1;-0.11
74255;Sales;2.6;2.72
74256;Sallanches;2.6;1.16
74257;Sallenôves;0.9;3.78
74258;Samoëns;0.8;-1.84
74259;Le Sappey;3.3;2.3
74260;Savigny;1.9;3.26
74261;Saxel;6.5;1.27
74262;Scientrier;4.4;0.56
74263;Sciez;8.8;1.24
74264;Scionzier;1.5;1.04
74265;Serraval;1.5;1.46
74266;Servoz;9.6;2.73
74267;Sevrier;4;0.43
74269;Seyssel;6.1;0.09
74271;Seytroux;1.4;1.13
74272;Sillingy;4;1.59
74273;Sixt-Fer-à-Cheval;0.7;-0.99
74275;Talloires-Montmin;3.7;-0.85
74276;Taninges;1.2;0.46
74278;Thyez;2.4;0.64
74279;Thollon-les-Mémises;5.2;0.68
74280;Thônes;1.6;0.2
74281;Thonon-les-Bains;14;1.18
74282;Fillière;3.4;1.12
74283;Thusy;0.7;1.19
74284;La Tour;2;1.17
74285;Usinens;3.7;1.19
74286;Vacheresse;5.7;1.56
74287;Vailly;3.8;0.06
74288;Valleiry;7.5;1.97
74289;Vallières-sur-Fier;2.4;1.72
74290;Vallorcine;13.4;1.46
74291;Vanzy;3.1;1.09
74292;Vaulx;1.1;2.05
74293;Veigy-Foncenex;15.2;2.1
74294;Verchaix;1.5;1.25
74295;La Vernaz;1.8;-2.58
74296;Vers;3.5;2.35
74297;Versonnex;2.5;1.8
74298;Vétraz-Monthoux;11.9;3.08
74299;Veyrier-du-Lac;6.8;0.21
74301;Villard;1.2;3.86
74302;Les Villards-sur-Thônes;1.8;0.97
74303;Villaz;1.4;0.04
74304;Ville-en-Sallaz;3.8;0.54
74305;Ville-la-Grand;12.1;1.11
74306;Villy-le-Bouveret;1.5;0.95
74307;Villy-le-Pelloux;1.9;1.74
74308;Vinzier;4.5;1.28
74309;Viry;7.1;1.74
74310;Viuz-la-Chiésaz;1.3;-0.38
74311;Viuz-en-Sallaz;2.3;1.34
74312;Vougy;2.3;0.96
74313;Vovray-en-Bornes;0.3;3.28
74314;Vulbens;3.7;1.63
74315;Yvoire;10.7;1.17
75056;Paris;61.3;-0.59
76001;Allouville-Bellefosse;4.9;-0.14
76002;Alvimare;1.5;-0.68
76004;Ambrumesnil;2.2;0.82
76005;Amfreville-la-Mi-Voie;12.5;0.3
76006;Amfreville-les-Champs;2;1.77
76007;Anceaumeville;4.5;1.02
76008;Ancourt;1.1;-0.98
76009;Ancourteville-sur-Héricourt;0.6;1.28
76010;Ancretiéville-Saint-Victor;3.3;-0.65
76011;Ancretteville-sur-Mer;1.5;-3.01
76012;Angerville-Bailleul;2.3;-0.88
76013;Angerville-la-Martel;1.4;0.86
76014;Angerville-l'Orcher;2.2;-0.45
76015;Angiens;0.5;-0.1
76016;Anglesqueville-la-Bras-Long;1.7;1.53
76017;Anglesqueville-l'Esneval;2;2.74
76018;Val-de-Saâne;2;-0.24
76019;Anneville-sur-Scie;4.5;-1.09
76020;Anneville-Ambourville;1.6;-0.51
76021;Annouville-Vilmesnil;2.3;-1.24
76022;Anquetierville;3;-0.84
76023;Anvéville;5.4;0.17
76024;Ardouval;0;-1.04
76025;Argueil;0.8;0.34
76026;Arques-la-Bataille;2.4;-0.93
76028;Aubéguimont;0;-2.18
76029;Aubermesnil-aux-Érables;1.2;-0.33
76030;Aubermesnil-Beaumais;0.9;2.53
76032;Auberville-la-Manuel;4.9;1.26
76033;Auberville-la-Renault;2.2;-0.44
76034;Val-de-Scie;8;-0.16
76035;Aumale;0.9;-0.93
76036;Auppegard;0.9;-0.94
76038;Authieux-Ratiéville;3.4;-0.24
76039;Les Authieux-sur-le-Port-Saint-Ouen;3.5;-0.59
76040;Autigny;0;0.16
76041;Les Hauts-de-Caux;6.3;-0.68
76042;Auvilliers;0;0
76043;Auzebosc;6.2;-0.03
76045;Auzouville-l'Esneval;2.3;0
76046;Auzouville-sur-Ry;1.4;-1.15
76047;Auzouville-sur-Saâne;0;-0.78
76048;Avesnes-en-Bray;1.5;-1.29
76049;Avesnes-en-Val;0;-0.98
76050;Avremesnil;0.9;-0.3
76051;Bacqueville-en-Caux;1.6;0
76052;Bailleul-Neuville;0;0.7
76053;Baillolet;3.8;1.2
76054;Bailly-en-Rivière;0;-0.38
76055;Baons-le-Comte;5.4;-0.91
76056;Bardouville;1.1;-1.12
76057;Barentin;5.2;0.23
76058;Baromesnil;0;-1.56
76059;Bazinval;0.6;-0.24
76060;Beaubec-la-Rosière;2.8;-1.31
76062;Beaumont-le-Hareng;0.9;-0.51
76063;Beauval-en-Caux;4.5;-0.9
76064;Beaurepaire;2.4;-0.24
76065;Beaussault;3.4;0
76066;Beautot;1.3;1.71
76067;Beauvoir-en-Lyons;1.7;0.08
76068;Bec-de-Mortagne;1.4;0.05
76069;Belbeuf;5;0.97
76070;Bellencombre;2.4;-2.65
76071;Bellengreville;0;-0.31
76072;Belleville-en-Caux;1.9;1.24
76074;La Bellière;7.1;-1.87
76075;Belmesnil;1.4;-0.51
76076;Bénarville;1.6;0
76077;Bénesville;6.9;-3.04
76079;Bénouville;3.6;-0.58
76082;Bernières;5.7;-0.36
76083;Bertheauville;2.1;-1.11
76084;Bertreville;3.3;0.42
76085;Bertreville-Saint-Ouen;1.7;-0.63
76086;Bertrimont;0;-0.45
76087;Berville-en-Caux;2;1.72
76088;Berville-sur-Seine;2.9;-0.72
76090;Beuzeville-la-Grenier;7.3;0.32
76091;Beuzeville-la-Guérard;1.9;0.87
76092;Beuzevillette;1;-1.18
76093;Bézancourt;5.2;0.56
76094;Bierville;3.8;0.48
76095;Bihorel;17.3;0
76096;Biville-la-Baignarde;1.6;0.1
76097;Biville-la-Rivière;0;-0.16
76099;Blacqueville;1.9;-0.24
76100;Blainville-Crevon;2.6;0.21
76101;Blangy-sur-Bresle;0.5;-0.69
76103;Bonsecours;12.7;-0.07
76104;Blosseville;2.1;-0.51
76105;Le Bocasse;5.2;-0.45
76106;Bois-d'Ennebourg;2.6;0.29
76107;Bois-Guilbert;2.2;-1.63
76108;Bois-Guillaume;14.2;1.12
76109;Bois-Héroult;3.6;-2.86
76110;Bois-Himont;4.1;-0.55
76111;Bois-l'Évêque;3;2.51
76112;Le Bois-Robert;0;1.89
76113;Boissay;1;0.8
76114;Bolbec;5.4;0.24
76115;Bolleville;1.1;0
76116;Boos;4.5;0.96
76117;Bordeaux-Saint-Clair;4.8;-0.38
76118;Bornambusc;3.8;-1.43
76119;Bosc-Bérenger;3.2;1.41
76120;Bosc-Bordel;0.9;0
76121;Bosc-Édeline;2.4;0.6
76122;Callengeville;0.5;-0.46
76123;Bosc-Guérard-Saint-Adrien;5.1;2.71
76124;Bosc-Hyons;1.6;-0.31
76125;Bosc-le-Hard;2;1.48
76126;Bosc-Mesnil;2.1;1
76128;Bosville;2.5;0.17
76129;Boudeville;0;0.94
76130;Bouelles;0;-0.62
76131;La Bouille;4.4;-0.8
76132;Bourdainville;1.3;0.5
76133;Le Bourg-Dun;2.1;0
76134;Bourville;1.4;-1.1
76135;Bouville;1.1;0.83
76136;Brachy;0.7;-2.1
76138;Bracquetuit;0.6;-0.35
76139;Bradiancourt;0.9;0.15
76140;Brametot;3.3;-0.41
76141;Bréauté;7.8;0.4
76142;Brémontier-Merval;3.6;-1.15
76143;Bretteville-du-Grand-Caux;2.7;0.43
76144;Bretteville-Saint-Laurent;1.2;0.2
76146;Buchy;1.8;0.35
76147;Bully;0.8;-0.8
76148;Bures-en-Bray;1.5;-0.26
76149;Butot;0.7;-0.12
76151;Cailleville;3.6;-1.23
76152;Cailly;1.2;-0.96
76153;Calleville-les-Deux-Églises;1.5;-0.35
76154;Campneuseville;0.5;-1.33
76155;Canehan;0;1.05
76156;Canouville;4.2;0.9
76157;Canteleu;24.4;-0.16
76158;Canville-les-Deux-Églises;0.8;-1
76159;Cany-Barville;1.7;-0.9
76160;Carville-la-Folletière;1.4;-0.62
76161;Carville-Pot-de-Fer;6.8;-1.24
76162;Le Catelier;5.4;0.83
76163;Catenay;1.3;0.31
76164;Rives-en-Seine;3.2;-0.4
76165;Caudebec-lès-Elbeuf;8.9;-0.23
76166;Le Caule-Sainte-Beuve;0.9;-0.38
76167;Cauville-sur-Mer;1.7;1.63
76168;Les Cent-Acres;3.1;0.51
76169;La Cerlangue;0.6;0.03
76170;La Chapelle-du-Bourgay;0;-2.77
76171;La Chapelle-Saint-Ouen;0;2.13
76172;La Chapelle-sur-Dun;4.7;0
76173;La Chaussée;2.5;-0.12
76174;Cideville;1.4;2.63
76175;Clais;0;0.32
76176;Clasville;2.2;1.46
76177;Claville-Motteville;0.9;-1.17
76178;Cléon;11.6;-0.61
76179;Clères;9.3;0.17
76180;Cleuville;3.1;-0.61
76181;Cléville;0;-2.32
76182;Cliponville;3.9;-1.77
76183;Colleville;2.1;0.2
76184;Colmesnil-Manneville;0;0.48
76185;Compainville;1.6;-1.61
76186;Conteville;1;0.23
76187;Contremoulins;5.3;0.72
76188;Cottévrard;1.4;0.25
76189;Crasville-la-Mallet;2.4;3.7
76190;Crasville-la-Rocquefort;0;-0.78
76192;Criel-sur-Mer;0.7;-0.7
76193;La Crique;2;0.65
76194;Criquebeuf-en-Caux;1.8;0.72
76195;Criquetot-le-Mauconduit;0;1.92
76196;Criquetot-l'Esneval;2.9;0.06
76197;Criquetot-sur-Longueville;3.7;-0.3
76198;Criquetot-sur-Ouville;3.3;-0.25
76199;Criquiers;2;1.53
76200;Critot;4.1;1.85
76201;Croisy-sur-Andelle;1.9;-1.44
76202;Croixdalle;0;2.19
76203;Croix-Mare;4.6;-1.94
76204;Cropus;2.6;0.13
76205;Crosville-sur-Scie;3.4;-0.9
76206;Cuverville;0;-0.62
76207;Cuverville-sur-Yères;3.4;-0.34
76208;Cuy-Saint-Fiacre;1.4;-0.85
76209;Dampierre-en-Bray;1.5;-0.4
76210;Dampierre-Saint-Nicolas;2.4;-1.49
76211;Dancourt;0;0.43
76212;Darnétal;21.5;0.03
76213;Daubeuf-Serville;1.6;0.51
76214;Dénestanville;1.6;1.36
76216;Déville-lès-Rouen;23.5;0.55
76217;Dieppe;10.3;-0.58
76218;Doudeauville;0;3.79
76219;Doudeville;2.7;-0.41
76220;Douvrend;0;-0.39
76221;Drosay;2.2;-0.51
76222;Duclair;4.9;-0.73
76223;Écalles-Alix;2.3;0.59
76224;Écrainville;3.1;-0.96
76225;Écretteville-lès-Baons;3;-1.53
76226;Écretteville-sur-Mer;0;-1.3
76227;Ectot-l'Auber;1.1;0.85
76228;Ectot-lès-Baons;7;0.17
76229;Elbeuf-en-Bray;0;-1.02
76230;Elbeuf-sur-Andelle;2.5;-1.01
76231;Elbeuf;14;-0.75
76232;Életot;0.7;0
76233;Ellecourt;0;1.23
76234;Émanville;4.1;1.46
76235;Envermeu;1.8;-1.08
76236;Envronville;2.7;1.1
76237;Épinay-sur-Duclair;1.6;-0.72
76238;Épouville;4.9;-0.58
76239;Épretot;2.6;1.27
76240;Épreville;1.2;0.51
76241;Ermenouville;0;-1.83
76242;Ernemont-la-Villette;3.2;1.86
76243;Ernemont-sur-Buchy;2.7;-0.11
76244;Esclavelles;1.4;0.73
76245;Eslettes;4.1;0.79
76247;Esteville;1.1;1.03
76249;Étaimpuis;3.4;1.57
76250;Étainhus;4.2;1.25
76251;Étalleville;2.3;-1.19
76252;Étalondes;1.1;0.03
76253;Étoutteville;6.7;0.74
76254;Étretat;5;-2.27
76255;Eu;2.3;-1.11
76257;Fallencourt;0;-1.24
76258;Terres-de-Caux;3.1;0.55
76259;Fécamp;8.3;-0.85
76260;Ferrières-en-Bray;2.2;0.02
76261;La Ferté-Saint-Samson;2.5;-0.87
76262;Fesques;0;2.92
76263;La Feuillie;2.3;-0.73
76264;Flamanville;4.7;-0.87
76265;Flamets-Frétils;1.2;-0.31
76266;Flocques;0.3;0.3
76268;Fongueusemare;5.3;-1.27
76269;Fontaine-en-Bray;0;-1.06
76270;Fontaine-la-Mallet;3.4;0.47
76271;Fontaine-le-Bourg;3.6;1.38
76272;Fontaine-le-Dun;1.4;-0.54
76273;Fontaine-sous-Préaux;5.8;1.73
76274;La Fontelaye;0;-4.68
76275;Fontenay;2.7;8.38
76276;Forges-les-Eaux;3.7;-0.67
76278;Foucarmont;0.4;-0.71
76279;Foucart;4.4;-0.77
76280;Fréauville;0;1.46
76281;La Frénaye;2.1;-0.62
76282;Freneuse;2.8;1.43
76283;Fresles;0;-0.43
76284;Fresnay-le-Long;4.4;0.1
76285;Fresne-le-Plan;0.5;-2.28
76286;Fresnoy-Folny;0.4;-0.57
76287;Fresquiennes;1.5;1.46
76288;Freulleville;0.5;0.49
76289;Saint Martin de l'If;1.4;0.47
76290;Frichemesnil;4.3;-1.1
76291;Froberville;5;-1.11
76292;Fry;0;-1.68
76293;Fultot;2.6;2.75
76294;La Gaillarde;2;-0.48
76295;Gaillefontaine;1.8;-0.93
76296;Gainneville;3.1;-0.41
76297;Gancourt-Saint-Étienne;2;-0.07
76298;Ganzeville;2;-0.98
76299;Gerponville;1.2;-0.89
76300;Gerville;3.4;0.4
76302;Goderville;4.7;-0.06
76303;Gommerville;2.9;0.27
76304;Gonfreville-Caillot;2.8;1.98
76305;Gonfreville-l'Orcher;8.6;-0.38
76306;Gonnetot;1.2;-3.15
76307;Gonneville-la-Mallet;2.6;0.22
76308;Gonneville-sur-Scie;3.6;2.89
76309;Gonzeville;2.2;1.6
76311;Goupillières;3.7;0.67
76312;Gournay-en-Bray;3.1;-0.96
76313;Gouy;4.2;1.27
76314;Graimbouville;3.4;-0.24
76315;Grainville-la-Teinturière;1.7;-0.23
76316;Grainville-sur-Ry;1.4;-0.3
76317;Grainville-Ymauville;1.6;-0.73
76318;Grand-Camp;0.9;1.59
76319;Grand-Couronne;7.2;0.08
76320;Grandcourt;0.8;-2.76
76321;Les Grandes-Ventes;1.2;-0.93
76322;Le Grand-Quevilly;17.5;0.04
76323;Graval;0;0.77
76324;Grèges;4.6;0.04
76325;Grémonville;1.5;0.73
76327;Greuville;0.6;-0.35
76328;Grigneuseville;1.1;0.59
76329;Gruchet-le-Valasse;3.7;-0.68
76330;Gruchet-Saint-Siméon;0;0.1
76331;Grugny;5.1;0.08
76332;Grumesnil;3.8;1.12
76333;Guerville;2;-0.25
76334;Gueures;3.9;-0.62
76335;Gueutteville;0;-1.01
76336;Gueutteville-les-Grès;0.7;-0.14
76338;La Hallotière;0;-1.1
76339;Le Hanouard;1.1;0.97
76340;Harcanville;3.5;0.55
76341;Harfleur;12;-0.23
76342;Hattenville;0.6;-0.19
76343;Haucourt;6.6;-2.09
76344;Haudricourt;0.5;1.3
76345;Haussez;4.2;0.12
76346;Hautot-l'Auvray;2.7;-1.63
76347;Hautot-le-Vatois;4;-0.44
76348;Hautot-Saint-Sulpice;3.9;0.32
76349;Hautot-sur-Mer;3;-0.44
76350;Hautot-sur-Seine;5.5;-1.02
76351;Le Havre;17.6;-0.38
76352;La Haye;2.6;-0.45
76353;Héberville;0;-1.71
76354;Hénouville;3.3;1.49
76355;Héricourt-en-Caux;4;-0.24
76356;Hermanville;4.5;-0.14
76357;Hermeville;2.6;-1.06
76359;Héronchelles;1.3;0.83
76360;Heugleville-sur-Scie;7.1;0.36
76361;Heuqueville;2.6;0.07
76362;Heurteauville;1.7;-1.43
76363;Hodeng-au-Bosc;0.9;-0.23
76364;Hodeng-Hodenger;2.6;0.06
76365;Houdetot;1.1;1.64
76366;Le Houlme;13.3;0.24
76367;Houppeville;6.4;0.63
76368;Houquetot;6.9;-0.95
76369;La Houssaye-Béranger;3.6;0.12
76370;Hugleville-en-Caux;2.2;-0.39
76371;Les Ifs;0;-1.33
76372;Illois;0.6;-0.38
76373;Imbleville;1.6;0.05
76374;Incheville;0.5;-1.62
76375;Ingouville;0;0.55
76377;Isneauville;6.7;4.28
76378;Jumièges;3.5;0.05
76379;Lamberville;2.3;-0.09
76380;Lammerville;0.7;-1.93
76381;Landes-Vieilles-et-Neuves;1.9;-1.52
76382;Lanquetot;1.7;0.07
76383;Lestanville;0;-0.18
76384;Lillebonne;3.7;-0.41
76385;Limésy;2.6;0.18
76386;Limpiville;1;1.59
76387;Lindebeuf;3.1;-0.93
76388;Lintot;0.5;1.54
76389;Lintot-les-Bois;0;1.7
76390;Les Loges;1.3;-0.98
76391;La Londe;2.5;0.32
76392;Londinières;0.6;-0.5
76393;Longmesnil;0;-2.33
76394;Longroy;0;-0.18
76395;Longueil;1.4;-1.76
76396;Longuerue;2.4;1.33
76397;Longueville-sur-Scie;7;-1.35
76398;Louvetot;2;1.59
76399;Lucy;1.1;-0.36
76400;Luneray;1.2;-0.57
76401;Arelaune-en-Seine;1.5;-0.69
76402;Malaunay;9.2;0.09
76403;Malleville-les-Grès;2.2;3.68
76404;Manéglise;2.2;-0.13
76405;Manéhouville;0;-0.82
76406;Maniquerville;2.1;0.65
76407;Manneville-ès-Plains;3.4;2.62
76408;Manneville-la-Goupil;2.7;0.5
76409;Mannevillette;1.5;1.6
76410;Maromme;15.8;0.1
76411;Marques;0;0.5
76412;Martainville-Épreville;1.4;0.68
76413;Martigny;0.6;-1.32
76414;Martin-Église;3.7;0.28
76415;Massy;1.9;-1.59
76416;Mathonville;1.1;1.07
76417;Maucomble;1.1;-0.91
76418;Maulévrier-Sainte-Gertrude;2.5;1.15
76419;Mauny;1.3;-2.52
76420;Mauquenchy;1.6;0.75
76421;Mélamare;1.7;1.08
76422;Melleville;0.8;-0.19
76423;Ménerval;2.2;-0.47
76424;Ménonval;1;1.64
76425;Mentheville;0.6;0.11
76426;Mésangueville;2.7;-1.04
76427;Mesnières-en-Bray;2.2;-0.23
76428;Le Mesnil-Durdent;0;-0.95
76429;Le Mesnil-Esnard;10.5;0.04
76430;Mesnil-Follemprise;0;-1.85
76431;Le Mesnil-Lieubray;0;-1.19
76432;Mesnil-Mauger;0;-0.27
76433;Mesnil-Panneville;1.9;1.23
76434;Mesnil-Raoul;2.3;3.42
76435;Le Mesnil-Réaume;0.8;0.19
76436;Le Mesnil-sous-Jumièges;1.1;-0.97
76437;Meulers;2.5;0.32
76438;Millebosc;0;-0.82
76439;Mirville;6.4;1.08
76440;Molagnies;1.1;3.4
76441;Monchaux-Soreng;0.4;-1.1
76442;Monchy-sur-Eu;0.4;-0.99
76443;Mont-Cauvaire;6.2;4.17
76445;Montérolier;4.6;0.19
76446;Montigny;4.4;1.16
76447;Montivilliers;8.2;-0.29
76448;Montmain;2.6;1.98
76449;Montreuil-en-Caux;2.3;-0.73
76450;Montroty;3.1;-1.13
76451;Mont-Saint-Aignan;22;1.07
76452;Montville;7.9;-0.84
76453;Morgny-la-Pommeraye;5.3;0.87
76454;Mortemer;4.4;1.36
76455;Morville-le-Héron;0.4;-1.6
76456;Motteville;7.9;-0.72
76457;Moulineaux;4.3;-0.12
76458;Muchedent;1.6;-0.77
76459;Nesle-Hodeng;0;-0.88
76460;Nesle-Normandeuse;0;-2.17
76461;Neufbosc;2.6;0.21
76462;Neufchâtel-en-Bray;2.4;-0.18
76463;Neuf-Marché;3.9;-0.73
76464;La Neuville-Chant-d'Oisel;2.6;1.06
76465;Neuville-Ferrières;1;-1.48
76467;Néville;0.7;0.56
76468;Nointot;4.2;0.36
76469;Nolléval;2.5;-1.19
76470;Normanville;1.3;-0.55
76471;Norville;0.9;0.51
76472;Notre-Dame-d'Aliermont;0.3;-1.3
76473;Notre-Dame-de-Bliquetuit;0.8;1.6
76474;Notre-Dame-de-Bondeville;20.7;-0.18
76475;Franqueville-Saint-Pierre;7.8;-0.2
76476;Port-Jérôme-sur-Seine;2.4;0.81
76477;Notre-Dame-du-Bec;1;0.83
76478;Notre-Dame-du-Parc;4.4;2.24
76479;Nullemont;2.3;1.52
76480;Ocqueville;1.2;-0.11
76481;Octeville-sur-Mer;3.6;0.83
76482;Offranville;2.5;0.98
76483;Oherville;4.6;0.29
76484;Oissel;12.3;0.9
76485;Omonville;1.9;1.23
76486;Orival;5.1;-1.65
76487;Osmoy-Saint-Valery;0;-1.08
76488;Ouainville;1.7;0.16
76489;Oudalle;0.5;1.66
76490;Ourville-en-Caux;1.3;-0.76
76491;Ouville-l'Abbaye;5.5;-0.65
76492;Ouville-la-Rivière;2.3;-1.67
76493;Paluel;0;-2.38
76494;Parc-d'Anxtot;3.6;0.23
76495;Pavilly;5.8;-0.5
76497;Petit-Couronne;9.9;0.1
76498;Le Petit-Quevilly;23;-0.15
76499;Petiville;1.1;0.75
76500;Pierrecourt;0.6;0
76501;Pierrefiques;1.6;-0.75
76502;Pierreval;2.3;-0.59
76503;Pissy-Pôville;3.5;0.33
76504;Pleine-Sève;0;-1.12
76505;Pommereux;0;-0.52
76506;Pommeréval;0.4;2.21
76507;Ponts-et-Marais;1;0.34
76508;La Poterie-Cap-d'Antifer;0.5;0.22
76509;Préaux;2.9;0.45
76510;Prétot-Vicquemare;0.9;1.21
76511;Preuseville;1.8;4.53
76512;Puisenval;0;2.97
76513;Quevillon;4.1;-0.47
76514;Quévreville-la-Poterie;2.7;1.02
76515;Quiberville-sur-Mer;1.9;-0.18
76516;Quièvrecourt;0.6;-1.87
76517;Quincampoix;4.9;0.94
76518;Raffetot;2.6;0
76519;Rainfreville;0;0.46
76520;Réalcamp;1.2;-1.29
76521;Rebets;1.7;0.11
76522;La Remuée;1.5;-0.16
76523;Rétonval;0;-1.96
76524;Reuville;1.6;2.83
76526;Ricarville-du-Val;0;2.24
76527;Richemont;0;-0.7
76528;Rieux;0.4;-1.62
76529;Riville;0.7;0.93
76530;Robertot;8.2;0.55
76531;Rocquefort;4.8;0.58
76532;Rocquemont;2.3;-1.01
76533;Rogerville;2.4;4.37
76534;Rolleville;4.3;0.23
76535;Roncherolles-en-Bray;1;-1.09
76536;Roncherolles-sur-le-Vivier;6.6;2.76
76537;Ronchois;1.1;1.34
76538;Rosay;1.8;0.31
76540;Rouen;29;0.92
76541;Roumare;2.9;1.71
76542;Routes;5.7;1.15
76543;Rouville;3.2;-0.43
76544;Rouvray-Catillon;1;0.07
76545;Rouxmesnil-Bouteilles;3.1;-0.54
76546;Royville;0.9;2.35
76547;La Rue-Saint-Pierre;3.7;-0.17
76548;Ry;1.5;1.69
76549;Saâne-Saint-Just;0;-2.35
76550;Sahurs;2.6;-0.11
76551;Sainneville;0.5;0.43
76552;Sainte-Adresse;5.7;-0.91
76553;Sainte-Agathe-d'Aliermont;0;-0.87
76554;Saint-Aignan-sur-Ry;0.6;-0.24
76555;Saint-André-sur-Cailly;2.8;-1.06
76556;Saint-Antoine-la-Forêt;0.4;0.59
76557;Saint-Arnoult;2.5;1.25
76558;Saint-Aubin-Celloville;2;2.86
76559;Saint-Aubin-de-Crétot;0.4;-0.72
76560;Saint-Aubin-Épinay;6.2;-0.32
76561;Saint-Aubin-lès-Elbeuf;8.4;0.51
76562;Saint-Aubin-le-Cauf;0.6;-0.51
76563;Saint-Aubin-Routot;2.1;0.75
76564;Saint-Aubin-sur-Mer;1.6;-0.92
76565;Saint-Aubin-sur-Scie;2.7;1.97
76566;Sainte-Austreberthe;3.9;1.23
76567;Sainte-Beuve-en-Rivière;1.1;-0.65
76568;Saint-Clair-sur-les-Monts;4.9;1.21
76569;Sainte-Colombe;0;0.69
76570;Saint-Crespin;1.1;1.5
76571;Sainte-Croix-sur-Buchy;1.5;-0.54
76572;Saint-Denis-d'Aclon;2.1;-0.64
76573;Saint-Denis-le-Thiboult;2.7;-0.2
76574;Saint-Denis-sur-Scie;6.9;-0.17
76575;Saint-Étienne-du-Rouvray;16.1;-0.02
76576;Saint-Eustache-la-Forêt;2.3;1.69
76577;Sainte-Foy;1;1.39
76578;Sainte-Geneviève;0.8;-0.81
76580;Saint-Georges-sur-Fontaine;3.8;0.16
76581;Saint-Germain-des-Essourts;5.6;-1.19
76582;Saint-Germain-d'Étables;0;-2.04
76583;Saint-Germain-sous-Cailly;3.1;-1.62
76584;Saint-Germain-sur-Eaulne;2.2;2.06
76585;Saint-Gilles-de-Crétot;1;-1.85
76586;Saint-Gilles-de-la-Neuville;2.4;0.05
76587;Sainte-Hélène-Bondeville;3.6;-0.1
76588;Saint-Hellier;0.9;2.34
76589;Saint-Honoré;1.1;-0.57
76590;Saint-Jacques-d'Aliermont;0.6;0.42
76591;Saint-Jacques-sur-Darnétal;5.2;2.45
76592;Saint-Jean-de-Folleville;1.5;-0.65
76593;Saint-Jean-de-la-Neuville;3.5;2.79
76594;Saint-Jean-du-Cardonnay;3.9;-0.49
76595;Saint-Jouin-Bruneval;2.5;-0.45
76596;Saint-Laurent-de-Brèvedent;3.4;0.55
76597;Saint-Laurent-en-Caux;3;-0.93
76598;Saint-Léger-aux-Bois;0.8;-0.75
76599;Saint-Léger-du-Bourg-Denis;12.7;1.25
76600;Saint-Léonard;2.9;-0.42
76601;Saint-Lucien;0;-1.3
76602;Saint-Maclou-de-Folleville;5.1;-0.8
76603;Saint-Maclou-la-Brière;0.5;-0.52
76604;Saint-Mards;3.7;-2.66
76605;Sainte-Marguerite-sur-Mer;4.1;-0.28
76606;Morienne;0;0.93
76608;Sainte-Marguerite-sur-Duclair;2.3;0.12
76609;Sainte-Marie-au-Bosc;1.8;-0.41
76610;Sainte-Marie-des-Champs;8;-0.12
76611;Saint-Martin-aux-Arbres;0.7;-1.2
76612;Saint-Martin-au-Bosc;0.9;1.81
76613;Saint-Martin-aux-Buneaux;1.9;-0.67
76614;Saint-Martin-de-Boscherville;5.7;0.15
76615;Saint-Martin-du-Bec;3.1;1.2
76616;Saint-Martin-du-Manoir;3;-0.41
76617;Saint-Martin-du-Vivier;5;0.34
76618;Petit-Caux;1.9;0.2
76619;Saint-Martin-le-Gaillard;0;-0.23
76620;Saint-Martin-l'Hortier;0;-0.24
76621;Saint-Martin-Osmonville;3.7;0.11
76622;Saint-Maurice-d'Ételan;1.2;-1.06
76623;Saint-Michel-d'Halescourt;2;-0.28
76624;Saint-Nicolas-d'Aliermont;1.4;0.06
76626;Saint-Nicolas-de-la-Haie;1;-0.08
76627;Saint-Nicolas-de-la-Taille;0.8;1.09
76628;Saint-Ouen-du-Breuil;1.3;2.57
76629;Saint-Ouen-le-Mauger;0.7;-2.02
76630;Saint-Ouen-sous-Bailly;1;0.45
76631;Saint-Paër;1.8;-0.57
76632;Saint-Pierre-Bénouville;2.2;-0.91
76634;Saint-Pierre-de-Manneville;4.2;-0.68
76635;Saint-Pierre-des-Jonquières;0;0.22
76636;Saint-Pierre-de-Varengeville;2.7;-0.24
76637;Saint-Pierre-en-Port;2;0.06
76638;Saint-Pierre-en-Val;0.2;-0.26
76640;Saint-Pierre-lès-Elbeuf;4.3;0.14
76641;Saint-Pierre-le-Vieux;0;-0.35
76642;Saint-Pierre-le-Viger;4.8;0.45
76644;Saint-Rémy-Boscrocourt;0.9;-0.04
76645;Saint-Riquier-en-Rivière;0;0.11
76646;Saint-Riquier-ès-Plains;2.9;0.93
76647;Saint-Romain-de-Colbosc;4.1;1.99
76648;Saint-Saëns;2.6;-1
76649;Saint-Saire;2.8;-1.34
76650;Saint-Sauveur-d'Émalleville;2;0
76651;Saint-Sylvain;5.7;-4.77
76652;Saint-Vaast-d'Équiqueville;1.2;0.22
76653;Saint-Vaast-Dieppedalle;1.7;0.63
76654;Saint-Vaast-du-Val;2.7;-0.32
76655;Saint-Valery-en-Caux;2.1;-0.92
76656;Saint-Victor-l'Abbaye;6.5;-0.5
76657;Saint-Vigor-d'Ymonville;1.2;0.76
76658;Saint-Vincent-Cramesnil;1.2;1.36
76660;Sandouville;0.6;0.08
76662;Sassetot-le-Malgardé;0;-2.06
76663;Sassetot-le-Mauconduit;1.5;-1.5
76664;Sasseville;0.9;-0.75
76665;Sauchay;0;1.41
76666;Saumont-la-Poterie;5.9;0.04
76667;Sauqueville;3;-0.38
76668;Saussay;4;-0.09
76669;Sausseuzemare-en-Caux;2.1;-0.27
76670;Senneville-sur-Fécamp;1.3;0.17
76671;Sept-Meules;3;-1.46
76672;Serqueux;3.5;-0.87
76673;Servaville-Salmonville;1.8;-0.03
76675;Sierville;2.1;1.24
76676;Sigy-en-Bray;1.5;-1.21
76677;Smermesnil;0.6;-1.76
76678;Sommery;2.9;0.41
76679;Sommesnil;0;2.08
76680;Sorquainville;1.4;-1.02
76681;Sotteville-lès-Rouen;21.4;0.03
76682;Sotteville-sous-le-Val;2.3;-1.26
76683;Sotteville-sur-Mer;0;0.52
76684;Tancarville;0.7;-0.87
76685;Thérouldeville;2.3;0.17
76686;Theuville-aux-Maillots;3.7;-0.77
76688;Thiergeville;0.5;-0.57
76689;Thiétreville;0.6;-0.04
76690;Thil-Manneville;1.2;1.38
76691;Le Thil-Riberpré;3.6;1.47
76692;Thiouville;3.8;-1.85
76693;Le Tilleul;4.1;-0.76
76694;Tocqueville-en-Caux;1.9;3.91
76695;Tocqueville-les-Murs;1.6;-0.42
76697;Torcy-le-Grand;2.9;0.69
76698;Torcy-le-Petit;0.9;1.18
76699;Le Torp-Mesnil;1.9;1.15
76700;Tôtes;2.5;-0.15
76702;Touffreville-la-Corbeline;6;0.42
76703;Touffreville-sur-Eu;3.3;1.69
76705;Tourville-la-Rivière;4.5;0.43
76706;Tourville-les-Ifs;0.9;4.35
76707;Tourville-sur-Arques;2.5;-0.83
76708;Toussaint;1.5;-0.72
76709;Le Trait;5.7;-0.98
76710;Trémauville;4.3;-1.27
76711;Le Tréport;2.7;-1.7
76712;La Trinité-du-Mont;1.4;2.34
76714;Les Trois-Pierres;1.3;1.67
76715;Trouville;2.2;-0.56
76716;Turretot;1.1;1.36
76717;Val-de-la-Haye;3.6;-0.14
76718;Valliquerville;6.3;0.64
76719;Valmont;2.5;0.55
76720;Varengeville-sur-Mer;3.7;-0.16
76721;Varneville-Bretteville;2.5;0.36
76723;Vassonville;6.3;-1.08
76724;Vatierville;0;0
76725;Vattetot-sous-Beaumont;3.6;0.06
76726;Vattetot-sur-Mer;0;0.05
76727;Vatteville-la-Rue;1.2;-0.28
76728;La Vaupalière;3.5;3.27
76730;Veauville-lès-Quelles;1.8;-0.39
76731;Vénestanville;0;-1.3
76732;Butot-Vénesville;1;-0.89
76733;Ventes-Saint-Rémy;1.2;-0.75
76734;Vergetot;1.4;0.04
76735;Veules-les-Roses;8.2;-2.57
76736;Veulettes-sur-Mer;1.8;0.18
76737;Vibeuf;1.3;0.19
76738;Vieux-Manoir;2;0.71
76739;Vieux-Rouen-sur-Bresle;1.2;0.38
76740;La Vieux-Rue;2.5;0.15
76741;Villainville;1.8;-0.16
76743;Villers-Écalles;4.2;-0.54
76744;Villers-sous-Foucarmont;2.4;-0.87
76745;Villy-sur-Yères;0;1.71
76746;Vinnemerville;0;0.76
76747;Virville;2.3;-0.89
76748;Vittefleur;1.6;0.13
76749;Wanchy-Capval;0.7;-1.39
76750;Yainville;4.2;-0.35
76751;Yébleron;2;-0.23
76752;Yerville;2;1.51
76753;Ymare;3.6;1
76754;Yport;3.3;-2.85
76755;Ypreville-Biville;1.2;-1.01
76756;Yquebeuf;4;-0.07
76757;Yvecrique;3.7;-0.44
76758;Yvetot;9.1;-0.48
76759;Yville-sur-Seine;2;-1.24
77001;Achères-la-Forêt;7.4;0.63
77002;Amillis;7.8;0.04
77003;Amponville;5.1;0
77004;Andrezel;6.6;2.16
77005;Annet-sur-Marne;10.3;0.35
77006;Arbonne-la-Forêt;7.3;-0.07
77007;Argentières;14.5;-1.57
77008;Armentières-en-Brie;23.3;-0.73
77009;Arville;13;1.91
77010;Aubepierre-Ozouer-le-Repos;10.1;0.91
77011;Aufferville;10.7;-1.13
77012;Augers-en-Brie;1.7;-1.55
77013;Aulnoy;7.5;0.28
77014;Avon;37.3;-0.57
77015;Baby;8.5;2.6
77016;Bagneaux-sur-Loing;14.2;-1.06
77018;Bailly-Romainvilliers;31.4;-1.17
77019;Balloy;16.7;1.24
77020;Bannost-Villegagnon;5.6;-0.28
77021;Barbey;14.1;0.56
77022;Barbizon;12.1;1.45
77023;Barcy;13.1;3.85
77024;Bassevelle;13.7;1.5
77025;Bazoches-lès-Bray;10.5;0.53
77026;Beauchery-Saint-Martin;14.3;-0.44
77027;Beaumont-du-Gâtinais;7.3;-0.3
77029;Beauvoir;6.6;-1.78
77030;Bellot;10.8;-0.09
77031;Bernay-Vilbert;12.4;3.04
77032;Beton-Bazoches;6.1;0.33
77033;Bezalles;13.9;-1.68
77034;Blandy;5.3;1.03
77035;Blennes;10.3;-0.42
77036;Boisdon;5;-0.95
77037;Bois-le-Roi;41.9;0.68
77038;Boissettes;16.5;1.04
77039;Boissise-la-Bertrand;12.6;0.48
77040;Boissise-le-Roi;12.2;0.2
77041;Boissy-aux-Cailles;0.8;-1.28
77042;Boissy-le-Châtel;13;0.91
77043;Boitron;17.6;-2.35
77044;Bombon;10.5;-0.44
77045;Bougligny;10.4;-0.02
77046;Boulancourt;6.6;-0.76
77047;Bouleurs;12.1;2.46
77048;Bourron-Marlotte;14.8;0.1
77049;Boutigny;8.1;-0.39
77050;Bransles;11.7;-1.03
77051;Bray-sur-Seine;12.6;1.22
77052;Bréau;14.5;2.6
77053;Brie-Comte-Robert;13;1.67
77054;La Brosse-Montceaux;16.8;-1.38
77055;Brou-sur-Chantereine;33.3;2.49
77056;Burcy;6.8;-1.29
77057;Bussières;24;1.44
77058;Bussy-Saint-Georges;51.3;-0.4
77059;Bussy-Saint-Martin;25.6;0.97
77060;Buthiers;3.8;0.8
77061;Cannes-Écluse;13.8;1.71
77062;Carnetin;19.1;0.11
77063;La Celle-sur-Morin;11.4;-0.93
77065;Cély;8.6;1.45
77066;Cerneux;5.9;-2.33
77067;Cesson;26;1.42
77068;Cessoy-en-Montois;14.5;-0.08
77069;Chailly-en-Bière;11.3;1.1
77070;Chailly-en-Brie;13;1.93
77071;Chaintreaux;9.8;-1.59
77072;Chalautre-la-Grande;10.9;-1.38
77073;Chalautre-la-Petite;11.5;-1.09
77075;Chalifert;16.6;3.81
77076;Chalmaison;28;0.11
77077;Chambry;13.3;1.29
77078;Chamigny;27.5;0.59
77079;Champagne-sur-Seine;25.4;0.84
77080;Champcenest;5.5;-1.37
77081;Champdeuil;5.8;0.21
77082;Champeaux;8.9;-0.2
77083;Champs-sur-Marne;48.6;1.23
77084;Changis-sur-Marne;32.4;1.97
77085;Chanteloup-en-Brie;27.1;1.5
77086;La Chapelle-Gauthier;15.1;-0.74
77087;La Chapelle-Iger;8.4;2.68
77088;La Chapelle-la-Reine;6.1;-1.49
77089;La Chapelle-Rablais;8.1;-1.03
77090;La Chapelle-Saint-Sulpice;17;-0.14
77091;Les Chapelles-Bourbon;18.2;0.4
77093;La Chapelle-Moutils;5.8;-1.33
77094;Charmentray;4.2;0.94
77095;Charny;10;3.63
77096;Chartrettes;31.3;0.18
77097;Chartronges;7.2;0.28
77098;Châteaubleau;15.5;-0.05
77099;Château-Landon;16.4;1.07
77100;Le Châtelet-en-Brie;12.6;-0.86
77101;Châtenay-sur-Seine;8.7;0.47
77102;Châtenoy;10.1;-1.51
77103;Châtillon-la-Borde;5.2;0.53
77104;Châtres;18.1;1.09
77106;Chauffry;13.5;-0.3
77107;Chaumes-en-Brie;16.6;1.38
77108;Chelles;42.8;0.05
77109;Chenoise-Cucharmoy;10;0.19
77110;Chenou;4.1;-1.09
77111;Chessy;35.2;5.35
77112;Chevrainvilliers;10.1;1.52
77113;Chevru;7.8;-1.39
77114;Chevry-Cossigny;9.7;0.21
77115;Chevry-en-Sereine;10.5;-0.46
77116;Choisy-en-Brie;6.2;-0.59
77117;Citry;31.6;0.44
77118;Claye-Souilly;14.8;-0.02
77119;Clos-Fontaine;12.2;-2.29
77120;Cocherel;13.6;-0.53
77121;Collégien;35.4;-0.39
77122;Combs-la-Ville;36;0.37
77123;Compans;19.1;0.6
77124;Conches-sur-Gondoire;22.8;0.13
77125;Condé-Sainte-Libiaire;22.1;0.7
77126;Congis-sur-Thérouanne;13.8;0.11
77127;Coubert;10.2;-0.39
77128;Couilly-Pont-aux-Dames;19.9;-0.33
77129;Coulombs-en-Valois;19.6;0.06
77130;Coulommes;9.6;4.38
77131;Coulommiers;23.5;0.82
77132;Coupvray;21.8;0.98
77133;Courcelles-en-Bassée;7.1;-0.38
77134;Courchamp;10.1;-0.33
77135;Courpalay;10.5;1.54
77136;Courquetaine;12.9;-0.95
77137;Courtacon;8.7;-0.4
77138;Courtomer;14.3;1.22
77139;Courtry;15.9;1.29
77140;Coutençon;7.6;-1.94
77141;Coutevroult;20.7;1.66
77142;Crécy-la-Chapelle;17.4;1.77
77143;Crégy-lès-Meaux;27.2;2.31
77144;Crèvecœur-en-Brie;18.4;2.24
77145;Crisenoy;10.5;-2.18
77146;Croissy-Beaubourg;30.3;-0.12
77147;La Croix-en-Brie;11.9;-0.02
77148;Crouy-sur-Ourcq;18.3;-1.34
77150;Cuisy;8.7;1.1
77151;Dagny;3.6;-0.77
77152;Dammarie-les-Lys;36;1.01
77153;Dammartin-en-Goële;19.5;2.99
77154;Dammartin-sur-Tigeaux;8.7;3.28
77155;Dampmart;23.4;1.35
77156;Darvault;18.9;1.62
77157;Dhuisy;13.7;1.71
77158;Diant;19.5;0.34
77159;Donnemarie-Dontilly;11.9;-0.88
77161;Dormelles;16.5;-0.08
77162;Doue;9;1.99
77163;Douy-la-Ramée;10.8;3.1
77164;Échouboulains;7;0
77165;Les Écrennes;6;0.52
77167;Égligny;6.5;-1.13
77168;Égreville;10.4;0.1
77169;Émerainville;37.8;-0.54
77171;Esbly;35.2;0.08
77172;Esmans;16.2;-0.02
77173;Étrépilly;10.8;-1.37
77174;Everly;21.8;-0.77
77175;Évry-Grégy-sur-Yerre;7.6;2.51
77176;Faremoutiers;15.2;1.65
77177;Favières;17.1;2.56
77178;Faÿ-lès-Nemours;12.7;0.51
77179;Féricy;12.8;0.93
77180;Férolles-Attilly;8.2;0.52
77181;Ferrières-en-Brie;24;3.18
77182;La Ferté-Gaucher;17.9;-0.19
77183;La Ferté-sous-Jouarre;42.7;0.6
77184;Flagy;11.2;-1.31
77185;Fleury-en-Bière;5.5;0.55
77186;Fontainebleau;25.8;0.96
77187;Fontaine-Fourches;6.4;-0.65
77188;Fontaine-le-Port;24.2;0.43
77190;Fontains;10.1;1.48
77191;Fontenailles;12;0.31
77192;Fontenay-Trésigny;16.7;1.23
77193;Forfry;8.2;1.69
77194;Forges;8;0.16
77195;Fouju;6.4;1.47
77196;Fresnes-sur-Marne;6.8;0.54
77197;Frétoy;5.7;0.49
77198;Fromont;7;-0.43
77199;Fublaines;15.9;1.22
77200;Garentreville;7.5;1.57
77201;Gastins;4.9;0.57
77202;La Genevraye;20.7;1.04
77203;Germigny-l'Évêque;17.8;0.48
77204;Germigny-sous-Coulombs;14.1;-0.4
77205;Gesvres-le-Chapitre;7.9;-0.89
77206;Giremoutiers;11.4;2.02
77207;Gironville;13.1;0.53
77208;Gouaix;20.9;-1.87
77209;Gouvernes;19.6;0.13
77210;La Grande-Paroisse;16.3;0.8
77211;Grandpuits-Bailly-Carrois;12.5;-0.1
77212;Gravon;9.3;-0.11
77214;Gressy;20.3;-1.14
77215;Gretz-Armainvilliers;26.6;-0.12
77216;Grez-sur-Loing;16.1;0.5
77217;Grisy-Suisnes;8.3;2.84
77218;Grisy-sur-Seine;6.5;1.21
77219;Guérard;13.3;1.77
77220;Guercheville;3.9;-0.12
77221;Guermantes;26.1;0.12
77222;Guignes;15.5;2.01
77223;Gurcy-le-Châtel;13.4;-0.38
77224;Hautefeuille;9.8;-0.26
77225;La Haute-Maison;5.4;1.98
77226;Héricy;21.5;-0.6
77227;Hermé;9.9;-0.34
77228;Hondevilliers;19.8;0.26
77229;La Houssaye-en-Brie;16.3;0.69
77230;Ichy;6.6;-1.59
77231;Isles-les-Meldeuses;25.7;-0.46
77232;Isles-lès-Villenoy;23.4;3.82
77233;Iverny;9.2;0.59
77234;Jablines;13.2;-0.49
77235;Jaignes;12.1;1.54
77236;Jaulnes;8.5;-1.38
77237;Jossigny;22.8;-0.84
77238;Jouarre;23.1;-0.05
77239;Jouy-le-Châtel;8.8;0.32
77240;Jouy-sur-Morin;11.1;0.95
77241;Juilly;15.7;0.44
77242;Jutigny;19;-0.15
77243;Lagny-sur-Marne;33.5;0.13
77244;Larchant;8.2;0.56
77245;Laval-en-Brie;9;-2.79
77246;Léchelle;8;-0.43
77247;Lescherolles;11.6;-0.86
77248;Lesches;14.7;0.94
77249;Lésigny;11.2;-0.59
77250;Leudon-en-Brie;1.3;0.4
77251;Lieusaint;32.6;0.89
77252;Limoges-Fourches;13.1;4.05
77253;Lissy;7.9;9.32
77254;Liverdy-en-Brie;15.9;0.43
77255;Livry-sur-Seine;21.4;1.56
77256;Lizines;7;-0.64
77257;Lizy-sur-Ourcq;24.7;-0.1
77258;Lognes;56;0.79
77259;Longperrier;20.8;3.17
77260;Longueville;34.1;-0.04
77261;Lorrez-le-Bocage-Préaux;11.5;-0.21
77262;Louan-Villegruis-Fontaine;8.7;0.24
77263;Luisetaines;9.5;-0.77
77264;Lumigny-Nesles-Ormeaux;14.4;-0.53
77265;Luzancy;26.4;-0.92
77266;Machault;9.5;0.11
77267;La Madeleine-sur-Loing;15.3;-0.05
77268;Magny-le-Hongre;33.6;1.23
77269;Maincy;10.3;1.32
77270;Maisoncelles-en-Brie;8.5;1.55
77271;Maisoncelles-en-Gâtinais;8.8;0.99
77272;Maison-Rouge;20.4;-0.65
77273;Marchémoret;13.3;1.4
77274;Marcilly;8.6;-0.87
77275;Les Marêts;3.3;0.44
77276;Mareuil-lès-Meaux;22.6;1.9
77277;Marles-en-Brie;22;2.8
77278;Marolles-en-Brie;6.6;0.49
77279;Marolles-sur-Seine;14.1;0.68
77280;Mary-sur-Marne;18.9;-0.55
77281;Mauperthuis;10.5;0
77282;Mauregard;5.4;0.53
77283;May-en-Multien;9;-0.37
77284;Meaux;39.7;0.7
77285;Le Mée-sur-Seine;37.1;-1.01
77286;Meigneux;14.9;-0.28
77287;Meilleray;6;-0.03
77288;Melun;39.4;1.38
77289;Melz-sur-Seine;8.8;-0.43
77290;Méry-sur-Marne;25.3;0.3
77291;Le Mesnil-Amelot;31.8;-0.08
77292;Messy;13;0.78
77293;Misy-sur-Yonne;14.2;-2.16
77294;Mitry-Mory;27.2;0.4
77295;Moisenay;7.5;-0.1
77296;Moissy-Cramayel;33.2;0.74
77297;Mondreville;6;-0.74
77298;Mons-en-Montois;10.7;-0.41
77300;Montceaux-lès-Meaux;18.9;1.3
77301;Montceaux-lès-Provins;11.6;-0.71
77302;Moncourt-Fromonville;12.5;-0.73
77303;Montdauphin;5.7;-0.55
77304;Montenils;5.9;1.77
77305;Montereau-Fault-Yonne;26.5;2.03
77306;Montereau-sur-le-Jard;7.6;-0.75
77307;Montévrain;34.8;5.21
77308;Montgé-en-Goële;12.6;-0.72
77309;Monthyon;11.8;0.36
77310;Montigny-le-Guesdier;9.7;0.17
77311;Montigny-Lencoup;10.4;-0.09
77312;Montigny-sur-Loing;19.1;-0.54
77313;Montmachoux;16;-0.92
77314;Montolivet;7.5;0.68
77315;Montry;24.6;1.21
77316;Moret-Loing-et-Orvanne;31.3;0.16
77317;Mormant;21.9;1.61
77318;Mortcerf;17.6;-0.55
77319;Mortery;10.4;-1.26
77320;Mouroux;17.3;1.36
77321;Mousseaux-lès-Bray;14.2;-1.35
77322;Moussy-le-Neuf;10.7;1.08
77323;Moussy-le-Vieux;11;1.13
77325;Mouy-sur-Seine;8.9;0.05
77326;Nandy;21.9;0.94
77327;Nangis;30.2;0.44
77328;Nanteau-sur-Essonne;5.9;-1.13
77329;Nanteau-sur-Lunain;40.7;-0.07
77330;Nanteuil-lès-Meaux;23.5;2.69
77331;Nanteuil-sur-Marne;49.3;-1.12
77332;Nantouillet;11.5;1.63
77333;Nemours;23.4;-0.07
77335;Chauconin-Neufmontiers;18.4;2.8
77336;Neufmoutiers-en-Brie;15.9;3.82
77337;Noisiel;55.1;0.46
77338;Noisy-Rudignon;13.7;-0.66
77339;Noisy-sur-École;7.3;-0.11
77340;Nonville;8.3;-0.44
77341;Noyen-sur-Seine;11.8;0.59
77342;Obsonville;10.2;1.93
77343;Ocquerre;18.7;-3.23
77344;Oissery;12.9;2.08
77345;Orly-sur-Morin;22.1;-0.55
77347;Les Ormes-sur-Voulzie;11.1;0.06
77348;Ormesson;14.5;-0.2
77349;Othis;14;0.1
77350;Ozoir-la-Ferrière;24.9;0.63
77352;Ozouer-le-Voulgis;7.3;0.92
77353;Paley;10.6;2.29
77354;Pamfou;10.8;0.37
77355;Paroy;8.6;1.23
77356;Passy-sur-Seine;4.8;-1.05
77357;Pécy;9.9;-0.45
77358;Penchard;17.5;3.8
77359;Perthes;8.5;0.57
77360;Pézarches;14.5;0.17
77361;Pierre-Levée;7.1;-0.14
77363;Le Pin;10.8;1.38
77364;Le Plessis-aux-Bois;4.5;-2.12
77365;Le Plessis-Feu-Aussoux;6.7;1
77366;Le Plessis-l'Évêque;9.7;-0.23
77367;Le Plessis-Placy;8.5;1.48
77368;Poigny;10.6;-0.55
77369;Poincy;16.8;2.18
77370;Poligny;6.9;-0.1
77371;Pommeuse;12.7;0.7
77372;Pomponne;31.4;0.78
77373;Pontault-Combault;31.5;0.27
77374;Pontcarré;16.6;-0.56
77376;Précy-sur-Marne;7;-0.79
77377;Presles-en-Brie;18.5;0.29
77378;Pringy;11.7;4.62
77379;Provins;19.2;-0.05
77380;Puisieux;5.2;0.05
77381;Quiers;15.5;-0.43
77382;Quincy-Voisins;20.2;0.23
77383;Rampillon;11.1;0.14
77384;Réau;14.3;2.02
77385;Rebais;12.7;0.04
77386;Recloses;12.7;-0.93
77387;Remauville;6.6;0.54
77388;Reuil-en-Brie;24.1;-0.41
77389;La Rochette;38.5;2.57
77390;Roissy-en-Brie;35.7;0.3
77391;Rouilly;13.2;0.34
77392;Rouvres;16.1;2.45
77393;Rozay-en-Brie;13.3;-0.04
77394;Rubelles;21.4;8.18
77395;Rumont;3.3;0.27
77396;Rupéreux;6.4;0
77397;Saâcy-sur-Marne;32;0.63
77398;Sablonnières;10.4;1.18
77400;Saint-Augustin;12.6;1.12
77401;Sainte-Aulde;20.5;0
77402;Saint-Barthélemy;3.3;0.75
77403;Saint-Brice;9.8;0.93
77404;Sainte-Colombe;24.5;-0.35
77405;Saint-Cyr-sur-Morin;19.7;0
77406;Saint-Denis-lès-Rebais;9.2;0.58
77407;Saint-Fargeau-Ponthierry;12.1;0.83
77408;Saint-Fiacre;10.7;3.23
77409;Saint-Germain-Laval;15.7;0.57
77410;Saint-Germain-Laxis;11.4;-0.2
77411;Saint-Germain-sous-Doue;10;0.84
77412;Saint-Germain-sur-École;4.6;0.6
77413;Saint-Germain-sur-Morin;20.7;1.25
77414;Saint-Hilliers;8.6;0.32
77415;Saint-Jean-les-Deux-Jumeaux;21;0.35
77416;Saint-Just-en-Brie;10.6;1.74
77417;Saint-Léger;8.1;-1.12
77418;Saint-Loup-de-Naud;13.5;-0.48
77419;Saint-Mammès;28.6;-0.39
77420;Saint-Mard;19;0.07
77421;Saint-Mars-Vieux-Maisons;5.1;-2.18
77423;Saint-Martin-des-Champs;6.6;-0.03
77424;Saint-Martin-du-Boschet;4.7;-1.67
77425;Saint-Martin-en-Bière;9;-0.4
77426;Saint-Méry;5.3;-1.01
77427;Saint-Mesmes;8.1;-0.47
77428;Saint-Ouen-en-Brie;8.1;-0.2
77429;Saint-Ouen-sur-Morin;19.7;-0.47
77430;Saint-Pathus;14.7;1.17
77431;Saint-Pierre-lès-Nemours;20;-0.13
77432;Saint-Rémy-de-la-Vanne;6.3;-0.03
77433;Beautheil-Saints;7.6;0.08
77434;Saint-Sauveur-lès-Bray;11.3;0
77435;Saint-Sauveur-sur-École;5;0
77436;Saint-Siméon;7.7;-0.07
77437;Saint-Soupplets;12.1;1.64
77438;Saint-Thibault-des-Vignes;27.2;0.85
77439;Salins;11.3;1.33
77440;Sammeron;22;0.53
77441;Samois-sur-Seine;22.8;-0.02
77442;Samoreau;24.2;0.62
77443;Sancy;12.9;0.43
77444;Sancy-lès-Provins;5.5;0.81
77445;Savigny-le-Temple;33;0.29
77446;Savins;19.8;-0.06
77447;Seine-Port;14.9;-0.61
77448;Sept-Sorts;31;3.31
77449;Serris;42;2.05
77450;Servon;10.7;0.99
77451;Signy-Signets;12.3;0.83
77452;Sigy;4.2;4.75
77453;Sivry-Courtry;12;-1.9
77454;Sognolles-en-Montois;7.2;-1.64
77455;Soignolles-en-Brie;6.8;0.46
77456;Soisy-Bouy;16.2;0.42
77457;Solers;6.1;0.65
77458;Souppes-sur-Loing;26.7;-1.35
77459;Sourdun;16.7;0.14
77460;Tancrou;11.1;-1.49
77461;Thénisy;9.7;0.96
77462;Thieux;11.5;1.23
77463;Thomery;24.9;-0.37
77464;Thorigny-sur-Marne;35.7;1.33
77465;Thoury-Férottes;13.5;-0.53
77466;Tigeaux;11;0.82
77467;La Tombe;12.8;-2.43
77468;Torcy;46.6;-0.2
77469;Touquin;15.2;0.26
77470;Tournan-en-Brie;32.4;-0.88
77471;Tousson;4.8;-2.36
77472;La Trétoire;9;-0.53
77473;Treuzy-Levelay;11.9;0.19
77474;Trilbardou;12.1;0.49
77475;Trilport;36.1;0.34
77476;Trocy-en-Multien;5.2;-0.84
77477;Ury;9.8;0.74
77478;Ussy-sur-Marne;23;0.13
77479;Vaires-sur-Marne;42.7;0.26
77480;Valence-en-Brie;14.5;1.26
77481;Vanvillé;7.4;0.46
77482;Varennes-sur-Seine;21.7;1.38
77483;Varreddes;13.9;1.81
77484;Vaucourtois;7.4;2.24
77485;Le Vaudoué;5.9;-0.4
77486;Vaudoy-en-Brie;9.3;-0.24
77487;Vaux-le-Pénil;21.6;0.49
77489;Vaux-sur-Lunain;9.3;0.97
77490;Vendrest;14.4;-1.72
77492;Verdelot;11.8;-1.7
77493;Verneuil-l'Étang;26.7;-0.08
77494;Vernou-la-Celle-sur-Seine;16.2;-0.4
77495;Vert-Saint-Denis;19;3.22
77496;Vieux-Champagne;22.4;0.09
77498;Vignely;15.3;0.69
77500;Villebéon;11.6;-0.56
77501;Villecerf;19;0.05
77504;Villemaréchal;12.1;-0.66
77505;Villemareuil;8.9;-1.33
77506;Villemer;15.7;0.55
77507;Villenauxe-la-Petite;10.1;0.68
77508;Villeneuve-le-Comte;16.9;0.09
77509;Villeneuve-les-Bordes;12;0.11
77510;Villeneuve-Saint-Denis;20;7.58
77511;Villeneuve-sous-Dammartin;18.5;-0.95
77512;Villeneuve-sur-Bellot;11.7;0.07
77513;Villenoy;31.5;1.29
77514;Villeparisis;30.1;0.29
77515;Villeroy;5.7;-0.86
77516;Ville-Saint-Jacques;10.2;0.37
77517;Villevaudé;9.6;0.04
77518;Villiers-en-Bière;5.5;2.23
77519;Villiers-Saint-Georges;9.9;-0.89
77520;Villiers-sous-Grez;11.9;-0.62
77521;Villiers-sur-Morin;16.3;1.09
77522;Villiers-sur-Seine;9.4;-0.91
77523;Villuis;13.8;-0.5
77524;Vimpelles;10.1;0.06
77525;Vinantes;9.6;-0.13
77526;Vincy-Manœuvre;7.4;-1.28
77527;Voinsles;10.6;-0.9
77528;Voisenon;11.5;0.7
77529;Voulangis;12.8;-0.35
77530;Voulton;11.8;-1.02
77531;Voulx;12.7;-1.37
77532;Vulaines-lès-Provins;5.7;2.15
77533;Vulaines-sur-Seine;24.7;0.06
77534;Yèbles;10;1
78003;Ablis;15.7;1.75
78005;Achères;45.8;0.66
78006;Adainville;9.3;-2.75
78007;Aigremont;16.3;-0.12
78009;Allainville;6.7;-1.3
78010;Les Alluets-le-Roi;10.4;1.57
78013;Andelu;9.5;1.78
78015;Andrésy;40.2;0.93
78020;Arnouville-lès-Mantes;6.8;0.16
78029;Aubergenville;23.4;1.27
78030;Auffargis;16.5;-0.19
78031;Auffreville-Brasseuil;11.2;0.48
78033;Aulnay-sur-Mauldre;11.7;0.23
78034;Auteuil;12.8;1.16
78036;Autouillet;11.7;5.58
78043;Bailly;20;-0.6
78048;Bazainville;11.4;0.15
78049;Bazemont;13.3;1.56
78050;Bazoches-sur-Guyonne;11.9;2.42
78053;Béhoust;18.5;2.16
78057;Bennecourt;19.6;-0.65
78062;Beynes;15.3;0.14
78068;Blaru;13.3;-0.04
78070;Boinville-en-Mantois;9.6;-0.4
78071;Boinville-le-Gaillard;7.2;-0.25
78072;Boinvilliers;11.6;-2.76
78073;Bois-d'Arcy;21;1.66
78076;Boissets;7.9;2.03
78077;La Boissière-École;14.5;-0.55
78082;Boissy-Mauvoisin;12.3;0.75
78084;Boissy-sans-Avoir;10;-0.64
78087;Bonnelles;7.3;2.51
78089;Bonnières-sur-Seine;30.2;1.69
78090;Bouafle;12.1;0.61
78092;Bougival;33;0.63
78096;Bourdonné;7.6;0.3
78104;Breuil-Bois-Robert;12.9;0.78
78107;Bréval;19;1.67
78108;Les Bréviaires;10.8;1.47
78113;Brueil-en-Vexin;6.8;-0.64
78117;Buc;27.9;0.25
78118;Buchelay;20.2;1.01
78120;Bullion;7.2;-0.06
78123;Carrières-sous-Poissy;47;3.71
78124;Carrières-sur-Seine;46.5;-0.3
78125;La Celle-les-Bordes;12;0.02
78126;La Celle-Saint-Cloud;34.5;-0.43
78128;Cernay-la-Ville;7.5;-0.67
78133;Chambourcy;23.1;0.49
78138;Chanteloup-les-Vignes;33.8;0.64
78140;Chapet;16.8;0.62
78143;Châteaufort;13.2;1.85
78146;Chatou;42;-0.59
78147;Chaufour-lès-Bonnières;10.1;-0.33
78152;Chavenay;16.1;-0.61
78158;Le Chesnay-Rocquencourt;27.8;-0.14
78160;Chevreuse;16.1;-0.44
78162;Choisel;7.5;-0.4
78163;Civry-la-Forêt;9.8;1.47
78164;Clairefontaine-en-Yvelines;13.4;0.38
78165;Les Clayes-sous-Bois;26.9;-0.55
78168;Coignières;22.2;0.05
78171;Condé-sur-Vesgre;7.6;1.04
78172;Conflans-Sainte-Honorine;44.3;0.42
78185;Courgent;7.4;0.73
78188;Cravent;13.1;-0.64
78189;Crespières;11.4;1.42
78190;Croissy-sur-Seine;41;1.14
78192;Dammartin-en-Serve;7.6;3.01
78193;Dampierre-en-Yvelines;7.6;-0.65
78194;Dannemarie;9.4;2.14
78196;Davron;8.2;-1.57
78202;Drocourt;5.5;0.03
78206;Ecquevilly;14;-0.9
78208;Élancourt;20;0.53
78209;Émancé;24;0.06
78217;Épône;24.6;0.68
78220;Les Essarts-le-Roi;25.5;0.03
78224;L'Étang-la-Ville;36.3;1.34
78227;Évecquemont;16.9;-0.54
78230;La Falaise;10.5;0.98
78231;Favrieux;6.8;1.9
78233;Feucherolles;15.2;1
78234;Flacourt;10.3;2.99
78236;Flexanville;9.6;-0.63
78237;Flins-Neuve-Église;5.3;0.42
78238;Flins-sur-Seine;12.6;0.38
78239;Follainville-Dennemont;13.6;1.01
78242;Fontenay-le-Fleury;32.1;0.25
78245;Fontenay-Mauvoisin;11.1;3.51
78246;Fontenay-Saint-Père;9.3;-0.7
78255;Freneuse;20;-0.7
78261;Gaillon-sur-Montcient;14.4;0.19
78262;Galluis;15.6;1.28
78263;Gambais;10.8;0.44
78264;Gambaiseuil;3;2.21
78265;Garancières;15.6;1.61
78267;Gargenville;17;1.44
78269;Gazeran;33.3;0.69
78276;Gommecourt;10;-1.38
78278;Goupillières;7.6;1.74
78281;Goussonville;11.8;0.66
78283;Grandchamp;11.6;-1.27
78285;Gressey;7;-0.18
78289;Grosrouvre;14.1;-0.29
78290;Guernes;11.2;-0.06
78291;Guerville;10.5;-0.41
78296;Guitrancourt;6.5;0.88
78297;Guyancourt;28.3;0.79
78299;Hardricourt;22.5;2.16
78300;Hargeville;3.3;-0.77
78302;La Hauteville;10.7;-1.26
78305;Herbeville;11.3;-1.3
78307;Hermeray;22.2;-0.02
78310;Houdan;17.7;0.4
78311;Houilles;55.8;0.99
78314;Issou;17.3;-1.18
78317;Jambville;9;-1.56
78320;Notre-Dame-de-la-Mer;14.5;1.94
78321;Jouars-Pontchartrain;13.4;1.09
78322;Jouy-en-Josas;26.7;-0.45
78324;Jouy-Mauvoisin;13.7;0.3
78325;Jumeauville;4.1;0.41
78327;Juziers;19.1;1.21
78329;Lainville-en-Vexin;6.9;0.19
78334;Lévis-Saint-Nom;12.9;0.03
78335;Limay;25.3;1
78337;Limetz-Villez;13.7;1.06
78343;Les Loges-en-Josas;16.5;0.91
78344;Lommoye;14.9;-0.81
78346;Longnes;10;1.43
78349;Longvilliers;10.1;-0.07
78350;Louveciennes;36.7;1.35
78354;Magnanville;23.6;1.2
78356;Magny-les-Hameaux;14.6;0.17
78358;Maisons-Laffitte;59.1;-0.44
78361;Mantes-la-Jolie;40.2;0.1
78362;Mantes-la-Ville;32.6;1.65
78364;Marcq;8.9;0.71
78366;Mareil-le-Guyon;12.8;1.8
78367;Mareil-Marly;28.8;2.25
78368;Mareil-sur-Mauldre;17.9;0.16
78372;Marly-le-Roi;37.2;0.48
78380;Maule;13.1;0.68
78381;Maulette;14.8;1.73
78382;Maurecourt;38.8;0.03
78383;Maurepas;25.7;1.14
78384;Médan;25.6;-0.99
78385;Ménerville;8.8;0.63
78389;Méré;20.5;0.13
78391;Méricourt;17.8;-1.7
78396;Le Mesnil-le-Roi;43.9;0.17
78397;Le Mesnil-Saint-Denis;16.7;0.85
78398;Les Mesnuls;13.4;0.59
78401;Meulan-en-Yvelines;27.4;-0.15
78402;Mézières-sur-Seine;18.2;0.97
78403;Mézy-sur-Seine;18.8;1.14
78404;Millemont;13.9;1.85
78406;Milon-la-Chapelle;19.2;0.7
78407;Mittainville;19.1;1.23
78410;Moisson;12.4;-0.9
78413;Mondreville;11.6;-0.67
78415;Montainville;10.1;1.5
78416;Montalet-le-Bois;11.5;0
78417;Montchauvet;7.9;0.36
78418;Montesson;37.4;-0.75
78420;Montfort-l'Amaury;15.1;-0.89
78423;Montigny-le-Bretonneux;32;-0.43
78431;Morainvilliers;17.1;1.52
78437;Mousseaux-sur-Seine;10.5;-0.17
78439;Mulcent;9.5;1.19
78440;Les Mureaux;35.6;0.79
78442;Neauphle-le-Château;17.5;0.01
78443;Neauphle-le-Vieux;19.8;-0.51
78444;Neauphlette;21.2;0.65
78451;Nézel;13.7;0.75
78455;Noisy-le-Roi;14.6;0.04
78460;Oinville-sur-Montcient;12.6;0.47
78464;Orcemont;24.3;-0.12
78465;Orgerus;19.4;1.07
78466;Orgeval;15.5;2.45
78470;Orphin;18.7;-0.36
78472;Orsonville;9.1;-0.45
78474;Orvilliers;13.5;2.03
78475;Osmoy;16;2.21
78478;Paray-Douaville;8.3;-2.92
78481;Le Pecq;41.1;-0.02
78484;Perdreauville;9.7;0.87
78486;Le Perray-en-Yvelines;22.3;-0.65
78490;Plaisir;28.9;0.15
78497;Poigny-la-Forêt;24.3;-0.23
78498;Poissy;44.8;1.57
78499;Ponthévrard;6.3;1.99
78501;Porcheville;18.2;0.21
78502;Le Port-Marly;35.5;0.27
78505;Prunay-le-Temple;12.4;-0.6
78506;Prunay-en-Yvelines;12.1;-0.66
78513;La Queue-les-Yvelines;18.3;2.31
78516;Raizeux;29.8;0.92
78517;Rambouillet;36.8;0.59
78518;Rennemoulin;16.7;-0.76
78520;Richebourg;13.2;1.23
78522;Rochefort-en-Yvelines;9;0.04
78528;Rolleboise;18.3;-2.03
78530;Rosay;8.8;1.12
78531;Rosny-sur-Seine;27.1;2.12
78536;Sailly;6.6;-2.42
78537;Saint-Arnoult-en-Yvelines;10.4;-0.66
78545;Saint-Cyr-l'École;40.1;2.07
78548;Saint-Forget;13.4;-2.34
78550;Saint-Germain-de-la-Grange;13.4;-0.4
78551;Saint-Germain-en-Laye;44.9;0.48
78557;Saint-Hilarion;24.8;1.44
78558;Saint-Illiers-la-Ville;13;0.52
78559;Saint-Illiers-le-Bois;9.1;0.84
78561;Saint-Lambert;9.7;-0.18
78562;Saint-Léger-en-Yvelines;9.6;1.02
78564;Saint-Martin-de-Bréthencourt;10.1;1.06
78565;Saint-Martin-des-Champs;7.1;-0.27
78567;Saint-Martin-la-Garenne;7;-0.95
78569;Sainte-Mesme;8.1;-0.24
78571;Saint-Nom-la-Bretèche;17.1;-0.11
78575;Saint-Rémy-lès-Chevreuse;23.1;-0.11
78576;Saint-Rémy-l'Honoré;9.7;1.28
78586;Sartrouville;52.7;-0.34
78588;Saulx-Marchais;10.2;0.5
78590;Senlisse;12.2;0.33
78591;Septeuil;8;-0.8
78597;Soindres;13;1.34
78601;Sonchamp;17.4;0.24
78605;Tacoignières;19;2.43
78606;Le Tartre-Gaudran;0;0.93
78608;Le Tertre-Saint-Denis;6.1;0.66
78609;Tessancourt-sur-Aubette;10;-0.77
78615;Thiverval-Grignon;16.8;0.24
78616;Thoiry;11.8;0.21
78618;Tilly;7.3;-0.16
78620;Toussus-le-Noble;14.3;-0.13
78621;Trappes;36.4;0.8
78623;Le Tremblay-sur-Mauldre;15.2;0.64
78624;Triel-sur-Seine;28;0.76
78638;Vaux-sur-Seine;27.7;0.96
78640;Vélizy-Villacoublay;36.8;0.73
78642;Verneuil-sur-Seine;41;0.67
78643;Vernouillet;35.3;-0.1
78644;La Verrière;34.3;-0.22
78646;Versailles;42.3;-0.29
78647;Vert;11.5;0.48
78650;Le Vésinet;51.2;-0.35
78653;Vicq;10.2;0.43
78655;Vieille-Église-en-Yvelines;18.7;-2.19
78668;La Villeneuve-en-Chevrie;10.7;0.7
78672;Villennes-sur-Seine;34.7;1.71
78674;Villepreux;21.5;1.06
78677;Villette;9.5;0.22
78681;Villiers-le-Mahieu;7.8;2.3
78683;Villiers-Saint-Frédéric;20.6;2.41
78686;Viroflay;52.1;0.92
78688;Voisins-le-Bretonneux;18.6;-0.75
79001;L'Absie;0.6;2.29
79002;Adilly;0;0.54
79003;Aiffres;4;-0.26
79005;Airvault;0.9;0.03
79007;Allonne;0.7;-1.27
79008;Amailloux;1.7;-0.1
79009;Amuré;2.4;-0.12
79010;Arçais;3.2;-0.27
79012;Ardin;1.5;0
79013;Argentonnay;0.5;0.28
79014;Loretz-d'Argenton;0.5;-0.53
79015;Asnières-en-Poitou;0;-0.93
79016;Assais-les-Jumeaux;0;-0.32
79018;Aubigné;0;-4.09
79019;Aubigny;0;-0.29
79020;Augé;1;-0.66
79022;Availles-Thouarsais;1.4;-1.05
79023;Avon;3.6;-1.26
79024;Azay-le-Brûlé;0.8;0.22
79025;Azay-sur-Thouet;0.4;-0.65
79029;Beaulieu-sous-Parthenay;0.7;0.02
79030;Beaussais-Vitré;0.7;-0.71
79031;Beauvoir-sur-Niort;1;0.08
79032;Béceleuf;0.6;0.15
79034;Bessines;2.2;2.12
79038;Boismé;0.9;-0.38
79040;La Boissière-en-Gâtine;1.1;-1.73
79042;Bougon;0;-0.86
79046;Le Bourdet;1.4;-0.63
79047;Boussais;0;-0.29
79048;La Crèche;1.1;0.31
79049;Bressuire;1.7;0.31
79050;Bretignolles;0;-0.49
79055;Brieuil-sur-Chizé;0;-3.02
79056;Brion-près-Thouet;0.3;0.02
79057;Brioux-sur-Boutonne;1.2;-0.8
79058;Brûlain;0.8;0.04
79059;Le Busseau;0;0.02
79061;Celles-sur-Belle;1.2;-0.22
79062;Cerizay;1.1;0.07
79063;Val en Vignes;1;-0.16
79064;Fontivillié;0;-2.16
79066;Champdeniers;1.6;1.56
79069;Chanteloup;0.9;-0.45
79070;La Chapelle-Bâton;1.5;0.62
79071;La Chapelle-Bertrand;0.8;-0.95
79074;La Chapelle-Pouilloux;4.5;-1.21
79076;La Chapelle-Saint-Laurent;0.4;0.77
79077;Beugnon-Thireuil;3.5;0.23
79078;Plaine-d'Argenson;0.9;0.29
79079;Mauléon;0.6;0.17
79080;Châtillon-sur-Thouet;0.4;-0.08
79081;Chauray;2.6;0.57
79083;Chef-Boutonne;0.6;-1.31
79084;Chenay;1.6;-0.54
79085;Chérigné;0;-2.73
79086;Cherveux;0.4;-0.26
79087;Chey;0.7;-0.63
79088;Chiché;0.6;-0.01
79089;Le Chillou;0;-0.6
79090;Chizé;0.7;-0.54
79091;Cirières;0.2;-0.17
79092;Clavé;2;-0.56
79094;Clessé;0.5;-0.51
79095;Clussais-la-Pommeraie;1.3;-0.57
79096;Combrand;0.4;0.37
79100;Coulon;1.8;0.08
79101;Coulonges-sur-l'Autize;1.2;-0.07
79102;Coulonges-Thouarsais;0;0.57
79103;Courlay;1;-0.35
79104;Cours;0.8;-0.27
79105;Les Châteliers;0.5;-1.57
79106;Couture-d'Argenson;1.6;1.73
79108;Doux;4.8;-0.98
79109;Échiré;1.9;0.97
79111;Ensigné;0;0
79112;Épannes;1;-0.1
79114;Exireuil;1;-0.24
79115;Exoudun;1.7;-1.58
79116;Faye-l'Abbesse;0;1.3
79117;Faye-sur-Ardin;0.3;0.92
79118;Fénery;2.5;-0.4
79119;Fenioux;0.8;-0.28
79120;La Ferrière-en-Parthenay;1.4;-0.89
79121;Fomperron;1.5;-1.58
79122;Fontenille-Saint-Martin-d'Entraigues;0.5;-0.58
79123;La Forêt-sur-Sèvre;0.5;-0.55
79124;Les Forges;0;-4.76
79125;Fors;1.5;0.21
79126;Les Fosses;0.5;-0.76
79127;La Foye-Monjault;1;0.06
79128;François;0.6;0.26
79129;Fressines;1.1;1.09
79130;Frontenay-Rohan-Rohan;2.1;0.49
79131;Geay;0.6;0.92
79132;Genneton;2.2;-1.1
79133;Germond-Rouvre;0.7;0.13
79134;Glénay;0.9;-0.87
79135;Gourgé;1.9;-1.3
79136;Alloinay;1;0.7
79137;Granzay-Gript;1.4;0.13
79139;Les Groseillers;0;-0.9
79140;Valdelaume;2.6;-1.03
79141;Irais;0;0.24
79142;Juillé;0;0
79144;Juscorps;0.5;0.63
79145;Lageon;0;0.97
79147;Largeasse;0.3;0.2
79148;Lezay;1.4;-0.12
79149;Lhoumois;2.7;-0.66
79150;Limalonges;0.6;0.06
79152;Lorigné;0;0.17
79153;Loubigné;0;-0.52
79154;Loubillé;0;-1.29
79156;Louin;0.4;-0.07
79157;Louzy;0.3;-0.73
79158;Luché-sur-Brioux;0;-2.15
79159;Luché-Thouarsais;0.9;0.8
79160;Lusseray;1.3;2.26
79161;Luzay;0.3;-0.27
79162;Magné;2.2;0.32
79163;Mairé-Levescault;1;0.48
79164;Maisonnay;0;-0.33
79165;Maisontiers;0;-3.4
79166;Marigny;1;0.53
79167;Marnes;0;-2.37
79170;Mauzé-sur-le-Mignon;5.5;0.76
79172;Mazières-en-Gâtine;2;0.41
79174;Melle;1.7;-1.36
79175;Melleran;1.7;-1.23
79176;Ménigoute;0.6;-0.08
79177;Messé;1.1;1.76
79179;Moncoutant-sur-Sèvre;1;0.19
79183;Montravers;0.6;-0.45
79184;La Mothe-Saint-Héray;1.6;-0.37
79185;Aigondigné;1.2;-0.37
79189;Nanteuil;2.4;-0.15
79190;Neuvy-Bouin;0.9;-0.8
79191;Niort;8.4;0.3
79195;Nueil-les-Aubiers;0.9;-0.12
79196;Plaine-et-Vallées;0.3;-0.55
79197;Oroux;2.2;0.67
79198;Paizay-le-Chapt;1.1;-0.45
79200;Pamplie;0.7;-1.31
79201;Pamproux;1.1;-0.47
79202;Parthenay;4.6;-0.43
79203;Pas-de-Jeu;0.6;-1.21
79204;Périgné;0.5;-0.91
79207;La Petite-Boissière;0.4;-0.34
79208;La Peyratte;1.4;-0.83
79209;Pierrefitte;0;-0.56
79210;Le Pin;0.2;0.27
79213;Pompaire;0.1;0.35
79215;Pougne-Hérisson;0;-0.5
79216;Prahecq;1.6;0.7
79217;Prailles-La Couarde;0.6;-0.16
79218;Pressigny;1.2;0.9
79220;Prin-Deyrançon;1.4;-0.36
79223;Puihardy;0;2.6
79225;Reffannes;3.1;1.12
79226;Le Retail;0.8;-0.24
79229;La Rochénard;1.3;-1.64
79230;Rom;0.9;-1.2
79231;Romans;0;-0.09
79235;Saint-Amand-sur-Sèvre;0;0.26
79236;Saint-André-sur-Sèvre;0;-0.31
79238;Saint-Aubin-du-Plain;0.8;0.3
79239;Saint-Aubin-le-Cloud;0.1;-1.07
79241;Saint-Christophe-sur-Roc;0.9;0.45
79242;Voulmentin;0.4;0.25
79243;Saint-Coutant;0;-0.53
79244;Saint-Cyr-la-Lande;0;0.83
79246;Sainte-Eanne;0.8;-0.71
79249;Saint-Gelais;1.6;1.18
79250;Sainte-Gemme;1.1;0.25
79251;Marcillé;1.5;-0.93
79252;Saint-Généroux;0.8;-1.4
79253;Saint-Georges-de-Noisné;1.9;-0.6
79254;Saint-Georges-de-Rex;3.6;-0.12
79255;Saint-Germain-de-Longue-Chaume;0;-0.71
79256;Saint-Germier;1.9;2.3
79257;Saint-Hilaire-la-Palud;1.7;-0.51
79258;Saint-Jacques-de-Thouars;1.1;-0.84
79259;Saint-Jean-de-Thouars;0.9;-0.39
79263;Saint-Laurs;1.1;1.34
79265;Saint-Léger-de-Montbrun;0.5;-0.11
79267;Saint-Lin;1.2;-1.5
79268;Saint-Loup-Lamairé;0.5;1
79269;Saint-Maixent-de-Beugné;0.5;0.65
79270;Saint-Maixent-l'École;8.7;1.6
79271;Saint-Marc-la-Lande;1.2;0.28
79273;Saint-Martin-de-Bernegoue;0.8;0.71
79274;Saint-Martin-de-Mâcon;0.7;0.26
79276;Saint-Martin-de-Saint-Maixent;2.3;-0.48
79277;Saint-Martin-de-Sanzay;0.9;-0.71
79278;Saint-Martin-du-Fouilloux;0;1.17
79280;Saint Maurice Étusson;0.7;0.23
79281;Saint-Maxire;0.5;0.35
79283;Sainte-Néomaye;1.4;0.29
79284;Sainte-Ouenne;0.7;-0.94
79285;Saint-Pardoux-Soutiers;2;-0.06
79286;Saint-Paul-en-Gâtine;0;1.79
79289;Saint-Pierre-des-Échaubrognes;0.9;-0.14
79290;Saint-Pompain;1.7;0.21
79293;Saint-Rémy;1.5;0.06
79294;Saint-Romans-des-Champs;1;-1.15
79295;Saint-Romans-lès-Melle;1.4;-0.05
79297;Sainte-Soline;0.7;-0.61
79298;Saint-Symphorien;2;0.72
79299;Saint-Varent;1;-0.42
79300;Sainte-Verge;0.2;-0.01
79301;Saint-Vincent-la-Châtre;0.7;-1.55
79302;Saivres;1.6;-1.54
79303;Salles;0;-0.51
79304;Sansais;0.3;0.53
79306;Saurais;0;-1.06
79307;Sauzé-entre-Bois;1.4;-0.91
79308;Sciecq;1.2;0.62
79309;Scillé;0;-0.18
79310;Secondigné-sur-Belle;1.5;-1.09
79311;Secondigny;1.4;-0.54
79312;Séligné;1.9;-0.44
79313;Sepvret;0.7;0.81
79316;Soudan;0.5;-0.39
79319;Souvigné;1;-1.05
79320;Surin;1.8;-0.36
79322;Le Tallud;0.9;-0.51
79326;Thénezay;0.8;-0.06
79329;Thouars;1.5;-0.13
79331;Tourtenay;0;1.39
79332;Trayes;0;-1.77
79334;Val-du-Mignon;1.4;-0.32
79335;Vallans;1;0.58
79336;Vançais;0;0
79337;Le Vanneau-Irleau;1.2;-0.29
79338;Vanzay;2.3;1.37
79339;Vasles;0.6;-0.18
79340;Vausseroux;0;0
79341;Vautebis;1.9;1.67
79342;Vernoux-en-Gâtine;0.8;0.44
79343;Vernoux-sur-Boutonne;0;1.1
79345;Verruyes;0.5;-0.28
79346;Le Vert;3.9;-1.35
79347;Viennay;1.4;-0.28
79348;Villefollet;0;-0.72
79349;Villemain;0;-0.11
79350;Villiers-en-Bois;0;-0.13
79351;Villiers-en-Plaine;2.3;0.28
79352;Villiers-sur-Chizé;0;-0.42
79354;Vouhé;1.3;-2.03
79355;Vouillé;1.3;1.25
79357;Xaintray;1.9;1.09
80001;Abbeville;5.9;-0.6
80002;Ablaincourt-Pressoir;1.7;-0.06
80003;Acheux-en-Amiénois;0.9;-0.61
80004;Acheux-en-Vimeu;0.9;-0.97
80005;Agenville;2.4;-2.42
80006;Agenvillers;2.2;0.97
80008;Aigneville;1.7;0.43
80009;Ailly-le-Haut-Clocher;1.2;1.19
80010;Ailly-sur-Noye;4.4;-1.08
80011;Ailly-sur-Somme;5.4;-0.12
80013;Airaines;1.9;-1.04
80014;Aizecourt-le-Bas;4;2.21
80015;Aizecourt-le-Haut;0;-0.25
80016;Albert;8.3;-0.5
80017;Allaines;0.6;-1.44
80018;Allenay;1;-0.52
80019;Allery;1.1;0.6
80020;Allonville;4.1;0.79
80021;Amiens;17.9;0.13
80022;Andainville;1.8;0.14
80023;Andechy;0;1.41
80024;Argœuves;1.8;0.45
80025;Argoules;2.9;-0.05
80026;Arguel;0;1.65
80027;Armancourt;0;1.05
80028;Arquèves;1.6;-1.24
80029;Arrest;1;-0.73
80030;Arry;4.5;0.79
80031;Arvillers;1.7;-0.45
80032;Assainvillers;5.6;2.73
80033;Assevillers;0.8;0.94
80034;Athies;1.8;0.5
80035;Aubercourt;0;-2.54
80036;Aubigny;4.5;1.21
80037;Aubvillers;4.5;2.98
80038;Auchonvillers;1.6;-2.35
80039;Ault;2.9;-1.49
80040;Aumâtre;0;-0.94
80041;Aumont;0;-1.6
80042;Autheux;2.2;-0.41
80043;Authie;0;-2.32
80044;Authieule;1.2;-0.54
80045;Authuille;1.6;-1.02
80046;Avelesges;0;-2.12
80047;Aveluy;3.9;0.44
80048;Avesnes-Chaussoy;0;0.51
80049;Ayencourt;3.1;-3.46
80050;Bacouel-sur-Selle;0;-1.3
80051;Bailleul;0.9;-1.39
80052;Baizieux;1.7;3.14
80053;Balâtre;0;-0.44
80054;Barleux;0;0.15
80055;Barly;1.6;-0.99
80056;Bavelincourt;0;-2.44
80057;Bayencourt;0;-1.51
80058;Bayonvillers;0.6;-0.44
80059;Bazentin;2.6;0.41
80060;Béalcourt;3.9;2.44
80061;Beaucamps-le-Jeune;1.3;-1.63
80062;Beaucamps-le-Vieux;0.6;0.02
80063;Beauchamps;0.5;-0.96
80064;Beaucourt-en-Santerre;2.8;-1.72
80065;Beaucourt-sur-l'Ancre;0;-1.59
80066;Beaucourt-sur-l'Hallue;0;-0.47
80067;Beaufort-en-Santerre;2.5;-1.18
80068;Beaumetz;2.3;-0.97
80069;Beaumont-Hamel;3.4;-1.03
80070;Beauquesne;0.8;-0.23
80071;Beauval;2;-1.17
80073;Bécordel-Bécourt;4.2;-0.74
80074;Becquigny;2;-1.24
80076;Béhen;1.7;0.26
80077;Béhencourt;0;-1.5
80078;Bellancourt;2;-0.29
80079;Belleuse;0;-3
80080;Belloy-en-Santerre;0;-0.11
80081;Belloy-Saint-Léonard;0;-1.68
80082;Belloy-sur-Somme;8.1;-0.65
80083;Bergicourt;4.5;-0.9
80084;Bermesnil;0;-1.72
80085;Bernâtre;0;4.02
80086;Bernaville;2.6;-0.56
80087;Bernay-en-Ponthieu;1;0.64
80088;Bernes;0.6;0.05
80089;Berneuil;1.6;1.01
80090;Berny-en-Santerre;1.6;-0.43
80092;Bertangles;2;4.9
80093;Berteaucourt-les-Dames;2.1;-0.97
80094;Berteaucourt-lès-Thennes;3.2;2.17
80095;Bertrancourt;1.1;-1.28
80096;Béthencourt-sur-Mer;1.7;-1.31
80097;Béthencourt-sur-Somme;1.8;-0.39
80098;Bettembos;0;-0.51
80099;Bettencourt-Rivière;4.3;-0.68
80100;Bettencourt-Saint-Ouen;0.7;-0.32
80101;Beuvraignes;2.2;0.38
80102;Biaches;0.7;0.26
80103;Biarre;4;-2.38
80104;Biencourt;0;1.1
80105;Billancourt;1.2;-0.19
80106;Blangy-sous-Poix;3.8;-1.8
80107;Blangy-Tronville;4.3;2.01
80108;Boisbergues;0;-3.16
80109;Le Boisle;0;-1.44
80110;Boismont;1.7;-0.78
80112;Bonnay;2;0.9
80113;Bonneville;3.2;0.05
80114;Bosquel;2.4;0.64
80115;Bouchavesnes-Bergen;0;-0.62
80116;Bouchoir;0.7;-2.25
80117;Bouchon;2.8;0.65
80118;Boufflers;4.7;-1.38
80119;Bougainville;0.5;-2
80120;Bouillancourt-en-Séry;0;-0.58
80121;Bouillancourt-la-Bataille;3.5;-1.11
80122;Bouquemaison;2;-0.33
80123;Bourdon;3.1;-0.95
80124;Bourseville;0.4;0.45
80125;Boussicourt;2.9;-0.79
80126;Bouttencourt;0.8;-0.16
80127;Bouvaincourt-sur-Bresle;0;-1.04
80128;Bouvincourt-en-Vermandois;2.7;-0.77
80129;Bouzincourt;3.9;-0.58
80130;Bovelles;4.6;-0.74
80131;Boves;9;0.7
80132;Braches;2.8;-3.76
80133;Brailly-Cornehotte;2.2;-2.1
80134;Brassy;7.1;1.96
80135;Bray-lès-Mareuil;2;0.82
80136;Bray-sur-Somme;1.2;-1.13
80137;Breilly;3;2.73
80138;Bresle;1.5;-1.6
80139;Breuil;0;-0.72
80140;Brévillers;0;1.04
80141;Brie;1.5;0.35
80142;Briquemesnil-Floxicourt;1.5;5.79
80143;Brocourt;0;1.29
80144;Brouchy;2.4;-1.23
80145;Brucamps;0;1.16
80146;Brutelles;3.5;-0.49
80147;Buigny-l'Abbé;1.5;1.02
80148;Buigny-lès-Gamaches;0.7;-1.18
80149;Buigny-Saint-Maclou;2.8;0.23
80150;Buire-Courcelles;0;-1.38
80151;Buire-sur-l'Ancre;2;-0.77
80152;Bus-la-Mésière;0;-3.61
80153;Bus-lès-Artois;3.2;0.25
80154;Bussu;5.8;0.31
80155;Bussus-lès-Yaucourt;2.5;0.21
80156;Bussy-lès-Daours;2.6;0.49
80157;Bussy-lès-Poix;2.3;-1.21
80158;Buverchy;0;-0.37
80159;Cachy;5.2;0.66
80160;Cagny;15.5;-0.06
80161;Cahon;0;1.76
80162;Caix;4.6;-1.38
80163;Cambron;2.3;0.41
80164;Camon;9.3;-0.04
80165;Camps-en-Amiénois;2.3;-0.18
80166;Canaples;0.9;-0.02
80167;Canchy;2.5;1.1
80168;Candas;1.3;-0.74
80169;Cannessières;0;-2.73
80170;Cantigny;0;-0.88
80171;Caours;3.6;-1.08
80172;Cappy;2.5;0.65
80173;Cardonnette;0.9;0.39
80174;Le Cardonnois;0;-2.76
80176;Carrépuis;1.9;-1
80177;Cartigny;0.7;-1.6
80179;Caulières;3;1.53
80180;Cavillon;2.3;-2.04
80181;Cayeux-en-Santerre;0;0.41
80182;Cayeux-sur-Mer;6.4;-1.01
80183;Cerisy-Buleux;2.5;0.61
80184;Cerisy;0;0.5
80185;Champien;0.8;0.67
80186;Chaulnes;3.5;-0.26
80187;La Chaussée-Tirancourt;3.8;0.84
80188;Chaussoy-Epagny;5.8;0.32
80189;La Chavatte;0;-2.39
80190;Chépy;4.3;-0.72
80191;Chilly;2.4;-2.26
80192;Chipilly;2.6;-0.69
80193;Chirmont;1.5;3.99
80194;Chuignes;0;1.66
80195;Chuignolles;1.5;-0.77
80196;Citerne;4.4;0.07
80197;Cizancourt;12.5;-4.83
80198;Clairy-Saulchoix;0.6;0.72
80199;Cléry-sur-Somme;0.4;-1.33
80200;Cocquerel;3.2;-0.96
80201;Coigneux;0;0
80202;Coisy;2.3;2.37
80203;Colincamps;0;-0.97
80204;Combles;1.1;-0.67
80205;Condé-Folie;5.3;-0.74
80206;Contalmaison;1.8;0.56
80207;Contay;1.4;-2.73
80208;Conteville;0;0.79
80210;Contre;2.6;-1.41
80211;Conty;2.8;-0.13
80212;Corbie;7.2;-0.56
80213;Cottenchy;11;-0.7
80214;Coullemelle;0.7;-1.53
80215;Coulonvillers;0;-2.16
80216;Courcelette;6.8;-0.22
80217;Courcelles-au-Bois;0;-2.6
80218;Courcelles-sous-Moyencourt;4.1;2.91
80219;Courcelles-sous-Thoix;3.2;-0.25
80220;Courtemanche;2.4;-0.33
80221;Cramont;0;0
80222;Crécy-en-Ponthieu;1.4;-1.37
80223;Crémery;0;2.1
80224;Cressy-Omencourt;0;0.54
80225;Creuse;3.8;0.44
80226;Croix-Moligneaux;0.9;-1.07
80227;Croixrault;3.8;1.1
80228;Le Crotoy;3.9;-0.65
80229;Crouy-Saint-Pierre;1.6;1.66
80230;Curchy;1.6;-0.17
80231;Curlu;0;0
80232;Damery;1.1;-1.22
80233;Dancourt-Popincourt;0;0
80234;Daours;5.4;-1.25
80235;Dargnies;0.5;-1.64
80236;Davenescourt;3.2;-0.42
80237;Démuin;3.7;2.03
80238;Dernancourt;4.9;-0.47
80239;Devise;0;2.5
80240;Doingt;1.3;-0.44
80241;Domart-en-Ponthieu;1.5;-0.73
80242;Domart-sur-la-Luce;3.1;-0.96
80243;Domesmont;0;-1.78
80244;Dominois;0;-0.95
80245;Domléger-Longvillers;0;-0.11
80246;Dommartin;7.4;-0.34
80247;Dompierre-Becquincourt;0.7;0.26
80248;Dompierre-sur-Authie;1.3;0.69
80249;Domqueur;0;-0.22
80250;Domvast;1.3;-0.39
80251;Doudelainville;0.7;2.14
80252;Douilly;0;0.97
80253;Doullens;2.1;-1.27
80256;Dreuil-lès-Amiens;6.5;-0.39
80258;Driencourt;0;-2.82
80259;Dromesnil;6.9;-2.9
80260;Drucat;3.6;-0.27
80261;Dury;7.3;0.98
80262;Eaucourt-sur-Somme;3.5;-2.48
80263;L'Échelle-Saint-Aurin;0;-2.99
80264;Éclusier-Vaux;0;1
80265;Embreville;0.4;-0.03
80266;Englebelmer;3.1;-0.56
80267;Ennemain;1.9;-0.66
80268;Épagne-Épagnette;5.7;-1.24
80269;Épaumesnil;1.9;-3.44
80270;Épécamps;0;5.77
80271;Épehy;3.9;-0.99
80272;Épénancourt;5.6;0.4
80273;Éplessier;5;-1.3
80274;Eppeville;2.3;-0.99
80275;Équancourt;0.7;0.06
80276;Équennes-Éramecourt;3.1;-1.09
80278;Erches;2.1;0.79
80279;Ercheu;2;-0.9
80280;Ercourt;1.4;0.68
80281;Ergnies;2.7;-1.54
80282;Érondelle;2.1;0.17
80283;Esclainvillers;4.2;-0.91
80284;Esmery-Hallon;2.9;-1.4
80285;Essertaux;2.5;0.38
80287;Estrébœuf;0;-0.21
80288;Estrées-Deniécourt;2;2.32
80290;Estrées-lès-Crécy;0;0.3
80291;Estrées-sur-Noye;4.4;0.42
80292;Étalon;4.1;-1.01
80293;Ételfay;1.9;-1.27
80294;Éterpigny;0;-0.49
80295;Étinehem-Méricourt;1.6;0.25
80296;L'Étoile;1.5;-1.14
80297;Étréjust;0;-1.9
80298;Étricourt-Manancourt;3.2;-0.06
80299;La Faloise;1.1;-0.61
80300;Falvy;0;1.52
80301;Famechon;1.9;1.06
80302;Faverolles;4.4;1.63
80303;Favières;4.3;-0.29
80304;Fay;7.1;-2
80305;Ferrières;1;0.31
80306;Fescamps;1.8;-0.85
80307;Feuillères;4.3;1.22
80308;Feuquières-en-Vimeu;1;-0.98
80310;Fienvillers;2.7;-0.3
80311;Fignières;2.8;-1.12
80312;Fins;0;0
80313;Flaucourt;0.8;0.28
80314;Flers;2.3;0.44
80315;Flers-sur-Noye;0.7;0.32
80316;Flesselles;2.5;-1.04
80317;Fleury;2.9;-1.84
80318;Flixecourt;2.3;0.55
80319;Fluy;2.1;-0.05
80320;Folies;3.6;1.36
80321;Folleville;5.5;-0.58
80322;Fonches-Fonchette;2.7;0.6
80324;Fontaine-le-Sec;0;-1.34
80325;Fontaine-lès-Cappy;0;1.24
80326;Fontaine-sous-Montdidier;2;-1.61
80327;Fontaine-sur-Maye;1.2;-0.41
80328;Fontaine-sur-Somme;1.5;-0.29
80329;Forceville;1.3;-0.88
80330;Forceville-en-Vimeu;1.1;-0.63
80331;Forest-l'Abbaye;2.8;0.99
80332;Forest-Montiers;0.6;-0.46
80333;Fort-Mahon-Plage;2.8;1.44
80334;Fossemanant;0;1.03
80335;Foucaucourt-en-Santerre;2.1;-3.02
80336;Foucaucourt-Hors-Nesle;5.1;0.43
80337;Fouencamps;3.5;-0.24
80338;Fouilloy;4.6;-0.78
80339;Fouquescourt;0;-1.15
80340;Fourcigny;1.4;0.18
80341;Fourdrinoy;2.1;-1.81
80342;Framerville-Rainecourt;3.2;-0.55
80343;Framicourt;0;-2.52
80344;Francières;2.2;-2.48
80345;Franleu;0.9;-1.14
80346;Franqueville;1.4;-2.33
80347;Fransart;3.1;1.4
80348;Fransu;0;1.86
80349;Fransures;1.4;-0.89
80350;Franvillers;2;1.12
80351;Fréchencourt;5.9;-0.83
80352;Frémontiers;1.6;1.37
80353;Fresnes-Mazancourt;1.8;2.53
80354;Fresnes-Tilloloy;0;0.73
80355;Fresneville;2.2;-0.32
80356;Fresnoy-Andainville;8.6;1.3
80357;Fresnoy-au-Val;1.7;-1.2
80358;Fresnoy-en-Chaussée;3.3;-1.47
80359;Fresnoy-lès-Roye;0.7;-0.52
80360;Fressenneville;1.7;-1.02
80361;Frettecuisse;0;-0.92
80362;Frettemeule;0.7;-1.24
80364;Friaucourt;2;-1.81
80365;Fricamps;0;0.57
80366;Fricourt;4;-0.9
80367;Frise;2.7;-0.92
80368;Friville-Escarbotin;1.5;-0.9
80369;Frohen-sur-Authie;0;0.85
80371;Froyelles;0;-2.59
80372;Frucourt;0;-1.71
80373;Gamaches;1.6;-1.16
80374;Gapennes;0;-0.18
80375;Gauville;2.1;-0.83
80376;Gentelles;2.5;0.11
80377;Gézaincourt;1.7;-0.81
80378;Ginchy;0;2.76
80379;Glisy;6;2.97
80380;Gorenflos;0;-0.96
80381;Gorges;0;-1.65
80383;Goyencourt;0;0.35
80384;Grandcourt;3.6;-0.09
80385;Grand-Laviers;5.7;1.6
80386;Gratibus;2.2;-0.46
80387;Grattepanche;3.1;0.37
80388;Grébault-Mesnil;1;-1.39
80390;Grivesnes;1;0.5
80391;Grivillers;0;1.55
80392;Grouches-Luchuel;1.7;-0.68
80393;Gruny;1.4;-1
80395;Guerbigny;2.6;-1.44
80396;Gueschart;4.3;2.52
80397;Gueudecourt;0;0.35
80399;Guignemicourt;2.8;3.12
80400;Guillaucourt;4.8;-1.42
80401;Guillemont;1.5;-1.61
80402;Guizancourt;0;-0.14
80403;Guyencourt-sur-Noye;1.4;-1.4
80404;Guyencourt-Saulcourt;3.9;0.12
80405;Hailles;4.4;-0.53
80406;Hallencourt;2.6;-0.31
80407;Hallivillers;0;-1.35
80408;Halloy-lès-Pernois;0.7;-1.09
80409;Hallu;2.9;-4.96
80410;Ham;2.9;-0.85
80411;Le Hamel;2.9;-0.54
80412;Hamelet;3.9;0.19
80413;Hancourt;0;-0.71
80414;Hangard;3.5;-0.27
80415;Hangest-en-Santerre;1.9;0.1
80416;Hangest-sur-Somme;6.4;0.09
80417;Harbonnières;3.9;-0.05
80418;Hardecourt-aux-Bois;0;0.39
80420;Harponville;0;-1.3
80421;Hattencourt;0.9;0.62
80422;Hautvillers-Ouville;2.5;-1.21
80423;Havernas;0;-1.07
80424;Hébécourt;2.1;0.58
80425;Hédauville;0;-2.56
80426;Heilly;4.7;0.86
80427;Hem-Hardinval;0;0.37
80428;Hem-Monacu;3.6;0.53
80429;Hénencourt;1.1;-0.26
80430;Herbécourt;0;-3.05
80431;Hérissart;0.6;3.66
80432;Herleville;1.2;0.44
80433;Herly;6.7;-2.3
80434;Hervilly;0;0.55
80435;Hesbécourt;0;-2.2
80436;Hescamps;3.1;0.1
80437;Heucourt-Croquoison;2;-2.16
80438;Heudicourt;0.5;0.06
80439;Heuzecourt;1.4;-0.9
80440;Hiermont;1.8;0.11
80442;Hombleux;0.7;-0.78
80443;Hornoy-le-Bourg;0.9;-0.3
80444;Huchenneville;1.4;0.3
80445;Humbercourt;1.1;-1.02
80446;Huppy;3.7;-1.24
80449;Ignaucourt;5.3;-2.99
80450;Inval-Boiron;6.5;0.86
80451;Irles;2.4;1.93
80452;Jumel;3.7;0.48
80453;Laboissière-en-Santerre;2.9;-2.02
80455;Lachapelle;2.3;1.58
80456;Lafresguimont-Saint-Martin;0;0.33
80458;Lahoussoye;1.4;-1.14
80459;Laleu;4.5;-2.3
80460;Lamaronde;0;-1.94
80461;Lamotte-Brebière;1.6;1.21
80462;Lamotte-Buleux;3.2;-0.88
80463;Lamotte-Warfusée;2.3;0.26
80464;Lanchères;1.1;-0.37
80465;Languevoisin-Quiquery;2.4;0.17
80466;Lanches-Saint-Hilaire;0;0.26
80467;Laucourt;1.1;-1.21
80468;Laviéville;0;-0.29
80469;Lawarde-Mauger-l'Hortoy;0;-2.38
80470;Léalvillers;3.3;-0.92
80472;Lesbœufs;0;-0.68
80473;Liancourt-Fosse;3.1;-0.11
80474;Licourt;0;0
80475;Liéramont;0;-1.56
80476;Liercourt;0;-1.16
80477;Ligescourt;0;0
80478;Lignières;0;1.69
80479;Lignières-Châtelain;1.4;-1.65
80480;Lignières-en-Vimeu;0;0.3
80481;Lihons;1.4;0.9
80482;Limeux;0;-0.23
80484;Liomer;2.3;-0.72
80485;Ô-de-Selle;2.3;-0.96
80486;Long;2.7;-0.68
80487;Longavesnes;2.8;-3.47
80488;Longpré-les-Corps-Saints;6.4;-1.42
80489;Longueau;17.4;0.52
80490;Longueval;0;0.54
80491;Longuevillette;2.4;-1.36
80493;Louvencourt;0;0.99
80494;Louvrechy;5.2;-0.08
80495;Lucheux;0;-0.53
80496;Machiel;2.9;-1.47
80497;Machy;2.1;-1.73
80498;Mailly-Maillet;2.2;0.51
80499;Mailly-Raineval;2.1;0.28
80500;Maisnières;1.1;-1.21
80501;Maison-Ponthieu;2.1;1.16
80502;Maison-Roland;0;-1.61
80503;Maizicourt;0;-0.61
80504;Malpart;0;-1.72
80505;Carnoy-Mametz;1.7;-0.9
80507;Marcelcave;7.3;1.39
80508;Marché-Allouarde;0;-1.87
80509;Marchélepot-Misery;0.8;-0.56
80511;Marestmontiers;1.5;0.44
80512;Mareuil-Caubert;3.4;0.16
80513;Maricourt;0;0.19
80514;Marieux;1.6;1.63
80515;Marlers;1.8;1.05
80516;Marquaix;1.3;-1.5
80517;Marquivillers;1.2;0.18
80518;Martainneville;0.9;-0.27
80519;Matigny;1;-0.03
80520;Maucourt;2.2;1.94
80521;Maurepas;4.9;2.8
80522;Le Mazis;1.9;0.31
80523;Méaulte;2.7;0.13
80524;Méharicourt;2.6;-0.99
80525;Meigneux;2.5;0.57
80526;Le Meillard;0;-0.11
80527;Méneslies;0.8;-0.59
80528;Méréaucourt;0;6.99
80529;Mérélessart;2.8;-0.95
80530;Méricourt-l'Abbé;3.2;-0.11
80531;Méricourt-en-Vimeu;0;0.32
80533;Mers-les-Bains;3;-1.75
80535;Le Mesge;4.8;-3.21
80536;Mesnil-Bruntel;0.9;0
80537;Mesnil-Domqueur;2.2;0.38
80538;Mesnil-en-Arrouaise;0;-2.94
80540;Mesnil-Martinsart;7.4;0.21
80541;Mesnil-Saint-Georges;1.9;2.22
80542;Mesnil-Saint-Nicaise;3.8;0.03
80543;Métigny;0;-0.14
80544;Mézerolles;4.6;-0.63
80545;Mézières-en-Santerre;2.5;-1.61
80546;Miannay;2.7;1.21
80547;Millencourt;7.4;-0.88
80548;Millencourt-en-Ponthieu;3.4;-0.85
80549;Miraumont;3.6;-1
80550;Mirvaux;0;-3.76
80552;Moislains;0.5;-1.25
80553;Molliens-au-Bois;2.3;1.21
80554;Molliens-Dreuil;1.3;-0.18
80555;Monchy-Lagache;0.8;-2.4
80556;Mons-Boubert;1.2;0.59
80557;Estrées-Mons;0.9;-0.2
80558;Monsures;1;-0.75
80559;Montagne-Fayel;0;-0.78
80560;Montauban-de-Picardie;5.3;-0.68
80561;Montdidier;2.8;-0.8
80562;Montigny-sur-l'Hallue;4.9;-2.17
80563;Montigny-les-Jongleurs;0;1.2
80565;Montonvillers;2.4;0.39
80566;Fieffes-Montrelet;1.4;1.31
80568;Morchain;0.7;0.28
80569;Morcourt;0.7;1.6
80570;Moreuil;5.9;-0.1
80571;Morisel;5.2;-1.15
80572;Morlancourt;3.5;0.27
80573;Morvillers-Saint-Saturnin;1.9;-1.27
80574;Mouflers;0;0.53
80575;Mouflières;0;-3.25
80576;Moyencourt;0.8;0.78
80577;Moyencourt-lès-Poix;0;-1.44
80578;Moyenneville;1;-0.33
80579;Muille-Villette;2.8;-0.68
80580;Nampont;0;0.84
80582;Namps-Maisnil;2.2;0.38
80583;Nampty;2.8;-0.06
80584;Naours;1.7;-0.37
80585;Nesle;3.4;-0.44
80586;Nesle-l'Hôpital;0;1.53
80587;Neslette;0;1.17
80588;Neufmoulin;4.1;0.05
80589;Neuilly-le-Dien;0;1.18
80590;Neuilly-l'Hôpital;2.9;0.36
80591;Neuville-au-Bois;1.6;-0.78
80592;Neuville-Coppegueule;0.5;-0.48
80593;La Neuville-lès-Bray;2.4;-0.38
80595;La Neuville-Sire-Bernard;4.2;-0.12
80596;Neuvillette;1.2;-0.31
80597;Nibas;0.6;-0.48
80598;Nouvion;2.2;-1.46
80599;Noyelles-en-Chaussée;1;-0.2
80600;Noyelles-sur-Mer;2.9;-2.08
80601;Nurlu;0.6;-1.21
80602;Occoches;2.1;-0.13
80603;Ochancourt;0.7;0.32
80604;Offignies;2.9;3.25
80605;Offoy;2.2;-1.73
80606;Oisemont;2.3;-0.59
80607;Oissy;2.9;-1.45
80609;Oneux;1.8;2.71
80611;Oresmaux;1.5;1.15
80613;Oust-Marest;1.2;-0.46
80614;Outrebois;1.5;0.58
80615;Ovillers-la-Boisselle;5.6;-0.76
80616;Pargny;0;-0.66
80617;Parvillers-le-Quesnoy;0;0.14
80618;Pendé;1.4;-0.75
80619;Pernois;2.2;-0.72
80620;Péronne;2;-1.1
80621;Hypercourt;1.7;-0.99
80622;Picquigny;4.7;-1.03
80623;Piennes-Onvillers;2.5;0.94
80624;Pierregot;1.4;0.24
80625;Trois-Rivières;2.7;-0.07
80626;Pissy;2.4;0.83
80627;Plachy-Buyon;2.6;-0.75
80628;Le Plessier-Rozainvillers;2.6;0.35
80629;Pœuilly;0;-3.4
80630;Poix-de-Picardie;3.4;-0.8
80631;Ponches-Estruval;0;1.66
80632;Pont-de-Metz;6.2;0.28
80633;Ponthoile;3.7;-0.94
80634;Pont-Noyelles;2.2;-0.68
80635;Pont-Remy;3.1;-0.08
80637;Port-le-Grand;0.9;-0.85
80638;Potte;5.9;0.93
80639;Poulainville;1.8;1.7
80640;Pozières;1;-0.06
80642;Prouville;0.8;0.38
80643;Prouzel;1.6;0.87
80644;Proyart;0.6;1.5
80645;Puchevillers;0.9;0.27
80646;Punchy;0;-1.41
80647;Puzeaux;2.5;-1.2
80648;Pys;5.9;0.96
80649;Quend;3.4;-1.33
80650;Querrieu;0.3;-0.78
80651;Le Quesne;1.3;-1.8
80652;Le Quesnel;1.8;-0.38
80654;Quesnoy-le-Montant;3.2;-1.48
80655;Quesnoy-sur-Airaines;1.8;-0.85
80656;Quevauvillers;0.2;-0.08
80657;Quiry-le-Sec;2;-0.68
80658;Quivières;3.3;0
80659;Raincheval;2.8;-1.51
80661;Rainneville;2.4;1.82
80662;Ramburelles;0.9;-0.93
80663;Rambures;1.3;1.21
80664;Rancourt;0;-1.02
80665;Regnière-Écluse;1.4;0.39
80666;Remaisnil;0;1.16
80667;Remaugies;0;0.5
80668;Remiencourt;2.3;-0.57
80669;Rethonvillers;0.8;-0.9
80670;Revelles;2.5;-0.19
80671;Ribeaucourt;0;-2.12
80672;Ribemont-sur-Ancre;4.6;-1.24
80673;Riencourt;1.1;0.56
80674;Rivery;11.3;0.3
80675;Rogy;0;1.86
80676;Roiglise;1.8;-0.32
80677;Roisel;2.1;-0.48
80678;Rollot;1.2;0.6
80679;Ronssoy;0;-0.26
80680;Rosières-en-Santerre;4;-0.45
80681;Rouvrel;2.8;-0.05
80682;Rouvroy-en-Santerre;3.2;-0.16
80683;Rouy-le-Grand;2.8;-1.43
80684;Rouy-le-Petit;1.7;-1.68
80685;Roye;1.9;-0.33
80686;Rubempré;0.9;0
80687;Rubescourt;2.2;0.12
80688;Rue;3.3;-0.3
80690;Rumigny;2.8;0.8
80691;Saigneville;1.5;-3.38
80692;Sailly-Flibeaucourt;3;-0.41
80693;Sailly-Laurette;0.7;1.57
80694;Sailly-le-Sec;3.9;-0.05
80695;Sailly-Saillisel;0.4;0.1
80696;Sains-en-Amiénois;5.7;0.04
80697;Saint-Acheul;9.1;5.57
80698;Saint-Aubin-Montenoy;0;-0.75
80699;Saint-Aubin-Rivière;1.9;0.74
80700;Saint-Blimont;0.9;0.11
80701;Saint-Christ-Briost;1.8;-0.38
80702;Saint-Fuscien;4.8;4.31
80703;Saint-Germain-sur-Bresle;0;1.03
80704;Saint-Gratien;2.9;0.48
80705;Saint-Léger-lès-Authie;3.6;-3.96
80706;Saint-Léger-lès-Domart;1.3;-0.36
80707;Saint-Léger-sur-Bresle;0;-1.23
80708;Saint-Mard;1.6;-1.41
80709;Saint-Maulvis;3.4;0.73
80710;Saint-Maxent;1.7;0.26
80711;Saint-Ouen;2.2;-1.21
80713;Saint-Quentin-en-Tourmont;1.7;0.29
80714;Saint-Quentin-la-Motte-Croix-au-Bailly;1.1;-0.34
80716;Saint-Riquier;1.8;0.28
80717;Saint-Sauflieu;2.3;-0.4
80718;Saint-Sauveur;3.4;-0.77
80719;Sainte-Segrée;0;-3.38
80721;Saint-Valery-sur-Somme;5.6;-1.43
80722;Saint-Vaast-en-Chaussée;1.4;0.13
80723;Saisseval;2.6;0.75
80724;Saleux;5.5;-0.56
80725;Salouël;6.3;0.58
80726;Sancourt;3.5;0.25
80728;Saulchoy-sous-Poix;0;2.04
80729;Sauvillers-Mongival;3.8;0.94
80730;Saveuse;5.4;2.86
80732;Senarpont;1.6;-0.9
80733;Senlis-le-Sec;0.8;1.25
80734;Sentelie;1;0.56
80735;Seux;1.4;0
80736;Sorel-en-Vimeu;4.7;1.19
80737;Sorel;0;-0.1
80738;Soues;0;-0.39
80740;Sourdon;1.6;-0.27
80741;Soyécourt;1.2;1.29
80742;Surcamps;2.9;2.86
80743;Suzanne;5.4;0.81
80744;Tailly;0;-0.57
80746;Talmas;1.5;0.26
80747;Templeux-la-Fosse;2;-0.72
80748;Templeux-le-Guérard;0;2.1
80749;Terramesnil;3.1;1.02
80750;Tertry;1.5;-2.36
80751;Thennes;4.4;0.82
80752;Thézy-Glimont;8.4;1.12
80753;Thiepval;14;-0.52
80754;Thieulloy-l'Abbaye;2.9;0.67
80755;Thieulloy-la-Ville;3.3;-0.35
80756;Thièvres;0;-1.39
80757;Thoix;1.6;0.23
80758;Thory;1.1;1.61
80759;Tilloloy;0.8;-1.17
80760;Tilloy-Floriville;0;-1.49
80762;Tincourt-Boucly;3.4;-1.05
80763;Le Titre;3;-1.36
80764;Tœufles;3.8;0.05
80765;Tours-en-Vimeu;0.9;-0.61
80766;Toutencourt;0.5;-1.69
80767;Le Translay;4.6;-0.76
80769;Treux;2.1;-2.12
80770;Tully;1.8;-0.45
80771;Ugny-l'Équipée;0;-5.07
80773;Vadencourt;5.6;0.84
80774;Vaire-sous-Corbie;3.8;0.29
80775;Valines;2.1;0.05
80776;Varennes;1.1;0.08
80777;Vauchelles-lès-Authie;0;-2.48
80778;Vauchelles-lès-Domart;0;-0.14
80779;Vauchelles-les-Quesnoy;1.8;-0.76
80780;Vaudricourt;1.3;0.83
80781;Vauvillers;2.9;-2.71
80782;Vaux-en-Amiénois;1.1;1.43
80783;Vaux-Marquenneville;0;-1.2
80784;Vaux-sur-Somme;1.8;-2.1
80785;Vecquemont;1.7;0.06
80786;Velennes;3;-0.69
80787;Vercourt;0;0.7
80788;Vergies;8.7;2.01
80789;Vermandovillers;0;0.22
80790;Verpillières;6.1;0.93
80791;Vers-sur-Selle;6.3;2.86
80792;La Vicogne;4.2;-0.74
80793;Vignacourt;2;-0.58
80794;Villecourt;0;-3.44
80795;Ville-le-Marclet;2.1;-0.39
80796;Villeroy;0;-1.62
80797;Villers-aux-Érables;1.5;3.06
80798;Villers-Bocage;2.9;1.16
80799;Villers-Bretonneux;6.5;0.81
80800;Villers-Campsart;3.5;-1.6
80801;Villers-Carbonnel;1.9;-2.49
80802;Villers-Faucon;0.4;-2.01
80803;Villers-lès-Roye;2.5;0.24
80804;Villers-sous-Ailly;1.3;-1.02
80805;Villers-Tournelle;0;0.11
80806;Villers-sur-Authie;1.7;-0.57
80807;Ville-sur-Ancre;4.9;0.25
80808;Vironchaux;1.5;0.67
80809;Vismes;2.3;-0.45
80810;Vitz-sur-Authie;2;1.02
80811;Voyennes;3.4;-0.53
80812;Vraignes-en-Vermandois;0;-1.44
80813;Vraignes-lès-Hornoy;0;0.18
80814;Vrély;1.4;1.06
80815;Vron;1.9;-0.08
80819;Wargnies;2.1;-2.54
80820;Warloy-Baillon;1;-0.29
80821;Warlus;1;0.3
80822;Warsy;0;-0.72
80823;Warvillers;3.2;-3.06
80824;Wiencourt-l'Équipée;7.3;-0.52
80825;Wiry-au-Mont;0;-2.34
80826;Woignarue;1.4;-1.75
80827;Woincourt;0.9;-0.27
80828;Woirel;0;-3.16
80829;Y;2.3;-0.92
80832;Yvrench;0;-0.39
80833;Yvrencheux;0;-0.26
80834;Yzengremer;0.5;0.13
80835;Yzeux;2.2;0
80836;Yonval;4.3;0.93
81001;Aguts;3.7;1.4
81002;Aiguefonde;0.7;-0.1
81003;Alban;3.1;0.19
81004;Albi;5.4;0.53
81005;Albine;1;0.26
81006;Algans;5.2;0.64
81007;Alos;6.1;0.89
81008;Almayrac;0;0.34
81009;Amarens;0;-1.01
81010;Ambialet;0.5;0.54
81011;Ambres;5;0.75
81012;Andillac;1.7;0
81013;Andouque;0.7;-0.3
81014;Anglès;0.5;0.29
81015;Appelle;2.8;-0.48
81016;Arfons;0;0.57
81017;Arifat;0;-4.24
81018;Arthès;1.4;0.27
81019;Assac;0;0.79
81020;Aussac;1.6;0.26
81021;Aussillon;2.4;-1.01
81022;Bannières;2;0.16
81023;Barre;1.1;0
81024;Beauvais-sur-Tescou;2.7;1.25
81025;Belcastel;0;-0.22
81026;Bellegarde-Marsal;1.8;-0.56
81027;Belleserre;0;0.1
81028;Berlats;0;1.39
81029;Bernac;0;-0.18
81030;Bertre;0;-1.88
81031;Le Bez;0.5;1.22
81032;Blan;0.4;-0.3
81033;Blaye-les-Mines;3.4;-0.5
81034;Boissezon;0;-0.42
81035;Bournazel;4.2;4.79
81036;Bout-du-Pont-de-Larn;1.3;-0.16
81037;Brassac;2.2;0.16
81038;Brens;3.3;0.87
81039;Briatexte;2.4;-0.5
81040;Brousse;0.6;0.86
81041;Broze;0;-1.49
81042;Burlats;0.8;-0.94
81043;Busque;2;-0.75
81044;Cabanès;1.5;1.36
81045;Les Cabannes;5.6;-0.14
81046;Cadalen;1.7;0.13
81047;Cadix;1.2;-0.96
81048;Cagnac-les-Mines;1.5;0.49
81049;Cahuzac;11.3;-1.24
81050;Cambon-lès-Lavaur;1.6;0.97
81051;Cahuzac-sur-Vère;2.4;0.99
81052;Cambon;1.6;0.05
81053;Cambounès;1.4;0.45
81054;Cambounet-sur-le-Sor;0.2;0.9
81055;Les Cammazes;0.6;3.12
81056;Campagnac;4.2;0.75
81058;Carbes;0;0.93
81059;Carlus;1.1;-0.57
81060;Carmaux;2.4;0.99
81061;Castanet;1.3;-0.25
81062;Fontrieu;3.5;0.19
81063;Castelnau-de-Lévis;0.6;0.46
81064;Castelnau-de-Montmiral;2.8;0.27
81065;Castres;4.8;0.54
81066;Caucalières;0.8;-0.06
81067;Cestayrols;1.6;-0.11
81068;Combefa;0;3.97
81069;Cordes-sur-Ciel;5.3;-1.17
81070;Coufouleux;9.3;1.27
81071;Courris;0;-0.21
81072;Crespin;0;-4
81073;Crespinet;1.2;0.76
81074;Cunac;1.2;0.75
81075;Cuq;4.1;-0.24
81076;Cuq-Toulza;0.6;0.24
81077;Curvalle;0;-0.08
81078;Damiatte;3.5;0.67
81079;Dénat;2.2;1.04
81080;Donnazac;0;-4.34
81081;Dourgne;2.9;-0.04
81082;Le Dourn;0;0.14
81083;Durfort;5.2;0.07
81084;Escoussens;1.3;0.14
81085;Lacapelle-Escroux;0;-3.65
81086;Espérausses;2.4;-1.72
81087;Fayssac;1.9;0.67
81088;Fauch;0.7;2.3
81089;Faussergues;0;-0.94
81090;Fénols;0.9;0.48
81092;Fiac;4;-0.04
81093;Florentin;1.7;1.38
81094;Fraissines;0;-0.18
81095;Frausseilles;6.7;-1.59
81096;Le Fraysse;0.5;1.37
81097;Fréjairolles;0.6;-0.1
81098;Fréjeville;1.7;1.72
81099;Gaillac;5.8;0.88
81100;Garrevaques;1.8;0.13
81101;Le Garric;3.2;0.45
81102;Garrigues;4.3;3.76
81103;Gijounet;4.3;-0.4
81104;Giroussens;4.8;0.58
81105;Graulhet;1.3;0.95
81106;Grazac;7.8;1.19
81108;Itzac;0;2.78
81109;Jonquières;0.6;-0.3
81110;Jouqueviel;6.7;0.68
81111;Labarthe-Bleys;4.5;-0.23
81112;Labastide-de-Lévis;2.6;1.08
81114;Labastide-Gabausse;1.7;1.16
81115;Labastide-Rouairoux;2.3;0.09
81116;Labastide-Saint-Georges;4;0.5
81117;Labessière-Candeil;0.3;-0.36
81118;Laboulbène;1.6;2.98
81119;Laboutarie;2.4;0.53
81120;Labruguière;1.5;0.11
81121;Lacabarède;4.2;-1.11
81122;Lacapelle-Pinet;0;-1.38
81123;Lacapelle-Ségalar;8.3;-1.58
81124;Lacaune;0.9;-0.25
81125;Lacaze;0;1.38
81126;Lacougotte-Cadoul;1.1;0.57
81127;Lacroisille;0;-2.44
81128;Lacrouzette;0.2;-2.14
81129;Lagardiolle;3;-0.63
81130;Lagarrigue;2;-0.21
81131;Lagrave;1.5;1.13
81132;Guitalens-L'Albarède;2;-0.98
81133;Lamillarié;0.5;0.43
81134;Lamontélarié;0;-4.83
81135;Laparrouquial;0;-2.16
81136;Larroque;8.7;-0.21
81137;Lasfaillades;0;2.03
81138;Lasgraisses;0.5;2.25
81139;Lautrec;2.6;-0.87
81140;Lavaur;5.6;0.16
81141;Lédas-et-Penthiès;1.8;2
81142;Lempaut;2.6;0.4
81143;Lescout;1.5;1.66
81144;Lescure-d'Albigeois;1.4;0.28
81145;Lisle-sur-Tarn;9;0.79
81146;Livers-Cazelles;2.7;1.24
81147;Lombers;1.3;-0.54
81148;Loubers;6.4;3.16
81149;Loupiac;7.3;1.7
81150;Lugan;6.6;0.36
81151;Magrin;6.9;0.5
81152;Mailhoc;0;1.24
81154;Marnaves;3.3;1.05
81156;Marssac-sur-Tarn;2.6;1.84
81157;Marzens;2;1.23
81158;Le Masnau-Massuguiès;2.5;-1.2
81159;Massac-Séran;2.8;4.53
81160;Massaguel;2.5;-2.75
81161;Massals;0;2.23
81162;Maurens-Scopont;0;-4.82
81163;Mazamet;2.9;0.26
81164;Mézens;9.7;1.7
81165;Milhars;7.6;-0.36
81166;Milhavet;0;2.18
81167;Miolles;0;0.31
81168;Mirandol-Bourgnounac;2.1;-0.14
81169;Missècle;0;0.34
81170;Monestiés;1.7;0.17
81171;Montans;2.5;1.8
81172;Montauriol;0;3.86
81173;Montcabrier;0.5;1.21
81174;Montdragon;2.9;-0.19
81175;Montdurausse;0;-1.02
81176;Montels;4.2;0.95
81177;Montfa;1;-0.56
81178;Montgaillard;0;-1.15
81179;Montgey;0;-1
81180;Montirat;0;1.04
81181;Montpinier;1.2;-0.44
81182;Montredon-Labessonnié;0.8;0.5
81183;Mont-Roc;2.4;0
81184;Montrosier;7.7;1.55
81185;Montvalen;2.7;0.7
81186;Moularès;0;-1.55
81187;Moulayrès;1.2;1.55
81188;Moulin-Mage;0;-0.22
81189;Mouzens;0;-0.83
81190;Mouzieys-Teulet;0.4;0.1
81191;Mouzieys-Panens;3.2;0.48
81192;Murat-sur-Vèbre;1.5;0.38
81193;Nages;0;0.9
81195;Navès;1;0.17
81196;Noailhac;0.8;-0.47
81197;Noailles;2.4;-0.86
81198;Orban;1.5;0.1
81199;Padiès;0;-3.53
81200;Palleville;3.5;0.15
81201;Pampelonne;2.3;1.93
81202;Parisot;4.4;0.85
81203;Paulinet;2.9;-1.14
81204;Payrin-Augmontel;1;0.1
81205;Péchaudier;1.2;-0.09
81206;Penne;3.2;0.54
81207;Peyregoux;7.7;0.61
81208;Peyrole;1.8;-0.47
81209;Pont-de-Larn;0.7;-0.02
81210;Poudis;0;0.76
81211;Poulan-Pouzols;0.4;0.1
81212;Prades;0;-1.85
81213;Pratviel;2.6;0.95
81214;Puéchoursi;0;2.14
81215;Puybegon;4.3;-0.03
81216;Puycalvel;1.1;-0.15
81217;Puycelsi;2.4;0.37
81218;Puygouzon;1.2;0.63
81219;Puylaurens;1.5;-0.32
81220;Rabastens;9.3;0.69
81221;Rayssac;0;-1.03
81222;Réalmont;2.9;0.77
81223;Le Rialet;5.3;2.29
81224;Le Riols;3.6;-0.98
81225;Rivières;1.6;0.45
81227;Roquecourbe;0.8;-0.14
81228;Roquemaure;3;0.96
81229;Roquevidal;4.6;0
81230;Rosières;1;-0.54
81231;Rouairoux;1.3;0.75
81232;Rouffiac;1.1;0.05
81233;Terre-de-Bancalié;2.1;0.31
81234;Roussayrolles;3.1;1.66
81235;Saint-Affrique-les-Montagnes;1.8;0.31
81236;Saint-Agnan;2.7;4.09
81237;Saint-Amancet;0;-1.27
81238;Saint-Amans-Soult;1.9;-0.95
81239;Saint-Amans-Valtoret;0;-1.1
81240;Saint-André;7.7;0.84
81242;Saint-Avit;0.8;0.8
81243;Saint-Beauzile;3.4;0.26
81244;Saint-Benoît-de-Carmaux;2;-0.73
81245;Saint-Christophe;4.7;0.13
81246;Sainte-Cécile-du-Cayrou;3.8;0.57
81247;Saint-Cirgue;1.1;0.86
81248;Saint-Gauzens;1.3;1.42
81249;Sainte-Gemme;1.4;-0.9
81250;Saint-Genest-de-Contest;3.1;-0.92
81251;Saint-Germain-des-Prés;1.2;0.11
81252;Saint-Germier;1.3;-1.23
81253;Saint-Grégoire;0.9;-0.14
81254;Saint-Jean-de-Marcel;0.7;0.76
81255;Saint-Jean-de-Rives;4.9;0.73
81256;Saint-Jean-de-Vals;0;1.68
81257;Saint-Juéry;2.2;-0.59
81258;Saint-Julien-du-Puy;1.5;0.49
81259;Saint-Julien-Gaulène;0;1.15
81261;Saint-Lieux-lès-Lavaur;6.3;3.08
81262;Saint-Marcel-Campes;5.2;1.69
81263;Saint-Martin-Laguépie;4;-0.17
81264;Saint-Michel-Labadié;0;-1.46
81265;Saint-Michel-de-Vax;0;3.26
81266;Saint-Paul-Cap-de-Joux;5.8;-0.82
81267;Saint-Pierre-de-Trivisy;1.4;-0.21
81268;Saint-Salvi-de-Carcavès;0;1.34
81269;Saint-Salvy-de-la-Balme;0;0.03
81270;Saint-Sernin-lès-Lavaur;1.2;0
81271;Saint-Sulpice-la-Pointe;12;1.34
81272;Saint-Urcisse;0;1.08
81273;Saïx;1;0.95
81274;Saliès;1.1;-0.1
81275;Salles;4.3;1.24
81276;Salvagnac;1.8;0.73
81277;Saussenac;0.7;1.16
81278;Sauveterre;0;1.71
81279;La Sauzière-Saint-Jean;0.9;-0.82
81280;Le Ségur;3;0.39
81281;Sémalens;1.2;0.02
81282;Senaux;0;1.93
81283;Senouillac;2.6;0.32
81284;Le Sequestre;2.5;2.41
81285;Sérénac;1.8;0.68
81286;Serviès;1.3;-1.22
81287;Sieurac;0;-0.5
81288;Sorèze;2.1;1.02
81289;Soual;1.9;0.77
81290;Souel;0;0.1
81291;Taïx;2.3;2.47
81292;Tanus;0.5;0.19
81293;Tauriac;2.1;2.88
81294;Técou;1.7;2.02
81295;Teillet;0;0.3
81297;Terssac;1.1;0.34
81298;Teulat;3.3;-0.37
81299;Teyssode;1.2;0.26
81300;Tonnac;0;-1.65
81302;Tréban;3.4;3.94
81303;Trébas;3.5;-0.41
81304;Trévien;1.2;1.31
81305;Vabre;0.8;-1.67
81306;Valderiès;0.6;-0.48
81307;Valdurenque;0.3;1.22
81308;Valence-d'Albigeois;1.6;-0.63
81309;Vaour;3.3;1.3
81310;Veilhes;1.5;0.95
81311;Vénès;1.6;-1.53
81312;Verdalle;2;0.56
81313;Le Verdier;5.8;0.45
81314;Viane;1;-0.22
81315;Vielmur-sur-Agout;2.8;-1.28
81316;Vieux;2.1;0.59
81317;Villefranche-d'Albigeois;1.2;-0.13
81318;Villeneuve-lès-Lavaur;1.4;-1.6
81319;Villeneuve-sur-Vère;1;1.24
81320;Vindrac-Alayrac;1.7;-0.32
81321;Le Vintrou;0;1.55
81322;Virac;0;1.68
81323;Viterbe;1.4;0
81324;Viviers-lès-Lavaur;0.8;3.15
81325;Viviers-lès-Montagnes;1.3;0.63
81326;Sainte-Croix;2.7;1.89
82001;Albefeuille-Lagarde;1.2;-1.03
82002;Albias;1.9;0.24
82003;Angeville;0;-0.07
82004;Asques;3.3;-0.25
82005;Aucamville;1.7;2.38
82006;Auterive;0;-2.78
82007;Auty;0;-0.34
82008;Auvillar;0.6;-0.18
82009;Balignac;0;0.42
82010;Bardigues;4.6;-3.39
82011;Barry-d'Islemade;0.7;-0.04
82012;Les Barthes;1.3;0.67
82013;Beaumont-de-Lomagne;0.5;0
82014;Beaupuy;4.5;0.25
82015;Belbèze-en-Lomagne;1.5;4.1
82016;Belvèze;0;1.26
82017;Bessens;2.7;-0.36
82018;Bioule;1.3;1.25
82019;Boudou;0.9;0.63
82020;Bouillac;2.8;-1.89
82021;Bouloc-en-Quercy;0;0.09
82022;Bourg-de-Visa;1.4;0.13
82023;Bourret;1.1;1.34
82024;Brassac;0;0
82025;Bressols;2.2;0.82
82026;Bruniquel;1.1;0.75
82027;Campsas;1.9;1.41
82028;Canals;3.8;1.14
82029;Castanet;0;-0.77
82030;Castelferrus;1.1;0.8
82031;Castelmayran;1.6;-0.15
82032;Castelsagrat;2.3;-1.24
82033;Castelsarrasin;1.7;0.48
82034;Castéra-Bouzet;0;1.59
82035;Caumont;0;1.1
82036;Le Causé;0;-0.98
82037;Caussade;2.3;-0.12
82038;Caylus;1.7;0.21
82039;Cayrac;1.2;0.42
82040;Cayriech;1.5;-0.12
82041;Cazals;3.7;1.38
82042;Cazes-Mondenard;0.2;0.6
82043;Comberouger;0;-0.79
82044;Corbarieu;2.6;0.48
82045;Cordes-Tolosannes;3.4;0.28
82046;Coutures;0;0.79
82047;Cumont;0;-0.64
82048;Dieupentale;5.4;-0.38
82049;Donzac;1.5;0.02
82050;Dunes;0.8;0.12
82051;Durfort-Lacapelette;2.9;-0.35
82052;Escatalens;1.9;0.78
82053;Escazeaux;0.9;-0.11
82054;Espalais;0.6;-0.64
82055;Esparsac;1;0.6
82056;Espinas;2.2;2.99
82057;Fabas;4.7;2.31
82058;Fajolles;0;1.96
82059;Faudoas;0;0
82060;Fauroux;0;-4.57
82061;Féneyrols;0;1.5
82062;Finhan;1.3;-0.51
82063;Garganvillar;1.1;-0.12
82064;Gariès;0;1.8
82065;Gasques;3.6;-0.28
82066;Génébrières;1.5;-0.39
82067;Gensac;0;-2.1
82068;Gimat;1.2;0.44
82069;Ginals;0.7;-1.07
82070;Glatens;0;-1.62
82071;Goas;0;0.46
82072;Golfech;0.2;0.54
82073;Goudourville;1.3;0.19
82074;Gramont;2.1;-1.55
82075;Grisolles;4.9;0.61
82076;L'Honor-de-Cos;0.3;0.42
82077;Labarthe;1.4;0.09
82078;Labastide-de-Penne;0;-0.52
82079;Labastide-Saint-Pierre;1.6;0.18
82080;Labastide-du-Temple;2;-0.07
82081;Labourgade;0;-1.56
82082;Lacapelle-Livron;5;0.58
82083;Lachapelle;0;0.43
82084;Lacour;0;-0.19
82085;Lacourt-Saint-Pierre;2;1.27
82086;Lafitte;1.1;0.29
82087;Lafrançaise;1.1;-0.12
82088;Laguépie;4.9;1.22
82089;Lamagistère;3.5;0.89
82090;Lamothe-Capdeville;2.6;0
82091;Lamothe-Cumont;8.5;1.1
82092;Lapenche;2.7;0.67
82093;Larrazet;2;0.25
82094;Lauzerte;0.9;-0.16
82095;Lavaurette;1;-0.15
82096;La Ville-Dieu-du-Temple;2.9;0.6
82097;Lavit;1.4;0.36
82098;Léojac;1.7;0.25
82099;Lizac;0;1.21
82100;Loze;0;-2.52
82101;Malause;1.3;1.24
82102;Mansonville;0;1.23
82103;Marignac;4.7;-1.84
82104;Marsac;3;1.23
82105;Mas-Grenier;2.9;-0.43
82106;Maubec;1.4;1.62
82107;Maumusson;0;0.67
82108;Meauzac;1.6;1.42
82109;Merles;0;-0.25
82110;Mirabel;0.9;0.21
82111;Miramont-de-Quercy;0;-1.2
82112;Moissac;2.2;1.28
82113;Molières;0.6;1.43
82114;Monbéqui;3.7;0.6
82115;Monclar-de-Quercy;1;0.68
82116;Montagudet;0;0.08
82117;Montaigu-de-Quercy;0.2;-0.58
82118;Montaïn;2.8;-2.64
82119;Montalzat;1.1;-0.15
82120;Montastruc;0.7;-1.44
82121;Montauban;5.3;0.56
82122;Montbarla;2.1;-1.01
82123;Montbartier;2.1;5.06
82124;Montbeton;2.7;0.51
82125;Montech;2.8;0.93
82126;Monteils;1.3;-0.1
82127;Montesquieu;1.6;-0.42
82128;Montfermier;0;0.79
82129;Montgaillard;0;0.72
82130;Montjoi;0;0.7
82131;Montpezat-de-Quercy;0.9;0.44
82132;Montricoux;0.9;-0.24
82133;Mouillac;0;-1.56
82134;Nègrepelisse;1.5;0.66
82135;Nohic;2;0.3
82136;Orgueil;0.8;0.84
82137;Parisot;2;-0.98
82138;Perville;2.4;3.81
82139;Le Pin;0;-1.11
82140;Piquecos;3.4;1.22
82141;Pommevic;2.9;0.59
82142;Pompignan;4.9;3.73
82143;Poupas;7.1;1.39
82144;Puycornet;0.8;0.98
82145;Puygaillard-de-Quercy;0;-0.64
82146;Puygaillard-de-Lomagne;0;-4.61
82147;Puylagarde;0.7;0.44
82148;Puylaroque;1.9;0.1
82149;Réalville;1.4;-0.46
82150;Reyniès;1.4;0.37
82151;Roquecor;1.5;-0.61
82152;Saint-Aignan;4.3;-0.12
82153;Saint-Amans-du-Pech;2;1.76
82154;Saint-Amans-de-Pellagal;0;0
82155;Saint-Antonin-Noble-Val;1.4;0.82
82156;Saint-Arroumex;3.2;-1.11
82157;Saint-Beauzeil;0;2.06
82158;Saint-Cirice;0;-1.19
82159;Saint-Cirq;1.2;0.75
82160;Saint-Clair;3.2;-1.24
82161;Saint-Étienne-de-Tulmont;1.4;1.28
82162;Saint-Georges;0;0.76
82163;Saint-Jean-du-Bouzet;0;0
82164;Sainte-Juliette;4.3;-1.39
82165;Saint-Loup;0.4;0.6
82166;Saint-Michel;0.7;2.09
82167;Saint-Nauphary;2.4;0.91
82168;Saint-Nazaire-de-Valentane;0;-2.63
82169;Saint-Nicolas-de-la-Grave;1.3;0.32
82170;Saint-Paul-d'Espis;0;-0.67
82171;Saint-Porquier;1.7;-0.81
82172;Saint-Projet;1.8;0.17
82173;Saint-Sardos;1.4;0.21
82174;Saint-Vincent-d'Autéjac;0.9;0
82175;Saint-Vincent-Lespinasse;0;2.28
82176;La Salvetat-Belmontet;0.7;3.06
82177;Sauveterre;0;-2.32
82178;Savenès;1.9;0.6
82179;Septfonds;1.9;0.4
82180;Sérignac;0.9;-0.41
82181;Sistels;0;-0.56
82182;Touffailles;0.8;-0.63
82183;Tréjouls;0;-1.64
82184;Vaïssac;0.9;1.81
82185;Valeilles;2.1;0.07
82186;Valence;1.1;0.13
82187;Varen;5;-0.23
82188;Varennes;0.7;1.95
82189;Vazerac;0.7;1.25
82190;Verdun-sur-Garonne;4.5;0.58
82191;Verfeil;4.9;1.38
82192;Verlhac-Tescou;1.4;1.46
82193;Vigueron;0;-1.94
82194;Villebrumier;0.5;-0.33
82195;Villemade;2.8;1.97
83001;Les Adrets-de-l'Estérel;2;0.21
83002;Aiguines;1.3;-0.12
83003;Ampus;2.1;-0.9
83004;Les Arcs;4.4;1.67
83005;Artignosc-sur-Verdon;0;-2.72
83006;Artigues;1.7;2.4
83007;Aups;1.2;0.55
83008;Bagnols-en-Forêt;1.2;1.76
83009;Bandol;6.5;-0.21
83010;Bargème;2.3;0.64
83011;Bargemon;3.4;0.71
83012;Barjols;2;-0.11
83013;La Bastide;2.3;1.3
83014;Baudinard-sur-Verdon;4.2;1.02
83015;Bauduen;0.8;0.11
83016;Le Beausset;3.3;0.78
83017;Belgentier;4.1;-0.31
83018;Besse-sur-Issole;2.6;0.39
83019;Bormes-les-Mimosas;1.9;0.78
83020;Le Bourguet;0;7.18
83021;Bras;1;-0.71
83022;Brenon;0;-6.28
83023;Brignoles;1.9;0.33
83025;Brue-Auriac;0.9;1.36
83026;Cabasse;1.7;0.45
83027;La Cadière-d'Azur;3.7;0.36
83028;Callas;2.5;1.61
83029;Callian;1.3;3.07
83030;Camps-la-Source;1.1;0.39
83031;Le Cannet-des-Maures;1.9;1.97
83032;Carcès;1;-0.38
83033;Carnoules;5.5;2.94
83034;Carqueiranne;3.6;-0.75
83035;Le Castellet;2;7.54
83036;Cavalaire-sur-Mer;2.2;1.38
83037;La Celle;1.3;2.06
83038;Châteaudouble;3.5;0.25
83039;Châteauvert;0;-0.57
83040;Châteauvieux;0;-2.88
83041;Claviers;1.1;1.01
83042;Cogolin;1;0.06
83043;Collobrières;1.6;-0.96
83044;Comps-sur-Artuby;1.6;-1.64
83045;Correns;1.4;-0.26
83046;Cotignac;2;-0.32
83047;La Crau;3.7;1.35
83048;La Croix-Valmer;1.1;0.15
83049;Cuers;4.7;2.32
83050;Draguignan;3.7;0.3
83051;Entrecasteaux;0.8;0.22
83052;Esparron;1.3;0.98
83053;Évenos;2.3;0.57
83054;La Farlède;2.7;1.78
83055;Fayence;1.7;0.83
83056;Figanières;2.7;0.51
83057;Flassans-sur-Issole;1.6;0.69
83058;Flayosc;2.4;0.74
83059;Forcalqueiret;1.9;2.62
83060;Fox-Amphoux;1.1;1.32
83061;Fréjus;3.4;1.61
83062;La Garde;6.6;0.7
83063;La Garde-Freinet;0.9;-0.3
83064;Garéoult;2.5;0.7
83065;Gassin;1.5;0.75
83066;Ginasservis;1.8;2.25
83067;Gonfaron;4;0.14
83068;Grimaud;0.7;0.51
83069;Hyères;5.1;-0.12
83070;Le Lavandou;1.5;1.86
83071;La Londe-les-Maures;2.6;1.22
83072;Lorgues;2.7;1.49
83073;Le Luc;1.7;0.26
83074;La Martre;2.2;0.62
83075;Les Mayons;2.3;-0.42
83076;Mazaugues;2;-0.09
83077;Méounes-lès-Montrieux;2.5;0.72
83078;Moissac-Bellevue;0;0.95
83079;La Môle;1;0.96
83080;Mons;1.7;0.74
83081;Montauroux;1.1;1.13
83082;Montferrat;2.9;1.76
83083;Montfort-sur-Argens;2.4;1.6
83084;Montmeyan;3.2;0.99
83085;La Motte;2;0.99
83086;Le Muy;1.8;1.11
83087;Nans-les-Pins;5.1;2.25
83088;Néoules;2.3;1.57
83089;Ollières;3.2;0
83090;Ollioules;6.8;0.91
83091;Pierrefeu-du-Var;3.5;0.07
83092;Pignans;4.2;2.93
83093;Plan-d'Aups-Sainte-Baume;1.7;2.36
83094;Le Plan-de-la-Tour;0.8;2.06
83095;Pontevès;2.4;-0.07
83096;Pourcieux;1.8;-0.02
83097;Pourrières;1.2;1.56
83098;Le Pradet;6.4;0.9
83099;Puget-sur-Argens;1.4;1.3
83100;Puget-Ville;2.1;1.27
83101;Ramatuelle;1.1;-1.57
83102;Régusse;1;-1.4
83103;Le Revest-les-Eaux;5;1
83104;Rians;1.9;-0.07
83105;Riboux;0;2.49
83106;Rocbaron;2.1;1.82
83107;Roquebrune-sur-Argens;1.6;1.11
83108;La Roquebrussanne;2.6;-2.62
83109;La Roque-Esclapon;1;-1.44
83110;Rougiers;2.3;0.52
83111;Sainte-Anastasie-sur-Issole;2.2;1.79
83112;Saint-Cyr-sur-Mer;5.9;-0.12
83113;Saint-Julien;1.6;-0.1
83114;Saint-Martin-de-Pallières;1.8;1.63
83115;Sainte-Maxime;1.7;0.15
83116;Saint-Maximin-la-Sainte-Baume;1.3;1.28
83117;Saint-Paul-en-Forêt;1.1;0.28
83118;Saint-Raphaël;4.1;0.66
83119;Saint-Tropez;1.5;-2.98
83120;Saint-Zacharie;4.3;0.99
83121;Salernes;1.2;-0.29
83122;Les Salles-sur-Verdon;0;-1.35
83123;Sanary-sur-Mer;6.4;1.17
83124;Seillans;3.5;1.39
83125;Seillons-Source-d'Argens;1.9;1.46
83126;La Seyne-sur-Mer;9;-0.45
83127;Signes;1.6;1.83
83128;Sillans-la-Cascade;2.5;0.68
83129;Six-Fours-les-Plages;4.9;1.72
83130;Solliès-Pont;3.4;1.67
83131;Solliès-Toucas;4;0.98
83132;Solliès-Ville;1.8;0.81
83133;Tanneron;1.1;1.04
83134;Taradeau;2.7;0.83
83135;Tavernes;1.2;0.57
83136;Le Thoronet;1.5;1.23
83137;Toulon;15.3;1.07
83138;Tourrettes;2.1;0.13
83139;Tourtour;1.4;-0.11
83140;Tourves;1.9;0.78
83141;Trans-en-Provence;3.3;2.25
83142;Trigance;0.9;3.29
83143;Le Val;2.6;-0.16
83144;La Valette-du-Var;7.8;-0.08
83145;Varages;2.7;-0.03
83146;La Verdière;3.4;0.76
83147;Vérignon;0;-3.65
83148;Vidauban;2.2;1.62
83149;Villecroze;0.8;0.7
83150;Vinon-sur-Verdon;2.3;0.63
83151;Vins-sur-Caramy;1.9;-1.15
83152;Rayol-Canadel-sur-Mer;1.5;-1.77
83153;Saint-Mandrier-sur-Mer;14.7;0.84
83154;Saint-Antonin-du-Var;1.1;1.38
84001;Althen-des-Paluds;1.7;0.56
84002;Ansouis;1.9;0.41
84003;Apt;1.8;-2.12
84004;Aubignan;1.9;1.04
84005;Aurel;0;-2.16
84006;Auribeau;0;-0.47
84007;Avignon;11.2;-0.11
84008;Le Barroux;2.4;0.8
84009;La Bastide-des-Jourdans;2.1;2.26
84010;La Bastidonne;5.1;2.68
84011;Le Beaucet;3.6;1.57
84012;Beaumes-de-Venise;2.1;0.17
84013;Beaumettes;0;3.47
84014;Beaumont-de-Pertuis;1.8;-0.55
84015;Beaumont-du-Ventoux;0;1.43
84016;Bédarrides;2.4;1.38
84017;Bédoin;1.4;-0.13
84018;Blauvac;1.6;1.09
84019;Bollène;2.2;0.24
84020;Bonnieux;2.4;-2.64
84021;Brantes;0;0.39
84022;Buisson;0.9;-2.45
84023;Buoux;0;6.65
84024;Cabrières-d'Aigues;1.6;-0.09
84025;Cabrières-d'Avignon;3.5;-0.44
84026;Cadenet;3.8;0.61
84027;Caderousse;1.4;-1.02
84028;Cairanne;0.6;0.87
84029;Camaret-sur-Aigues;1.2;-0.03
84030;Caromb;1.8;0.85
84031;Carpentras;3.4;1.3
84032;Caseneuve;1.3;0.62
84033;Castellet-en-Luberon;0;-2.04
84034;Caumont-sur-Durance;2.4;2.1
84035;Cavaillon;1.9;-0.38
84036;Châteauneuf-de-Gadagne;2.3;0.94
84037;Châteauneuf-du-Pape;1.6;-0.99
84038;Cheval-Blanc;2.8;0.49
84039;Courthézon;3.1;1.97
84040;Crestet;2.9;0.32
84041;Crillon-le-Brave;2.9;0.38
84042;Cucuron;3;0.69
84043;Entraigues-sur-la-Sorgue;2.7;0.95
84044;Entrechaux;1.2;0.5
84045;Faucon;1;0.83
84046;Flassan;2;0
84047;Gargas;1;-0.07
84048;Gignac;0;1.44
84049;Gigondas;1;-3.36
84050;Gordes;3;-1.95
84051;Goult;2.4;-0.7
84052;Grambois;3.3;-0.81
84053;Grillon;1.3;-0.32
84054;L'Isle-sur-la-Sorgue;3.4;0.77
84055;Jonquerettes;4;1.23
84056;Jonquières;1.7;-0.37
84057;Joucas;1.5;0.54
84058;Lacoste;3.5;1.72
84059;Lafare;0;0.81
84060;Lagarde-d'Apt;0;-3.43
84061;Lagarde-Paréol;0.8;0.26
84062;Lagnes;2;0.78
84063;Lamotte-du-Rhône;2.8;-0.08
84064;Lapalud;2.7;0.16
84065;Lauris;3;0.48
84066;Lioux;1.5;0.71
84067;Loriol-du-Comtat;1.2;-0.78
84068;Lourmarin;3.2;-1.21
84069;Malaucène;0.7;-0.8
84070;Malemort-du-Comtat;1.5;1.85
84071;Maubec;1.6;0.01
84072;Mazan;2.8;0.9
84073;Ménerbes;3.2;-0.41
84074;Mérindol;2.3;1.67
84075;Méthamis;1.6;0.95
84076;Mirabeau;2.4;2.27
84077;Modène;1.4;0.29
84078;Mondragon;2.4;-0.32
84079;Monieux;3;-4.08
84080;Monteux;2.6;0.37
84081;Morières-lès-Avignon;3;1.36
84082;Mormoiron;2.8;-0.01
84083;Mornas;0.9;0.84
84084;La Motte-d'Aigues;2.1;0.96
84085;Murs;1.3;-1.19
84086;Oppède;2;-0.95
84087;Orange;3.6;0.08
84088;Pernes-les-Fontaines;1.6;1.96
84089;Pertuis;6.8;-0.31
84090;Peypin-d'Aigues;2;0.18
84091;Piolenc;1.8;1.64
84092;Le Pontet;5.3;0.4
84093;Puget;2;2.47
84094;Puyméras;1.6;-0.59
84095;Puyvert;2.6;0.5
84096;Rasteau;0.6;-1.57
84097;Richerenches;1.7;-3.44
84098;Roaix;1.5;-0.71
84099;Robion;2.1;1.04
84100;La Roque-Alric;0;0
84101;La Roque-sur-Pernes;2.5;0.67
84102;Roussillon;2;0.01
84103;Rustrel;2.2;-0.48
84104;Sablet;1.1;2.11
84105;Saignon;2.4;-1.46
84106;Sainte-Cécile-les-Vignes;1.3;1.18
84107;Saint-Christol;4.5;0.84
84108;Saint-Didier;1.7;0.35
84109;Saint-Hippolyte-le-Graveyron;1.5;-1.22
84110;Saint-Léger-du-Ventoux;8.3;-4.68
84111;Saint-Marcellin-lès-Vaison;1.5;1.19
84112;Saint-Martin-de-Castillon;2.1;-1.78
84113;Saint-Martin-de-la-Brasque;3.3;-0.74
84114;Saint-Pantaléon;2.4;-0.32
84115;Saint-Pierre-de-Vassols;0.9;-0.55
84116;Saint-Romain-en-Viennois;1.2;0.96
84117;Saint-Roman-de-Malegarde;0;0.4
84118;Saint-Saturnin-lès-Apt;1.6;1.28
84119;Saint-Saturnin-lès-Avignon;3.1;1.35
84120;Saint-Trinit;0;-0.41
84121;Sannes;0.7;4.06
84122;Sarrians;1.3;-0.37
84123;Sault;1;-0.29
84124;Saumane-de-Vaucluse;3.3;-0.91
84125;Savoillan;6.9;0.93
84126;Séguret;0.6;-1.59
84127;Sérignan-du-Comtat;1.7;1.9
84128;Sivergues;0;0.78
84129;Sorgues;3.6;0.65
84130;Suzette;2;-1.56
84131;Taillades;2;0.6
84132;Le Thor;2.6;-0.16
84133;La Tour-d'Aigues;5.1;0.52
84134;Travaillan;1.3;-0.16
84135;Uchaux;1.8;0.88
84136;Vacqueyras;1.5;-1.33
84137;Vaison-la-Romaine;3;-0.35
84138;Valréas;1.4;-0.31
84139;Fontaine-de-Vaucluse;1.3;-1.33
84140;Vaugines;2.1;-0.3
84141;Vedène;2.9;0.53
84142;Velleron;1.9;1.01
84143;Venasque;2;0.83
84144;Viens;3.8;-0.13
84145;Villars;0.7;-0.06
84146;Villedieu;1.3;-1.23
84147;Villelaure;4.4;-0.2
84148;Villes-sur-Auzon;0.9;-0.15
84149;Violès;1.1;0.8
84150;Visan;1.4;-0.96
84151;Vitrolles-en-Lubéron;1;1.5
85001;L'Aiguillon-la-Presqu'île;1.9;0.29
85002;L'Aiguillon-sur-Vie;1;2.16
85003;Aizenay;1.3;1.56
85004;Angles;0.9;1.05
85005;Antigny;0.2;-0.37
85006;Apremont;0.7;2.02
85008;Aubigny-Les Clouzeaux;1.8;1.73
85009;Auchay-sur-Vendée;0.4;-0.3
85010;Avrillé;0.8;0.1
85011;Barbâtre;1.6;0.36
85012;La Barre-de-Monts;1;1.2
85013;Bazoges-en-Paillers;0.8;1.81
85014;Bazoges-en-Pareds;1.1;0.04
85015;Beaufou;0.8;1.59
85016;Beaulieu-sous-la-Roche;0.9;1.23
85017;Beaurepaire;0.6;0.27
85018;Beauvoir-sur-Mer;1;0.13
85019;Bellevigny;3;0.84
85020;Benet;0.8;0.12
85022;Le Bernard;0.8;1.47
85023;Bessay;0;1.12
85024;Bois-de-Céné;2.4;1.79
85025;La Boissière-de-Montaigu;1;0.25
85026;La Boissière-des-Landes;1.4;1.01
85028;Bouillé-Courdault;1.1;0.31
85029;Bouin;3.2;0.11
85031;Le Boupère;0.4;0.23
85033;Bourneau;0.9;-0.52
85034;Bournezeau;0.7;0.71
85035;Bretignolles-sur-Mer;1.2;2.36
85036;La Bretonnière-la-Claye;0.4;0.14
85038;Les Brouzils;1.7;0.73
85039;La Bruffière;2.9;0.4
85040;La Caillère-Saint-Hilaire;1.5;-0.21
85042;Chaillé-les-Marais;1.7;0
85045;La Chaize-Giraud;1;0.65
85046;La Chaize-le-Vicomte;0.9;0.56
85047;Challans;1.9;2.02
85049;Champagné-les-Marais;0.4;0.55
85050;Le Champ-Saint-Père;1.6;1.75
85051;Chantonnay;1.1;0.45
85054;La Chapelle-Hermier;0.2;3.38
85055;La Chapelle-Palluau;0.6;2.56
85056;La Chapelle-Thémer;0;0.52
85058;Chasnais;0.7;1.46
85059;La Châtaigneraie;0.8;0.44
85061;Château-Guibert;0.1;0.14
85062;Châteauneuf;0;1.81
85064;Chauché;1.1;0.5
85065;Chavagnes-en-Paillers;1.2;0.49
85066;Chavagnes-les-Redoux;0.5;0.28
85067;Cheffois;0.2;0.37
85070;Coëx;0.7;1.38
85071;Commequiers;0.7;1.24
85072;La Copechagnière;1.8;0.97
85073;Corpe;0.4;-0.45
85074;La Couture;1.1;0.98
85076;Cugand-la-Bernardière;8.4;1.22
85077;Curzon;0.5;-0.37
85078;Damvix;0.4;-0.38
85080;Doix lès Fontaines;0.4;0.36
85081;Dompierre-sur-Yon;1.5;1.1
85082;Les Epesses;0.8;0.88
85083;L'Épine;1.2;-0.06
85084;Essarts-en-Bocage;0.6;1.33
85086;Falleron;0.6;1.31
85087;Faymoreau;1.3;-0.24
85088;Le Fenouiller;1;1.08
85089;La Ferrière;1;0.56
85090;Sèvremont;0.7;-0.27
85092;Fontenay-le-Comte;2.1;0.47
85093;Fougeré;1.9;0.83
85094;Foussais-Payré;0.8;0.91
85095;Froidfond;1.6;2.54
85096;La Garnache;0.9;1.48
85097;La Gaubretière;1.4;1.01
85098;La Genétouze;0.6;0.5
85099;Le Girouard;0.2;1.83
85100;Givrand;2.5;0.67
85101;Le Givre;0.5;-0.27
85102;Grand'Landes;0.3;1.63
85103;Grosbreuil;0.6;0.5
85104;Grues;1.8;1.5
85105;Le Gué-de-Velluire;0.5;-0.94
85106;La Guérinière;0.4;-0.3
85108;L'Herbergement;5.1;1.49
85109;Les Herbiers;1.2;0.63
85110;L'Hermenault;0.9;-0.15
85111;L'Île-d'Elle;1.6;-0.32
85112;L'Île-d'Olonne;1.4;0.64
85113;L'Île-d'Yeu;1.4;0.34
85114;Jard-sur-Mer;1.9;2.37
85115;La Jaudonnière;0.4;0.9
85116;La Jonchère;0;1.57
85117;Lairoux;0.8;-0.49
85118;Landeronde;1;0.1
85119;Les Landes-Genusson;0.6;1.56
85120;Landevieille;0.8;1.66
85121;Le Langon;0.9;0.06
85123;Liez;0;1.17
85125;Loge-Fougereuse;0;0
85126;Longèves;0.3;0.52
85127;Longeville-sur-Mer;1.2;-0.36
85128;Luçon;1.7;-0.03
85129;Les Lucs-sur-Boulogne;1.4;1.15
85130;Maché;0.5;2.84
85131;Les Magnils-Reigniers;0.5;-1.69
85132;Maillé;1.3;-0.18
85133;Maillezais;0;-1.09
85134;Mallièvre;0.9;-1.07
85135;Mareuil-sur-Lay-Dissais;0.7;-0.3
85136;Marillet;0;2.02
85137;Marsais-Sainte-Radégonde;0.8;0.52
85138;Martinet;0.6;1.16
85139;Le Mazeau;2.3;0.04
85140;La Meilleraie-Tillay;0.3;-0.27
85141;Menomblet;1.4;0.47
85142;La Merlatière;0.2;0.35
85143;Mervent;0.5;0.38
85144;Mesnard-la-Barotière;0.4;1.72
85145;Monsireigne;1.5;0.17
85146;Montaigu-Vendée;3.9;0.55
85147;Montournais;0;-0.5
85148;Montreuil;0.6;0.54
85149;Moreilles;1.1;0.16
85151;Mortagne-sur-Sèvre;0.7;0.25
85152;Les Achards;1.3;1.45
85153;Mouchamps;0.4;0.69
85154;Mouilleron-Saint-Germain;0.6;-0.83
85155;Mouilleron-le-Captif;1.8;0.98
85156;Moutiers-les-Mauxfaits;1.1;1.66
85157;Moutiers-sur-le-Lay;1.6;1.67
85158;Mouzeuil-Saint-Martin;0.7;-0.3
85159;Nalliers;1.2;0.4
85160;Nesmy;1.7;1.13
85161;Nieul-le-Dolent;0.8;0.52
85162;Rives-d'Autise;0.9;-0.57
85163;Noirmoutier-en-l'Île;1.5;-0.63
85164;Notre-Dame-de-Monts;1;1.75
85165;L'Oie;0.2;0.16
85167;L'Orbrie;1.3;0.02
85169;Palluau;0.2;0.32
85171;Péault;0.4;0.3
85172;Le Perrier;1.1;1.77
85174;Petosse;1;-0.34
85175;Les Pineaux;0.3;1.34
85176;Pissotte;0.2;0.25
85177;Les Velluire-sur-Vendée;2.3;-0.11
85178;Le Poiré-sur-Vie;1;0.27
85179;Poiroux;0.8;2.22
85181;Pouillé;0.8;0.72
85182;Pouzauges;0.2;0.32
85184;Puy-de-Serre;0;-0.1
85185;Puyravault;1.1;-0.66
85186;La Rabatelière;2.4;0.72
85187;Réaumur;0.5;-0.15
85188;La Réorthe;0.4;0.89
85189;Notre-Dame-de-Riez;1.1;0.85
85190;Rocheservière;1.1;1.33
85191;La Roche-sur-Yon;6.1;0.29
85192;Rochetrejoux;0.7;0.66
85193;Rosnay;0;1.09
85194;Les Sables-d'Olonne;2.9;2.02
85196;Saint-André-Goule-d'Oie;0.2;1.11
85197;Montréverd;1.8;0.87
85198;Saint-Aubin-des-Ormeaux;0.6;0.5
85199;Saint-Aubin-la-Plaine;0;0.03
85200;Saint-Avaugourd-des-Landes;0.7;1.62
85201;Saint-Benoist-sur-Mer;1.1;1.69
85202;Sainte-Cécile;0.6;-0.19
85204;Saint-Christophe-du-Ligneron;0.5;0.73
85205;Saint-Cyr-des-Gâts;0.5;0.19
85206;Saint-Cyr-en-Talmondais;1.3;1.04
85207;Saint-Denis-du-Payré;0.7;1.22
85208;Saint-Denis-la-Chevasse;0.9;0.89
85209;Saint-Étienne-de-Brillouet;1;0.19
85210;Saint-Étienne-du-Bois;1.2;1.15
85211;Sainte-Flaive-des-Loups;1.2;1.19
85212;Sainte-Florence;0.2;1.29
85213;Rives de l'Yon;1.3;0.57
85214;Sainte-Foy;1.2;3.45
85215;Saint-Fulgent;0.7;0.59
85216;Sainte-Gemme-la-Plaine;0.8;0.2
85218;Saint-Georges-de-Pointindoux;0.5;1.63
85220;Saint-Germain-de-Prinçay;0.7;1.35
85221;Saint-Gervais;1.1;0.82
85222;Saint-Gilles-Croix-de-Vie;2.3;1.22
85223;Saint-Jean-d'Hermine;0.5;0.45
85226;Saint-Hilaire-de-Riez;1.7;2.65
85227;Saint-Hilaire-des-Loges;0.3;-0.52
85229;Saint-Hilaire-de-Voust;1.2;0.4
85231;Saint-Hilaire-la-Forêt;0.6;0.14
85232;Saint-Hilaire-le-Vouhis;0.4;0.7
85234;Saint-Jean-de-Monts;1.4;0.33
85235;Saint-Juire-Champgillon;1.6;0.93
85236;Saint-Julien-des-Landes;0.7;2.77
85237;Saint-Laurent-de-la-Salle;1.3;1.38
85238;Saint-Laurent-sur-Sèvre;0.5;0
85239;Saint-Maixent-sur-Vie;0.2;2.11
85240;Saint-Malô-du-Bois;0.2;0.14
85242;Saint-Mars-la-Réorthe;0.7;1.14
85243;Brem-sur-Mer;2.6;1.65
85244;Saint-Martin-de-Fraigneau;0.3;-0.27
85245;Saint-Martin-des-Fontaines;1.4;-0.58
85246;Saint-Martin-des-Noyers;0.8;1.51
85247;Saint-Martin-des-Tilleuls;0.4;1.25
85248;Saint-Martin-Lars-en-Sainte-Hermine;1.7;0.48
85250;Saint-Mathurin;1.2;1.42
85251;Saint-Maurice-des-Noues;1.1;-0.44
85252;Saint-Maurice-le-Girard;0.8;0.22
85254;Saint-Mesmin;0.1;0.15
85255;Saint-Michel-en-l'Herm;0.8;-0.06
85256;Saint-Michel-le-Cloucq;0.8;-0.44
85259;Saint-Paul-en-Pareds;0.3;0.45
85260;Saint-Paul-Mont-Penit;0;0.92
85261;Sainte-Pexine;0;3.19
85262;Saint-Philbert-de-Bouaine;1.3;1.18
85264;Saint-Pierre-du-Chemin;2.1;0
85265;Saint-Pierre-le-Vieux;0;-0.74
85266;Saint-Prouant;0.4;0.88
85267;Sainte-Radégonde-des-Noyers;0.9;1.33
85268;Saint-Révérend;0.9;1.15
85269;Saint-Sigismond;1.3;0.98
85273;Saint-Urbain;0.6;1.85
85274;Saint-Valérien;1.7;0.75
85276;Saint-Vincent-Sterlanges;0.3;-0.75
85277;Saint-Vincent-sur-Graon;0.7;1.21
85278;Saint-Vincent-sur-Jard;1.5;3.5
85280;Sallertaine;1.4;1.67
85281;Sérigné;0.4;0.89
85282;Sigournais;0.4;1.59
85284;Soullans;1.2;1.21
85285;Le Tablier;1.3;0.2
85286;La Taillée;0.5;-0.82
85287;Tallud-Sainte-Gemme;1.8;-1.04
85288;Talmont-Saint-Hilaire;0.8;1.74
85289;Terval;0.4;-0.23
85290;Thiré;2.4;-0.96
85291;Thorigny;0.6;0.23
85292;Rives-du-Fougerais;0.5;0.12
85293;Tiffauges;1.7;-0.43
85294;La Tranche-sur-Mer;0.7;1.23
85295;Treize-Septiers;3.1;0.94
85296;Treize-Vents;0.2;-0.32
85297;Triaize;1.2;0.68
85298;Vairé;1.1;2.73
85300;Venansault;1.2;0.31
85301;Vendrennes;0.3;0.87
85302;Chanverrie;0.5;0.1
85303;Vix;0.8;0.25
85304;Vouillé-les-Marais;1.1;0.43
85305;Vouvant;1.3;-0.73
85306;Xanton-Chassenon;1;0.36
86001;Adriers;1;-0.51
86002;Amberre;0.7;-0.23
86003;Anché;4.5;-0.79
86004;Angles-sur-l'Anglin;4;-0.18
86005;Angliers;2.6;-0.8
86006;Antigny;0.9;-0.42
86007;Antran;1;-0.72
86008;Arçay;0.6;-0.99
86009;Archigny;1.1;-0.74
86010;Aslonnes;0.5;0.39
86011;Asnières-sur-Blour;0;0.82
86012;Asnois;1.9;-3.26
86013;Aulnay;2.4;0.33
86014;Availles-en-Châtellerault;1.2;-0.27
86015;Availles-Limouzine;0.5;0.08
86016;Avanton;2.1;0.56
86017;Ayron;1.5;-1.3
86018;Basses;0;0.5
86019;Beaumont Saint-Cyr;1.4;-0.73
86020;Bellefonds;0;-0.2
86022;Berrie;0;-0.64
86023;Berthegon;0;-2.5
86024;Béruges;4.2;1.29
86025;Béthines;2.4;-0.14
86026;Beuxes;1.6;0.18
86027;Biard;4.7;1.39
86028;Bignoux;2.5;0.37
86029;Blanzay;1;0.29
86031;Bonnes;1;-0.36
86032;Bonneuil-Matours;0.4;-0.18
86034;Bouresse;0.8;1.35
86035;Bourg-Archambault;0;-1.74
86036;Bournand;3;1.02
86037;Brigueil-le-Chantre;0;-1.9
86038;Brion;0.9;-0.88
86039;Brux;0.7;0.88
86040;La Bussière;0.8;-1.01
86041;Buxerolles;9;0.4
86042;Buxeuil;2.6;-0.93
86044;Ceaux-en-Loudun;0.4;-0.33
86045;Celle-Lévescault;1;0.24
86046;Cenon-sur-Vienne;2.3;-1.04
86047;Cernay;1.5;0.25
86048;Chabournay;0.8;3.14
86049;Chalais;0;-1.47
86050;Chalandray;1.1;-0.82
86051;Champagné-le-Sec;0;0.8
86052;Champagné-Saint-Hilaire;1.2;-0.38
86053;Champigny en Rochereau;0.7;-0.23
86054;Champniers;0.8;0.19
86055;La Chapelle-Bâton;0;-0.42
86058;La Chapelle-Moulière;0.8;0.85
86059;Chapelle-Viviers;0.4;0.39
86061;Charroux;2.4;-1.4
86062;Chasseneuil-du-Poitou;7;0.19
86063;Chatain;2.5;-0.68
86064;Château-Garnier;1;-0.41
86065;Château-Larcher;1.5;0.59
86066;Châtellerault;5.7;-0.5
86068;Chaunay;1.1;0.11
86069;La Chaussée;1.2;0.27
86070;Chauvigny;2.3;-0.04
86072;Chenevelles;1.7;-1.26
86073;Cherves;0;-2.32
86074;Chiré-en-Montreuil;0.6;0.2
86075;Chouppes;1.4;1.1
86076;Cissé;1.3;0.66
86077;Civaux;1.4;0.03
86078;Civray;3;-0.73
86079;La Roche-Rigault;2;0.39
86080;Cloué;1.8;-0.37
86081;Colombiers;2.4;-1.11
86082;Valence-en-Poitou;1.8;-0.5
86083;Coulombiers;1.2;-0.23
86084;Coulonges-les-Hérolles;1.4;-0.49
86085;Coussay;2.4;0.72
86086;Coussay-les-Bois;1.5;-1.46
86087;Craon;0;-0.27
86088;Croutelle;3.9;2.42
86089;Cuhon;2.6;-0.55
86090;Curçay-sur-Dive;1.2;1.37
86091;Curzay-sur-Vonne;1.9;-1.95
86092;Dangé-Saint-Romain;1.8;-0.22
86093;Dercé;0;0.95
86094;Dienné;0.4;0.85
86095;Dissay;2.3;-0.43
86096;Doussay;0.7;0.58
86097;La Ferrière-Airoux;0;0.51
86098;Fleix;0;0.96
86099;Fleuré;0.4;0.76
86100;Fontaine-le-Comte;4.3;0.5
86102;Frozes;0.6;1.67
86103;Gençay;1.6;-0.53
86104;Genouillé;1.2;-0.85
86105;Gizay;1.1;-1.1
86106;Glénouze;0;-1.58
86107;Gouex;1.1;-1.09
86108;La Grimaudière;0;0.38
86109;Guesnes;0.9;0.29
86110;Haims;0;0.29
86111;Ingrandes;0.7;-0.5
86112;L'Isle-Jourdain;0.6;-0.2
86113;Iteuil;4.8;0.33
86114;Jardres;0.5;-0.16
86115;Jaunay-Marigny;4;0.27
86116;Jazeneuil;3.4;-0.29
86117;Jouhet;0;-0.45
86118;Journet;2.1;-0.14
86119;Joussé;0.8;0.33
86120;Lathus-Saint-Rémy;0.4;0
86121;Latillé;1.1;0.25
86122;Lauthiers;3.3;-0.24
86123;Boivre-la-Vallée;0.9;-0.37
86124;Lavoux;0.2;0.03
86125;Leigné-les-Bois;1.7;-0.63
86126;Leignes-sur-Fontaine;0.4;0.26
86127;Leigné-sur-Usseau;1.1;-1.27
86128;Lencloître;0.9;0.22
86129;Lésigny;3.3;-0.56
86130;Leugny;0;-2.05
86131;Lhommaizé;0.5;1.2
86132;Liglet;0;-0.81
86133;Ligugé;3;0.46
86134;Linazay;4.4;-0.45
86135;Liniers;0.3;0.58
86136;Lizant;0.7;-1.26
86137;Loudun;0.9;0.12
86138;Luchapt;0;-0.53
86139;Lusignan;4.5;-0.63
86140;Lussac-les-Châteaux;2;-0.44
86141;Magné;1.6;-0.1
86142;Maillé;0.7;-1.03
86143;Mairé;4.3;1.3
86144;Maisonneuve;0;-0.7
86145;Marçay;1.2;-0.6
86147;Marigny-Chemereau;1.7;-0.03
86148;Marnay;1.7;0.45
86149;Martaizé;0.7;-0.85
86150;Massognes;0;-1.52
86151;Maulay;0;0.18
86152;Mauprévoir;1.8;-0.69
86153;Mazerolles;2.3;0.16
86154;Mazeuil;1.8;-0.34
86156;Messemé;0.9;0.07
86157;Mignaloux-Beauvoir;2.5;3.07
86158;Migné-Auxances;5.8;0.71
86159;Millac;1.1;-2.81
86160;Mirebeau;1.4;-0.53
86161;Moncontour;0.5;0.05
86162;Mondion;2.1;2.13
86163;Montamisé;2.3;0.68
86164;Monthoiron;1.1;0.2
86165;Montmorillon;1.9;-0.37
86167;Monts-sur-Guesnes;1.3;1.53
86169;Morton;0;1.08
86170;Moulismes;1.4;-0.72
86171;Moussac;1.1;-0.34
86172;Mouterre-sur-Blourde;0;0
86173;Mouterre-Silly;0;-1.18
86174;Naintré;2.5;0.18
86175;Nalliers;1;-0.64
86176;Nérignac;2;-0.96
86177;Neuville-de-Poitou;2.1;0.39
86178;Nieuil-l'Espoir;0.4;0.24
86180;Nouaillé-Maupertuis;1.3;1.25
86181;Nueil-sous-Faye;0;0.15
86182;Orches;1.2;-2.21
86183;Les Ormes;2.1;-0.23
86184;Ouzilly;2;0.62
86186;Oyré;3;-0.31
86187;Paizay-le-Sec;0;0.32
86189;Payroux;4.9;-0.94
86190;Persac;1.8;-1.16
86191;Pindray;0.9;-0.66
86192;Plaisance;1.5;1.59
86193;Pleumartin;0.7;-0.49
86194;Poitiers;16.7;0.28
86195;Port-de-Piles;1.8;-0.45
86196;Pouançay;0;-0.21
86197;Pouant;0.5;-0.08
86198;Pouillé;0.6;2.06
86200;Pressac;0.5;-0.68
86201;Prinçay;0;-1.1
86202;La Puye;2.2;-0.25
86203;Queaux;1.7;2
86204;Quinçay;1.1;-0.81
86205;Ranton;1.1;1.28
86206;Raslay;0;1.02
86207;La Roche-Posay;2.7;0.16
86209;Roches-Prémarie-Andillé;1.4;1.27
86210;Roiffé;0.9;-0.16
86211;Romagne;1;-1.5
86213;Rouillé;2;0.36
86214;Saint-Benoît;6.9;0.45
86217;Saint-Christophe;0;-1.75
86218;Saint-Clair;1.2;0.58
86220;Saint-Gaudent;2.6;0.22
86221;Saint-Genest-d'Ambière;0.2;-1.02
86222;Saint-Georges-lès-Baillargeaux;1.4;0.9
86223;Saint-Germain;0.3;-0.95
86224;Saint-Gervais-les-Trois-Clochers;0.9;0.05
86225;Saint-Jean-de-Sauves;0.6;-1.09
86226;Saint-Julien-l'Ars;1.2;1.55
86227;Saint-Laon;0;1.15
86228;Saint-Laurent-de-Jourdes;0;-0.66
86229;Saint-Léger-de-Montbrillais;0.6;-0.57
86230;Saint-Léomer;0;-1.12
86233;Valdivienne;1.1;-0.12
86234;Saint-Martin-l'Ars;2.6;-0.62
86235;Saint-Maurice-la-Clouère;0.3;-0.1
86236;Saint-Pierre-de-Maillé;0.9;-0.58
86237;Saint-Pierre-d'Exideuil;2.3;-0.29
86239;Sainte-Radégonde;0;1.63
86241;Saint-Rémy-sur-Creuse;1.2;2.35
86242;Saint-Romain;0.7;-0.3
86244;Saint-Sauvant;1.7;0.46
86245;Senillé-Saint-Sauveur;1.5;-1.25
86246;Saint-Savin;1.4;-0.87
86247;Val-de-Comporté;2.4;0.17
86248;Saint-Secondin;0.5;-0.64
86249;Saires;0;-0.78
86250;Saix;0.9;-1.62
86252;Sammarçolles;1;0.13
86253;Sanxay;1.8;-0.09
86254;Saulgé;0.2;-0.18
86255;Savigné;2.8;-1.02
86256;Savigny-Lévescault;2.2;1.23
86257;Savigny-sous-Faye;1.3;-0.22
86258;Scorbé-Clairvaux;1.1;-0.63
86260;Sérigny;4.1;0
86261;Sèvres-Anxaumont;2.2;1.6
86262;Sillars;0;-1.36
86263;Smarves;1.6;0.97
86264;Sommières-du-Clain;9;-1.46
86265;Sossais;1.1;-1.08
86266;Surin;0;-0.78
86268;Tercé;0.6;0.27
86269;Ternay;0;1.08
86270;Thollet;6;0.41
86271;Thurageau;1.1;-1.65
86272;Thuré;2.3;-0.55
86273;La Trimouille;1.4;-0.77
86274;Les Trois-Moutiers;0.7;-0.03
86275;Usseau;2.5;-1.02
86276;Usson-du-Poitou;0.2;-0.6
86279;Vaux-sur-Vienne;2.2;-0.33
86280;Vellèches;0;-0.74
86281;Saint-Martin-la-Pallu;0.7;0.33
86284;Vernon;0.9;0.59
86285;Verrières;0.5;-1.32
86286;Verrue;0;-0.56
86287;Vézières;0.6;-0.75
86288;Vicq-sur-Gartempe;1.2;1.08
86289;Le Vigeant;12.7;-1.45
86290;La Villedieu-du-Clain;1.4;-0.69
86291;Villemort;0;-0.49
86292;Villiers;0.8;1.2
86293;Vivonne;4.2;0.71
86294;Vouillé;1.3;0.08
86295;Voulême;3.3;0.96
86296;Voulon;4;0.69
86297;Vouneuil-sous-Biard;3.2;1.22
86298;Vouneuil-sur-Vienne;1.6;0.81
86299;Vouzailles;0.7;-1.38
86300;Yversay;1.3;4.34
87001;Aixe-sur-Vienne;2.2;0.01
87002;Ambazac;2.1;-0.26
87003;Arnac-la-Poste;0.3;-0.99
87004;Augne;0;2.33
87005;Aureil;0.6;0.51
87006;Azat-le-Ris;0;-1.33
87007;Balledent;0;0
87008;La Bazeuge;0;0.83
87009;Beaumont-du-Lac;3.9;-1.51
87011;Bellac;2;-1.73
87012;Berneuil;2.3;0.35
87013;Bersac-sur-Rivalier;3.7;0.19
87014;Bessines-sur-Gartempe;1.2;-0.56
87015;Beynac;1.1;0.85
87016;Les Billanges;1.7;0.4
87017;Blanzac;0.6;-0.78
87018;Blond;1;-0.02
87019;Boisseuil;1.2;0.7
87020;Bonnac-la-Côte;0.7;-0.81
87021;Bosmie-l'Aiguille;1.8;0.32
87022;Breuilaufa;1.5;-2.66
87023;Le Buis;0;-0.62
87024;Bujaleuf;2.1;0.64
87025;Burgnac;1;0.43
87027;Bussière-Galant;4.1;-0.65
87028;Val-d'Oire-et-Gartempe;0.7;0.2
87029;Les Cars;0;-0.32
87030;Chaillac-sur-Vienne;1.7;0.24
87031;Le Chalard;1.7;-1.01
87032;Châlus;1.1;0.61
87033;Chamboret;0.6;0
87034;Champagnac-la-Rivière;2;0.46
87035;Champnétery;2.1;-1.12
87036;Champsac;3.2;0.32
87037;La Chapelle-Montbrandeix;2.1;0.78
87038;Chaptelat;0.4;-0.07
87039;Château-Chervix;1.4;-0.17
87040;Châteauneuf-la-Forêt;1.3;-0.29
87041;Châteauponsac;0.8;-0.03
87042;Le Châtenet-en-Dognon;0;0.04
87043;Cheissoux;2.4;3.73
87044;Chéronnac;1.8;-1.07
87045;Cieux;0.7;0.25
87046;Cognac-la-Forêt;2;0.21
87047;Compreignac;0.2;0.33
87048;Condat-sur-Vienne;2.1;0.28
87049;Coussac-Bonneval;1.5;-0.54
87050;Couzeix;2;1.5
87051;La Croisille-sur-Briance;1.2;0.62
87052;La Croix-sur-Gartempe;2;-2.52
87053;Cromac;1.1;-0.27
87054;Cussac;1.3;-1.36
87056;Dinsac;2;-1.61
87057;Dompierre-les-Églises;0.8;-0.27
87058;Domps;0;-3.42
87059;Le Dorat;1.2;-1.65
87060;Dournazac;0.5;0.48
87061;Droux;0;0.28
87062;Eybouleuf;0;1.69
87063;Eyjeaux;0.6;0.47
87064;Eymoutiers;8.4;0.05
87065;Feytiat;1.8;0.12
87066;Flavignac;1.5;0.09
87067;Folles;3.2;-1.93
87068;Fromental;2.8;-1.06
87069;Gajoubert;0;0
87070;La Geneytouse;0.4;0.8
87071;Glandon;1;0.33
87072;Glanges;0.5;-0.16
87073;Gorre;1;-0.34
87074;Les Grands-Chézeaux;1;-1.33
87075;Isle;4.5;0.65
87076;Jabreilles-les-Bordes;5.3;-0.28
87077;Janailhac;0.4;-0.47
87078;Javerdat;1.6;-0.63
87079;La Jonchère-Saint-Maurice;1.9;-0.27
87080;Jouac;0;0.27
87081;Jourgnac;0.6;0.14
87082;Ladignac-le-Long;2.4;-0.07
87083;Laurière;3.9;-1.3
87084;Lavignac;0;1.63
87085;Limoges;11.8;-0.37
87086;Linards;0.7;-0.92
87087;Lussac-les-Églises;0.7;-2.13
87088;Magnac-Bourg;1.3;0.32
87089;Magnac-Laval;0.6;-0.45
87090;Mailhac-sur-Benaize;2.1;-0.42
87091;Maisonnais-sur-Tardoire;0;-0.73
87092;Marval;0;-2.3
87093;Masléon;1.5;0.06
87094;Meilhac;1.4;-0.09
87095;Meuzac;1.3;0.16
87096;La Meyze;1.1;0.46
87097;Val d'Issoire;1.2;-1.04
87099;Moissannes;2.1;-2.47
87100;Montrol-Sénard;0.9;-1.44
87101;Mortemart;4.2;1.82
87103;Nantiat;1.9;-0.13
87104;Nedde;2.5;-0.5
87105;Neuvic-Entier;0.3;-1.12
87106;Nexon;4.1;-0.11
87107;Nieul;2.1;-0.56
87108;Nouic;2.2;-1.44
87109;Oradour-Saint-Genest;0;0.58
87110;Oradour-sur-Glane;0.3;0.24
87111;Oradour-sur-Vayres;1;0.95
87112;Pageas;0;1.63
87113;Le Palais-sur-Vienne;3.9;-0.51
87114;Panazol;3.9;0.34
87115;Pensol;0;-0.55
87116;Peyrat-de-Bellac;0.5;-0.2
87117;Peyrat-le-Château;4;0.75
87118;Peyrilhac;1.1;1.19
87119;Pierre-Buffière;2.2;-0.16
87120;La Porcherie;5.8;-0.16
87121;Rancon;0;-0.68
87122;Razès;1.3;-0.33
87123;Rempnat;2;-0.23
87124;Rilhac-Lastours;1.1;0.44
87125;Rilhac-Rancon;1.7;0.69
87126;Rochechouart;0.8;-0.65
87127;La Roche-l'Abeille;0.4;-0.68
87128;Saint-Pardoux-le-Lac;0.9;0.55
87129;Royères;1.1;0.97
87130;Roziers-Saint-Georges;0;-1.93
87131;Saillat-sur-Vienne;1.9;-0.24
87132;Saint-Amand-le-Petit;0;1.41
87133;Saint-Amand-Magnazeix;1;-1.44
87134;Sainte-Anne-Saint-Priest;3.7;-2.5
87135;Saint-Auvent;0.5;0.07
87137;Saint-Bazile;2;3.85
87138;Saint-Bonnet-Briance;1.5;-0.96
87139;Saint-Bonnet-de-Bellac;0.7;-1.39
87140;Saint-Brice-sur-Vienne;1.2;-0.12
87141;Saint-Cyr;0;-0.58
87142;Saint-Denis-des-Murs;0.9;0.88
87143;Saint-Gence;1.5;0.74
87144;Saint-Genest-sur-Roselle;0;0.63
87145;Saint-Georges-les-Landes;1.3;-0.56
87146;Saint-Germain-les-Belles;3.8;-0.47
87147;Saint-Gilles-les-Forêts;0;1.18
87148;Saint-Hilaire-Bonneval;1;0.45
87149;Saint-Hilaire-la-Treille;1.4;-1.03
87150;Saint-Hilaire-les-Places;2.2;-1.01
87151;Saint-Jean-Ligoure;1.8;-1.27
87152;Saint-Jouvent;1;-0.33
87153;Saint-Julien-le-Petit;3.5;0.57
87154;Saint-Junien;2;0.35
87155;Saint-Junien-les-Combes;0;1.34
87156;Saint-Just-le-Martel;2.8;-0.19
87157;Saint-Laurent-les-Églises;0.9;-0.6
87158;Saint-Laurent-sur-Gorre;0.6;-1.14
87159;Saint-Léger-la-Montagne;0.6;0.57
87160;Saint-Léger-Magnazeix;5.4;0.07
87161;Saint-Léonard-de-Noblat;2;-1.14
87162;Sainte-Marie-de-Vaux;2.1;-0.08
87163;Saint-Martial-sur-Isop;1.5;1.31
87164;Saint-Martin-de-Jussac;1.2;0.12
87165;Saint-Martin-le-Mault;2.3;2.23
87166;Saint-Martin-le-Vieux;1.5;-0.65
87167;Saint-Martin-Terressus;1.1;0.53
87168;Saint-Mathieu;1.4;-0.19
87169;Saint-Maurice-les-Brousses;1.1;-0.06
87170;Saint-Méard;0;0.37
87172;Saint-Ouen-sur-Gartempe;0;-0.15
87174;Saint-Paul;0.4;-0.08
87176;Saint-Priest-Ligoure;1.9;0.59
87177;Saint-Priest-sous-Aixe;0.9;0.4
87178;Saint-Priest-Taurion;2.6;0.12
87179;Saint-Sornin-la-Marche;2.2;-2.26
87180;Saint-Sornin-Leulac;0;-2.77
87181;Saint-Sulpice-Laurière;6.7;-0.65
87182;Saint-Sulpice-les-Feuilles;0.2;-0.83
87183;Saint-Sylvestre;0.7;-0.09
87185;Saint-Victurnien;1.2;0.12
87186;Saint-Vitte-sur-Briance;3.2;-0.46
87187;Saint-Yrieix-la-Perche;1;0.23
87188;Saint-Yrieix-sous-Aixe;1;0.98
87189;Les Salles-Lavauguyon;1.8;1.45
87190;Sauviat-sur-Vige;1.2;-0.58
87191;Séreilhac;0.6;0.77
87192;Solignac;1.1;-0.11
87193;Surdoux;0;3.87
87194;Sussac;1.5;0.66
87195;Tersannes;0;-1.25
87197;Thouron;1.6;1.5
87198;Vaulry;2.1;-0.45
87199;Vayres;0.4;-1.02
87200;Verneuil-Moustiers;7.9;-0.93
87201;Verneuil-sur-Vienne;1.1;0.14
87202;Veyrac;1.2;0.92
87203;Vicq-sur-Breuilh;1.2;0.09
87204;Videix;1.7;-0.72
87205;Le Vigen;1.5;1.11
87206;Villefavard;0;0.73
88001;Les Ableuvenettes;0;-0.25
88002;Ahéville;0;0
88003;Aingeville;0;-0.27
88004;Ainvelle;0;-1.73
88005;Allarmont;4;-0.47
88006;Ambacourt;1.4;-0.84
88007;Ameuvelle;0;-1.03
88008;Anglemont;0;-1.36
88009;Anould;0.8;-0.39
88010;Aouze;0;1.06
88011;Arches;2.2;-0.26
88012;Archettes;1.8;0.24
88013;Aroffe;0;1.55
88014;Arrentès-de-Corcieux;1.3;0.09
88015;Attignéville;1.1;-1.14
88016;Attigny;1.2;-2.49
88017;Aulnois;0;0.73
88019;Autigny-la-Tour;1.6;-3.07
88020;Autreville;0;0.9
88021;Autrey;1.9;-0.94
88022;Auzainvilliers;1.2;-1.31
88023;Avillers;2.3;0.19
88024;Avrainville;1.8;0.9
88025;Avranville;0;-0.48
88026;Aydoilles;1.1;-0.6
88027;Badménil-aux-Bois;1.5;-2.22
88028;La Baffe;0.9;-0.71
88029;La Vôge-les-Bains;1.7;-1.09
88030;Bainville-aux-Saules;0;3.26
88031;Balléville;0;-0.65
88032;Ban-de-Laveline;1.6;-0.85
88033;Ban-de-Sapt;1.5;0.43
88035;Barbey-Seroux;0;-0.23
88036;Barville;0;-1.94
88037;Basse-sur-le-Rupt;0.3;-0.27
88038;Battexey;0;0.5
88039;Baudricourt;2;0.25
88040;Bayecourt;0;-1.55
88041;Bazegney;0;-2.35
88042;Bazien;0;0.43
88043;Bazoilles-et-Ménil;0;-0.43
88044;Bazoilles-sur-Meuse;1.2;0.16
88045;Beaufremont;0;-0.74
88046;Beauménil;0;1.6
88047;Begnécourt;0;-2.29
88048;Bellefontaine;1.1;-0.65
88049;Belmont-lès-Darney;0;-0.3
88050;Belmont-sur-Buttant;1.7;-0.17
88051;Belmont-sur-Vair;0;0.27
88052;Belrupt;0;-1.56
88053;Belval;1.7;-0.11
88054;Bertrimoutier;2.3;0.16
88055;Bettegney-Saint-Brice;2.4;-0.8
88056;Bettoncourt;0;-0.18
88057;Le Beulay;0;-1.58
88058;Biécourt;0;-1.88
88059;Biffontaine;3.2;-0.94
88060;Blémerey;0;2.41
88061;Bleurville;0.9;-2.06
88062;Blevaincourt;2.9;-2.51
88063;Bocquegney;0;-0.12
88064;Bois-de-Champ;1.7;-1.36
88065;Bonvillet;0;-2.08
88066;Boulaincourt;0;-1.97
88068;La Bourgonce;0.5;-0.7
88069;Bouxières-aux-Bois;0;0.35
88070;Bouxurulles;2.7;0.97
88071;Bouzemont;0;-1.67
88073;Brantigny;1.1;-0.81
88074;Brechainville;4.3;-1.39
88075;La Bresse;0.7;-1.02
88076;Brouvelieures;0.6;-1.13
88077;Brû;0;-0.06
88078;Bruyères;1.5;-0.8
88079;Bulgnéville;0.3;-0.02
88080;Bult;0;-0.33
88081;Bussang;0.9;-1.43
88082;Celles-sur-Plaine;3.3;-1.98
88083;Certilleux;0;0.31
88084;Chamagne;5.6;-0.84
88085;Champdray;2.5;1.18
88086;Champ-le-Duc;0.6;-2.21
88087;Chantraine;5.4;0.04
88088;La Chapelle-aux-Bois;0.7;0.15
88089;La Chapelle-devant-Bruyères;0.4;-1.08
88090;Charmes;7.3;-0.78
88091;Charmois-devant-Bruyères;0.6;-0.69
88092;Charmois-l'Orgueilleux;0;-0.11
88093;Châtas;0;-5.64
88094;Châtel-sur-Moselle;3.6;0.21
88095;Châtenois;1.9;0.17
88096;Châtillon-sur-Saône;0;-4.64
88097;Chauffecourt;0;0
88098;Chaumousey;0.5;0.26
88099;Chavelot;2.1;-0.49
88100;Chef-Haut;0;0.71
88101;Cheniménil;0.8;0.3
88102;Chermisey;0;-2.15
88103;Circourt;0;-1.58
88104;Circourt-sur-Mouzon;0;-0.45
88105;Claudon;0;-0.23
88106;Ban-sur-Meurthe-Clefcy;1.6;0.17
88107;Clérey-la-Côte;0;-2.79
88108;Le Clerjus;1.7;-3.18
88109;Cleurie;0.4;-0.2
88110;Clézentaine;1.9;0.31
88111;Coinches;3;-0.14
88113;Combrimont;0;-0.24
88114;Contrexéville;2.6;-1.61
88115;Corcieux;1.7;-0.73
88116;Cornimont;1.9;-1.06
88117;Courcelles-sous-Châtenois;3.3;-1.06
88118;Coussey;0.3;-0.25
88119;Crainvilliers;2.3;0.76
88120;La Croix-aux-Mines;0.4;-1.82
88121;Damas-aux-Bois;2.7;0.31
88122;Damas-et-Bettegney;2.8;0.76
88123;Damblain;2.1;0.26
88124;Darney;1.2;-0.44
88125;Darney-aux-Chênes;0;0.27
88126;Darnieulles;2.3;-0.99
88127;Deinvillers;0;-2.24
88128;Denipaire;3.2;0.27
88129;Derbamont;0;-1.59
88130;Destord;0;-0.62
88131;Deycimont;0;-0.6
88132;Deyvillers;0.9;-1.14
88133;Dignonville;1.2;1.8
88134;Dinozé;2.1;1.48
88135;Docelles;1.2;-0.47
88136;Dogneville;1.1;0.28
88137;Dolaincourt;0;-1.07
88138;Dombasle-devant-Darney;0;-1.04
88139;Dombasle-en-Xaintois;2;-0.27
88140;Dombrot-le-Sec;0;-0.99
88141;Dombrot-sur-Vair;0;-0.54
88142;Domèvre-sur-Avière;1.5;1.5
88143;Domèvre-sur-Durbion;0.9;-0.55
88144;Domèvre-sous-Montfort;0;0.84
88145;Domfaing;0;-0.31
88146;Domjulien;0;-0.28
88147;Dommartin-aux-Bois;1.1;0.08
88148;Dommartin-lès-Remiremont;0.7;0.06
88149;Dommartin-lès-Vallois;0;-1.52
88150;Dommartin-sur-Vraine;0;-1.2
88151;Dompaire;1;-1.31
88152;Dompierre;1;-1.51
88153;Domptail;2.1;-1
88154;Domrémy-la-Pucelle;0;-3.3
88155;Domvallier;0;-1.96
88156;Doncières;2.9;1.82
88157;Dounoux;1.7;0.29
88158;Éloyes;2.8;-0.56
88159;Entre-deux-Eaux;0;0
88160;Épinal;8.4;0.39
88161;Escles;0.6;-2.01
88162;Esley;0;-1.75
88163;Essegney;7.3;-0.35
88164;Estrennes;2.2;2.58
88165;Étival-Clairefontaine;1.5;-0.96
88166;Évaux-et-Ménil;4.1;-0.05
88167;Faucompierre;0.9;-1.13
88168;Fauconcourt;0;0.26
88169;Fays;1.1;-0.74
88170;Ferdrupt;0.7;0.25
88171;Fignévelle;10;2.15
88172;Fiménil;0;0.44
88173;Florémont;4.7;1.14
88174;Fomerey;0;-1.88
88175;Fontenay;2.3;-0.21
88176;Fontenoy-le-Château;4.2;-1.28
88177;La Forge;0.9;-0.51
88178;Les Forges;1.6;-0.96
88179;Fouchécourt;0;-1.17
88180;Frain;0;-0.78
88181;Fraize;1.9;-0.31
88182;Frapelle;3.3;0.51
88183;Frebécourt;1.3;2.59
88184;Fremifontaine;0;-2.26
88185;Frenelle-la-Grande;0;-1.26
88186;Frenelle-la-Petite;0;1.11
88187;Frénois;0;-0.66
88188;Fresse-sur-Moselle;0.5;-0.85
88189;Fréville;0;-2.43
88190;Frizon;0;-0.87
88192;Gelvécourt-et-Adompt;0;-0.91
88193;Gemaingoutte;3.2;1.87
88194;Gemmelaincourt;3.4;-3.39
88195;Gendreville;0;-0.32
88196;Gérardmer;1.9;-0.94
88197;Gerbamont;0.5;-0.65
88198;Gerbépal;2.1;-1.44
88199;Gignéville;0;-0.64
88200;Gigney;0;3.57
88201;Girancourt;0.5;-0.56
88202;Gircourt-lès-Viéville;1.1;1.34
88203;Girecourt-sur-Durbion;0.6;0.68
88205;Girmont-Val-d'Ajol;1.5;0.67
88206;Gironcourt-sur-Vraine;0.6;-1.77
88208;Godoncourt;0;-2.01
88209;Golbey;5.9;0.42
88210;Gorhey;1.3;-1.14
88212;Grand;0;-0.27
88213;La Grande-Fosse;6.8;0.93
88214;Grandrupt-de-Bains;2.6;-2.99
88215;Grandrupt;4.3;0
88216;Grandvillers;1.3;-0.89
88218;Granges-Aumontzey;1.1;-0.88
88219;Greux;0;-3.05
88220;Grignoncourt;0;4.07
88221;Gruey-lès-Surance;0;-3.31
88222;Gugnécourt;1.9;-0.29
88223;Gugney-aux-Aulx;1.3;1.87
88224;Hadigny-les-Verrières;0.6;-1.1
88225;Hadol;1;-0.33
88226;Hagécourt;0;1.95
88227;Hagnéville-et-Roncourt;0;-1.37
88228;Haillainville;2.4;1.25
88229;Harchéchamp;0;2.06
88230;Hardancourt;0;-2.2
88231;Haréville;0;-0.38
88232;Harmonville;3;-1.86
88233;Harol;0;0.03
88236;La Haye;0;3.34
88237;Hennecourt;0.6;-0.81
88238;Hennezel;0.8;-0.71
88239;Hergugney;3.3;-0.87
88240;Herpelmont;0;-0.79
88241;Houécourt;0.6;-0.62
88242;Houéville;0;-1.82
88243;Housseras;0.5;-0.17
88244;La Houssière;0.9;-2.49
88245;Hurbache;0.7;-1.57
88246;Hymont;1.6;0.38
88247;Igney;4.4;-0.54
88248;Isches;0;1.32
88249;Jainvillotte;0;-1.33
88250;Jarménil;1.6;-1.03
88251;Jeanménil;0;-0.03
88252;Jésonville;0;2.93
88253;Jeuxey;2;-0.64
88254;Jorxey;2;-0.8
88255;Jubainville;0;-0.73
88256;Jussarupt;0;-0.75
88257;Juvaincourt;0;-0.27
88258;Lamarche;0;-2.35
88259;Landaville;0.7;-0.45
88260;Langley;10.8;-2.24
88261;Laval-sur-Vologne;0.8;-0.18
88262;Laveline-devant-Bruyères;0.9;-1.43
88263;Laveline-du-Houx;0;-1.23
88264;Légéville-et-Bonfays;0;6.57
88265;Lemmecourt;0;-3.65
88266;Lépanges-sur-Vologne;1.9;-0.72
88267;Lerrain;0.5;-0.61
88268;Lesseux;6.2;-2.54
88269;Liézey;0.8;1.33
88270;Liffol-le-Grand;1.9;-0.36
88271;Lignéville;0;-0.86
88272;Lironcourt;0;-0.46
88273;Longchamp;0.9;-0.11
88274;Longchamp-sous-Châtenois;0;2.71
88275;Lubine;1.2;1.73
88276;Lusse;1.7;-3.1
88277;Luvigny;5.6;1.34
88278;Maconcourt;0;-2.5
88279;Madecourt;9.1;-1.58
88280;Madegney;0;1.1
88281;Madonne-et-Lamerey;1.1;0.67
88283;Malaincourt;3.1;-1.58
88284;Mandray;0.8;-0.08
88285;Mandres-sur-Vair;3.8;-0.96
88286;Marainville-sur-Madon;2.1;0.88
88287;Marey;0;0.24
88288;Maroncourt;0;-12.31
88289;Martigny-les-Bains;1.4;-0.13
88290;Martigny-les-Gerbonvaux;0;1.36
88291;Martinvelle;0;0.82
88292;Mattaincourt;1.2;-0.69
88293;Maxey-sur-Meuse;2.3;-1.18
88294;Mazeley;0;-0.12
88295;Mazirot;0;1.02
88296;Médonville;0;-8.66
88297;Méménil;1.2;2.6
88298;Ménarmont;0;-2.99
88299;Ménil-en-Xaintois;0;1.57
88300;Ménil-de-Senones;3.2;-1.91
88301;Ménil-sur-Belvitte;0;-0.68
88302;Le Ménil;0.3;-1.43
88303;Midrevaux;2.6;-3.56
88304;Mirecourt;2.7;-1.78
88305;Moncel-sur-Vair;3.2;-2.06
88306;Le Mont;4;0.66
88307;Mont-lès-Lamarche;0;-0.86
88308;Mont-lès-Neufchâteau;0;-1.2
88309;Monthureux-le-Sec;1.5;1.62
88310;Monthureux-sur-Saône;0;0.15
88311;Montmotier;0;-5.59
88312;Morelmaison;0;-1.72
88313;Moriville;2.2;0.19
88314;Morizécourt;0;-2.44
88315;Mortagne;3.4;1.99
88316;Morville;0;-2.86
88317;Moussey;2.9;-2.47
88318;Moyemont;1.1;0
88319;Moyenmoutier;1.9;-1.24
88320;Nayemont-les-Fosses;1.5;-0.79
88321;Neufchâteau;2.3;-0.32
88322;La Neuveville-devant-Lépanges;2.2;0
88324;La Neuveville-sous-Châtenois;0.7;-0.45
88325;La Neuveville-sous-Montfort;0;0.37
88326;Neuvillers-sur-Fave;0.7;0.82
88327;Nomexy;4.8;-1.49
88328;Nompatelize;1.1;-0.15
88330;Nonville;0;-1.19
88331;Nonzeville;0;1.6
88332;Norroy;1.3;-1.3
88333;Nossoncourt;0;1.7
88334;Oëlleville;0;-1.91
88335;Offroicourt;1.9;-0.22
88336;Ollainville;0;2.72
88338;Ortoncourt;0;-0.56
88340;Padoux;0.9;-0.73
88341;Pair-et-Grandrupt;0.5;-0.63
88342;Pallegney;1.2;-0.38
88343;Parey-sous-Montfort;1.5;3.01
88344;Pargny-sous-Mureau;2.6;0.09
88345;La Petite-Fosse;4.1;0.82
88346;La Petite-Raon;0;-0.4
88347;Pierrefitte;1.4;-0.52
88348;Pierrepont-sur-l'Arentèle;1.4;0.59
88349;Plainfaing;1.1;-1.15
88350;Pleuvezain;0;-1.11
88351;Plombières-les-Bains;2.2;-1.18
88352;Pompierre;0;-3.12
88353;Pont-lès-Bonfays;0;0.16
88354;Pont-sur-Madon;0;0.66
88355;Portieux;2.1;-0.71
88356;Les Poulières;0;4.05
88357;Poussay;0;-0.93
88358;Pouxeux;2.5;-0.3
88359;Prey;0;-1.25
88360;Provenchères-lès-Darney;0;-1.74
88361;Provenchères-et-Colroy;1.9;-1.11
88362;Le Puid;2.3;3.5
88363;Punerot;1.4;-0.97
88364;Puzieux;0;-0.56
88365;Racécourt;1.5;-2.21
88366;Rainville;1.5;-0.24
88367;Rambervillers;1.2;-0.82
88368;Ramecourt;0;-3.74
88369;Ramonchamp;1.3;-1.87
88370;Rancourt;0;4.02
88371;Raon-aux-Bois;0.6;-0.46
88372;Raon-l'Étape;3.8;-1.11
88373;Raon-sur-Plaine;8;-1.15
88374;Rapey;0;0.71
88375;Raves;0.5;0.39
88376;Rebeuville;0;0.58
88377;Regnévelle;0;-0.4
88378;Regney;0;3.46
88379;Rehaincourt;1.8;0.28
88380;Rehaupal;0;-0.24
88381;Relanges;1.3;-1.73
88382;Remicourt;0;-0.26
88383;Remiremont;3.5;-0.5
88385;Remoncourt;0.4;-1.18
88386;Remomeix;1.1;-1.73
88387;Removille;0;-1.47
88388;Renauvoid;1.8;0.57
88389;Repel;0;-0.79
88390;Robécourt;0;-0.63
88391;Rochesson;0.7;-0.53
88394;Romain-aux-Bois;0;-0.35
88395;Romont;0.7;-1.19
88398;Les Rouges-Eaux;0;-1.97
88399;Le Roulier;0;1.07
88400;Rouvres-en-Xaintois;2.6;-1.04
88401;Rouvres-la-Chétive;0;0.26
88402;Roville-aux-Chênes;7.5;0.23
88403;Rozerotte;0;-0.7
88404;Rozières-sur-Mouzon;0;1.8
88406;Rugney;6.3;-0.62
88407;Ruppes;1.6;0.83
88408;Rupt-sur-Moselle;0.9;-0.16
88409;Saint-Amé;2.2;-0.2
88410;Sainte-Barbe;2.9;-0.79
88411;Saint-Baslemont;0;0.82
88412;Saint-Benoît-la-Chipotte;2.5;0.97
88413;Saint-Dié-des-Vosges;5.5;-0.36
88415;Saint-Étienne-lès-Remiremont;1.7;-0.1
88416;Saint-Genest;0;-0.12
88417;Saint-Gorgon;0;-1.39
88418;Sainte-Hélène;0;-1.12
88419;Saint-Jean-d'Ormont;1.8;0.53
88421;Saint-Julien;0;-1.09
88423;Saint-Léonard;1.5;0.29
88424;Sainte-Marguerite;0.9;-0.5
88425;Saint-Maurice-sur-Mortagne;5.1;0
88426;Saint-Maurice-sur-Moselle;1;-0.18
88427;Saint-Menge;0;-1.36
88428;Saint-Michel-sur-Meurthe;1.1;-0.73
88429;Saint-Nabord;1.9;-0.43
88430;Saint-Ouen-lès-Parey;0;0.14
88431;Saint-Paul;0;-0.44
88432;Saint-Pierremont;1.4;-0.43
88433;Saint-Prancher;0;-3.31
88434;Saint-Remimont;1;-1.36
88435;Saint-Remy;0.8;0.03
88436;Saint-Stail;0;-0.46
88437;Saint-Vallier;0;0
88438;La Salle;0.6;0.08
88439;Sanchey;3.1;0.34
88440;Sandaucourt;1.2;-0.28
88441;Sans-Vallois;3.4;-0.88
88442;Sapois;2;-0.37
88443;Sartes;0;-1.9
88444;Le Saulcy;2.4;-1.69
88445;Saulcy-sur-Meurthe;1.7;-0.11
88446;Saulxures-lès-Bulgnéville;0;-1.04
88447;Saulxures-sur-Moselotte;1.9;-0.64
88448;Sauville;0;-1.58
88449;Savigny;5.9;1.29
88450;Senaide;1.5;0.37
88451;Senones;1.6;-0.91
88452;Senonges;0;1.04
88453;Seraumont;7.1;-6.7
88454;Sercœur;0;-0.94
88455;Serécourt;0;0
88456;Serocourt;0;-1.7
88457;Sionne;3.6;0
88458;Socourt;1.5;0.67
88459;Soncourt;0;-0.38
88460;Soulosse-sous-Saint-Élophe;1.1;0.23
88461;Suriauville;0;-1.5
88462;Le Syndicat;0.4;-0.47
88463;Taintrux;1.2;-1.12
88464;Tendon;0;-0.49
88465;Thaon-les-Vosges;2.9;-1.14
88466;They-sous-Montfort;0;-0.53
88467;Thiéfosse;1.6;-0.64
88468;Le Thillot;0.9;-1.28
88469;Thiraucourt;0;0.17
88470;Le Tholy;1.1;-0.93
88471;Les Thons;0;-1.47
88472;Thuillières;2.1;-1.7
88473;Tignécourt;0;-3.88
88474;Tilleux;0;4.35
88475;Tollaincourt;0;-1.49
88476;Totainville;0;-1.39
88477;Trampot;0;1.57
88478;Tranqueville-Graux;0;-1.92
88479;Trémonzey;2.2;-0.89
88480;Ubexy;2.6;-1.05
88481;Uriménil;1;-0.37
88482;Urville;0;-0.59
88483;Uxegney;1.2;-0.31
88484;Uzemain;0;-0.17
88485;La Vacheresse-et-la-Rouillie;1.4;-0.13
88486;Vagney;0.7;-0.25
88487;Le Val-d'Ajol;1.3;-0.05
88488;Valfroicourt;1.1;-1.05
88489;Valleroy-aux-Saules;0.9;-0.51
88490;Valleroy-le-Sec;0;1.21
88491;Les Vallois;3.8;0.55
88492;Le Valtin;0;-0.22
88493;Varmonzey;0;-3.65
88494;Vaubexy;0;-0.27
88495;Vaudéville;0;2.72
88496;Vaudoncourt;0;-0.96
88497;Vaxoncourt;1.4;1.32
88498;Vecoux;1.3;-0.21
88499;Velotte-et-Tatignécourt;0;0.32
88500;Ventron;0.8;-0.04
88501;Le Vermont;4.5;0.7
88502;Vervezelle;0;-1.74
88503;Vexaincourt;8.9;-1.5
88504;Vicherey;0;-2.77
88505;Vienville;0;-0.94
88506;Vieux-Moulin;1.5;-0.36
88507;Villers;1.2;-2.28
88508;Ville-sur-Illon;0;-1.65
88509;Villoncourt;0;-1.27
88510;Villotte;2.2;-4
88511;Villouxel;0;1.21
88512;Viménil;0;-0.56
88513;Vincey;4.8;-0.95
88514;Viocourt;0;0.62
88515;Vioménil;0;0.9
88516;Vittel;2;-1.42
88517;Viviers-le-Gras;0;-1.39
88518;Viviers-lès-Offroicourt;0;-4.23
88519;La Voivre;1;-0.89
88520;Les Voivres;0.8;-1.65
88521;Vomécourt;3.5;-1.7
88522;Vomécourt-sur-Madon;0;-0.24
88523;Vouxey;2.8;2.94
88524;Vrécourt;2;-1.41
88525;Vroville;0;-0.49
88526;Wisembach;1.2;1.01
88527;Xaffévillers;0;-2.41
88528;Xamontarupt;1.4;-0.11
88529;Xaronval;2.3;0.47
88530;Xertigny;0.9;-0.36
88531;Xonrupt-Longemer;0.8;-0.56
88532;Zincourt;0;-2.04
89002;Aigremont;2.6;-1.55
89003;Montholon;3.5;-0.93
89004;Aisy-sur-Armançon;5.6;-0.82
89005;Ancy-le-Franc;2.4;-1.83
89006;Ancy-le-Libre;5.5;-4.16
89007;Andryes;0.6;1.67
89008;Angely;0;-0.75
89009;Annay-la-Côte;2.6;-0.24
89010;Annay-sur-Serein;2.6;-1.99
89011;Annéot;0;-2.39
89012;Annoux;0;-0.58
89013;Appoigny;2.8;-0.22
89014;Arces-Dilo;4.2;-0.11
89015;Arcy-sur-Cure;5.6;-0.14
89016;Argentenay;2.8;-0.82
89017;Argenteuil-sur-Armançon;1.3;1.08
89018;Armeau;3.7;-0.22
89019;Arthonnay;5.1;-0.86
89020;Asnières-sous-Bois;0;-2.41
89021;Asquins;11.6;0.17
89022;Athie;0;-0.49
89023;Augy;0.6;-1.69
89024;Auxerre;7.4;0.19
89025;Avallon;2.3;-1.02
89027;Bagneaux;2.8;-0.81
89028;Baon;0;-4.36
89029;Bassou;2.5;0.06
89030;Bazarnes;0;-0.59
89031;Beaumont;2;-0.32
89032;Beauvilliers;0;-2.57
89033;Beauvoir;0;0.17
89034;Beine;0;-1.63
89035;Bellechaume;3.2;0.08
89036;La Belliole;5.9;-2.49
89037;Béon;4.9;0.32
89038;Bernouil;0;1.51
89039;Béru;0;-0.44
89040;Bessy-sur-Cure;0;-0.53
89041;Beugnon;1.8;-1.54
89042;Bierry-les-Belles-Fontaines;2.9;-4.42
89043;Blacy;8.1;-0.82
89044;Blannay;2.2;-2.72
89045;Bleigny-le-Carreau;0;-1.08
89046;Bléneau;2.5;-2.71
89048;Bœurs-en-Othe;14.6;-0.29
89049;Bois-d'Arcy;0;-1.38
89050;Bonnard;1.5;0.3
89051;Les Bordes;6.3;0.06
89053;Branches;2;-1.14
89054;Brannay;5.7;-0.3
89055;Brienon-sur-Armançon;2.1;-0.52
89056;Brion;4.7;-0.4
89057;Brosses;5.9;-1.53
89058;Bussières;0;-1.78
89059;Bussy-en-Othe;3.8;-0.95
89060;Bussy-le-Repos;1.9;0.22
89061;Butteaux;3.4;-0.13
89062;Carisey;2.3;0.68
89063;La Celle-Saint-Cyr;4;0.5
89064;Censy;0;-0.31
89065;Cérilly;13.3;3.79
89066;Cerisiers;2.9;0.2
89067;Cézy;5.4;-0.65
89068;Chablis;1.1;-0.97
89069;Chailley;0;-0.53
89071;Chamoux;5.6;-0.69
89072;Champcevrais;0;-0.05
89073;Champignelles;1.4;-2.44
89074;Champigny;14.6;-1.17
89075;Champlay;5;0.84
89076;Champlost;3.3;-0.36
89077;Champs-sur-Yonne;2.1;-0.26
89079;Chamvres;5.2;0.05
89080;La Chapelle-sur-Oreuse;8.2;1.33
89081;La Chapelle-Vaupelteigne;0;0.55
89083;Charbuy;0.5;-0.01
89084;Charentenay;0;-1.07
89085;Charmoy;2.6;-0.63
89086;Charny Orée de Puisaye;4.5;-0.38
89087;Chassignelles;7.1;-1.02
89088;Chassy;4.6;0.5
89089;Chastellux-sur-Cure;0;-0.5
89091;Châtel-Censoir;3.3;-2.13
89092;Châtel-Gérard;2.7;-1.66
89093;Chaumont;10.4;0
89094;Chaumot;3.8;-1.89
89095;Chemilly-sur-Serein;0;-2.19
89096;Chemilly-sur-Yonne;1.7;-0.31
89098;Cheney;1.8;-0.21
89099;Cheny;4.2;-1.77
89100;Chéroy;6.3;1.1
89101;Chéu;0.8;-0.61
89102;Chevannes;1.4;-0.32
89104;Chichée;0;-1.07
89105;Chichery;2;-1.56
89108;Chitry;0.7;-0.28
89111;Les Clérimois;3.5;0.17
89112;Collan;1.4;-1.9
89113;Collemiers;6.9;0.08
89115;Compigny;6.1;-0.8
89116;Cornant;7.5;0.28
89117;Coulangeron;0;0.31
89118;Coulanges-la-Vineuse;0.3;-1.12
89119;Coulanges-sur-Yonne;2.2;-1.99
89120;Coulours;7.4;0.61
89122;Courgenay;2.3;0.18
89123;Courgis;0.8;-1.26
89124;Courlon-sur-Yonne;11.7;-0.01
89125;Courson-les-Carrières;1.7;-0.73
89126;Courtoin;0;-2.99
89127;Courtois-sur-Yonne;8.5;0.61
89128;Coutarnoux;1.8;-1.45
89129;Crain;2.7;0.71
89130;Deux Rivières;1.3;0.17
89131;Cruzy-le-Châtel;3.6;-2.26
89132;Cry;3.3;-1.3
89133;Cudot;1.2;2.15
89134;Cussy-les-Forges;0;-0.79
89136;Cuy;4;-0.19
89137;Dannemoine;2.6;-0.54
89139;Diges;1;-1.26
89141;Dissangis;0;-0.82
89142;Dixmont;6;-0.29
89143;Dollot;4.3;0
89144;Domats;3.8;-0.74
89145;Domecy-sur-Cure;1.7;0.63
89146;Domecy-sur-le-Vault;0;-0.76
89147;Dracy;5.1;1.4
89148;Druyes-les-Belles-Fontaines;2.2;-0.6
89149;Dyé;5.5;-1.67
89150;Égleny;0.5;0.11
89151;Égriselles-le-Bocage;5.3;1.11
89152;Épineau-les-Voves;2.2;-0.44
89153;Épineuil;4.6;-2.46
89154;Escamps;1.7;-0.71
89155;Escolives-Sainte-Camille;0.3;0.09
89156;Esnon;8.3;-0.26
89158;Étais-la-Sauvin;1.5;-0.13
89159;Étaule;0;1.48
89160;Étigny;6.2;-0.09
89161;Étivey;4.1;-1.12
89162;Évry;5.1;0.51
89163;La Ferté-Loupière;4.7;0.88
89164;Festigny;3;1.13
89165;Flacy;2.3;1.14
89167;Fleury-la-Vallée;1.2;-1.3
89168;Fleys;0;-0.65
89169;Flogny-la-Chapelle;2.1;-1.42
89170;Foissy-lès-Vézelay;0;-2.02
89171;Foissy-sur-Vanne;0.9;-2.79
89172;Fontaine-la-Gaillarde;4.6;0.42
89173;Fontaines;1.6;-0.6
89175;Fontenay-près-Chablis;0;-0.6
89176;Fontenay-près-Vézelay;3.4;0.37
89177;Fontenay-sous-Fouronnes;2.6;1.52
89179;Fontenoy;2.7;-0.06
89180;Fouchères;6.8;0.07
89181;Fournaudin;8.1;1.34
89182;Fouronnes;0;1.65
89183;Fresnes;0;-0.78
89184;Fulvy;6;-0.38
89186;Germigny;2.8;-0.52
89187;Gigny;3.2;-3.06
89188;Girolles;2.5;1.39
89189;Gisy-les-Nobles;6.4;-0.41
89190;Givry;1.3;0.77
89191;Gland;11.1;0.84
89194;Grimault;2.1;-1.56
89195;Gron;7.3;0.5
89196;Valravillon;2.1;0.25
89197;Guillon-Terre-Plaine;0.4;-1.3
89198;Gurgy;1.9;-0.04
89199;Gy-l'Évêque;1.7;-0.26
89200;Hauterive;3.5;0.13
89201;Héry;1.4;-0.23
89202;Irancy;1.5;-2.79
89203;Island;0;0.36
89204;L'Isle-sur-Serein;1.8;-0.2
89205;Jaulges;0;-2.99
89206;Joigny;9.9;-1.39
89207;Jouancy;13.3;3.33
89208;Joux-la-Ville;0.7;-0.64
89209;Jouy;2.9;-0.35
89210;Jully;3.9;-3.78
89211;Junay;9.1;-4.24
89212;Jussy;0.6;-1.72
89214;Lailly;1.3;0.85
89215;Lain;5.2;-0.28
89216;Lainsecq;5.4;-0.51
89217;Lalande;0;-0.25
89218;Laroche-Saint-Cydroine;4.9;-0.55
89219;Lasson;0;-0.12
89220;Lavau;2.5;-2.99
89221;Leugny;1.9;-1.45
89222;Levis;0;-0.59
89223;Lézinnes;1.5;-0.25
89224;Lichères-près-Aigremont;0;-0.63
89225;Lichères-sur-Yonne;0;-4.78
89226;Lignorelles;0;-0.35
89227;Ligny-le-Châtel;0.8;-1
89228;Lindry;0.9;-0.71
89229;Lixy;6.4;1.74
89230;Looze;2.5;-0.45
89232;Lucy-le-Bois;0;1.02
89233;Lucy-sur-Cure;1.2;-0.24
89234;Lucy-sur-Yonne;0;-2.9
89235;Magny;2.3;0.17
89236;Maillot;3.4;1.81
89237;Mailly-la-Ville;6.1;-0.63
89238;Mailly-le-Château;2.1;-1.16
89239;Malay-le-Grand;3.9;0.97
89240;Malay-le-Petit;8.7;-2.14
89242;Maligny;1.6;-0.5
89244;Marmeaux;6.9;-1.33
89245;Marsangy;4.2;0.43
89246;Massangis;4.8;-2.07
89247;Mélisey;4.4;-2.13
89248;Menades;0;-8.24
89249;Mercy;2.9;-0.84
89250;Méré;1.4;-2.29
89251;Merry-la-Vallée;2.5;-0.72
89252;Merry-Sec;0;0.1
89253;Merry-sur-Yonne;1.7;-1.1
89254;Mézilles;6;-1.59
89255;Michery;7.1;0.74
89256;Migé;0.6;-1.64
89257;Migennes;6.4;-0.67
89259;Môlay;0;1.58
89261;Molinons;3.1;-0.36
89262;Molosmes;6.5;-1.48
89263;Monéteau;3.3;0.51
89264;Montacher-Villegardin;4.6;-1.09
89265;Montigny-la-Resle;1.5;-0.23
89266;Montillot;0;-1.57
89267;Montréal;9.1;-1.97
89268;Mont-Saint-Sulpice;3.3;-0.4
89270;Mouffy;0;0
89271;Moulins-en-Tonnerrois;2.5;0.96
89272;Moulins-sur-Ouanne;2.5;-1.26
89273;Moutiers-en-Puisaye;1;-1.07
89274;Nailly;5.4;0.68
89276;Neuvy-Sautour;1.4;-0.68
89277;Nitry;0.6;0.27
89278;Noé;4.3;0.51
89279;Noyers;3.1;0.03
89280;Nuits;7;-1.28
89281;Les Ormes;6.7;-2.81
89282;Ormoy;3.7;-0.97
89283;Ouanne;0.9;-0.83
89284;Pacy-sur-Armançon;3.5;-0.9
89285;Pailly;5.9;0.06
89286;Parly;1.2;0.39
89287;Paron;14.7;-0.04
89288;Paroy-en-Othe;1.8;-3.18
89289;Paroy-sur-Tholon;2.8;0.34
89290;Pasilly;5;0.34
89291;Passy;2.4;-0.6
89292;Percey;4.7;0.07
89295;Perrigny;2.9;-0.33
89296;Perrigny-sur-Armançon;4.7;-0.65
89297;Pierre-Perthuis;2.1;-3.15
89298;Piffonds;4.3;-1.53
89299;Pimelles;17.9;0.27
89300;Pisy;6.7;2.01
89302;Plessis-Saint-Jean;8.6;-0.08
89303;Poilly-sur-Serein;2;-2.51
89304;Poilly-sur-Tholon;2.7;-0.58
89306;Pontaubert;1.3;-1.49
89307;Pontigny;0.6;0.44
89308;Pont-sur-Vanne;7;1.1
89309;Pont-sur-Yonne;15.1;-0.12
89310;La Postolle;1.3;1.26
89311;Pourrain;1.1;-1.54
89312;Précy-le-Sec;0;-0.88
89313;Précy-sur-Vrin;3.4;-0.46
89314;Prégilbert;3.5;-0.55
89315;Préhy;1.2;1.73
89316;Provency;0.8;0.41
89318;Quarré-les-Tombes;0.8;-0.58
89319;Quenne;1.3;0.77
89320;Quincerot;0;-1.8
89321;Ravières;7.9;-0.95
89323;Roffey;1.8;0.46
89324;Rogny-les-Sept-Écluses;0;0.39
89325;Ronchères;0;-1.78
89326;Rosoy;5.4;-0.59
89327;Rousson;3.2;-0.88
89328;Rouvray;1.7;-1.01
89329;Rugny;15;-0.86
89331;Sainpuits;1.8;-1.37
89332;Saint-Agnan;12.7;-0.32
89333;Saint-André-en-Terre-Plaine;0;-0.31
89334;Le Val d'Ocre;2.5;-0.41
89335;Saint-Aubin-sur-Yonne;4.6;0.75
89336;Saint-Brancher;1.6;-0.99
89337;Saint-Bris-le-Vineux;0.5;-0.24
89338;Saint-Clément;5.2;0.31
89339;Sainte-Colombe;0;-1.7
89341;Saint-Cyr-les-Colons;0.9;0
89342;Saint-Denis-lès-Sens;6.5;-3.36
89344;Saint-Fargeau;2.1;-1.81
89345;Saint-Florentin;2;-0.64
89346;Saint-Georges-sur-Baulche;2.5;-0.4
89347;Saint-Germain-des-Champs;2.8;-0.75
89348;Saint-Julien-du-Sault;4.3;-1.49
89349;Saint-Léger-Vauban;2.5;-0.14
89350;Saint-Loup-d'Ordon;3;-0.59
89351;Sainte-Magnance;0;0.21
89352;Saint-Martin-des-Champs;5.6;-1.92
89353;Saint-Martin-d'Ordon;1.7;0.36
89354;Saint-Martin-du-Tertre;14.3;-0.37
89355;Saint-Martin-sur-Armançon;3.8;0.36
89359;Saint-Maurice-aux-Riches-Hommes;6;-0.4
89360;Saint-Maurice-le-Vieil;1.9;0
89361;Saint-Maurice-Thizouaille;1.8;-0.83
89362;Saint-Moré;0;0.19
89363;Sainte-Pallaye;2.1;-1.91
89364;Saint-Père;4.3;-1.69
89365;Saint-Privé;2.3;-0.6
89367;Saints-en-Puisaye;3.8;-0.74
89368;Saint-Sauveur-en-Puisaye;2.4;0.32
89369;Saint-Sérotin;8.1;0.92
89370;Saint-Valérien;5.2;1.24
89371;Sainte-Vertu;5.7;-5.15
89373;Saligny;5.5;-0.23
89374;Sambourg;0;-3.6
89375;Santigny;5.7;-2.59
89376;Sarry;5.3;-3.01
89377;Sauvigny-le-Beuréal;0;-1.42
89378;Sauvigny-le-Bois;0.6;0.67
89379;Savigny-en-Terre-Plaine;0;-1.69
89380;Savigny-sur-Clairis;4.4;-0.15
89382;Seignelay;2.4;-1.09
89383;Sementron;7.3;-1.37
89384;Senan;2;-0.74
89385;Sennevoy-le-Bas;11.1;-2.57
89386;Sennevoy-le-Haut;3.1;0.56
89387;Sens;12.5;0.86
89388;Sépeaux-Saint Romain;3.1;-2.78
89390;Serbonnes;7.2;2.43
89391;Sergines;5.6;-0.79
89392;Sermizelles;0;-0.65
89393;Serrigny;4.4;0.15
89394;Sery;0;-4.15
89395;Les Sièges;4;0.28
89397;Sommecaise;2.7;0.66
89398;Sormery;4.3;1.94
89399;Soucy;4.9;-0.37
89400;Sougères-en-Puisaye;1.9;-1.23
89402;Soumaintrain;2.4;-0.31
89403;Stigny;5.9;-2.27
89404;Subligny;8.9;0.59
89405;Les Hauts de Forterre;2.3;-1.39
89406;Talcy;2.6;1.7
89407;Tanlay;3.9;-2.42
89408;Tannerre-en-Puisaye;3.1;-0.78
89409;Tharoiseau;3.8;0
89410;Tharot;0;2.99
89411;Les Vallées de la Vanne;3.2;-1.26
89412;Thizy;3.4;-1.62
89413;Thorey;8.3;5.6
89414;Thorigny-sur-Oreuse;4.3;-1.02
89415;Thory;0;-1
89416;Thury;4;-0.58
89417;Tissey;0;2.4
89418;Tonnerre;7.7;-1.61
89419;Toucy;1.5;-0.81
89420;Treigny-Perreuse-Sainte-Colombe;3.7;1.11
89422;Trichey;0;0
89423;Tronchoy;2.3;-0.4
89424;Trucy-sur-Yonne;3.2;-0.97
89425;Turny;3.6;-1.13
89426;Val-de-Mercy;1.3;-0.82
89427;Vallan;1;-0.12
89428;Vallery;6.6;0.71
89430;Varennes;0;0.41
89431;Vassy-sous-Pisy;0;-2.23
89432;Vaudeurs;5.3;-0.28
89433;Vault-de-Lugny;2.5;-2.07
89434;Vaumort;2.6;-0.93
89436;Venizy;3.2;-1.48
89437;Venouse;0;-0.78
89438;Venoy;1;-0.48
89439;Vergigny;5.1;-0.62
89440;Verlin;9.2;-1.1
89441;Vermenton;2.3;-0.6
89442;Vernoy;3.3;0.21
89443;Véron;3.8;-0.94
89445;Vézannes;0;1.7
89446;Vézelay;11;1.16
89447;Vézinnes;1.7;-0.42
89449;Villeblevin;12.5;-0.48
89450;Villebougis;7.2;0.13
89451;Villechétive;0;1.62
89452;Villecien;1.7;-2.13
89453;Villefargeau;1.5;0.03
89456;Villemanoche;10.6;0.1
89458;Villenavotte;11.9;-1.65
89459;Villeneuve-la-Dondagre;1.4;2.42
89460;Villeneuve-la-Guyard;17;0.13
89461;Villeneuve-l'Archevêque;3.8;-0.52
89462;Villeneuve-les-Genêts;6.6;1.42
89463;Villeneuve-Saint-Salves;0.8;0.06
89464;Villeneuve-sur-Yonne;7.3;-0.41
89465;Villeperrot;7.5;-1.39
89466;Villeroy;8.4;-0.72
89467;Villethierry;12.5;-0.81
89468;Villevallier;5.3;-0.12
89469;Perceneige;5.2;0
89470;Villiers-les-Hauts;5.2;-0.26
89471;Villiers-Louis;2;0.48
89472;Villiers-Saint-Benoît;4.7;-2.34
89474;Villiers-Vineux;1.4;-0.75
89475;Villon;0;0.46
89477;Villy;2;-0.64
89478;Vincelles;1.9;-0.61
89479;Vincelottes;2.5;0.6
89480;Vinneuf;6.4;0.67
89481;Vireaux;4.7;-5.36
89482;Viviers;3.6;-4.14
89483;Voisines;4.5;0.85
89485;Voutenay-sur-Cure;0;-0.47
89486;Yrouerre;1.4;-1.61
90001;Andelnans;2.4;-1.25
90002;Angeot;1.2;0.48
90003;Anjoutey;2.1;-0.33
90004;Argiésans;1.7;4.61
90005;Auxelles-Bas;1.6;-1.64
90006;Auxelles-Haut;2.4;-0.34
90007;Banvillars;0.9;0.35
90008;Bavilliers;7.6;-0.46
90009;Beaucourt;2.4;-0.21
90010;Belfort;13.7;-1.17
90011;Bermont;6;-1.03
90012;Bessoncourt;1.6;1.05
90013;Bethonvilliers;2.2;-1.08
90014;Boron;0.9;0.59
90015;Botans;0;-0.27
90016;Bourg-sous-Châtelet;2.6;1.01
90017;Bourogne;6.8;-1.52
90018;Brebotte;0.6;-0.27
90019;Bretagne;2.1;3.33
90020;Buc;1.9;-2.74
90021;Charmois;1.2;2.23
90022;Châtenois-les-Forges;3.3;-0.68
90023;Chaux;2.6;0.77
90024;Chavanatte;1.5;-3.16
90025;Chavannes-les-Grands;3;0.29
90026;Chèvremont;1.3;-0.51
90027;Courcelles;0;0.13
90028;Courtelevant;2.4;-2.41
90029;Cravanche;7.6;-0.16
90030;Croix;2.5;1.37
90031;Cunelières;3.2;-0.19
90032;Danjoutin;8.4;-0.86
90033;Delle;5.4;-0.12
90034;Denney;2.5;-0.11
90035;Dorans;1.3;2.04
90036;Eguenigue;18.3;-0.49
90037;Éloie;4.6;0.05
90039;Essert;5.9;0.48
90041;Étueffont;3.1;-1.18
90042;Évette-Salbert;2.2;-0.35
90043;Faverois;1.4;0.46
90044;Felon;0;-1.19
90045;Fêche-l'Église;1.5;-1.3
90046;Florimont;1.9;0.51
90047;Fontaine;1.2;-0.17
90048;Fontenelle;4.5;0.5
90049;Foussemagne;2;-0.7
90050;Frais;3.3;2.12
90051;Froidefontaine;0.5;-0.3
90052;Giromagny;4.7;-1.28
90053;Grandvillars;3.5;-0.06
90054;Grosmagny;1.7;0.49
90055;Grosne;2.5;-0.21
90056;Joncherey;2.6;1.33
90057;Lachapelle-sous-Chaux;2.5;0.41
90058;Lachapelle-sous-Rougemont;1.5;-0.99
90059;Lacollonge;2;0
90060;Lagrange;3.2;1.38
90061;Lamadeleine-Val-des-Anges;0;3.88
90062;Larivière;2;-1.96
90063;Lebetain;2.6;-0.35
90064;Lepuix-Neuf;0.7;1.1
90065;Lepuix;4.5;-0.62
90066;Leval;0.9;0.2
90067;Menoncourt;1;-0.08
90068;Meroux-Moval;3.1;1.43
90069;Méziré;1.5;-1.08
90070;Montbouton;1.2;0.77
90071;Montreux-Château;4.5;-0.2
90072;Morvillars;3.6;-0.34
90074;Novillard;2.1;0.61
90075;Offemont;5.7;0.24
90076;Pérouse;3.2;0.49
90077;Petit-Croix;1.5;0.39
90078;Petitefontaine;0;0.09
90079;Petitmagny;3.8;1.75
90080;Phaffans;1.5;-1.05
90081;Réchésy;0.3;-0.66
90082;Autrechêne;2.7;-0.18
90083;Recouvrance;0;5.41
90084;Reppe;1.9;-0.7
90085;Riervescemont;2.2;-2.96
90086;Romagny-sous-Rougemont;2.8;-0.23
90087;Roppe;2.3;0.1
90088;Rougegoutte;2.4;0.08
90089;Rougemont-le-Château;2.3;0.08
90090;Saint-Dizier-l'Évêque;0.5;0.16
90091;Saint-Germain-le-Châtelet;3;0.49
90093;Sermamagny;5.5;2.15
90094;Sevenans;5.2;-0.24
90095;Suarce;0.9;-0.11
90096;Thiancourt;3.3;-0.86
90097;Trévenans;2.6;0.78
90098;Urcerey;1.9;2.2
90099;Valdoie;9.8;-0.46
90100;Vauthiermont;1.7;0.15
90101;Vellescot;0;-0.72
90102;Vescemont;4.8;-1.2
90103;Vétrigne;3;0.29
90104;Vézelois;2.6;1.27
90105;Villars-le-Sec;1.1;0.77
91001;Abbéville-la-Rivière;4.6;1.65
91016;Angerville;17;0.83
91017;Angervilliers;5.1;0.38
91021;Arpajon;25.1;1.98
91022;Arrancourt;18.5;-3.57
91027;Athis-Mons;34.2;1.32
91035;Authon-la-Plaine;8.9;-0.18
91037;Auvernaux;7.2;-0.15
91038;Auvers-Saint-Georges;18.4;-0.57
91041;Avrainville;12;1.48
91044;Ballainvilliers;12.8;1.07
91045;Ballancourt-sur-Essonne;13.1;0.36
91047;Baulne;12.7;1.81
91064;Bièvres;14.3;0.26
91067;Blandy;3;-0.57
91069;Boigneville;11.4;-0.69
91075;Bois-Herpin;5.7;1.48
91079;Boissy-la-Rivière;11.5;-0.46
91080;Boissy-le-Cutté;8.3;0.33
91081;Boissy-le-Sec;9.9;0.24
91085;Boissy-sous-Saint-Yon;11.3;0.13
91086;Bondoufle;15.2;2.47
91093;Boullay-les-Troux;10.4;-0.13
91095;Bouray-sur-Juine;22.7;-1.1
91097;Boussy-Saint-Antoine;39.4;1.55
91098;Boutervilliers;13.6;0.16
91099;Boutigny-sur-Essonne;12.8;0.14
91100;Bouville;10.2;0.23
91103;Brétigny-sur-Orge;38.4;0.24
91105;Breuillet;19.5;1.12
91106;Breux-Jouy;10.4;0.48
91109;Brières-les-Scellés;10.9;-0.14
91111;Briis-sous-Forges;14.1;-0.61
91112;Brouy;4.5;-1.12
91114;Brunoy;40.7;-0.17
91115;Bruyères-le-Châtel;12;1.99
91121;Buno-Bonnevaux;6.6;2.73
91122;Bures-sur-Yvette;27;-0.36
91129;Cerny;10.3;0.54
91130;Chalo-Saint-Mars;12.5;-0.79
91131;Chalou-Moulineux;7.8;-2.04
91132;Chamarande;26.3;-0.59
91135;Champcueil;10.5;0.02
91136;Champlan;19.6;-1.17
91137;Champmotteux;10.1;-0.32
91145;Chatignonville;5.3;2.56
91148;Chauffour-lès-Étréchy;9.7;-0.24
91156;Cheptainville;17.6;1.59
91159;Chevannes;9.1;-1.24
91161;Chilly-Mazarin;27.6;-0.13
91174;Corbeil-Essonnes;32.5;0.85
91175;Corbreuse;13.6;-0.73
91179;Le Coudray-Montceaux;13.6;-0.55
91180;Courances;2.5;-0.39
91184;Courdimanche-sur-Essonne;2.6;1.05
91186;Courson-Monteloup;14.6;-0.35
91191;Crosne;35.9;0.89
91195;Dannemois;4.8;0.6
91198;D'Huison-Longueville;11.4;0.19
91200;Dourdan;20.1;0.56
91201;Draveil;33;0.31
91204;Écharcon;6.9;-1.56
91207;Égly;23.1;3.84
91215;Épinay-sous-Sénart;40.3;-1.32
91216;Épinay-sur-Orge;31.4;-0.82
91223;Étampes;29.7;1.43
91225;Étiolles;18.3;-0.3
91226;Étréchy;23.1;0.99
91228;Évry-Courcouronnes;41.3;-0.34
91232;La Ferté-Alais;15.8;-0.95
91235;Fleury-Mérogis;25.3;3.21
91240;Fontaine-la-Rivière;16.4;-3.9
91243;Fontenay-lès-Briis;8.9;1.88
91244;Fontenay-le-Vicomte;7.2;4.3
91247;La Forêt-le-Roi;12.6;-0.98
91248;La Forêt-Sainte-Croix;8.7;-1.05
91249;Forges-les-Bains;8.6;1.36
91272;Gif-sur-Yvette;21.7;1.27
91273;Gironville-sur-Essonne;14.7;0
91274;Gometz-la-Ville;9.9;0.33
91275;Gometz-le-Châtel;17.1;0.37
91284;Les Granges-le-Roi;12.2;-0.35
91286;Grigny;48.1;-1.47
91292;Guibeville;16.8;4.51
91293;Guigneville-sur-Essonne;13.3;-1.65
91294;Guillerval;12.9;-0.1
91312;Igny;16.7;1.06
91315;Itteville;13;0.1
91318;Janville-sur-Juine;23.5;0.32
91319;Janvry;5;0.31
91326;Juvisy-sur-Orge;55.8;2.52
91330;Lardy;32.5;0.17
91332;Leudeville;16;1.18
91333;Leuville-sur-Orge;12;-0.29
91338;Limours;9.5;-0.73
91339;Linas;11.7;1.01
91340;Lisses;15.4;-0.55
91345;Longjumeau;26.6;-0.91
91347;Longpont-sur-Orge;15.6;0.24
91359;Maisse;13.3;0.47
91363;Marcoussis;8.1;0.92
91374;Marolles-en-Beauce;9.3;0.87
91376;Marolles-en-Hurepoix;30.4;1.18
91377;Massy;43.1;0.22
91378;Mauchamps;4.7;5.62
91386;Mennecy;15.1;2.12
91390;Le Mérévillois;9.8;0.19
91393;Mérobert;14.4;0.89
91399;Mespuits;7.8;-1.67
91405;Milly-la-Forêt;5.4;-0.31
91408;Moigny-sur-École;6.6;0.65
91411;Les Molières;10.7;-0.19
91412;Mondeville;2.8;0.28
91414;Monnerville;10.7;-0.48
91421;Montgeron;45.1;-0.06
91425;Montlhéry;16.4;3.4
91432;Morangis;18.3;0.25
91433;Morigny-Champigny;13.4;0.26
91434;Morsang-sur-Orge;25.1;0.01
91435;Morsang-sur-Seine;8.3;1.31
91441;Nainville-les-Roches;4;2.32
91457;La Norville;21.3;0.87
91458;Nozay;10.7;-0.99
91461;Ollainville;14.2;2.1
91463;Oncy-sur-École;8.5;0.21
91468;Ormoy;11.3;6.21
91469;Ormoy-la-Rivière;13.7;0.3
91471;Orsay;29.9;-0.02
91473;Orveau;11.4;-4.9
91477;Palaiseau;36.1;0.93
91479;Paray-Vieille-Poste;18;1.19
91482;Pecqueuse;7.3;0.18
91494;Le Plessis-Pâté;21.1;0.1
91495;Plessis-Saint-Benoist;5.9;0.47
91507;Prunay-sur-Essonne;10.2;0.54
91508;Puiselet-le-Marais;10.4;-0.87
91511;Pussay;11.4;-0.51
91514;Quincy-sous-Sénart;37.2;0.97
91519;Richarville;7.7;-0.46
91521;Ris-Orangis;33;0.84
91525;Roinville;13.4;-0.67
91526;Roinvilliers;14;1.27
91533;Saclas;12.3;0.72
91534;Saclay;11.1;1.66
91538;Saint-Aubin;11.3;-0.7
91540;Saint-Chéron;19;0.43
91544;Saint-Cyr-la-Rivière;12.8;-1.51
91546;Saint-Cyr-sous-Dourdan;5.5;-0.7
91547;Saint-Escobille;9.7;-2.76
91549;Sainte-Geneviève-des-Bois;29;-0.07
91552;Saint-Germain-lès-Arpajon;19.8;1.47
91553;Saint-Germain-lès-Corbeil;14.2;-0.01
91556;Saint-Hilaire;11.9;-0.08
91560;Saint-Jean-de-Beauregard;10.5;2.34
91568;Saint-Maurice-Montcouronne;8.4;-0.35
91570;Saint-Michel-sur-Orge;35.1;1.35
91573;Saint-Pierre-du-Perray;16.5;1.79
91577;Saintry-sur-Seine;11.9;0.42
91578;Saint-Sulpice-de-Favières;11;-1.95
91579;Saint-Vrain;18.8;-0.07
91581;Saint-Yon;13.9;0.5
91587;Saulx-les-Chartreux;11.7;3.69
91589;Savigny-sur-Orge;36.7;0.66
91593;Sermaise;12.6;-0.28
91599;Soisy-sur-École;5;-1.35
91600;Soisy-sur-Seine;19.1;0.68
91602;Souzy-la-Briche;14.4;2.43
91613;Congerville-Thionville;3.8;-0.91
91617;Tigery;14.3;2.14
91619;Torfou;14.9;0.37
91629;Valpuiseaux;6.5;0.3
91630;Le Val-Saint-Germain;6.4;1.05
91631;Varennes-Jarcy;18.4;0.49
91634;Vaugrigneuse;8.4;2.18
91635;Vauhallan;10.3;-0.76
91639;Vayres-sur-Essonne;11.2;0.94
91645;Verrières-le-Buisson;18.7;-0.73
91648;Vert-le-Grand;9.4;-0.18
91649;Vert-le-Petit;9.2;-0.38
91654;Videlles;6;-0.45
91657;Vigneux-sur-Seine;44.4;-0.01
91659;Villabé;15.4;0.82
91661;Villebon-sur-Yvette;21.2;-0.19
91662;Villeconin;10.7;0.9
91665;La Ville-du-Bois;10.8;1.52
91666;Villejust;13.1;1.3
91667;Villemoisson-sur-Orge;30.9;0.65
91671;Villeneuve-sur-Auvers;13.7;-0.63
91679;Villiers-le-Bâcle;6.5;-3.01
91685;Villiers-sur-Orge;20.1;0.08
91687;Viry-Châtillon;37.2;0.29
91689;Wissous;19.5;-1.7
91691;Yerres;39.2;-0.27
91692;Les Ulis;30.6;0.51
92002;Antony;44.1;0.48
92004;Asnières-sur-Seine;57.2;1.04
92007;Bagneux;52.9;1.57
92009;Bois-Colombes;51.5;0.61
92012;Boulogne-Billancourt;44;0.08
92014;Bourg-la-Reine;54.2;0.49
92019;Châtenay-Malabry;36.4;1.21
92020;Châtillon;49.1;-0.25
92022;Chaville;51.4;-0.1
92023;Clamart;40.2;1.34
92024;Clichy;56.2;1.26
92025;Colombes;52.4;1.01
92026;Courbevoie;52.8;0.05
92032;Fontenay-aux-Roses;42.7;0.32
92033;Garches;32.1;0.04
92035;La Garenne-Colombes;50.6;0.33
92036;Gennevilliers;47.4;1.45
92040;Issy-les-Moulineaux;52.3;-0.17
92044;Levallois-Perret;46;1.26
92046;Malakoff;50.5;0.12
92047;Marnes-la-Coquette;30.4;-0.53
92048;Meudon;43.6;0.51
92049;Montrouge;56.1;-0.99
92050;Nanterre;53.4;0.67
92051;Neuilly-sur-Seine;42.3;-0.38
92060;Le Plessis-Robinson;29;-0.08
92062;Puteaux;51.5;-0.17
92063;Rueil-Malmaison;37;0.56
92064;Saint-Cloud;48.5;-0.19
92071;Sceaux;43.1;1.05
92072;Sèvres;45.6;-0.64
92073;Suresnes;45.8;0.11
92075;Vanves;50.8;0.39
92076;Vaucresson;28.7;-0.24
92077;Ville-d'Avray;34.3;-0.95
92078;Villeneuve-la-Garenne;44;0.89
93001;Aubervilliers;60.6;0.65
93005;Aulnay-sous-Bois;41.4;0.33
93006;Bagnolet;57;2.58
93007;Le Blanc-Mesnil;44;1.14
93008;Bobigny;54.1;0.91
93010;Bondy;49.6;-0.68
93013;Le Bourget;52.1;-1.5
93014;Clichy-sous-Bois;45.1;-0.16
93015;Coubron;19.8;1.16
93027;La Courneuve;63.1;1.73
93029;Drancy;45.9;0.25
93030;Dugny;39.2;1.6
93031;Épinay-sur-Seine;56.9;-0.62
93032;Gagny;46.1;0.69
93033;Gournay-sur-Marne;35.4;0.57
93039;L'Île-Saint-Denis;52;1.83
93045;Les Lilas;58.5;0.19
93046;Livry-Gargan;33.4;0.75
93047;Montfermeil;28.7;1.34
93048;Montreuil;57.7;0.36
93049;Neuilly-Plaisance;50.7;0.57
93050;Neuilly-sur-Marne;51.4;1.89
93051;Noisy-le-Grand;53.4;1.21
93053;Noisy-le-Sec;53.6;0.89
93055;Pantin;59.7;1.62
93057;Les Pavillons-sous-Bois;35.3;0.81
93061;Le Pré-Saint-Gervais;54;-1.01
93062;Le Raincy;42.6;0.32
93063;Romainville;48;4.9
93064;Rosny-sous-Bois;49.2;0.2
93066;Saint-Denis;60.6;0.92
93070;Saint-Ouen-sur-Seine;57.9;1.1
93071;Sevran;51.2;0.33
93072;Stains;52.3;0.41
93073;Tremblay-en-France;29.6;1.14
93074;Vaujours;31.6;1.77
93077;Villemomble;48.5;-0.04
93078;Villepinte;36;1.32
93079;Villetaneuse;54;-0.92
94001;Ablon-sur-Seine;43.2;0.69
94002;Alfortville;54.2;0.63
94003;Arcueil;51.6;0.23
94004;Boissy-Saint-Léger;44;1.54
94011;Bonneuil-sur-Marne;42;0.83
94015;Bry-sur-Marne;45.7;1.33
94016;Cachan;51.5;0.17
94017;Champigny-sur-Marne;43.6;0.21
94018;Charenton-le-Pont;55.2;-0.98
94019;Chennevières-sur-Marne;33.5;-0.09
94021;Chevilly-Larue;37.2;0.4
94022;Choisy-le-Roi;53.8;0.62
94028;Créteil;52.1;0.64
94033;Fontenay-sous-Bois;55.2;-0.24
94034;Fresnes;37.3;1.11
94037;Gentilly;56.4;1.33
94038;L'Haÿ-les-Roses;38.3;0.08
94041;Ivry-sur-Seine;58.2;1
94042;Joinville-le-Pont;52.2;1.66
94043;Le Kremlin-Bicêtre;58.7;-1.09
94044;Limeil-Brévannes;33.6;0.68
94046;Maisons-Alfort;51.8;0.63
94047;Mandres-les-Roses;20.7;0.6
94048;Marolles-en-Brie;16.8;-0.6
94052;Nogent-sur-Marne;56.2;0.54
94053;Noiseau;22.5;-0.22
94054;Orly;40.6;0.78
94055;Ormesson-sur-Marne;20.5;0.48
94056;Périgny;19.1;0.51
94058;Le Perreux-sur-Marne;47.1;0.45
94059;Le Plessis-Trévise;33.6;0.66
94060;La Queue-en-Brie;24.8;0.33
94065;Rungis;19.3;0.17
94067;Saint-Mandé;55.2;-1.14
94068;Saint-Maur-des-Fossés;45.8;0.25
94069;Saint-Maurice;44.6;0.11
94070;Santeny;14.1;1.09
94071;Sucy-en-Brie;35.9;0.82
94073;Thiais;39.1;1.65
94074;Valenton;45.4;-0.46
94075;Villecresnes;21.4;2.88
94076;Villejuif;56.1;0.78
94077;Villeneuve-le-Roi;40.1;-0.12
94078;Villeneuve-Saint-Georges;52.1;1.56
94079;Villiers-sur-Marne;51.9;1.81
94080;Vincennes;65.4;-0.5
94081;Vitry-sur-Seine;50.5;0.45
95002;Ableiges;14.8;-0.59
95008;Aincourt;8.1;-1.11
95011;Ambleville;5.1;0.52
95012;Amenucourt;8.2;-0.4
95014;Andilly;22.9;0.55
95018;Argenteuil;46.7;-0.51
95019;Arnouville;33.9;0.62
95023;Arronville;5.4;-1.21
95024;Arthies;9.1;-0.85
95026;Asnières-sur-Oise;14.5;2.73
95028;Attainville;25.3;0.97
95039;Auvers-sur-Oise;17.5;-0.33
95040;Avernes;11.9;0.15
95042;Baillet-en-France;25.2;-0.45
95046;Banthelu;7.6;-0.98
95051;Beauchamp;35.6;1.51
95052;Beaumont-sur-Oise;27.4;0.57
95054;Le Bellay-en-Vexin;9.6;-1.85
95055;Bellefontaine;15.2;-0.42
95056;Belloy-en-France;16.5;0.47
95058;Bernes-sur-Oise;15.2;0.09
95059;Berville;4.5;0.98
95060;Bessancourt;27.8;3.17
95061;Béthemont-la-Forêt;15.7;0.2
95063;Bezons;48.7;2.86
95074;Boisemont;16.5;2.71
95078;Boissy-l'Aillerie;20.8;2.63
95088;Bonneuil-en-France;22;2.19
95091;Bouffémont;33.3;0.95
95094;Bouqueval;12.2;-0.11
95101;Bray-et-Lû;7.8;0.05
95102;Bréançon;5.2;2.06
95110;Brignancourt;15.8;3.13
95116;Bruyères-sur-Oise;21.5;2.21
95119;Buhy;6;0.21
95120;Butry-sur-Oise;16.8;-0.17
95127;Cergy;49.6;1.45
95134;Champagne-sur-Oise;17.7;-0.02
95139;La Chapelle-en-Vexin;10;-1.26
95141;Charmont;6.7;0
95142;Chars;17.4;-1
95144;Châtenay-en-France;23.1;0.23
95149;Chaumontel;14;0.29
95150;Chaussy;6.1;1.18
95151;Chauvry;8.7;-0.28
95154;Chennevières-lès-Louvres;6.7;-0.72
95157;Chérence;7.4;-2.61
95166;Cléry-en-Vexin;14.7;0.4
95169;Commeny;14.3;0.39
95170;Condécourt;13.4;-0.27
95176;Cormeilles-en-Parisis;38.5;2.09
95177;Cormeilles-en-Vexin;13.1;-1.05
95181;Courcelles-sur-Viosne;25.5;1.91
95183;Courdimanche;36.9;0.97
95197;Deuil-la-Barre;48.2;0.43
95199;Domont;32.5;0.72
95203;Eaubonne;44.2;0.51
95205;Écouen;31.2;-0.04
95210;Enghien-les-Bains;50.7;0.35
95211;Ennery;15.5;-0.77
95212;Épiais-lès-Louvres;8.8;4.22
95213;Épiais-Rhus;14.6;-0.43
95214;Épinay-Champlâtreux;11.1;-1.88
95218;Éragny;33.8;1.64
95219;Ermont;49.6;0.04
95229;Ézanville;36.5;0.04
95241;Fontenay-en-Parisis;17.7;2.07
95250;Fosses;29.7;1.06
95252;Franconville;38.4;0.86
95253;Frémainville;13;0.44
95254;Frémécourt;11.3;-0.85
95256;Frépillon;23.4;-0.05
95257;La Frette-sur-Seine;35.1;-0.29
95258;Frouville;13.4;-0.75
95268;Garges-lès-Gonesse;48.4;-0.08
95270;Genainville;10.2;-0.72
95271;Génicourt;9.6;-0.35
95277;Gonesse;36.4;0.39
95280;Goussainville;36.8;0
95287;Grisy-les-Plâtres;17.5;0.26
95288;Groslay;41.6;-0.67
95295;Guiry-en-Vexin;4.9;-1.57
95298;Haravilliers;7.7;1.04
95301;Haute-Isle;7.7;0.7
95303;Le Heaulme;5;-0.24
95304;Hédouville;15.8;0.12
95306;Herblay-sur-Seine;39.5;1.52
95308;Hérouville-en-Vexin;10.9;-1.39
95309;Hodent;11.4;0.53
95313;L'Isle-Adam;15.9;-0.13
95316;Jagny-sous-Bois;14.3;0.88
95323;Jouy-le-Moutier;30.4;1.37
95328;Labbeville;9.3;0.64
95331;Lassy;14.6;2.23
95341;Livilliers;12.8;-0.04
95348;Longuesse;12.7;-0.99
95351;Louvres;32.8;2.92
95352;Luzarches;17.2;1.26
95353;Maffliers;20.3;-0.73
95355;Magny-en-Vexin;14.6;0.59
95365;Mareil-en-France;12.3;0.66
95369;Margency;27.5;0.22
95370;Marines;13.6;0.02
95371;Marly-la-Ville;20.1;0.45
95379;Maudétour-en-Vexin;6.3;1.02
95387;Menouville;27.3;0
95388;Menucourt;21.3;1.66
95392;Mériel;18.3;0.9
95394;Méry-sur-Oise;21.6;0.51
95395;Le Mesnil-Aubry;17.1;-0.53
95409;Moisselles;22.7;-1.58
95422;Montgeroult;24.4;-1.45
95424;Montigny-lès-Cormeilles;37;1.13
95426;Montlignon;21.5;-0.15
95427;Montmagny;46.8;1.22
95428;Montmorency;34.6;0.17
95429;Montreuil-sur-Epte;5.3;-1.65
95430;Montsoult;29.6;3.12
95436;Mours;15.2;1.33
95438;Moussy;15.8;-2.85
95445;Nerville-la-Forêt;13.1;1.99
95446;Nesles-la-Vallée;10.2;0.01
95447;Neuilly-en-Vexin;4.4;3.29
95450;Neuville-sur-Oise;41.6;0.31
95452;Nointel;20.5;1.91
95456;Noisy-sur-Oise;15.7;-2.3
95459;Nucourt;7.9;0.05
95462;Omerville;5.5;0.47
95476;Osny;27.6;0.59
95480;Parmain;17.2;0.3
95483;Le Perchay;11.8;-1.12
95487;Persan;29.7;2.1
95488;Pierrelaye;29;3.82
95489;Piscop;23.5;1.08
95491;Le Plessis-Bouchard;32.7;0.21
95492;Le Plessis-Gassot;11.1;4.85
95493;Le Plessis-Luzarches;12.3;-0.12
95500;Pontoise;37.6;0.5
95504;Presles;24.3;0.67
95509;Puiseux-en-France;25;1.21
95510;Puiseux-Pontoise;22.3;1.45
95523;La Roche-Guyon;8.9;-1.78
95527;Roissy-en-France;19.8;-1.29
95529;Ronquerolles;14.5;0.26
95535;Sagy;14.7;-0.17
95539;Saint-Brice-sous-Forêt;34;0.44
95541;Saint-Clair-sur-Epte;6.7;-0.12
95543;Saint-Cyr-en-Arthies;4;-0.62
95554;Saint-Gervais;9.3;-0.9
95555;Saint-Gratien;45.6;0.38
95563;Saint-Leu-la-Forêt;34.4;0.48
95566;Saint-Martin-du-Tertre;15.6;-0.68
95572;Saint-Ouen-l'Aumône;35.2;1.03
95574;Saint-Prix;27.6;0.88
95580;Saint-Witz;11.1;0.85
95582;Sannois;43.4;0.15
95584;Santeuil;17.4;-0.1
95585;Sarcelles;50.4;0.23
95592;Seraincourt;10.8;0.08
95594;Seugy;15.8;0.62
95598;Soisy-sous-Montmorency;36;0.02
95604;Survilliers;20.5;0.02
95607;Taverny;30.5;0.48
95610;Théméricourt;14.4;-0.11
95611;Theuville;0;5.7
95612;Le Thillay;20.9;0.55
95625;Us;17.8;0.33
95627;Vallangoujard;9.4;-0.11
95628;Valmondois;16.8;0.1
95633;Vaudherland;5.1;2.88
95637;Vauréal;30;-0.18
95641;Vémars;12.9;3.47
95651;Vétheuil;12.6;0.47
95652;Viarmes;16.2;1.01
95656;Vienne-en-Arthies;9.4;-3.07
95658;Vigny;17.1;0.76
95660;Villaines-sous-Bois;20.5;0.13
95675;Villeron;14.5;14.35
95676;Villers-en-Arthies;8.1;-0.64
95678;Villiers-Adam;9.9;-0.29
95680;Villiers-le-Bel;44.7;1.18
95682;Villiers-le-Sec;11.1;1.32
95690;Wy-dit-Joli-Village;9.7;-0.3
97101;Les Abymes;7.9;-0.78
97102;Anse-Bertrand;3.7;-1.3
97103;Baie-Mahault;4.3;0.04
97104;Baillif;6;-2.64
97105;Basse-Terre;7.5;-1.36
97106;Bouillante;11.2;-1.89
97107;Capesterre-Belle-Eau;7.4;-0.94
97108;Capesterre-de-Marie-Galante;5.5;-0.82
97109;Gourbeyre;4.4;-0.95
97110;La Désirade;1.9;-1.37
97111;Deshaies;5.4;-1.41
97112;Grand-Bourg;2.9;-1.38
97113;Le Gosier;5.2;0.33
97114;Goyave;5.2;0.25
97115;Lamentin;4.7;1.68
97116;Morne-à-l'Eau;5.9;-1.45
97117;Le Moule;3.3;0.36
97118;Petit-Bourg;2.8;0.06
97119;Petit-Canal;3;0.02
97120;Pointe-à-Pitre;14.4;-1.27
97121;Pointe-Noire;9.5;-0.96
97122;Port-Louis;4.7;-0.53
97124;Saint-Claude;3.1;0.23
97125;Saint-François;2;0.2
97126;Saint-Louis;4.7;0.81
97128;Sainte-Anne;3.7;0.12
97129;Sainte-Rose;4.2;-1.77
97130;Terre-de-Bas;8.3;-2.67
97131;Terre-de-Haut;1.8;-0.95
97132;Trois-Rivières;5.4;-1.45
97133;Vieux-Fort;4.7;-1.15
97134;Vieux-Habitants;7.6;-0.53
97201;L'Ajoupa-Bouillon;4.8;-2.19
97202;Les Anses-d'Arlet;8.8;1.08
97203;Basse-Pointe;7.4;-2.1
97204;Le Carbet;7.3;0.05
97205;Case-Pilote;7.4;0.26
97206;Le Diamant;4;0.33
97207;Ducos;4.8;0.41
97208;Fonds-Saint-Denis;8.1;-2.82
97209;Fort-de-France;10.3;-1.24
97210;Le François;3.6;-1.32
97211;Grand'Rivière;9.3;-5.27
97212;Gros-Morne;5.4;-0.24
97213;Le Lamentin;5.4;-0.35
97214;Le Lorrain;11.5;-0.8
97215;Macouba;10.2;-1.35
97216;Le Marigot;7.5;-1.38
97217;Le Marin;7.6;-0.55
97218;Le Morne-Rouge;8.4;-2.19
97219;Le Prêcheur;8.9;1.26
97220;Rivière-Pilote;4.5;-0.48
97221;Rivière-Salée;4.3;-0.39
97222;Le Robert;4.7;-1.3
97223;Saint-Esprit;4.4;1.69
97224;Saint-Joseph;5.5;0.12
97225;Saint-Pierre;11.5;-0.23
97226;Sainte-Anne;8.8;1.16
97227;Sainte-Luce;4.7;-1.23
97228;Sainte-Marie;7.7;-1.45
97229;Schœlcher;8.8;-0.48
97230;La Trinité;8.4;-1.22
97231;Les Trois-Îlets;14.2;-1.76
97232;Le Vauclin;7.5;-0.99
97233;Le Morne-Vert;5.3;-0.91
97234;Bellefontaine;10.1;1.47
97301;Régina;0.3;10.48
97302;Cayenne;5.1;0.91
97303;Iracoubo;8.1;-1.32
97304;Kourou;2.5;-1.33
97305;Macouria;2.8;6.62
97306;Mana;1.2;1.22
97307;Matoury;3.6;1.54
97308;Saint-Georges;0.9;2.44
97309;Remire-Montjoly;1.4;0.84
97310;Roura;1;-2.34
97311;Saint-Laurent-du-Maroni;1.8;2.81
97312;Sinnamary;1.5;-0.82
97313;Montsinéry-Tonnegrande;1.2;5.34
97314;Ouanary;0;1.58
97352;Saül;0;11.93
97353;Maripasoula;0.3;-6.73
97356;Camopi;0.2;3.27
97357;Grand-Santi;3;3.98
97358;Saint-Élie;0;1.1
97360;Apatou;5;2.2
97361;Awala-Yalimapo;5.9;1.78
97362;Papaichton;0;-6.04
97401;Les Avirons;3.3;-0.04
97402;Bras-Panon;5;0.53
97403;Entre-Deux;2.7;0.53
97404;L'Étang-Salé;2.2;0.12
97405;Petite-Île;2.3;0.91
97406;La Plaine-des-Palmistes;2.2;1.4
97407;Le Port;6.5;-0.55
97408;La Possession;4.5;1.66
97409;Saint-André;4;0.57
97410;Saint-Benoît;5;-0.24
97411;Saint-Denis;12.3;0.91
97412;Saint-Joseph;3.1;0.59
97413;Saint-Leu;4.6;0.92
97414;Saint-Louis;5.3;0.39
97415;Saint-Paul;5;0.12
97416;Saint-Pierre;4.7;0.21
97417;Saint-Philippe;3.1;-0.46
97418;Sainte-Marie;6.1;1.18
97419;Sainte-Rose;5.3;-0.18
97420;Sainte-Suzanne;5.9;1.14
97421;Salazie;2.9;-0.15
97422;Le Tampon;3.3;0.98
97423;Les Trois-Bassins;7.9;0
97424;Cilaos;4.1;-0.59